category,name,matched_with
confident_match,Alverdiscott 400kV Substation,Alverdiscott Substation
confident_match,Axminster 132kV Substation,Axminster Substation
confident_match,Axminster 400kV Substation,Axminster Substation
confident_match,Bridgwater 400/132kV Substation,Bridgwater Substation
confident_match,Bridgwater GSP,Bridgwater Substation
confident_match,Devonside 132/33kV,Glenside Substation
confident_match,Devonside 132kV Substation,Glenside Substation
confident_match,Exeter 132kV Substation,Exeter Substation
confident_match,Exeter 400kV Substation,Exeter Substation
confident_match,Exeter GSP,Exeter Substation
confident_match,Exeter Main 400kV Substation,Exeter Substation
confident_match,Hinkley Point 400kV Substation,Hinkley Point B Substation
confident_match,Indian Queens 400kV Substation,Indian Queens Substation
confident_match,Landulph 400kV Substation,Landulph Substation
confident_match,Landulph GSP,Landulph Substation
confident_match,Langage 400kV Substation,Langage Substation
confident_match,Shurton 400kV Substation,Shurton Substation
confident_match,Taunton 400kV Substation,Taunton Substation
confident_match,Taunton GSP,Taunton Substation
unmatched_osm,1 Anns Place Substation,
unmatched_osm,1 Bowers Park Drive Substation,
unmatched_osm,10 St Pancras Avenue Substation,
unmatched_osm,1000FT Peek Hill Substation,
unmatched_osm,108 Lynwood Avenue Substation,
unmatched_osm,111 Beaumont Street Substation,
unmatched_osm,12 Wasdale Gardens Substation,
unmatched_osm,122 Wingfield Road Substation,
unmatched_osm,123 Alexandria Road Mutley Substation,
unmatched_osm,13 Jubilee Road Substation,
unmatched_osm,138 Mount Gould Road Substation,
unmatched_osm,"145 Church Road, Wembury",
unmatched_osm,146 Tavistock Road Substation,
unmatched_osm,152 Westfield Substation,
unmatched_osm,154 Rothesay Gardens Substation,
unmatched_osm,157,
unmatched_osm,158,
unmatched_osm,168 Blandford Road Substation,
unmatched_osm,17 Veasy Park,
unmatched_osm,171 Churchway Substation,
unmatched_osm,189 Beacon Park Road Substation,
unmatched_osm,19 Speakers Road Substation,
unmatched_osm,2 Blandford Road Substation,
unmatched_osm,21 Downfield Walk Substation,
unmatched_osm,"22, Central Park Avenue Substation",
unmatched_osm,23 Hawkringe Gardens Substation,
unmatched_osm,24 Headquarters Road WWTE,
unmatched_osm,27 Redwood Drive Substation,
unmatched_osm,27 Weston Mill RoadSubstation,
unmatched_osm,285 Westfield Substation,
unmatched_osm,29 Ruskin Crescent Substation,
unmatched_osm,33 Mayflower Street Substation,
unmatched_osm,34 Nevada Close Substation,
unmatched_osm,34 Petersfield Close Substation,
unmatched_osm,35 Dartmoor Road S/S,
unmatched_osm,35 Downfield Walk Substation,
unmatched_osm,37 Blackstone Close Substation,
unmatched_osm,37 Trematon Drive Substation,
unmatched_osm,371 Budshead Road Substation,
unmatched_osm,38 Cowley Road Substation,
unmatched_osm,45 Raglan Road Substation,
unmatched_osm,45 Trevithick Road Substation,
unmatched_osm,46 Dark Street Lane Substation,
unmatched_osm,49 Wyoming Close Substation,
unmatched_osm,5 Victoria Place Substation,
unmatched_osm,51 Rothsay Gardens Substation,
unmatched_osm,53 Kings Tamerton Road Substation,
unmatched_osm,55 Browning Road Substation,
unmatched_osm,57 Montacute Avenue Substation,
unmatched_osm,61 Channel Park Ave Substation,
unmatched_osm,65 Luxmore Close Substation,
unmatched_osm,7 Battle Road Substation,
unmatched_osm,70 Underlane Substation,
unmatched_osm,76 Carradale Road Substation,
unmatched_osm,8 David Close Substation,
unmatched_osm,8 Grand Parade Substation,
unmatched_osm,8 Union Street Substation,
unmatched_osm,"8, Bede Gardens Substation",
unmatched_osm,84 Downfield Walk Substation,
unmatched_osm,87 Blackstone Close Substation,
unmatched_osm,88 Kings Tamerton Road Substation,
unmatched_osm,89 Compton Avenue Substation,
unmatched_osm,92 Hillcrest Close Substation,
unmatched_osm,96 Holly Park Drive Substation,
unmatched_osm,A30 Gateway Services,
unmatched_osm,Aaronsons Substation,
unmatched_osm,Abbey Cl Crapstone Substation,
unmatched_osm,Abbey Hill Lufton Substation,
unmatched_osm,Abbey Meadow Substation,
unmatched_osm,Abbey Rd Substation,
unmatched_osm,Abbey Vale Bakery Substation,
unmatched_osm,Abbotsbury Way Substation,
unmatched_osm,Abbotsham Village Substation,
unmatched_osm,Abham Substation,
unmatched_osm,Above Town Substation,
unmatched_osm,Achesons Substation,
unmatched_osm,Acklington Place Substation,
unmatched_osm,Adas Terrace Substation,
unmatched_osm,Addington Substation,
unmatched_osm,Addison Road Substation,
unmatched_osm,Adelaide Road Substation,
unmatched_osm,Admirals Hard Substation,
unmatched_osm,Admirals Walk Substation,
unmatched_osm,Admiralty Street 91 Substation,
unmatched_osm,Adult Training Centre Substation,
unmatched_osm,Advance Factory Bell Substation,
unmatched_osm,Agaton Fort Substation,
unmatched_osm,Albert Pier SW Water,
unmatched_osm,Albert Road,
unmatched_osm,Albion Court Substation,
unmatched_osm,Albion Hotel Substation,
unmatched_osm,Albion Park Substation,
unmatched_osm,Alcombe Substation,
unmatched_osm,Alder Sand Pits No 1 Substation,
unmatched_osm,Aldercombe Barton Turbine Substation,
unmatched_osm,Alders Way 33kv Stor,
unmatched_osm,Aldreath Road,
unmatched_osm,Alexandra Drive Substation,
unmatched_osm,Alexandra Gardens,
unmatched_osm,Alexandra Rd Substation,
unmatched_osm,Alexandra Road,
unmatched_osm,Alexandra Road St Ives,
unmatched_osm,Alexandra Road Substation,
unmatched_osm,Alexandra Terrace Substation,
unmatched_osm,Alfred Street Substation,
unmatched_osm,Algram Engineering Substation,
unmatched_osm,All Saints Park Substation,
unmatched_osm,Allen Vale Substation,
unmatched_osm,Allenstyle Estate Substation,
unmatched_osm,Allenstyle West Substation,
unmatched_osm,Allenstyle Wood Substation,
unmatched_osm,Aller Court Solar Farm Substation,
unmatched_osm,Alma Road Substation,
unmatched_osm,Alpha Substation,
unmatched_osm,Altamira Substation,
unmatched_osm,Alverton Terrace,
unmatched_osm,Alvington Substation,
unmatched_osm,Alvington Triangle No 2 Substation,
unmatched_osm,Alvington Triangle Substation,
unmatched_osm,Ambrosia No 1 Substation,
unmatched_osm,Ambrosia No 2 Substation,
unmatched_osm,Amory Road Substation,
unmatched_osm,Anchor Lane A,
unmatched_osm,Anchor Lane B,
unmatched_osm,Anchor Lane C,
unmatched_osm,Anderton Estate Substation,
unmatched_osm,Andrews Way Substation,
unmatched_osm,Angel Hill Substation,
unmatched_osm,Anna Mill Business Park Substation,
unmatched_osm,Annings Lane Substation,
unmatched_osm,Anstis St North Substation,
unmatched_osm,Anstis St Substation,
unmatched_osm,Anthony Road Substation,
unmatched_osm,Antony House Substation,
unmatched_osm,Applegate Park Substation,
unmatched_osm,Apsley Road Substation,
unmatched_osm,Architectural Woodcrafts Substation,
unmatched_osm,Archway Estate Substation,
unmatched_osm,Arden Grove Substation,
unmatched_osm,Argyll Road Millbk Substation,
unmatched_osm,Arla Indusrial Substation,
unmatched_osm,Arlington Court Substation,
unmatched_osm,Arlington Terrace Substation,
unmatched_osm,Armada CentreSubstation,
unmatched_osm,Armada Street Substation,
unmatched_osm,Armoury Road Substation,
unmatched_osm,Artillery Road Substation,
unmatched_osm,Arundel Crescent Substation,
unmatched_osm,Asda Substation,
unmatched_osm,Ash Grove Substation,
unmatched_osm,Ashburn Close Substation,
unmatched_osm,Ashburton Substation,
unmatched_osm,Ashcombe Solar Park Substation,
unmatched_osm,Ashcroft Rumsam Road Substation,
unmatched_osm,Ashfield House Substation,
unmatched_osm,Ashford Crescent Substation,
unmatched_osm,Ashford Hill Substation,
unmatched_osm,Ashford Road Substation,
unmatched_osm,Ashford Sewage Works Substation,
unmatched_osm,Ashland Springs Substation,
unmatched_osm,Ashlands Road Substation,
unmatched_osm,Ashlawn Farm Solar Park Substation,
unmatched_osm,Ashleigh Close Substation,
unmatched_osm,Ashleigh Mount Substation,
unmatched_osm,Ashleigh Park Substation,
unmatched_osm,Ashleigh Road Substation,
unmatched_osm,Ashleigh Way Substation,
unmatched_osm,Ashprington Substation,
unmatched_osm,Ashwater Solar Park,
unmatched_osm,Ashwater Substation,
unmatched_osm,Ashwood Park Substation,
unmatched_osm,Ashwoods Substation,
unmatched_osm,Aspen Way No 2 Substation,
unmatched_osm,Astley Park Substation,
unmatched_osm,Athelstan Road Substation,
unmatched_osm,Athenaeum Place No 1 Substation,
unmatched_osm,Atlas Containers Substation,
unmatched_osm,Atlas Packaging Substation,
unmatched_osm,Atway Substation,
unmatched_osm,Augusta Park Substation,
unmatched_osm,Austin Avenue 29 Substation,
unmatched_osm,Austin Crescent 2 Substation,
unmatched_osm,Aveton Gifford Substation,
unmatched_osm,Aviemore Industrial Substation,
unmatched_osm,Avon Dam Substation,
unmatched_osm,Avon Treatment Works Substation,
unmatched_osm,Avon Works Substation,
unmatched_osm,Axbridge Mushrooms Substation,
unmatched_osm,Axbridge Substation,
unmatched_osm,Axe Valley Close Substation,
unmatched_osm,Axe View Solar Farm Substation,
unmatched_osm,Axtown Substation,
unmatched_osm,Aylesbury Crescent Substation,
unmatched_osm,Ayreville Holiday Camp Substation,
unmatched_osm,Ayshford Court Farm Solar Park Substation,
unmatched_osm,B S Screw Substation,
unmatched_osm,B&Q Liverton Substation,
unmatched_osm,B2 Northacre Park S/S,
unmatched_osm,BBC Start Point Substation,
unmatched_osm,BBC Substation,
unmatched_osm,BJ's Warehouse Substation,
unmatched_osm,BRNC Hawke Substation,
unmatched_osm,BRS Switching Station Substation,
unmatched_osm,BT Airways Stoke FlemingSubstation,
unmatched_osm,BT Kings Hill Substation,
unmatched_osm,BWW Axbridge Pump Substation,
unmatched_osm,BWW Cheddar Pumping Substation,
unmatched_osm,Babbacombe Close Substation,
unmatched_osm,Babbage Road Substation,
unmatched_osm,Babbages Estate Substation,
unmatched_osm,Babeleigh Turbine Substation,
unmatched_osm,Back Lane Substation,
unmatched_osm,Back Street,
unmatched_osm,Backshay Close Substation,
unmatched_osm,Badgers Holt Substation,
unmatched_osm,Badlake Hill Substation,
unmatched_osm,Baker's Piece Substation,
unmatched_osm,Bakery Way Substation,
unmatched_osm,Bal Lane Substation,
unmatched_osm,Ballard House Substation,
unmatched_osm,Balls Hill Pump Substation,
unmatched_osm,Balls Wood 33kv Solar Park,
unmatched_osm,Baltic Wharf GTC Site Substation,
unmatched_osm,Baltic Wharf Substation,
unmatched_osm,Bampfylde Way,
unmatched_osm,Bampton Fire Station Substation,
unmatched_osm,Bampton Road Substation,
unmatched_osm,Bampton Scout Hut Substation,
unmatched_osm,Bampton Street Substation,
unmatched_osm,Bandvulc Central Avenue Substation,
unmatched_osm,Bandvulc East Way Substation,
unmatched_osm,Bantham Village Substation,
unmatched_osm,Bapton Lane Substation,
unmatched_osm,Bar Meadow Substation,
unmatched_osm,Barbican Estate Substation,
unmatched_osm,Barbican Farm Substation,
unmatched_osm,Barbican Hill Substation,
unmatched_osm,Barcote Walk Substation,
unmatched_osm,Bardsey Close Substation,
unmatched_osm,Barle Enterprise Substation,
unmatched_osm,Barley Farm Rd Substation,
unmatched_osm,Barley Lane Substation,
unmatched_osm,Barn Close Langage Substation,
unmatched_osm,Barn Close Substation,
unmatched_osm,Barn Park Road Substation,
unmatched_osm,Barne Barton Substation,
unmatched_osm,Barnetts Well Substation,
unmatched_osm,Barnfield Substation,
unmatched_osm,Barnoon Terrace,
unmatched_osm,Barnpark Rd Substation,
unmatched_osm,Barns Close Industrial Substation,
unmatched_osm,Barnsfield Park Substation,
unmatched_osm,Barnstaple Close Substation,
unmatched_osm,Barnstaple Quay Substation,
unmatched_osm,Barnstaple Retail Park Substation,
unmatched_osm,Barnstaple Substation,
unmatched_osm,Baron Way Substation,
unmatched_osm,Barr Lane Substation,
unmatched_osm,Barrabill Way Substation,
unmatched_osm,Barracks Close Substation,
unmatched_osm,Barras Cross Substation,
unmatched_osm,Barrepta Cove,
unmatched_osm,Barrowfields Substation,
unmatched_osm,Bartholomew Road Substation,
unmatched_osm,Barton Avenue Substation,
unmatched_osm,Barton Close,
unmatched_osm,Barton Close 21 Substation,
unmatched_osm,Barton Close Substation,
unmatched_osm,Barton Cross Solar Substation,
unmatched_osm,Barton Farm Substation,
unmatched_osm,Barton Lane Substation,
unmatched_osm,Barton Pines Substation,
unmatched_osm,Barton Rd Substation,
unmatched_osm,Barton Road Substation,
unmatched_osm,Barton Substation,
unmatched_osm,Barwis Hill,
unmatched_osm,Bascombe Road Substation,
unmatched_osm,Bath Road Substation,
unmatched_osm,Batheway Fields Substation,
unmatched_osm,Batsworthy Cross Wind Farm Substation,
unmatched_osm,Batter Street Substation,
unmatched_osm,Battery Street Substation,
unmatched_osm,Battle Road Pump Stn Substation,
unmatched_osm,Battle Road Substation,
unmatched_osm,Battscombe Quarry Substation,
unmatched_osm,Batworthy House Substation,
unmatched_osm,Bay Road Substation,
unmatched_osm,Bay View,
unmatched_osm,Bayards Cove Substation,
unmatched_osm,Beach Car Park Substation,
unmatched_osm,Beach Road St Ives,
unmatched_osm,Beachfield Longrock,
unmatched_osm,Beachfield West Substation,
unmatched_osm,Beacon Farm WT Substation,
unmatched_osm,Beacon Ind Units Substation,
unmatched_osm,Beacon Lane Substation,
unmatched_osm,Beacon Substation,
unmatched_osm,Beaconfield Road Substation,
unmatched_osm,Beadon Farm Substation,
unmatched_osm,Beadon Road Substation,
unmatched_osm,Beaford 33kV Solar Farm,
unmatched_osm,Bealswood Substation,
unmatched_osm,Beaminster Gram SchSubstation,
unmatched_osm,Beare Close Substation,
unmatched_osm,Bears Down Wind Farm,
unmatched_osm,Bearsdown Road Substation,
unmatched_osm,Bearsdown Road West Substation,
unmatched_osm,Beau Vallee Substation,
unmatched_osm,Beaumaris Road Substation,
unmatched_osm,Beaumont Park Substation,
unmatched_osm,Beaumont Road Substation,
unmatched_osm,Beckly Court Substation,
unmatched_osm,Becton Dickinson No 2 Substation,
unmatched_osm,Becton Dickinson Substation,
unmatched_osm,Bedehaven Close Substation,
unmatched_osm,Bedford Park Villas Substation,
unmatched_osm,Bedford Road Substation,
unmatched_osm,Bedford St Substation,
unmatched_osm,Beech Ave Substation,
unmatched_osm,Beech Torr Farm Substation,
unmatched_osm,Beechdown Holiday Camp Substation,
unmatched_osm,Beechfield House Substation,
unmatched_osm,Beechfield Substation,
unmatched_osm,Beechgrove Farm Solar Park Substation,
unmatched_osm,Beechwood Avenue Substation,
unmatched_osm,Beechwood Substation,
unmatched_osm,Beechwood Way Substation,
unmatched_osm,Beefeater Marsh Mills Substation,
unmatched_osm,Bell Close Industiral Units Substation,
unmatched_osm,Bellaire West Substation,
unmatched_osm,Belle Vue Road Substation,
unmatched_osm,Belle Vue Substation,
unmatched_osm,Bellever Close Substation,
unmatched_osm,Bellingham Crescent Substation,
unmatched_osm,Belliver Way Substation,
unmatched_osm,Bellows Park 1 Substation,
unmatched_osm,Belmont Mews Substation,
unmatched_osm,Belmont Park Substation,
unmatched_osm,Belmont Place,
unmatched_osm,Belmont Road Substation,
unmatched_osm,Belmont Villas Substation,
unmatched_osm,Belstone Reservoir Substation,
unmatched_osm,Belyars Estate,
unmatched_osm,Bennacott Turbine Substation,
unmatched_osm,Bennett Road Substation,
unmatched_osm,Bere Ferrers Hall Substation,
unmatched_osm,Bernaville Nursery Substation,
unmatched_osm,Bernice Close Substation,
unmatched_osm,Berrow Park Road,
unmatched_osm,Berry Head Cafe Substation,
unmatched_osm,Berthon Road Substation,
unmatched_osm,Bestway Burrington Way Substation,
unmatched_osm,Beverley Road Substation,
unmatched_osm,Bewick Avenuse Substation,
unmatched_osm,Bias Lane,
unmatched_osm,Bias Lane Substation,
unmatched_osm,Bicclescombe Ind Substation,
unmatched_osm,Bicclescombe Substation,
unmatched_osm,Bickbeans Turbine Substation,
unmatched_osm,Bickington Lodge Substation,
unmatched_osm,Bickington Substation,
unmatched_osm,Bickleigh Down Road Substation,
unmatched_osm,Bickleight Camp Substation,
unmatched_osm,Bidders Close Substation,
unmatched_osm,Bideford Main Substation,
unmatched_osm,Bidwell 33kv Solar Park,
unmatched_osm,Biggin Hill Substation,
unmatched_osm,Biggs Bush Road S/S,
unmatched_osm,Bilbury St Substation,
unmatched_osm,Bincombe Substation,
unmatched_osm,Bindon Road,
unmatched_osm,Binhamy Estate No 1 Substation,
unmatched_osm,Binhamy Estate No 2 Substation,
unmatched_osm,Birch Road Substation,
unmatched_osm,Birch Valley Plastics Substation,
unmatched_osm,Bircham Road Substation,
unmatched_osm,Birdwell Road Substation,
unmatched_osm,Birdwood Crescent Substation,
unmatched_osm,Birkbeck Close Substation,
unmatched_osm,Bishops Close Substation,
unmatched_osm,Bishops Tawton School Substation,
unmatched_osm,Bishopsteignton Pumping Station Substation,
unmatched_osm,Bishopsteignton Substation,
unmatched_osm,Bittaford South Substation,
unmatched_osm,Bittaford Village Substation,
unmatched_osm,Bitton House Substation,
unmatched_osm,Bitton Park Substation,
unmatched_osm,Blachford House Substation,
unmatched_osm,Black Hill Quarry Substation,
unmatched_osm,Black Rock Substation,
unmatched_osm,Black Torrington Substation,
unmatched_osm,Blackall Gardens Substation,
unmatched_osm,Blackaton Wind Lewannick Substation,
unmatched_osm,Blackawton STW Substation,
unmatched_osm,Blackball Lane Substation,
unmatched_osm,Blackbrook Substation,
unmatched_osm,Blackditch Substation,
unmatched_osm,Blackhorse Lane Substation,
unmatched_osm,Blacknell Lane Printers Substation,
unmatched_osm,Blacknell Lane Substation,
unmatched_osm,Blackpool Substation,
unmatched_osm,Blackpost Lane Substation,
unmatched_osm,Blagdon Rise,
unmatched_osm,Blagdons Boat Yard Substation,
unmatched_osm,Blair Atholl Substation,
unmatched_osm,Blake Gardens Substation,
unmatched_osm,Blandford Road Substation,
unmatched_osm,Blenheim Gdns Substation,
unmatched_osm,Blue Anchor Bay Caravan Park Substation,
unmatched_osm,Blue Ball Pumping Station Substation,
unmatched_osm,Blue Waters Drive Substation,
unmatched_osm,Bluebell Road Substation,
unmatched_osm,Boase Street,
unmatched_osm,Bodiniel 33kV Solar Park,
unmatched_osm,Bodmin Road South Substation,
unmatched_osm,Bodmin Road Substation,
unmatched_osm,Bodmin Street Substation,
unmatched_osm,Bohetherick Village Substation,
unmatched_osm,Boiler House Substation,
unmatched_osm,Bolitho Road,
unmatched_osm,Bolt Head Substation,
unmatched_osm,Bommertown Solar Park,
unmatched_osm,Bonaventure Road Substation,
unmatched_osm,Bone Mill Pumping Substation,
unmatched_osm,Bonfire Hill Substation,
unmatched_osm,Bonhay Close Substation,
unmatched_osm,Bonville Drive Substation,
unmatched_osm,Bonython Terrace Substation,
unmatched_osm,Bookers Substation,
unmatched_osm,Boots Substation,
unmatched_osm,Boradsands Beach Substation,
unmatched_osm,Boringdon Avenue Substation,
unmatched_osm,Boringdon Hall Substation,
unmatched_osm,Borough Farm Substation,
unmatched_osm,Borringdon Close Substation,
unmatched_osm,Boscaswell Housing,
unmatched_osm,Boscaswell Terrace,
unmatched_osm,Boscathnoe Lane,
unmatched_osm,Boscawen Place Substation,
unmatched_osm,Boskennal Solar Farm,
unmatched_osm,Boskerris Estate,
unmatched_osm,Bossiney Substation,
unmatched_osm,Bossington Pumping Station Substation,
unmatched_osm,Bossinney Sewage Works Substation,
unmatched_osm,Botallack House,
unmatched_osm,Botathan Farm Substation,
unmatched_osm,Bott Ltd Substation,
unmatched_osm,Bottonnett Farm Wind Turbine Substation,
unmatched_osm,Bovey Tracey Substation,
unmatched_osm,Bowden Park Substation,
unmatched_osm,Bowden Solar Farm,
unmatched_osm,Bowden Turbine Substation,
unmatched_osm,Bowes Park Substation,
unmatched_osm,Bowhay Lane EstateSubstation,
unmatched_osm,Bowhays Cross Substation,
unmatched_osm,Bowhays Walk Substation,
unmatched_osm,Bowjey,
unmatched_osm,Bowring Mead Substation,
unmatched_osm,Box Tree House Substation,
unmatched_osm,Boxfield RoadSubstation,
unmatched_osm,Bracey Road Substation,
unmatched_osm,Bradford Manor 33kV Solar,
unmatched_osm,Bradham Court Substation,
unmatched_osm,Bradham Lane Substation,
unmatched_osm,Bradiford Village Substation,
unmatched_osm,Bradley Lane Substation,
unmatched_osm,Bradley Road Substation,
unmatched_osm,Bradon Farm Gen,
unmatched_osm,Bradpole Substation,
unmatched_osm,Bradworthy Ind Substation,
unmatched_osm,Bradworthy Substation,
unmatched_osm,Brakefield Substation,
unmatched_osm,Brandize Park Substation,
unmatched_osm,Branhams Substation,
unmatched_osm,Brannam Crescent No2 Substation,
unmatched_osm,Brannam Crescent No3 Substation,
unmatched_osm,Brannam Crescent Substation,
unmatched_osm,Brannam Crescent West Substation,
unmatched_osm,Bratton Fleming East Substation,
unmatched_osm,Bratton Fleming Solar Park,
unmatched_osm,Bratton Fleming Substation,
unmatched_osm,Bratton Fleming Water Works Substation,
unmatched_osm,Braunton,
unmatched_osm,Bray Valley Quarry Substation,
unmatched_osm,Brayford Close Substation,
unmatched_osm,Braytown S/S,
unmatched_osm,Brent Knoll Switching Site,
unmatched_osm,Brent View Substation,
unmatched_osm,Brentfield Estate Substation,
unmatched_osm,Brentford Avenue Substation,
unmatched_osm,Brentor Rd Substation,
unmatched_osm,Brest Road Substation,
unmatched_osm,Bretonside Leisure Complex No.1 Substation,
unmatched_osm,Bretonside Leisure Complex No.2 Substation,
unmatched_osm,Bretonside Leisure Complex No.3 Substation,
unmatched_osm,Bridestowe South Substation,
unmatched_osm,Bridge Road Substation,
unmatched_osm,Bridge Street Substation,
unmatched_osm,Bridgend East Substation,
unmatched_osm,Bridgend North Substation,
unmatched_osm,Bridgend South Substation,
unmatched_osm,Bridgetown Court Substation,
unmatched_osm,Bridgetown Quay Substation,
unmatched_osm,Bridgetown Substation,
unmatched_osm,Bridgwater Local Substation,
unmatched_osm,Bridgwater Substation (BSP),
unmatched_osm,Bridport Substation,
unmatched_osm,Brightley Brickworks Substation,
unmatched_osm,Brimmacombe Road Substation,
unmatched_osm,Brionne Heights Substation,
unmatched_osm,Briskfields Substation,
unmatched_osm,British Bakeries Substation,
unmatched_osm,British Legion Housing Substation,
unmatched_osm,British Legion Substation,
unmatched_osm,British Rail Signalling Substation,
unmatched_osm,Briton Street Substation,
unmatched_osm,Britons Hill,
unmatched_osm,Brittannia Avenue Substation,
unmatched_osm,Brixham Cross Substation,
unmatched_osm,Brixham Secondary Mod School Substation,
unmatched_osm,Brixham Station Substation,
unmatched_osm,Broad Close Farm Substation,
unmatched_osm,Broad Close Substation,
unmatched_osm,Broad Park Crescent Substation,
unmatched_osm,Broad Park Substation,
unmatched_osm,Broadclyst Repeater Stn Substation,
unmatched_osm,Broadclyst School Substation,
unmatched_osm,Broadclyst Station Trading Est Substation,
unmatched_osm,Broadley Park Road Substation,
unmatched_osm,Broadmead Close Substation,
unmatched_osm,Broadmeadow Gasworks Substation,
unmatched_osm,Broadmeadow Lane Substation,
unmatched_osm,Broadoak Substation,
unmatched_osm,Broadpark Substation,
unmatched_osm,Broads Yard Substation,
unmatched_osm,Broadsands Road Substation,
unmatched_osm,Broadway Substation,
unmatched_osm,Bromley Place No 2 Substation,
unmatched_osm,Bromley Place Substation,
unmatched_osm,Brook Close 40 Substation,
unmatched_osm,Brook Farm Substation,
unmatched_osm,Brook Lane Industrial Units S/S,
unmatched_osm,Brook Road Substation,
unmatched_osm,Brook Street Substation,
unmatched_osm,Brooks Est Substation,
unmatched_osm,Brookside Substation,
unmatched_osm,Broomborough Substation,
unmatched_osm,Brow Hill Substation,
unmatched_osm,Brown & Sharpe Substation,
unmatched_osm,Brownston Street Substation,
unmatched_osm,Brunel Park Substation,
unmatched_osm,Brunel Road Substation,
unmatched_osm,Brunenburg Way Substation,
unmatched_osm,Brush End,
unmatched_osm,Brushford Council Houses Substation,
unmatched_osm,Brutus Bridge Pmp St Substation,
unmatched_osm,Brynmoor Park Substation,
unmatched_osm,Brynsworthy Depot Substation,
unmatched_osm,Brynsworthy Park Substation,
unmatched_osm,Brynsworthy Trasfer Station Substation,
unmatched_osm,Bubbleland Substation,
unmatched_osm,Buckeridge Avenue Substation,
unmatched_osm,Buckfast Road Substation,
unmatched_osm,Buckfast School Substation,
unmatched_osm,Buckfast Substation,
unmatched_osm,Buckfastleigh Ind Site Substation,
unmatched_osm,Buckfastleigh Substation,
unmatched_osm,Buckfastleigh Tannery Substation,
unmatched_osm,Buckland Monachorum Substation,
unmatched_osm,Buckleigh Laundry Substation,
unmatched_osm,Buckley St Substation,
unmatched_osm,Bucks Mills Village Substation,
unmatched_osm,Buckwell Street Substation,
unmatched_osm,Bude Rugby Club Substation,
unmatched_osm,Bude Safeway Substation,
unmatched_osm,Bude Stratton Business Park Substation,
unmatched_osm,Budleigh Salterton Substation,
unmatched_osm,Budshead Road Substation,
unmatched_osm,Buena Vista Drive Substation,
unmatched_osm,Bugle Substation,
unmatched_osm,Bull Point Lighthse Substation,
unmatched_osm,Bullans Lane,
unmatched_osm,Bullpoint Road Substation,
unmatched_osm,Bully Cleaves Substation,
unmatched_osm,Bunyan Close Substation,
unmatched_osm,Buriton Row,
unmatched_osm,Burlescombe Substation,
unmatched_osm,Burlington Road Substation,
unmatched_osm,Burn View Substation,
unmatched_osm,Burnett Road (32) Substation,
unmatched_osm,Burnham Substation,
unmatched_osm,Burniston Close 47 Substation,
unmatched_osm,Burnside Substation,
unmatched_osm,Burrator Ave Substation,
unmatched_osm,Burrator Dam Substation,
unmatched_osm,Burrator Lodge Substation,
unmatched_osm,Burrator Road Substation,
unmatched_osm,Burrough Street Substation,
unmatched_osm,Burrows House Substation,
unmatched_osm,Burthy 33kv Solar Park,
unmatched_osm,Burton Bradstock PME Substation,
unmatched_osm,Burton Road Substation,
unmatched_osm,Bussell Land Substation,
unmatched_osm,Butchers Park Hill Substation,
unmatched_osm,Butt Park Substation,
unmatched_osm,Buttercup Road No 2 Substation,
unmatched_osm,Buttercup Road Substation,
unmatched_osm,Buttlegate Estate Substation,
unmatched_osm,Buxtons Close Substation,
unmatched_osm,Byron Avenue Substation,
unmatched_osm,Bystock Chase Substation,
unmatched_osm,Bystock Farm 33kv Solar Pk,
unmatched_osm,Bystock Road Substation,
unmatched_osm,C&J Clark Liverton Substation,
unmatched_osm,COOMBE FARM 33KV SOLAR PARK,
unmatched_osm,CRS Supermarket Substation,
unmatched_osm,Cable & Wireless Kingshill Substation,
unmatched_osm,Cable & Wireless Substation,
unmatched_osm,Cable and Wireless Substation,
unmatched_osm,Caddapit Substation,
unmatched_osm,Cadgwith Substation,
unmatched_osm,Cadleigh Close Substation,
unmatched_osm,Cains Farm Substation,
unmatched_osm,Cairnside Substation,
unmatched_osm,Callington Aux No 1 Substation,
unmatched_osm,Callington Grammer School Substation,
unmatched_osm,Callington New Road Substation,
unmatched_osm,Callington Pengelly Substation,
unmatched_osm,Callington Substation,
unmatched_osm,Callington Town Substation,
unmatched_osm,Callywith Substation,
unmatched_osm,Camber Road Substation,
unmatched_osm,Camborne Substation,
unmatched_osm,Camel head Sewage No 2 Substation,
unmatched_osm,Camelford Bridge Substation,
unmatched_osm,Camelford Industrial Substation,
unmatched_osm,Camelford treatment Works Substation,
unmatched_osm,Camels Head Substation,
unmatched_osm,Cameron DriveSubstation,
unmatched_osm,Campanile Hotel Substation,
unmatched_osm,Camperdown Street Substation,
unmatched_osm,Campkin Road Substation,
unmatched_osm,Camps Bay Substation,
unmatched_osm,Candar Flats Substation,
unmatched_osm,Candy Tiles Substation,
unmatched_osm,Canefields Avenue Substation,
unmatched_osm,Cann Wood View Substation,
unmatched_osm,Cannon Hill Substation,
unmatched_osm,Cannon Road Substation,
unmatched_osm,Canworthy Solar Farm Substation,
unmatched_osm,Capel Lane Substation,
unmatched_osm,Capelands Farm Solar Substation,
unmatched_osm,Caprera Terrace Substation,
unmatched_osm,Car Charging Units Substation,
unmatched_osm,Caradon Close Substation,
unmatched_osm,Caravan Park Newport Substation,
unmatched_osm,Carbeile Estate Substation,
unmatched_osm,Carbeile Mill Substation,
unmatched_osm,Carbis Bay,
unmatched_osm,Carbis Bay Holiday Centre,
unmatched_osm,Carbis Estate,
unmatched_osm,Carbis Hotel,
unmatched_osm,Carbis Valley,
unmatched_osm,Carbis Water,
unmatched_osm,Carbona Close Substation,
unmatched_osm,Cardinnis Road,
unmatched_osm,Carew Road S/S No 4128,
unmatched_osm,Carhampton Old P Bun Substation,
unmatched_osm,Carhampton Substation,
unmatched_osm,Carhampton Vicarage Substation,
unmatched_osm,Carlisle Road Substation,
unmatched_osm,Carloggas Farm 33kv Solar,
unmatched_osm,Carlton Pavilion Substation,
unmatched_osm,Carlton Substation,
unmatched_osm,Carlton Terrace 32 Substation,
unmatched_osm,Carlyon Road,
unmatched_osm,Carn Brea Substation,
unmatched_osm,Carnellis Road,
unmatched_osm,Carnemough Farm Solar Substation,
unmatched_osm,Carninney Rise,
unmatched_osm,Carpenters Workshop Substation,
unmatched_osm,Carr Lane Substation,
unmatched_osm,Carrack Gladden,
unmatched_osm,Carradale Road 5 Substation,
unmatched_osm,Carrallack Park,
unmatched_osm,Carrallack Terrace,
unmatched_osm,Carriers LaneSubstation,
unmatched_osm,Carrol Road Substation,
unmatched_osm,Castle Heights Substation,
unmatched_osm,Castle Hill Substation,
unmatched_osm,Castle Hotel Substation,
unmatched_osm,Castle Park Road Substation,
unmatched_osm,Castle Park Substation,
unmatched_osm,Castle Road Substation,
unmatched_osm,Castle Street Substation,
unmatched_osm,Castle an Dinas,
unmatched_osm,Castleton Substation,
unmatched_osm,Castor Industrial Site Substation,
unmatched_osm,Castor Road Substation,
unmatched_osm,Cat and Fiddle Mobile Homes Substation,
unmatched_osm,Cattedown Rd Substation,
unmatched_osm,Cattedown Wharves Substation,
unmatched_osm,Cattewater Road Substation,
unmatched_osm,Cattle Market Substation,
unmatched_osm,Causeway Terrace Substation,
unmatched_osm,Causilgey 33kV Solar Park,
unmatched_osm,Cavalier Road No 2 Substation,
unmatched_osm,Cavalier Road Substation,
unmatched_osm,Cawsand Fort Substation,
unmatched_osm,Cawsand Substation,
unmatched_osm,Cedar Park Substation,
unmatched_osm,Cemetery Substation,
unmatched_osm,Central Intake Substation,
unmatched_osm,Central Kitchen Substation,
unmatched_osm,Central Park Towers Substation,
unmatched_osm,Central Road Lee Mill Substation,
unmatched_osm,Centry Road Substation,
unmatched_osm,Chagford Substation,
unmatched_osm,Challaborough Beach Substation,
unmatched_osm,Challaborough Substation,
unmatched_osm,Challenger Way Substation,
unmatched_osm,Channel Park Ave 101 Substation,
unmatched_osm,Channel View Terrace Substation,
unmatched_osm,Chapel Cottages Substation,
unmatched_osm,Chapel Row Substation,
unmatched_osm,Chapel St Substation,
unmatched_osm,Chapel Street Bere Alston Substation,
unmatched_osm,Chapel Street St Day 41/0589,
unmatched_osm,Chapel Street Substation,
unmatched_osm,Chapeldown Estate Substation,
unmatched_osm,Chard Barton Substation,
unmatched_osm,Charleton Court Substation,
unmatched_osm,Charlotte Street Flats Substation,
unmatched_osm,Charlotte Street School Substation,
unmatched_osm,Charlton Crescent Sub-Station,
unmatched_osm,Charmborough Farm Substation,
unmatched_osm,Charmouth Substation,
unmatched_osm,Charnhill Way Substation,
unmatched_osm,Chase Webb Substation,
unmatched_osm,Cheddar Business Park Substation,
unmatched_osm,Cheddar Court Substation,
unmatched_osm,Cheddar School Substation,
unmatched_osm,Cheddar Service Centre Substation,
unmatched_osm,Cheddar Substation,
unmatched_osm,Cheese Factory Switching Station Substation,
unmatched_osm,Cheese Two Substation,
unmatched_osm,Chelson Gdns Substation,
unmatched_osm,Chelson Meadow NFFO 4Substation,
unmatched_osm,Chelson Meadow Pumping Station Substation,
unmatched_osm,Chelson Meadow Ro Generator Substation,
unmatched_osm,Chelston Business Park,
unmatched_osm,Chelston Manor Business Park,
unmatched_osm,Chelston Meadow RTS Building Substation,
unmatched_osm,Chequettes Close Substation,
unmatched_osm,Cheriton House Substation,
unmatched_osm,Cherry Grove Substation,
unmatched_osm,Cheshire Road Substation,
unmatched_osm,Chesnut Road Substation,
unmatched_osm,Chestnut Way Substation,
unmatched_osm,Chewton Mendip Substation,
unmatched_osm,Cheyhom Cottage Substation,
unmatched_osm,Cheyne Beach Substation,
unmatched_osm,Chichacott Lane Substation,
unmatched_osm,Chichester Close Substation,
unmatched_osm,Chichester House Substation,
unmatched_osm,Chickerell Substation,
unmatched_osm,Chideock Substation,
unmatched_osm,Chilcompton Substation,
unmatched_osm,Chilkwell Street,
unmatched_osm,Chillington Substation,
unmatched_osm,Chillparks Estate Substation,
unmatched_osm,China Fleet Club Substation,
unmatched_osm,Chivenor Central Substation,
unmatched_osm,Chivenor Cross Industrial Substation,
unmatched_osm,Chivenor Cross Residential Substation,
unmatched_osm,Chivenor East Substation,
unmatched_osm,Chivenor Grass Drier Substation,
unmatched_osm,Chivenor West Substation,
unmatched_osm,Christina Pk Substation,
unmatched_osm,Chrston Links Substation,
unmatched_osm,Chttleburn Substation,
unmatched_osm,Chubbs Lawn Substation,
unmatched_osm,Chubby Croft Close Substation,
unmatched_osm,Chudleigh Knighton Substation,
unmatched_osm,Church Close Substation,
unmatched_osm,Church Hill Substation,
unmatched_osm,Church House Inn Substation,
unmatched_osm,Church House Substation,
unmatched_osm,Church Lane Substation,
unmatched_osm,Church Park Estate Substation,
unmatched_osm,Church Park Road Substation,
unmatched_osm,Church Road Substation,
unmatched_osm,Church Road Wembury 80 Substation,
unmatched_osm,Church St Substation,
unmatched_osm,Church Street Substation,
unmatched_osm,Churchfield Substation,
unmatched_osm,Churchill Flats Penzance,
unmatched_osm,Churchill Road Substation,
unmatched_osm,Churchlands Substation,
unmatched_osm,Churchstow Walk Substation,
unmatched_osm,Churchtown Cornwood Substation,
unmatched_osm,Churchtown Farm 33kv Solar,
unmatched_osm,Churston Ferrers Substation,
unmatched_osm,Churston Substation,
unmatched_osm,Chy an Gweal,
unmatched_osm,Chyandour,
unmatched_osm,Cinema Substation,
unmatched_osm,Cirtronics Substation,
unmatched_osm,Citadel Road Substation,
unmatched_osm,City Transport Substation,
unmatched_osm,Civic Centre Substation,
unmatched_osm,Clanville Flats Substation,
unmatched_osm,Clare Place Substation,
unmatched_osm,Claremont Lane Substation,
unmatched_osm,Claremont Street Substation,
unmatched_osm,Clarence Street Substation,
unmatched_osm,Clarkes Substation,
unmatched_osm,Clarks Factory Substation,
unmatched_osm,Clatworthy Estate Substation,
unmatched_osm,Clatworthy Pump Substation,
unmatched_osm,Clay Lane Substation,
unmatched_osm,Claypits Road Substation,
unmatched_osm,Cleathorne Cable & Wireless Substation,
unmatched_osm,Cleave Camp Married Qtr Substation,
unmatched_osm,Cleave Farm 33kV Solar Pk,
unmatched_osm,Cleave Road Substation,
unmatched_osm,Cleave Substation,
unmatched_osm,Cleeve Drive 110Substation,
unmatched_osm,Cleeve Drive 133 Substation,
unmatched_osm,Cliff House Substation,
unmatched_osm,Cliff Road Plymouth Substation,
unmatched_osm,Cliff Road Substation,
unmatched_osm,Clifton Heights Substation,
unmatched_osm,Clinic Substation,
unmatched_osm,Clipper Tea Pot Substation,
unmatched_osm,Clobells Substation,
unmatched_osm,Clovelly Road Retail ParkSubstation,
unmatched_osm,Clovelly Substation,
unmatched_osm,Clovelly Watchtower Substation,
unmatched_osm,Clowance Lane Substation,
unmatched_osm,Clyst Honiton Substation,
unmatched_osm,Co-Op Substation,
unmatched_osm,Coast Road Substation,
unmatched_osm,Coast View Park Substation,
unmatched_osm,Coat Road Substation,
unmatched_osm,Cobbett Road Substation,
unmatched_osm,Cobbs Cross Solar Farm Substation,
unmatched_osm,Cobourg Point Substation,
unmatched_osm,Coburg Substation,
unmatched_osm,Cockhaven Substation,
unmatched_osm,Cockington Close Substation,
unmatched_osm,Cofton Farm Substation,
unmatched_osm,Coleman Avenue Substation,
unmatched_osm,Coleridge House Substation,
unmatched_osm,Coles Barn Substation,
unmatched_osm,Coles Mill,
unmatched_osm,Colesdown Hill Substation,
unmatched_osm,Coleton Barton Farm Substation,
unmatched_osm,Coley Pumping Station Substation,
unmatched_osm,Collacott Solar Farm Substation,
unmatched_osm,Collacott Turbine Substation,
unmatched_osm,Collaton Cross Substation,
unmatched_osm,Collaton Turbine Substation,
unmatched_osm,College Dean Close Substation,
unmatched_osm,College Road Substation,
unmatched_osm,College of Art Substation,
unmatched_osm,Colley End Substation,
unmatched_osm,Colliers Lane S/S,
unmatched_osm,Collings Park Substation,
unmatched_osm,Coltness Road Substation,
unmatched_osm,Colyford Substation,
unmatched_osm,Comer Road Substation,
unmatched_osm,Common Lane Substation,
unmatched_osm,Commons Lane Substation,
unmatched_osm,Compass Drive Substation,
unmatched_osm,Compass West Substation,
unmatched_osm,Compton Avenue 42 Substation,
unmatched_osm,Compton Knoll Substation,
unmatched_osm,Compton Road Substation,
unmatched_osm,Compton Substation,
unmatched_osm,Comyn Hill Chalets No 1 Substation,
unmatched_osm,Comyn Hill Ilfracombe Substation,
unmatched_osm,Connaught Ave Lane 32 Substation,
unmatched_osm,Connon Bridge Landfill,
unmatched_osm,Conoco Substation,
unmatched_osm,Constantine St Substation,
unmatched_osm,Constantine Substation,
unmatched_osm,Continental Hotel Substation,
unmatched_osm,Control Packaging S/S,
unmatched_osm,Control Tower Substation,
unmatched_osm,Conway Gardens Substation,
unmatched_osm,Cookworthy Road Substation,
unmatched_osm,Coombe Dean School Substation,
unmatched_osm,Coombe End Substation,
unmatched_osm,Coombe Meadows Substation,
unmatched_osm,Coombe Park Farm Substation,
unmatched_osm,Coombe Park Lane Substation,
unmatched_osm,Coombe Park Road Substation,
unmatched_osm,Coombe Reservoir Substation,
unmatched_osm,Coombe Road S/S,
unmatched_osm,Coombe Way Substation,
unmatched_osm,Coombeshead Farm 33kv Solar,
unmatched_osm,Coombs Land Substation,
unmatched_osm,Copland Meadow Substation,
unmatched_osm,Coppermine Gunnislake Substation,
unmatched_osm,Copse Close Substation,
unmatched_osm,Copse Road Substation,
unmatched_osm,Copthorne Hotel Substation,
unmatched_osm,Copythorne Road Substation,
unmatched_osm,Core Hill Substation,
unmatched_osm,Cornwall Energy Recovery Centre Substation,
unmatched_osm,Cornwall Street Substation,
unmatched_osm,Cornwood Road Substation,
unmatched_osm,Cornworthy Substation,
unmatched_osm,Coronation Park Substation,
unmatched_osm,Coronation Place Substation,
unmatched_osm,Coronation Road Substation,
unmatched_osm,Coronation Street Substation,
unmatched_osm,Coryate Close Substation,
unmatched_osm,Cosdon Place Sub-Station,
unmatched_osm,Cot Hill Close Substation,
unmatched_osm,Cot Hill Substation,
unmatched_osm,Cott Meadow Substation,
unmatched_osm,Cott Substation,
unmatched_osm,Countess Wear Substation,
unmatched_osm,Countess Wear Swge 1 Substation,
unmatched_osm,Counties Crescent Substation,
unmatched_osm,County School,
unmatched_osm,Court Close Substation,
unmatched_osm,Court Farm Substation,
unmatched_osm,Court Orchard Substation,
unmatched_osm,Court Park Substation,
unmatched_osm,Court Road Substation,
unmatched_osm,Court St Substation,
unmatched_osm,Courtenay Park Substation,
unmatched_osm,Courtfields Substation,
unmatched_osm,Courtlands Cross Substation,
unmatched_osm,Courtledge Substation,
unmatched_osm,Courtney Street No 1 Substation,
unmatched_osm,Courtney Street No 2 Substation,
unmatched_osm,Courtney Street No 3 Substation,
unmatched_osm,Coutant LambdaSubstation,
unmatched_osm,Cowley Road Substation,
unmatched_osm,Cox's Private S/Stn Substation,
unmatched_osm,Coypool Industrial Estate Substation,
unmatched_osm,Crabshell Heights Substation,
unmatched_osm,Crabtree Substation,
unmatched_osm,Crackington No 2 Substation,
unmatched_osm,Craddock Close Substation,
unmatched_osm,Crafthole Heights ES Substation,
unmatched_osm,Cranbrook Energy Centre Substation,
unmatched_osm,Crawford Road Substation,
unmatched_osm,Crawter Drive Substation,
unmatched_osm,Cray Electronics Substation,
unmatched_osm,Crealy Caravan Park Substation,
unmatched_osm,Creathorne PV Array Substation,
unmatched_osm,Creber Lane Substation,
unmatched_osm,Crediton Road Estate Substation,
unmatched_osm,Crediton Road Substation,
unmatched_osm,Crediton Substation,
unmatched_osm,Creech St. Michael Substation,
unmatched_osm,Creedwell Orchard Substation,
unmatched_osm,Creedy Road Substation,
unmatched_osm,Cremyll Street Substation,
unmatched_osm,Crepe Farm Substation,
unmatched_osm,Cressbrook Drive Substation,
unmatched_osm,Crest Estate No 2 Substation,
unmatched_osm,Crest Estate No.1 Substation,
unmatched_osm,Crewkerne 33kv Solar Park,
unmatched_osm,Crewkerne Hospital Substation,
unmatched_osm,Cricket St Thomas Solar Pk,
unmatched_osm,Crimp Wind Farm Substation,
unmatched_osm,Crinacott Farm Solar,
unmatched_osm,Crockers Hele Solar Field Substation,
unmatched_osm,Crockers Meadow Substation,
unmatched_osm,Croft Chase Substation,
unmatched_osm,Croft Road,
unmatched_osm,Croft Road Salcombe Substation,
unmatched_osm,Croft Road Substation,
unmatched_osm,Cromwell Park Substation,
unmatched_osm,Cromwell Road Substation,
unmatched_osm,Cronite Alkast Substation,
unmatched_osm,Cronites Substation,
unmatched_osm,Crooklets Substation,
unmatched_osm,Crookmans Substation,
unmatched_osm,Cropmead Substation,
unmatched_osm,Cross Farm Substation,
unmatched_osm,Cross Park Substation,
unmatched_osm,Cross Substation,
unmatched_osm,Crosslands Substation,
unmatched_osm,Crosstrees Substation,
unmatched_osm,Crossway Avenue Substation,
unmatched_osm,Crossway Substation,
unmatched_osm,Croucher Close Electricity Sub-Station,
unmatched_osm,Crowder Cross Substation,
unmatched_osm,Crowndale Avenue Substation,
unmatched_osm,Crownhill Fort Substation,
unmatched_osm,Crownhill Road Substation,
unmatched_osm,Croyde Bay Holiday Camp Substation,
unmatched_osm,Croyde Bay Substation,
unmatched_osm,Croyde Bay West Substation,
unmatched_osm,Croyde UV Treatment Works Substation,
unmatched_osm,Croyde Village Substation,
unmatched_osm,Cullompton Primary,
unmatched_osm,Cullompton Solar Park Substation,
unmatched_osm,Culme Road Substation,
unmatched_osm,Culmhead 33kV Solar Park,
unmatched_osm,Culmhead Substation,
unmatched_osm,Culver Way Substation,
unmatched_osm,Culverdale Substation,
unmatched_osm,Cumber Close Substation,
unmatched_osm,Cumber Links Substation,
unmatched_osm,Cumberland Road Substation,
unmatched_osm,Cumberland Street Substation,
unmatched_osm,Cunningham Road Substation,
unmatched_osm,Curlew Drive Substation,
unmatched_osm,Curston Bridge Substation,
unmatched_osm,Curstons Radstock,
unmatched_osm,Curtis Street Substation,
unmatched_osm,Cury Estate Substation,
unmatched_osm,Cuxhaven Way,
unmatched_osm,Cuxton Meadows Substation,
unmatched_osm,D S Smith Packaging Substation,
unmatched_osm,DNO Substation,
unmatched_osm,DT Centre Brest Road Substation,
unmatched_osm,DWP Office Bretonside Substation,
unmatched_osm,Dadbrook Substation,
unmatched_osm,Dairy Crest Davidstow Substation,
unmatched_osm,Dairy House Farm Substation,
unmatched_osm,Dairycrest Effluent Substation,
unmatched_osm,Dale Road Student Accommodation Substation,
unmatched_osm,Dale Road Substation,
unmatched_osm,Dalgety Spillers Substation,
unmatched_osm,Danescoombe Eng Hse Substation,
unmatched_osm,Darite Substation,
unmatched_osm,Dark Lane Camelford Substation,
unmatched_osm,Darklake Park Substation,
unmatched_osm,Darklake View Substation,
unmatched_osm,Darracott Moor Windfarm,
unmatched_osm,Dart Bridge Substation,
unmatched_osm,Dart Close Substation,
unmatched_osm,Dart Marina Substation,
unmatched_osm,Darthaven Substation,
unmatched_osm,Dartington Main Substation,
unmatched_osm,Dartmoor Prison Substation,
unmatched_osm,Dartmoor Road S/S,
unmatched_osm,Dartmouth CS School Substation,
unmatched_osm,Dartmouth Foods Beechwood Substation,
unmatched_osm,Dartmouth Golf Club Substation,
unmatched_osm,Dartmouth Potteries Substation,
unmatched_osm,Dartmouth Smokehouse Substation,
unmatched_osm,Dartmouth Substation,
unmatched_osm,Darts Shopping Village Substation,
unmatched_osm,Dartside Quay Substation,
unmatched_osm,Darwin Crescent Substation,
unmatched_osm,Daunton & Stevens Substation,
unmatched_osm,Davidstow Substation,
unmatched_osm,Dawes Creameries No 1 Substation,
unmatched_osm,Dawlish Business PaerkSubstation,
unmatched_osm,Dawlish Road Substation,
unmatched_osm,Dawlish Special School Substation,
unmatched_osm,Dawlish Street Substation,
unmatched_osm,Dawlish Substation,
unmatched_osm,Dawlish Warren Station Substation,
unmatched_osm,Dawlish Warren Substation,
unmatched_osm,Daymond Road Substation,
unmatched_osm,De Tracey Park Substation,
unmatched_osm,Dean Court Industrial Units Substation,
unmatched_osm,Dean Cross Substation,
unmatched_osm,Dean Terrace Substation,
unmatched_osm,Debenhams Substation,
unmatched_osm,Deeply Ground Solar Substation,
unmatched_osm,Deepway Lane Substation,
unmatched_osm,Deer Park Ivybrge Substation,
unmatched_osm,Deer Park Substation,
unmatched_osm,Delabole Station Substation,
unmatched_osm,Delabole Substation,
unmatched_osm,Delacombe Bridge Substation,
unmatched_osm,Deltor Communications Substation,
unmatched_osm,Den Brook Wind Farm Substation,
unmatched_osm,Den Road Substation,
unmatched_osm,Dennis Road Substation,
unmatched_osm,Denys Road Substation,
unmatched_osm,Denzell Downs Wind Farm Substation,
unmatched_osm,Derow Drive Substation,
unmatched_osm,Derriford Dis G HospSubstation,
unmatched_osm,Derriford Hospital Resid U Substation,
unmatched_osm,Derriford Research Facility Substation,
unmatched_osm,Derriford Science Pk Substation,
unmatched_osm,Derriton Fields Solar,
unmatched_osm,Derrys Cross Hotel Substation,
unmatched_osm,Devon Health Substation,
unmatched_osm,Devon Road Substation,
unmatched_osm,Devondale Camp Substation,
unmatched_osm,Devonport Enclave Substation,
unmatched_osm,Devonshire Meadows Industrial Units,
unmatched_osm,Devoran Substation,
unmatched_osm,Diddies Road Substation,
unmatched_osm,Didworthy House Substation,
unmatched_osm,Dilkusa Substation,
unmatched_osm,Dilland Turbine Substation,
unmatched_osm,Dilloways Substation,
unmatched_osm,Dinan Tower Substation,
unmatched_osm,Dinan Way Substation,
unmatched_osm,Dinder Farm Solar Park Substation,
unmatched_osm,Dinder Substation,
unmatched_osm,Dingle Road Plympton Substation,
unmatched_osm,Dingle Road Substation,
unmatched_osm,Dingles Substation,
unmatched_osm,Diskens Reach Substation,
unmatched_osm,Dittisham Walk Substation,
unmatched_osm,Dobles Ind Est Substation,
unmatched_osm,Dobles Ind Workshop Substation,
unmatched_osm,Dobles Industrial West Substation,
unmatched_osm,Dobles Square Substation,
unmatched_osm,Dock Lane,
unmatched_osm,Dolphin Court Road Substation,
unmatched_osm,Doneys Shop Substation,
unmatched_osm,Doniford Headworks Substation,
unmatched_osm,Donnington Drive Substation,
unmatched_osm,Dormy Avenue Substation,
unmatched_osm,Dorset Avenue Substation,
unmatched_osm,Douglass Drive Substation,
unmatched_osm,Douglass Road Substation,
unmatched_osm,Doverhay Place Substation,
unmatched_osm,Downderry Substation,
unmatched_osm,Downham Gardens Substation,
unmatched_osm,Downs Road Substation,
unmatched_osm,Drake Avenue Substation,
unmatched_osm,Drake Circus Landlords Substation,
unmatched_osm,Drake Circus North 1 Substation,
unmatched_osm,Drake Circus North Substation,
unmatched_osm,Drake Circus South No 1 Substation,
unmatched_osm,Drake Circus South No 2 Substation,
unmatched_osm,Drake House Substation,
unmatched_osm,Drake Motors Substation,
unmatched_osm,Drake Road Substation,
unmatched_osm,Drake's Island Substation,
unmatched_osm,Drakes Court Substation,
unmatched_osm,Draycott Terrace,
unmatched_osm,Drinnick Substation,
unmatched_osm,Duckaller Pump Stn Substation,
unmatched_osm,Dudley Road Substation,
unmatched_osm,Dulverton Church Substation,
unmatched_osm,Dulverton School Substation,
unmatched_osm,Dulverton Substation,
unmatched_osm,Duncombe Ave Substation,
unmatched_osm,Duncombe Park Substation,
unmatched_osm,Dunkeswell Substation,
unmatched_osm,Dunmore Court Substation,
unmatched_osm,Dunmore Substation,
unmatched_osm,Dunraven Drive West Substation,
unmatched_osm,Dunsford Close Substation,
unmatched_osm,Dunsford Hill Pumping Station Substation,
unmatched_osm,Dunsland Cross 33KV LV Supply Substation,
unmatched_osm,Dunsland Cross Wind Farm Substation,
unmatched_osm,Dunster Village Substation,
unmatched_osm,Dunstone Road 90 Substation,
unmatched_osm,Durnford Street Substation,
unmatched_osm,Dutson Road Estate Substation,
unmatched_osm,EMS Buildings Substation,
unmatched_osm,ESS,
unmatched_osm,EWT Trerulefoot Substation,
unmatched_osm,Eagle Road Substation,
unmatched_osm,Earls Acre Substation,
unmatched_osm,Earls Mill Road Substation,
unmatched_osm,Earlswood Drive Substation,
unmatched_osm,Easewell Farm Caravan Park Substation,
unmatched_osm,East Allington Substation,
unmatched_osm,East Brent Substation,
unmatched_osm,East Budleigh Substation,
unmatched_osm,East Cliff Substation,
unmatched_osm,East Langford 33kv Solar,
unmatched_osm,East Park Road Substation,
unmatched_osm,East Prawle Substation,
unmatched_osm,East Slapton Substation,
unmatched_osm,East St Substation,
unmatched_osm,East Stoke Substation,
unmatched_osm,East Street Substation,
unmatched_osm,East Way Lee Mill Substation,
unmatched_osm,East Yelland Substation,
unmatched_osm,East Youlstone 33kv WFarm,
unmatched_osm,Eastacombe Fm Solar,
unmatched_osm,Eastern Green Area 4,
unmatched_osm,Eastern Green Motel,
unmatched_osm,Eastern Town Close 7 Substation,
unmatched_osm,Eastern Wood Road South Substation,
unmatched_osm,Easton School Substation,
unmatched_osm,Ebrington Street Substation,
unmatched_osm,Ecosci Substation,
unmatched_osm,Eddystone Terrace Substation,
unmatched_osm,Edeswell Farm Holiday Park Substation,
unmatched_osm,Edgarley Substation,
unmatched_osm,Edinburgh StreetSubstation,
unmatched_osm,Edwards Crescent Substation,
unmatched_osm,Edwards Drive Substation,
unmatched_osm,Efford Fort Substation,
unmatched_osm,Efford Lane Substation,
unmatched_osm,Eggbuckland Substation,
unmatched_osm,Egloskerry Village Substation,
unmatched_osm,Elastollan Substation,
unmatched_osm,Elberry Farm Substation,
unmatched_osm,Elburton Reservoir Substation,
unmatched_osm,Elburton Road Substation,
unmatched_osm,Eldad Hill Substation,
unmatched_osm,Electricity substation,
unmatched_osm,Elford Crescent Substation,
unmatched_osm,ElfordLeigh Barns Substation,
unmatched_osm,Elim Tce Shelt Hsg Substation,
unmatched_osm,Elim Terrace Substation,
unmatched_osm,Eliot Drive Substation,
unmatched_osm,Ellerslie Substation,
unmatched_osm,Ellicombe Solar Farm Substation,
unmatched_osm,Elliots Gampton Substation,
unmatched_osm,Elliott Road Car Chargers Substation,
unmatched_osm,Elliott Road Substation,
unmatched_osm,Elm Grove Road Estate ubstation,
unmatched_osm,Elm Tree Estate Substation,
unmatched_osm,Elmfield No 1 Substation,
unmatched_osm,Elmfield No 2 Substation,
unmatched_osm,Elmgrove Road Substation,
unmatched_osm,Elmwood Park Substation,
unmatched_osm,Elwood Road Substation,
unmatched_osm,Embankment Road Substation,
unmatched_osm,Endsleigh Farm Shop Substation,
unmatched_osm,Endsleigh Garden Centre Substation,
unmatched_osm,Endsleigh Place Substation,
unmatched_osm,Endsleigh Road Substation,
unmatched_osm,Enfield Farm AD Plant Substation,
unmatched_osm,Engineer Road S/S,
unmatched_osm,Enterprise Business Park No1 Substation,
unmatched_osm,Enterprise Business Park No2 Substation,
unmatched_osm,Enterprise Plymouth Substation,
unmatched_osm,Erle Gardens Substation,
unmatched_osm,Erme Gardens Substation,
unmatched_osm,Erme Park Substation,
unmatched_osm,Ermington Substation,
unmatched_osm,Ernesettle B&S Substation,
unmatched_osm,Ernesettle Crescent Substation,
unmatched_osm,Ernesettle Lane STOR Substation,
unmatched_osm,Ernesettle Lane Solar FarmSubstation,
unmatched_osm,Ernesettle Lane Substation,
unmatched_osm,Ernesettle STW Substation,
unmatched_osm,Ernesettle Substation,
unmatched_osm,Esplanade Substation,
unmatched_osm,Esso Bitumen Plant Substation,
unmatched_osm,Estover Close Substation,
unmatched_osm,Estover Community College Substation,
unmatched_osm,Estover Ind Units Substation,
unmatched_osm,Estover Road Substation,
unmatched_osm,Eurobell Substation,
unmatched_osm,Eurotech Park Substation,
unmatched_osm,Evelyn Street Substation,
unmatched_osm,Evercreech Substation,
unmatched_osm,Evergreen Close Substation,
unmatched_osm,Exe Gardens Substation,
unmatched_osm,Exeter City Substation,
unmatched_osm,Exeter Golf Club Substation,
unmatched_osm,Exeter Main BSP Local Substation,
unmatched_osm,Exeter Rd Substation,
unmatched_osm,Exeter Road (Chards Yard) Substation,
unmatched_osm,Exeter Road Flats Substation,
unmatched_osm,Exeter Road Industrial UnitsSubstation,
unmatched_osm,Exeter Science Park Substation,
unmatched_osm,Exeter St Substation,
unmatched_osm,Exford Village Substation,
unmatched_osm,Exminster Substation,
unmatched_osm,Exmouth Substation,
unmatched_osm,Exmouth Works Local Substation,
unmatched_osm,Exmouth Works Substation,
unmatched_osm,Exonia Caravan Park Substation,
unmatched_osm,Exonia Lower Road Substation,
unmatched_osm,Exposition Centre Substation,
unmatched_osm,Exton Barton Estate Substation,
unmatched_osm,Exton East Substation,
unmatched_osm,FLAG Telecom,
unmatched_osm,Factory Tortube Substation,
unmatched_osm,Fairfax Road No 2 Substation,
unmatched_osm,Fairfax Road Substation,
unmatched_osm,Fairfield Estate Substation,
unmatched_osm,Fairfield Road Substation,
unmatched_osm,Fairholme,
unmatched_osm,Fairlands Way Substation,
unmatched_osm,Fairlight Substation,
unmatched_osm,Fairway Avenue South Substation,
unmatched_osm,Fairway Substation,
unmatched_osm,Fairy Lane Substation,
unmatched_osm,Falcon Terrace Substation,
unmatched_osm,Falmouth Bickland Hill Substation,
unmatched_osm,Falmouth Docks Substation,
unmatched_osm,Faraday Mill Substation,
unmatched_osm,Faraday Road East Substation,
unmatched_osm,Farringdon Cross Substation,
unmatched_osm,Farringdon House Substation,
unmatched_osm,Farringdon Road Substation,
unmatched_osm,Fatherford Industrial Estate Substation,
unmatched_osm,Faughan Lane,
unmatched_osm,Fawns Close Substation,
unmatched_osm,Fegan Road Substation,
unmatched_osm,Fern Meadow The Chas Substation,
unmatched_osm,Fern Park Substation,
unmatched_osm,Ferndale Road Substation,
unmatched_osm,Ferrers Road Substation,
unmatched_osm,Ferry Road Substation,
unmatched_osm,Filham Industrial Est. Substation,
unmatched_osm,Filham Park Substation,
unmatched_osm,Findon Gardens Substation,
unmatched_osm,Finewell Street Substation,
unmatched_osm,Fingle Glen Golf Hotel Substation,
unmatched_osm,Finns Shoe Factory,
unmatched_osm,Finnygook Inn Substation,
unmatched_osm,Fircroft Road Substation,
unmatched_osm,Fisguard Industrial Substation,
unmatched_osm,Fishermans Lodge,
unmatched_osm,Fishers Mead Substation,
unmatched_osm,Fishingclose Cross Substation,
unmatched_osm,Fishleigh Road Substation,
unmatched_osm,Fishweir Fields Substation,
unmatched_osm,Fitzpaine Avenue,
unmatched_osm,Fitzroy Court Substation,
unmatched_osm,Fitzroy Road Substation,
unmatched_osm,Flamborough Road Substation,
unmatched_osm,Flax Factory Substation,
unmatched_osm,Fleet Street Substation,
unmatched_osm,Flexbury Substation,
unmatched_osm,Floating Bridge Inn Substation,
unmatched_osm,Flora Close Substation,
unmatched_osm,Florence Rd Industrial Substation,
unmatched_osm,Flybe Hangers Substation,
unmatched_osm,Follaton House Substation,
unmatched_osm,Follaton Oak Substation,
unmatched_osm,Folly Bridge Substation,
unmatched_osm,Folly Hill Substation,
unmatched_osm,Folly Lane,
unmatched_osm,Ford Farm 33kV Solar Park,
unmatched_osm,Ford Park Road Substation,
unmatched_osm,Ford Park Substation,
unmatched_osm,Ford Second School Substation,
unmatched_osm,Ford Street Substation,
unmatched_osm,Ford Valley Substation,
unmatched_osm,Forder Fisheries Substation,
unmatched_osm,Forder Lane Substation,
unmatched_osm,Fordton Mill Substation,
unmatched_osm,Fore Street,
unmatched_osm,Fore Street Callington Substation,
unmatched_osm,Fore Street Camelford Substation,
unmatched_osm,Fore Street Cornwood Substation,
unmatched_osm,Fore Street Delabole Substation,
unmatched_osm,Fore Street Flats Substation,
unmatched_osm,Fore Street Grampound Substation,
unmatched_osm,Fore Street Pensilva Substation,
unmatched_osm,Fore Street Plympton Substation,
unmatched_osm,Fore Street St Just,
unmatched_osm,Fore Street Substation,
unmatched_osm,Fore Street TX2 Substation,
unmatched_osm,Fore Street Topsham Substation,
unmatched_osm,Fore road Sub,
unmatched_osm,Foresters Road 28 Substation,
unmatched_osm,Forestmoor Windfarm,
unmatched_osm,Fort Staddon Substation,
unmatched_osm,Fortescue Road Substation,
unmatched_osm,Forthglade Substation,
unmatched_osm,Fosters Lane Substation,
unmatched_osm,Foulston Ave East Substation,
unmatched_osm,Four Burrows Blackdown Substation,
unmatched_osm,Four Burrows Windfarm Substation,
unmatched_osm,Four Oaks Road Substation,
unmatched_osm,Fourburrows Pendown,
unmatched_osm,Fourgates Estate Substation,
unmatched_osm,Fourway Print Pennygillam Substation,
unmatched_osm,Fowley Manor Substation,
unmatched_osm,Fox Close Substation,
unmatched_osm,Foxcombe 33kV Solar Park,
unmatched_osm,Foxfield Close No 2 Substation,
unmatched_osm,Foxfield Close Substation,
unmatched_osm,Foxhills Substation,
unmatched_osm,Foxholes Substation,
unmatched_osm,Foxwitchen Pole Transformer,
unmatched_osm,Fraddon Substation,
unmatched_osm,Francis Court Farm Substation,
unmatched_osm,Fraser Road Substation,
unmatched_osm,Fratton Substation,
unmatched_osm,Freathy Huts Substation,
unmatched_osm,Freathy Solar Substation,
unmatched_osm,Freezewest Substation,
unmatched_osm,Fremington Local Substation,
unmatched_osm,Fremington Sewage Substation,
unmatched_osm,Fremington Substation,
unmatched_osm,Fremington Village Substation,
unmatched_osm,Frensham Avenue Substation,
unmatched_osm,Freshwater Caravans Substation,
unmatched_osm,Freshwater Quarry Substation,
unmatched_osm,Freshwater Toilets Substation,
unmatched_osm,Friary Park Substation,
unmatched_osm,Frog Street Substation,
unmatched_osm,Frogmary Green AD Substation,
unmatched_osm,Frogmore Bridge Substation,
unmatched_osm,Frome Avenue,
unmatched_osm,Fry Street Substation,
unmatched_osm,Frys Hill Radio Station,
unmatched_osm,Fullabrook Wind Farm Substation,
unmatched_osm,Furland Close Substation,
unmatched_osm,Furland Road Substation,
unmatched_osm,Furlong Close Substation,
unmatched_osm,Furneaux Road Substation,
unmatched_osm,Furze Park Substation,
unmatched_osm,Furzedown Axtown Substation,
unmatched_osm,Furzeham Substation,
unmatched_osm,Furzehatt Road Substation,
unmatched_osm,Furzehill Road Substation,
unmatched_osm,Furzeland Substation,
unmatched_osm,Furzy House Substation,
unmatched_osm,Future World Plympton Substation,
unmatched_osm,GPR Kastner Valley Road Substation,
unmatched_osm,GTC Plymstock Quarry 1 Substation,
unmatched_osm,GTC Plymstock Quarry 2 Substation,
unmatched_osm,Gabriel Mwave System Substation,
unmatched_osm,Galpin Street Substation,
unmatched_osm,Galsworthy Wind Farm Substation,
unmatched_osm,Ganges Road Substation,
unmatched_osm,Garg Rock Substation,
unmatched_osm,Garlenick Wind Farm Substation,
unmatched_osm,Garlic Rea Substation,
unmatched_osm,Garvinack Farm 33kv Solar,
unmatched_osm,Gashouse Lane Cinema Substation,
unmatched_osm,Gashouse Lane No 1 Substation,
unmatched_osm,Gashouse Lane No 2 Substation,
unmatched_osm,Gasking Street Substation,
unmatched_osm,Gate House Hill Substation,
unmatched_osm,Gateway Substation,
unmatched_osm,Gearns Wind Turbine Substation,
unmatched_osm,Geevor Mill,
unmatched_osm,Geevor Mine,
unmatched_osm,Geevor Substation,
unmatched_osm,Geocel Ltd Substation,
unmatched_osm,George Hotel Plympton Substation,
unmatched_osm,George Place Substation,
unmatched_osm,George Smith Way Substation,
unmatched_osm,Georgeham Substation,
unmatched_osm,Gerrards Green North Substation,
unmatched_osm,Gerrards Green Substation,
unmatched_osm,Giblands Substation,
unmatched_osm,Gifford Place 2 Substation,
unmatched_osm,Gilwell Street Substation,
unmatched_osm,Ginster PennygillamSubstation,
unmatched_osm,Gipsy Lane Substation,
unmatched_osm,Girling & Bowditch Substation,
unmatched_osm,Gissons Substation,
unmatched_osm,Glampton Farm Estate Substation,
unmatched_osm,Glampton Substation,
unmatched_osm,Glanville Terrace Substation,
unmatched_osm,Glass House Lane Substation,
unmatched_osm,Glebe Avenue Substation,
unmatched_osm,Glebe Meadow Substation,
unmatched_osm,Glebelands No 1 Substation,
unmatched_osm,Glebelands Substation,
unmatched_osm,Gleblands Court South Petherton Substation,
unmatched_osm,Glen Lyn Generator Substation,
unmatched_osm,Glen Park Substation,
unmatched_osm,Glenavon Road Substation,
unmatched_osm,Glenavon Substation,
unmatched_osm,Glendowner Road Substation,
unmatched_osm,Glenfield Road Substation,
unmatched_osm,Glenfield WaySubstation,
unmatched_osm,Glenmore Road Flats Substation,
unmatched_osm,Globefield Substation,
unmatched_osm,Gloucester Road Substation,
unmatched_osm,Glynn Road,
unmatched_osm,Goad Avenue Substation,
unmatched_osm,Godolphin Close Substation,
unmatched_osm,Godolphin Hotel,
unmatched_osm,Golden Hill Substation,
unmatched_osm,Golden Hind,
unmatched_osm,Golitha Rise Substation,
unmatched_osm,Goodwin Ave Substation,
unmatched_osm,Goonhilly Solar Park Substation,
unmatched_osm,Goonhilly Wind Farm Substation,
unmatched_osm,Goonwartha Road Substation,
unmatched_osm,Gore Cross Substation,
unmatched_osm,Gorge Cheddar Substation,
unmatched_osm,Gorran Haven Beach,
unmatched_osm,Gorse Way Substation,
unmatched_osm,Gorway Cross Substation,
unmatched_osm,Gorway Estate Substation,
unmatched_osm,Goschen Centre Substation,
unmatched_osm,Gouldsbrook Terrace Substation,
unmatched_osm,Gover Park 33kV Solar Park,
unmatched_osm,Government Training Centre Substation,
unmatched_osm,Gower RidgeSubstation,
unmatched_osm,Grammar School Substation,
unmatched_osm,Granada Services Substation,
unmatched_osm,Grange Avenue Substation,
unmatched_osm,Grange Farm 33kV Solar Pk,
unmatched_osm,Grange Park No.1 Substation,
unmatched_osm,Gransden The Down Substation,
unmatched_osm,Grass Drying Plant Substation,
unmatched_osm,Grass Drying Substation,
unmatched_osm,Gratton Cross Substation,
unmatched_osm,Gratton Way Substation,
unmatched_osm,Great Court Farm Substation,
unmatched_osm,Great Field Substation,
unmatched_osm,Great Houndbeare Solar Park,
unmatched_osm,Great Knowle Solar Farm Substation,
unmatched_osm,Great Orchard Substation,
unmatched_osm,Great Palstone Substation,
unmatched_osm,Great Torrington West Substation,
unmatched_osm,Great Tree Holiday Camp Substation,
unmatched_osm,Great Woodcote Park Substation,
unmatched_osm,Green Acre Substation,
unmatched_osm,Green Clsoe School Substation,
unmatched_osm,Green Lane Lelant,
unmatched_osm,Green Park Road Substation,
unmatched_osm,Green Parkway Substation,
unmatched_osm,Greenacres Substation,
unmatched_osm,Greenaway Industrial Substation,
unmatched_osm,Greenbank Avenue Substation,
unmatched_osm,Greenbank Medical Centre Substation,
unmatched_osm,Greenbank Road Substation,
unmatched_osm,Greenbank Supermarket Substation,
unmatched_osm,Greenfield Drive Substation,
unmatched_osm,Greenfield Substation,
unmatched_osm,Greenhill Close Substation,
unmatched_osm,Greenhill House Substation,
unmatched_osm,Greenmarket,
unmatched_osm,Greenpark Road Substation,
unmatched_osm,Greenway Farm Substation,
unmatched_osm,Greenway Road Substation,
unmatched_osm,Greenway Substation,
unmatched_osm,Greenwood Park Rd. 1 Substation,
unmatched_osm,Gregory Transport Substation,
unmatched_osm,Grenville Avenue Substation,
unmatched_osm,Grey Barn Substation,
unmatched_osm,Greystoke Avenue Substation,
unmatched_osm,Grizedale Road Substation,
unmatched_osm,Grosvenor Casino Substation,
unmatched_osm,Gtc Barton Way Substation,
unmatched_osm,Gtc Little Cotton Road Substation,
unmatched_osm,Guard Room Mt Batten Substation,
unmatched_osm,Gubbins Lane Substation,
unmatched_osm,Guildhall St Ives,
unmatched_osm,Guildhall Substation,
unmatched_osm,Gulval,
unmatched_osm,Gulval Mead Makers,
unmatched_osm,Gunnislake Substation,
unmatched_osm,Gussiford Lane Substation,
unmatched_osm,Gwavas,
unmatched_osm,Gwavas Works,
unmatched_osm,Gwelmeneth Park Estate Substation,
unmatched_osm,Gwyn Road Substation,
unmatched_osm,Gwynntor Substation,
unmatched_osm,Gypsy Lane Substation,
unmatched_osm,HMS Raleigh Substation,
unmatched_osm,HV Intake Broadway Caravan ParkSubstation,
unmatched_osm,Habitat Substation,
unmatched_osm,Haddington Road Substation,
unmatched_osm,Hain Walk,
unmatched_osm,Haldon Drive Substation,
unmatched_osm,Haldon Garage Substation,
unmatched_osm,Haldon Steeplechase Substation,
unmatched_osm,Haldon View Substation,
unmatched_osm,Haldson Avenue Substation,
unmatched_osm,Half Moon Substation,
unmatched_osm,Hall Lane Substation,
unmatched_osm,Hallerton Close Substation,
unmatched_osm,Hallet Metals Substation,
unmatched_osm,Halscombe Substation,
unmatched_osm,Halsdown House Substation,
unmatched_osm,Halse 33kv Solar Farm,
unmatched_osm,Ham Drive Learning Centre Substation,
unmatched_osm,Hamilton Road Substation,
unmatched_osm,Hamledown Road Substation,
unmatched_osm,Hamlin Gardens Electricity Substation,
unmatched_osm,Hangar Substation,
unmatched_osm,Hannafore Looe Substation,
unmatched_osm,Hanover Flats Substation,
unmatched_osm,Harbertonford Substation,
unmatched_osm,Harbour Avenue Substation,
unmatched_osm,Harewood House Substation,
unmatched_osm,Harlequin Bowling Substation,
unmatched_osm,Harpers Homemix Substation,
unmatched_osm,Harston Road Substation,
unmatched_osm,Hartland Cross Industrial Substation,
unmatched_osm,Hartland East Substation,
unmatched_osm,Hartland Pt Radar Stn Substation,
unmatched_osm,Hartland Vicarage Substation,
unmatched_osm,Hartland View Solar Substation,
unmatched_osm,Hartley Avenue Substation,
unmatched_osm,Hartley Reservoir Substation,
unmatched_osm,Hartwell Avenue Substation,
unmatched_osm,Harvey Street Substation,
unmatched_osm,Hatches Green Substation,
unmatched_osm,Hatchlands Farm 33kV Solar,
unmatched_osm,Hatherleigh Abbatoir Substation,
unmatched_osm,Hatherleigh Substation,
unmatched_osm,Haul Waste Generation No 2 Substation,
unmatched_osm,Haven Road,
unmatched_osm,Hawkers Fm 33kv Solar Park,
unmatched_osm,Hawkmoor Substation,
unmatched_osm,Hawksground Substation,
unmatched_osm,Hawson Court Substation,
unmatched_osm,Hawthorn Park Road Substation,
unmatched_osm,Hawthorn Road Substation,
unmatched_osm,Haydon Gate Substation,
unmatched_osm,Haye Close Substation,
unmatched_osm,Haye Lane Solar Park Substation,
unmatched_osm,Haye Road Golf Range Substation,
unmatched_osm,Hayes End Substation,
unmatched_osm,Hayle Substation,
unmatched_osm,Haytor Drive Substation,
unmatched_osm,Hazard Farm 33kV Solar Pk,
unmatched_osm,Hazel Grove Substation,
unmatched_osm,Hazeldene Lee Mill Substation,
unmatched_osm,Hazeledene Gardens Substation,
unmatched_osm,Hazelwood Estate Substation,
unmatched_osm,Head Post Office Substation,
unmatched_osm,Headland Park Rd 1 & 2 Substation,
unmatched_osm,Headland View Substation,
unmatched_osm,Headon Down Switch House Substation,
unmatched_osm,Headquarters Road WWTE,
unmatched_osm,Health Centre Substation,
unmatched_osm,Heamoor Kiosk,
unmatched_osm,Heath Road Substation,
unmatched_osm,Heathcote 18 S/S,
unmatched_osm,Heathfield Landfill Substation,
unmatched_osm,Heathfield Sewage Works Substation,
unmatched_osm,Heavitree Substation,
unmatched_osm,Hele Bay Holiday park Substation,
unmatched_osm,Hele Lane Substation,
unmatched_osm,Hele Manor Estate Substation,
unmatched_osm,Helena Road Substation,
unmatched_osm,Hellerman Tyton Substation,
unmatched_osm,Helmers Meadow Substation,
unmatched_osm,Heltor Ltd Substation,
unmatched_osm,Hembury Park Substation,
unmatched_osm,Hemerdon Mine Substation,
unmatched_osm,Hemyock Substation,
unmatched_osm,Hendra Hotel,
unmatched_osm,Henley Road Substation,
unmatched_osm,Heritage Way Substation,
unmatched_osm,Hermitage Road Substation,
unmatched_osm,Hermosa Road Substation,
unmatched_osm,Hessary Tor Substation,
unmatched_osm,Hewas Solar Farm Substation,
unmatched_osm,Hexton Quarry Substation,
unmatched_osm,Heywood Paving Substation,
unmatched_osm,Hickory Drive Embedded Network Substation,
unmatched_osm,High Brae Substation,
unmatched_osm,High Down Wind Turbine Substation,
unmatched_osm,High Meadows Substation,
unmatched_osm,High St Substation,
unmatched_osm,High Street Substation,
unmatched_osm,High Street Wool,
unmatched_osm,Highcliff Substation,
unmatched_osm,Highcliffe Substation,
unmatched_osm,Higher Berechapel Farm ADP,
unmatched_osm,Higher Broadpark Substation,
unmatched_osm,Higher Buckeridge Road Substation,
unmatched_osm,Higher Bye Farm 33kV Solar,
unmatched_osm,Higher Contour Road Substation,
unmatched_osm,Higher Cornwall Street Car Park Substation,
unmatched_osm,Higher Gews Close,
unmatched_osm,Higher Gorse Road Substation,
unmatched_osm,Higher Holcombe Road Substation,
unmatched_osm,Higher Langage Substation,
unmatched_osm,Higher Manor Farm Substation,
unmatched_osm,Higher Nancealverne,
unmatched_osm,Higher Park Road Substation,
unmatched_osm,Higher Park Substation,
unmatched_osm,Higher Road Substation,
unmatched_osm,Higher Sea Lane Substation,
unmatched_osm,Higher Stockbridge Solar Farm,
unmatched_osm,Higher Tors Substation,
unmatched_osm,Higher Tregarne Solar Farm Substation,
unmatched_osm,Higher Trevartha Solar Fm,
unmatched_osm,Higher Woodway Substation,
unmatched_osm,Highertown Park Substation,
unmatched_osm,Highfield Drive Substation,
unmatched_osm,Highfield Park Estate Substation,
unmatched_osm,Highglen Drive Substation,
unmatched_osm,Highgrove Park Substation,
unmatched_osm,Highland Terrace Substation,
unmatched_osm,Highlands Caravan Substation,
unmatched_osm,Hilhead Caravan Park Substation,
unmatched_osm,Hill View Road Substation,
unmatched_osm,Hillbarton Business Park Substation,
unmatched_osm,Hilldale Road Substation,
unmatched_osm,Hillfield Holiday Camp Substation,
unmatched_osm,Hillhead Substation,
unmatched_osm,Hillsborough Road Substation,
unmatched_osm,Hillside Ave MSN Substation,
unmatched_osm,Hillside Road,
unmatched_osm,Hillsmoor Ind ParkSubstation,
unmatched_osm,Hillsmoor Sewage Substation,
unmatched_osm,Hillsmoor Solar Farm Substation,
unmatched_osm,Hilltop Crest Substation,
unmatched_osm,Hilton Wood Park Substation,
unmatched_osm,Hinetown Substation,
unmatched_osm,Hingston Down Quarry Substation,
unmatched_osm,Hinkley Point A Substation,
unmatched_osm,Hogshill Substation,
unmatched_osm,Hogsmead Substation,
unmatched_osm,Holbeton Square Substation,
unmatched_osm,Holborn Place Substation,
unmatched_osm,Holcombe Drive Substation,
unmatched_osm,Holcombe Substation,
unmatched_osm,Holdsworthy Biogas Substation,
unmatched_osm,Holdswothy Agri Business Park Substation,
unmatched_osm,Hole Farm Turbine Substation,
unmatched_osm,Holford Switching Station,
unmatched_osm,Holiday Inn Substation,
unmatched_osm,Holiday Inn Victoria,
unmatched_osm,Hollam Park Substation,
unmatched_osm,Holland Ball Substation,
unmatched_osm,Holland Road Langage Substation,
unmatched_osm,Holland Road Substation,
unmatched_osm,Holland Street Substation,
unmatched_osm,Hollicombe Substation,
unmatched_osm,Hollies Road St Stephens Substation,
unmatched_osm,Holly Park Drive 26 Substation,
unmatched_osm,Holly Park Substation,
unmatched_osm,Hollycroft Road Substation,
unmatched_osm,Hollymount Close Substation,
unmatched_osm,Holmlea Substation,
unmatched_osm,Holmsleigh Substation,
unmatched_osm,Holtwood Road Substation,
unmatched_osm,Holwell Lane Substation,
unmatched_osm,Home Farm Est Substation,
unmatched_osm,Home Meadow Substation,
unmatched_osm,Home Park Substation,
unmatched_osm,Home Sweet Home Terrace Substation,
unmatched_osm,Homelea Holiday Camp SwitchingSubstation,
unmatched_osm,Homers Close Substation,
unmatched_osm,Honeywell Fm Substation,
unmatched_osm,Honicombe Estate Substation,
unmatched_osm,Honicombe Manor Substation,
unmatched_osm,Honiton Heathfield Substation,
unmatched_osm,Hooe Hill Substation,
unmatched_osm,Hooe Lake Quarry Substation,
unmatched_osm,Hooe Manor Substation,
unmatched_osm,Hooe Substation,
unmatched_osm,Hopcott Road Substation,
unmatched_osm,Hope 33kV Solar Park,
unmatched_osm,Hope Cove Substation,
unmatched_osm,Hope and Anchor Substation,
unmatched_osm,Hopperstyle Substation,
unmatched_osm,Hopsfield,
unmatched_osm,Horlicks Substation,
unmatched_osm,Horn Cross Rd Substation,
unmatched_osm,Horn Lane Substation,
unmatched_osm,Horn Park Quarry Substation,
unmatched_osm,Hornapark Substation,
unmatched_osm,Hornchurch Road Substation,
unmatched_osm,Horne Road Substation,
unmatched_osm,Horns Park Substation,
unmatched_osm,Horsacott Solar Park Substation,
unmatched_osm,Horse Lane Substation,
unmatched_osm,Hoskins Court Substation,
unmatched_osm,Hospital Road Substation,
unmatched_osm,Hospital Substation,
unmatched_osm,Hotel Substation,
unmatched_osm,Houndiscombe Rd No 2Substation,
unmatched_osm,Houndiscombe Road,
unmatched_osm,Houndiscombe Road No 1 Substation,
unmatched_osm,Houndstone Married Quarters Substation,
unmatched_osm,Houndstone Moore Products Substation,
unmatched_osm,Houndstone Retail Park Substation,
unmatched_osm,Howard Close Substation,
unmatched_osm,Howton Farm 33kv Solar Pk,
unmatched_osm,Hughes Estate Substation,
unmatched_osm,Hunters Court Substation,
unmatched_osm,Hunters Moon Substation,
unmatched_osm,Huntley Substation,
unmatched_osm,Huntworth Generator,
unmatched_osm,Hurcott 33kv Solar Park,
unmatched_osm,Hurcott Regulator,
unmatched_osm,Hurdon Road Substation,
unmatched_osm,Hurst Close Substation,
unmatched_osm,Hut 65 Substation,
unmatched_osm,Hutchings Way Substation,
unmatched_osm,Huxhams Cross Substation,
unmatched_osm,Hyde Park House Substation,
unmatched_osm,Hyde Park Substation,
unmatched_osm,Hymec Substation,
unmatched_osm,Hythe Wood Substation,
unmatched_osm,IBA Transmitter Substation,
unmatched_osm,IBL Ballscrew Substation,
unmatched_osm,IPC Newspapers Substation,
unmatched_osm,ITA Caradon Substation,
unmatched_osm,Ice Factory Substation,
unmatched_osm,Ice Works Padstow,
unmatched_osm,Icy Park Substation,
unmatched_osm,Ilbert Road Substation,
unmatched_osm,Ilfracombe Academy Substation,
unmatched_osm,Ilfracombe Harbour Substation,
unmatched_osm,Ilfracombe Substation,
unmatched_osm,Illawong Substation,
unmatched_osm,Imperial Rd Car Park Substation,
unmatched_osm,Ince Castle Substation,
unmatched_osm,Inchkeith Road Substation,
unmatched_osm,Industrial Estate Substation,
unmatched_osm,Industrial Units Dinan Way Substation,
unmatched_osm,Infants School St Ives,
unmatched_osm,Inner Hope Substation,
unmatched_osm,Inns Park Substation,
unmatched_osm,Instow Back Road Substation,
unmatched_osm,Insworke Estate Substation,
unmatched_osm,Insworke Pumping Sta Substation,
unmatched_osm,Interfish Substation,
unmatched_osm,Inverdene Substation,
unmatched_osm,Investacast Substation,
unmatched_osm,Ipplepen Substation,
unmatched_osm,Ipswich Close Substation,
unmatched_osm,Iron Mine Lane Substation,
unmatched_osm,Isca Road Substation,
unmatched_osm,Island View Substation,
unmatched_osm,Ivatt Road Substation,
unmatched_osm,Ivelway Substation,
unmatched_osm,Ivy Lane Substation,
unmatched_osm,Ivybridge Comprehensive School Substation,
unmatched_osm,Ivybridge Substation,
unmatched_osm,Ivydale Substation,
unmatched_osm,Ivyleaf Turbine Substation,
unmatched_osm,JDS Bush ParkSubstation,
unmatched_osm,Jacks Way Substation,
unmatched_osm,Jackson Close Substation,
unmatched_osm,James Street Substation,
unmatched_osm,Jarvis Close Substation,
unmatched_osm,Jawbones Hill Substation,
unmatched_osm,Jedburgh Crescent Substation,
unmatched_osm,Jefferys Substation,
unmatched_osm,Jennings Street,
unmatched_osm,Jetwells Substation,
unmatched_osm,Jinkin Avenue Substation,
unmatched_osm,Jogglers Hill Substation,
unmatched_osm,John Nash Drive Substation,
unmatched_osm,John Street Substation,
unmatched_osm,Johnson Close Substation,
unmatched_osm,Johnson Terrace Substation,
unmatched_osm,Jordan Street Substation,
unmatched_osm,Jubilee Pool,
unmatched_osm,Jubilee Substation,
unmatched_osm,Julian Road Substation,
unmatched_osm,Jupiter Point Substation,
unmatched_osm,Jury Road Substation,
unmatched_osm,Jurys Bilbury St Substation,
unmatched_osm,Kelly Close 1 Substation,
unmatched_osm,Kelly Close 39 Substation,
unmatched_osm,Kelly Close 53 Substation,
unmatched_osm,Kelly College Substation,
unmatched_osm,Kellybray Housing Substation,
unmatched_osm,Kelvin Avenue Substation,
unmatched_osm,Kenbury Crescent Substation,
unmatched_osm,Kenidjack,
unmatched_osm,Kenley Gdns Substation,
unmatched_osm,Kenmare Drive Substation,
unmatched_osm,Kenn Close Substation,
unmatched_osm,Kennards House Wind Turbine Substation,
unmatched_osm,Kennford Towells Substation,
unmatched_osm,Kennford Village Hall Substation,
unmatched_osm,Kent Road Substation,
unmatched_osm,Kenton Substation,
unmatched_osm,Kenwin Close Substation,
unmatched_osm,Keppel Place Substation,
unmatched_osm,Kernock Park Substation,
unmatched_osm,Kernow Close Substation,
unmatched_osm,Kerriers 33kV Solar Park,
unmatched_osm,Kestrel Ind Estate Substation,
unmatched_osm,Keswick Crescent Substation,
unmatched_osm,Keveral Road Substation,
unmatched_osm,Kew Pendra,
unmatched_osm,Keyham Gas Works Substation,
unmatched_osm,Keyham Station Substation,
unmatched_osm,Kilbury Paper Mills Substation,
unmatched_osm,Kilkhampton North,
unmatched_osm,Kilkhampton North Substation,
unmatched_osm,Kilkhampton South Substation,
unmatched_osm,Killigarth Estate Substation,
unmatched_osm,Kiln Lane Substation,
unmatched_osm,Kiln Road Sewage Pumping Station Substation,
unmatched_osm,King Charles Business Park Substation,
unmatched_osm,King Edward Road Substation,
unmatched_osm,King Point Marina Substation,
unmatched_osm,Kingdom Hall Ernesettle Lane Substation,
unmatched_osm,Kings Close Substation,
unmatched_osm,Kings Hill Ind East Substation,
unmatched_osm,Kings Hill Ind Est Substation,
unmatched_osm,Kings Hill Industrial Est No 2 Substation,
unmatched_osm,Kings Hill Substation,
unmatched_osm,Kings Ransom,
unmatched_osm,Kings Yard Substation,
unmatched_osm,Kings tamerton Reservoir Substation,
unmatched_osm,Kingsbridge Grammar SchoolSubstation,
unmatched_osm,Kingsbridge Substation,
unmatched_osm,Kingsbury Episcopi Central Substation,
unmatched_osm,Kingsland Barton Solar Park Substation,
unmatched_osm,Kingsland Substation,
unmatched_osm,Kingsley Avenue Substation,
unmatched_osm,Kingsmead School Substation,
unmatched_osm,Kingsteignton Main Substation,
unmatched_osm,Kingston Village Substation,
unmatched_osm,Kingsway Flats Substation,
unmatched_osm,Kingsway Park Substation,
unmatched_osm,Kingsway Substation,
unmatched_osm,Kingswear Square Substation,
unmatched_osm,Kingswood Road Substation,
unmatched_osm,Kinnaird Crescent Substation,
unmatched_osm,Kinsmans Dale Substation,
unmatched_osm,Kinterbury Road Substation,
unmatched_osm,Kirkstall Close Substation,
unmatched_osm,Kit Hill Crescent Substation,
unmatched_osm,Kit Hill Substation,
unmatched_osm,Kitley House Substation,
unmatched_osm,Kitter Drive Substation,
unmatched_osm,Knapp House Substation,
unmatched_osm,Knapps Close Substation,
unmatched_osm,Kneele Gardens,
unmatched_osm,Knighton Rd Substation,
unmatched_osm,Knightstone Close Substation,
unmatched_osm,Knightstone Rise Substation,
unmatched_osm,Knockworthy Farm Solar Pk,
unmatched_osm,Knowle House Substation,
unmatched_osm,Knowle Lane Substation,
unmatched_osm,Knowle Road Substation,
unmatched_osm,Knowle Substation,
unmatched_osm,Kyance Carn Goon Substation,
unmatched_osm,Kynance Cove Substation,
unmatched_osm,Labrador Bay Substation,
unmatched_osm,Lackington Farm Substation,
unmatched_osm,Lady Street Substation,
unmatched_osm,Ladys Mile Substation,
unmatched_osm,Lafrowda Fields,
unmatched_osm,Lagoon View Substation,
unmatched_osm,Laira Diesel Depot Substation,
unmatched_osm,Laira Park Place Substation,
unmatched_osm,Laity Lane Hol Centre,
unmatched_osm,Lake Lane Substation,
unmatched_osm,Lake Road Substation,
unmatched_osm,Lakefields Substation,
unmatched_osm,Lakes Road Substation,
unmatched_osm,Lalebrick Road Substation,
unmatched_osm,Lambhay Substation,
unmatched_osm,Lamellion Hospital Substation,
unmatched_osm,Lamorna,
unmatched_osm,Lamorna Cove,
unmatched_osm,Lampton Close,
unmatched_osm,Lancaster Gardens Substation,
unmatched_osm,Lanchard Green Substation,
unmatched_osm,Lanchard Substation,
unmatched_osm,Land Registry Derriford Substation,
unmatched_osm,Land Registry Substation,
unmatched_osm,Landaviddy Substation,
unmatched_osm,Landkey Chapel Substation,
unmatched_osm,Landrake Lane Substation,
unmatched_osm,Landrake School Substation,
unmatched_osm,Lands End,
unmatched_osm,Lands End A,
unmatched_osm,Lands End B,
unmatched_osm,Landscove Substation,
unmatched_osm,Landulph SGP 132KV Switching Station Substation,
unmatched_osm,Lane End Camelford Substation,
unmatched_osm,Laneast Substation,
unmatched_osm,Langage Energy Centre,
unmatched_osm,Langage Farm Lee Mill Substation,
unmatched_osm,Langage Gas Generator Substation,
unmatched_osm,Langage Solar ParkSubstation,
unmatched_osm,Langdale Close 34 Substation,
unmatched_osm,Langdale Gardens Substation,
unmatched_osm,Langdon Hospital Substation,
unmatched_osm,Langdon Lane Substation,
unmatched_osm,Langerstone Substation,
unmatched_osm,Langfords Meadow Substation,
unmatched_osm,Langhill Road Substation,
unmatched_osm,Langleigh Park Substation,
unmatched_osm,Langleigh Road Substation,
unmatched_osm,Langmead Close Substation,
unmatched_osm,Langstone Cliff Hotel Substation,
unmatched_osm,Langunnett Farm Solar Pk,
unmatched_osm,Langweath,
unmatched_osm,Lanhydrock Road Substation,
unmatched_osm,Lanner Substation,
unmatched_osm,Lanreath Substation,
unmatched_osm,Lanstephan Care Home Substation,
unmatched_osm,Lanteglos Villas Substation,
unmatched_osm,Lapford Substation,
unmatched_osm,Larcombe Farm Substation,
unmatched_osm,Laregan Hill,
unmatched_osm,Larkfield Caravan Park Substation,
unmatched_osm,Larkham Lane Substation,
unmatched_osm,Larkstone Lane STW Substation,
unmatched_osm,Larrigan Estate,
unmatched_osm,Latchley Substation,
unmatched_osm,Latimer Trend Substation,
unmatched_osm,Latitude Wills No 1 Substation,
unmatched_osm,Launceston Sewage Treatment Works Substation,
unmatched_osm,Launceston Tesco Substation,
unmatched_osm,Launder Lane Substation,
unmatched_osm,Laundry & CWLL Frms,
unmatched_osm,Laurel Farm Est Substation,
unmatched_osm,Laurel Park Substation,
unmatched_osm,Lawes Bridge Substation,
unmatched_osm,Lawson Close Substation,
unmatched_osm,Laywell Brixham Substation,
unmatched_osm,Leadengate Estate Substation,
unmatched_osm,Leadstone Substation,
unmatched_osm,Leaside Substation,
unmatched_osm,Lee Mill 3663 Substation,
unmatched_osm,Lee Mill Bridge Substation,
unmatched_osm,Leechwell Street Substation,
unmatched_osm,Leeham S.W.W.A. Substation,
unmatched_osm,Leigham Manor Sewage Substation,
unmatched_osm,Leigham Manor Substation,
unmatched_osm,Leigham Street Substation,
unmatched_osm,Leisure Centre Substation,
unmatched_osm,Leisure Pool Substation,
unmatched_osm,Leivesleys Garage New Substation,
unmatched_osm,Lelant Hotel,
unmatched_osm,Lelant Manor,
unmatched_osm,Lelant Wharf,
unmatched_osm,Lemarne Substation,
unmatched_osm,Lescudjack Hill,
unmatched_osm,Lescudjack School,
unmatched_osm,Levant Engine House,
unmatched_osm,Level (3) Communications Substation,
unmatched_osm,Lewannick Estate Substation,
unmatched_osm,Lewannick Hall Substation,
unmatched_osm,Lewesdon Close Substation,
unmatched_osm,Lewmoor Farm Substation,
unmatched_osm,Leypark Walk Substation,
unmatched_osm,Libra Lane Substation,
unmatched_osm,Liddimore Married QuartersSubstation,
unmatched_osm,Liddymore Road Substation,
unmatched_osm,Lidl Bude Substation,
unmatched_osm,Lidl Foodstore Substation,
unmatched_osm,Lidl Penzance Promenade Road,
unmatched_osm,Lidls Dartmouth Substation,
unmatched_osm,Lifton Cottage Substation,
unmatched_osm,Lifton Primary School Substation,
unmatched_osm,Lifton Pumping Station Substation,
unmatched_osm,Lifton Substation,
unmatched_osm,Lime Grove Substation,
unmatched_osm,Limehayes Road Substation,
unmatched_osm,Limerick Place Substation,
unmatched_osm,Linden Close Substation,
unmatched_osm,Linden Road Substation,
unmatched_osm,Lindridge Park Substation,
unmatched_osm,Linhey Close Substation,
unmatched_osm,Linketty Lane Local Substation,
unmatched_osm,Linketty Lane Substation,
unmatched_osm,Links Hotel Substation,
unmatched_osm,Linton Close Substation,
unmatched_osm,Lipson Hill Substation,
unmatched_osm,Lipson Road Substation,
unmatched_osm,Lipson Vale School Substation,
unmatched_osm,Liptons Supermarket Substation,
unmatched_osm,Liskeard Community Hospital Substation,
unmatched_osm,Liskeard Engineering Substation,
unmatched_osm,Liskeard Road Substation,
unmatched_osm,Liskeard Safeway Substation,
unmatched_osm,Liskeard School Substation,
unmatched_osm,Liskeard Substation,
unmatched_osm,Liskerrett Road Substation,
unmatched_osm,Lister Close Substation,
unmatched_osm,Lister Way East Allington Substation,
unmatched_osm,Little Blagdon Substation,
unmatched_osm,Little Dock Lane Substation,
unmatched_osm,Little Fancy Substation,
unmatched_osm,Little Holloborough Turbine Substation,
unmatched_osm,Little Johns Cross Hill Substation,
unmatched_osm,Little Swingdon Turbine Substation,
unmatched_osm,Little Trethew Potato Plant Substation,
unmatched_osm,Little Trevease Fm Solar,
unmatched_osm,Little Week Road Substation,
unmatched_osm,Littleham Cross Substation,
unmatched_osm,Littleham Ind Est Substation,
unmatched_osm,Littleham Road Substation,
unmatched_osm,Littleham School Substation,
unmatched_osm,Littlemead Lane Substation,
unmatched_osm,Littlewood Close 10 Substation,
unmatched_osm,Littlewoods Substation,
unmatched_osm,Liverton Business Park Substation,
unmatched_osm,Liverton Farm Solar Park Substation,
unmatched_osm,Liverton Solar Park Substation,
unmatched_osm,Livingstone Road Substation,
unmatched_osm,Lizard Close Substation,
unmatched_osm,Lizard Point Substation,
unmatched_osm,Lloyds Gmt Substation,
unmatched_osm,Lnogmeadow Substation,
unmatched_osm,Loaders Garage Substation,
unmatched_osm,Lockyer Street Substation,
unmatched_osm,Loddiswell Primary School Substation,
unmatched_osm,Lodge Hill Substation,
unmatched_osm,Lokington Avenue 56 Substation,
unmatched_osm,Long Lane Substation,
unmatched_osm,Long Park Close Substation,
unmatched_osm,Long Road Saltash Substation,
unmatched_osm,Longbridge Commercial Substation,
unmatched_osm,Longbridge Substation,
unmatched_osm,Longfield Place Substation,
unmatched_osm,Longfield Road Substation,
unmatched_osm,Longfield Villas Substation,
unmatched_osm,Longhope Substation,
unmatched_osm,Longmeadow Road Substation,
unmatched_osm,Longrock,
unmatched_osm,Longstone Ave Substation,
unmatched_osm,Looe Bridge Substation,
unmatched_osm,Looe Community School Substation,
unmatched_osm,Looe Guildhall Substation,
unmatched_osm,Looe St Martins IDNO Substation,
unmatched_osm,Lopen Head Business Park Substation,
unmatched_osm,Lopes Road Substation,
unmatched_osm,Lopwell Substation,
unmatched_osm,Lorris Drive Substation,
unmatched_osm,Lostwithiel Substation,
unmatched_osm,Lotherton Close 49 Substation,
unmatched_osm,Loughtor Mill Pump Substation,
unmatched_osm,Loughtro Bridge Substation,
unmatched_osm,Louisa Terrace Substation,
unmatched_osm,Lovering Farm Estate Substation,
unmatched_osm,Lowe Aston Calendars Substation,
unmatched_osm,Lower Baber Close Substation,
unmatched_osm,Lower Brook StreetSubstation,
unmatched_osm,Lower Compton Road Substation,
unmatched_osm,Lower Dimson Substation,
unmatched_osm,Lower Drive No 51 Substation,
unmatched_osm,Lower Gurnick Road,
unmatched_osm,Lower Heightley Farm Substation,
unmatched_osm,Lower Hentervene Substation,
unmatched_osm,Lower Hill Head Road Substation,
unmatched_osm,Lower Hyde Road Substation,
unmatched_osm,Lower Kingsdown Road Substation,
unmatched_osm,Lower Market Street Substation,
unmatched_osm,Lower Meadrose Substation,
unmatched_osm,Lower Mennaye,
unmatched_osm,Lower Park Drive Substation,
unmatched_osm,Lower Park Road Substation,
unmatched_osm,Lower Roadwater Substation,
unmatched_osm,Lower Sea Lane Substation,
unmatched_osm,Lower StreetSubstation,
unmatched_osm,Lower Sunrising Substation,
unmatched_osm,Lower Torr Quarry Substation,
unmatched_osm,Lower Ware Substation,
unmatched_osm,Lower Widemouth Chalet Substation,
unmatched_osm,Lowerdown Substation,
unmatched_osm,Lowertown Substation,
unmatched_osm,Luckwell Bridge Substation,
unmatched_osm,Lufton Ind Site Substation,
unmatched_osm,Lufton Lane Substation,
unmatched_osm,Lunar Rise Bretonside Substation,
unmatched_osm,Lundy Close Substation,
unmatched_osm,Lundy View Substation,
unmatched_osm,Lupin Way Yeovil Substation,
unmatched_osm,Lupton Park Substation,
unmatched_osm,Luscott Barton 33kv Solar,
unmatched_osm,Luson Farm PV Substation,
unmatched_osm,Lutton East Substation,
unmatched_osm,Lux Park Substation,
unmatched_osm,Luxstowe Substation,
unmatched_osm,Luxulyan Solar Park Substation,
unmatched_osm,Lych Close Substation,
unmatched_osm,Lyddacleave Substation,
unmatched_osm,Lydeard St Lawrence Substation,
unmatched_osm,Lydford War Memorial Substation,
unmatched_osm,Lyme Road Substation,
unmatched_osm,Lympne Avenue Substation,
unmatched_osm,Lympsotne Manor Leisure Substation,
unmatched_osm,Lympstone Station Substation,
unmatched_osm,Lympstone Substation,
unmatched_osm,Lyn Laundry Substation,
unmatched_osm,Lyn Valley Hotel Substation,
unmatched_osm,Lynbridge Substation,
unmatched_osm,Lynch Lane Substation,
unmatched_osm,Lyndhurst Road Substation,
unmatched_osm,Lynher West Substation,
unmatched_osm,Lynhurst AvenueSubstation,
unmatched_osm,Lynton Substation,
unmatched_osm,Lytes Road Substation,
unmatched_osm,M J Baker Substation,
unmatched_osm,M.Y. Cartons Crewkerne Substation,
unmatched_osm,MAnor Close Substation,
unmatched_osm,MArine Projects Coypool Substation,
unmatched_osm,MArt Road Pumping Station Substation,
unmatched_osm,Macadam Road Substation,
unmatched_osm,Macey Street Substation,
unmatched_osm,Maddaford Golf Lodges Substation,
unmatched_osm,Maddaford Substation,
unmatched_osm,Maddever Crescent Substation,
unmatched_osm,Madron,
unmatched_osm,Maer Bay Substation,
unmatched_osm,Maer Down Substation,
unmatched_osm,Maglands Road Substation,
unmatched_osm,Magnolia Avenue Substation,
unmatched_osm,Main Road Substation,
unmatched_osm,Mainstone Wood Substation,
unmatched_osm,Maker View Substation,
unmatched_osm,Makro Exeter STOR Generator Substation,
unmatched_osm,Malborough Church Substation,
unmatched_osm,Malborough Park Substation,
unmatched_osm,Malt Mill Bridge Substation,
unmatched_osm,Malt Mill Substation,
unmatched_osm,Manifold Gardens Substation,
unmatched_osm,Mannamead Court Substation,
unmatched_osm,Manor Close Substation,
unmatched_osm,Manor Cotts Brixton Substation,
unmatched_osm,Manor Estate Substation,
unmatched_osm,Manor Farm 33kv Solar Pk,
unmatched_osm,Manor Farm Estate Substation,
unmatched_osm,Manor Gardens Substation,
unmatched_osm,Manor Grounds Substation,
unmatched_osm,Manor House Flats Substation,
unmatched_osm,Manor House Hotel Substation,
unmatched_osm,Manor Lane Substation,
unmatched_osm,Manor Park Caravan,
unmatched_osm,Manor Road Substation,
unmatched_osm,Manor Way,
unmatched_osm,Manston Close Substation,
unmatched_osm,Maple Close Substation,
unmatched_osm,Maple Grove Substation,
unmatched_osm,Marazion Bridge,
unmatched_osm,Marazion Snack Bar,
unmatched_osm,Marazion Substation,
unmatched_osm,Marhamchurch North Substation,
unmatched_osm,Marina Park Substation,
unmatched_osm,Marina Substation,
unmatched_osm,Marine Heights Substation,
unmatched_osm,Marine Hotel Substation,
unmatched_osm,Marine Projects Newport Street Substation,
unmatched_osm,Marine Projects Substation,
unmatched_osm,Marine Terrace Substation,
unmatched_osm,Marine Way Substation,
unmatched_osm,Market Jew Street,
unmatched_osm,Market Place Substation,
unmatched_osm,Market Street Flats Substation,
unmatched_osm,Market Street Substation,
unmatched_osm,Markey Way 1 Substation,
unmatched_osm,Marks & Spencer Plymouth Substation,
unmatched_osm,Marlborough Road Substation,
unmatched_osm,Marlborough Row Substation,
unmatched_osm,Marlborough Street Substation,
unmatched_osm,Marldon Substation,
unmatched_osm,Marley Road Substation,
unmatched_osm,Marley Thatch Farm Solar,
unmatched_osm,Marlow Gardens Substation,
unmatched_osm,Marpool School Substation,
unmatched_osm,Marquis Saw Mill No.1 Substation,
unmatched_osm,Married Quarters,
unmatched_osm,Marsh Barton Power Station Substation,
unmatched_osm,Marsh Barton Substation,
unmatched_osm,Marsh Green Substation,
unmatched_osm,Marsh Mill Industrial Estate No 2 Substation,
unmatched_osm,Marsh Mill Industrial No 1 Substation,
unmatched_osm,Marsh Mills British Rail Substation,
unmatched_osm,Marsh Mills Filling Station Substation,
unmatched_osm,Marsh Substation,
unmatched_osm,Marshall Road Gas Generator Substation,
unmatched_osm,Marshall Road Substation,
unmatched_osm,Martin Street Substation,
unmatched_osm,Martinhoe Bridge Substation,
unmatched_osm,Martlet Road Substation,
unmatched_osm,Mary Street Substation,
unmatched_osm,Mary Tavy Gen Stn,
unmatched_osm,Marydean Close Substation,
unmatched_osm,Maryfield House Substation,
unmatched_osm,Marythorne Road Substation,
unmatched_osm,Masey Road Substation,
unmatched_osm,Matfurlong Cross Substation,
unmatched_osm,Maudlin Estate No 1 Substation,
unmatched_osm,Maudlin Gardens Substation,
unmatched_osm,Maunsell Close Substation,
unmatched_osm,Maybridge Chemicals Substation,
unmatched_osm,Mayflower Close Substation,
unmatched_osm,Mayflower Hotel Substation,
unmatched_osm,Mayflower House Substation,
unmatched_osm,Mayflower Street 67 Substation,
unmatched_osm,Mayflower Street Student Acc Substation,
unmatched_osm,Mayon Cliff,
unmatched_osm,Mayon Estate,
unmatched_osm,Mayors Avenue Substation,
unmatched_osm,Maypool House Substation,
unmatched_osm,Maypool Substation,
unmatched_osm,McCarthy & Stone Rolle Road Substation,
unmatched_osm,McCarthy and Stone Douglas Ave Substation,
unmatched_osm,Mead Avenue Substation,
unmatched_osm,Mead Drive Substation,
unmatched_osm,Mead Lane Substation,
unmatched_osm,Meadow Flats,
unmatched_osm,Meadow Park Substation,
unmatched_osm,Meadow Way Substation,
unmatched_osm,Meadowside Dolphin Ct Substation,
unmatched_osm,Meadowside Substation,
unmatched_osm,Meadowside Totnes Substation,
unmatched_osm,Meadway Substation,
unmatched_osm,Mear Lane STW Substation,
unmatched_osm,Mear Pumping Station Substation,
unmatched_osm,Meavy Lane Substation,
unmatched_osm,Meavy Villas Substation,
unmatched_osm,Medding Machine Tools Substation,
unmatched_osm,Meeting Lane Substation,
unmatched_osm,Melville Road Substation,
unmatched_osm,Melville Square Substation,
unmatched_osm,Memorial Hall Substation,
unmatched_osm,Mendennick Solar Substation,
unmatched_osm,Menheniot Quarry Substation,
unmatched_osm,Merafield Drive Substation,
unmatched_osm,Merafield Rise Substation,
unmatched_osm,Merafield Road Substation,
unmatched_osm,Merlin Mouldings Fcy Substation,
unmatched_osm,Merrivale Road Swilly Substation,
unmatched_osm,Merrivale Substation,
unmatched_osm,Merrivale View Substation,
unmatched_osm,Metropole Flats Substation,
unmatched_osm,Mevagissey Substation,
unmatched_osm,Mewstone Aveneue 83 Substation,
unmatched_osm,Mewstone Aveneue Substation,
unmatched_osm,Middle Hill Substation,
unmatched_osm,Middle Treworder Farm Solar,
unmatched_osm,Middleborough Camping Park Substation,
unmatched_osm,Middleborough Lane Substation,
unmatched_osm,Middlewood Substation,
unmatched_osm,Midland Bank Substation,
unmatched_osm,Midsomer Norton Substation,
unmatched_osm,Milehouse Bus Depot Substation,
unmatched_osm,Milehouse Substation,
unmatched_osm,Miles Cross Pump Substation,
unmatched_osm,Milford Park Pumping Station Substation,
unmatched_osm,Milk Processing Plant Substation,
unmatched_osm,Mill Farm Estate Substation,
unmatched_osm,Mill Farm Solar Substation,
unmatched_osm,Mill Lane Hospital Substation,
unmatched_osm,Mill Lane Substation,
unmatched_osm,Mill Street Substation,
unmatched_osm,Millbay Docks Substation,
unmatched_osm,Millbay Marina Substation,
unmatched_osm,Millbay Road Substation,
unmatched_osm,Millbrook PV Farm Substation,
unmatched_osm,Millcleeve Pole Transformer,
unmatched_osm,Millendreath Holiday Village Substation,
unmatched_osm,Miller Way 228 Substation,
unmatched_osm,Miller Way Wimpey Substation,
unmatched_osm,Millfield Substation,
unmatched_osm,Millhill Quarry Substation,
unmatched_osm,Milling Plant Substation,
unmatched_osm,Millstream Meadow Substation,
unmatched_osm,Milltown Martinhoe Substation,
unmatched_osm,Millvale Estate Substation,
unmatched_osm,Milne Place Substation,
unmatched_osm,Milton Abbas,
unmatched_osm,Milton Abbot West Substation,
unmatched_osm,Miltoncombe Substation,
unmatched_osm,Minehead Comprehensive School Substation,
unmatched_osm,Minehead Sewage Work Substation,
unmatched_osm,Minster Avenue Substation,
unmatched_osm,Miona Estover Substation,
unmatched_osm,Mirador Place Substation,
unmatched_osm,Mission St Annes Substation,
unmatched_osm,Modbury Green Substation,
unmatched_osm,Modbury Industrial Substation,
unmatched_osm,Modbury Substation,
unmatched_osm,Modyford Walk Substation,
unmatched_osm,Molesworth Road 45 Substation,
unmatched_osm,Molesworth TerraceSubstation,
unmatched_osm,Monkleigh Village Substation,
unmatched_osm,Monmouth Gardens New Substation,
unmatched_osm,Monmouth Gardens Substation,
unmatched_osm,Monmouth Street Substation,
unmatched_osm,Montys Farm 33kV Solar Pk,
unmatched_osm,Moor Park Estate Substation,
unmatched_osm,Moor View Substation,
unmatched_osm,Moorcroft Car Park Substation,
unmatched_osm,Moorfield Estate Substation,
unmatched_osm,Moorhaven Village Substation,
unmatched_osm,Moorland Close Substation,
unmatched_osm,Moorland Park Substation,
unmatched_osm,Moorland Reach Belliver Substation,
unmatched_osm,Moorland Road Substation,
unmatched_osm,Moorland View Princetown Substation,
unmatched_osm,Moorland View Substation,
unmatched_osm,Moorlands Estate Substation,
unmatched_osm,Moorlands Park B Substation,
unmatched_osm,Moorlands Park Substation,
unmatched_osm,Moorswater ECLP Substation,
unmatched_osm,Moorswater Industrial Substation,
unmatched_osm,Moorswater Workshops Substation,
unmatched_osm,Moorview Drive No 2 Substation,
unmatched_osm,Moorview Drive Substation,
unmatched_osm,Moorview Estate No 1 Substation,
unmatched_osm,Moreton House Substation,
unmatched_osm,Moreton Village,
unmatched_osm,Morey Meadow Substation,
unmatched_osm,Morgans Grave Substation,
unmatched_osm,Morgans Quay Substation,
unmatched_osm,Morlaix Drive Substation,
unmatched_osm,Morley Court 53 Substation,
unmatched_osm,Morrab Road,
unmatched_osm,Morris Engineering Bell Close Substation,
unmatched_osm,Morrish Park Substation,
unmatched_osm,Morrisons Filling Station Substation,
unmatched_osm,Morrisons Store Minehead Substation,
unmatched_osm,Morte Farm Caravan Park Substation,
unmatched_osm,Mortehoe Car Park Substation,
unmatched_osm,Morton Crescent Substation,
unmatched_osm,Mortonhampstead Substation,
unmatched_osm,Morwellham Substation,
unmatched_osm,Morwenstow Substation,
unmatched_osm,Moss Side Ind. EstateSubstation,
unmatched_osm,Mosterton Mill Substation,
unmatched_osm,Mothecombe Substation,
unmatched_osm,Mothecombe Walk 52 Substation,
unmatched_osm,Mother Meldrums Substation,
unmatched_osm,Mount Batten Marina Substation,
unmatched_osm,Mount Gould Intake Substation,
unmatched_osm,Mount Gould Way Substation,
unmatched_osm,Mount Hill Substation,
unmatched_osm,Mount Pleasant Substation,
unmatched_osm,Mount Tamar Substation,
unmatched_osm,Mount Wise Cricket Pavillion Substation,
unmatched_osm,Mount Wise Substation,
unmatched_osm,Mounts Bay Park,
unmatched_osm,Mousehole,
unmatched_osm,Mousehole Substation,
unmatched_osm,Moyes Meadow Substation,
unmatched_osm,Mudbank Substation,
unmatched_osm,Mulberry Substation,
unmatched_osm,Mullacott Cross Substation,
unmatched_osm,Mullacott Ind East Turbine Substation,
unmatched_osm,Mullacott Ind No 1 Substation,
unmatched_osm,Mullacott Switching Station Substation,
unmatched_osm,Mullacott Wind Turbine Substation,
unmatched_osm,Mullet Road Substation,
unmatched_osm,Mullion Cove Substation,
unmatched_osm,Mullion Laflounder Sewage,
unmatched_osm,Mullion Substation,
unmatched_osm,Munro Avenue Substation,
unmatched_osm,Murata Substation,
unmatched_osm,Mutley House Armada Way Substation,
unmatched_osm,Mutley Road Substation,
unmatched_osm,Myrtle Close Substation,
unmatched_osm,N C D C Pennygillam Substation,
unmatched_osm,NHS Plymbridge Lane Substation,
unmatched_osm,Nalgo Substation,
unmatched_osm,Nancrossa 33kv Solar Park,
unmatched_osm,Nanteague 33kv Solar Park,
unmatched_osm,Narracott Substation,
unmatched_osm,National Grid Langage Substation,
unmatched_osm,National Marine Aquarium Substation,
unmatched_osm,Naval Hospital Substation,
unmatched_osm,Naylors Valley Road Substation,
unmatched_osm,Nazareth House Care Village Substation,
unmatched_osm,Nd Leisure Centre Substation,
unmatched_osm,Nelson Close Substation,
unmatched_osm,Nelson Stokes Substation,
unmatched_osm,Neptune PkSubstation,
unmatched_osm,Neptune Seafoods Substation,
unmatched_osm,Nerrols Farm Development,
unmatched_osm,Nether Stowey Substation,
unmatched_osm,Netherbury Substation,
unmatched_osm,Nethway Substation,
unmatched_osm,New Bridge Substation,
unmatched_osm,New England Quarry Substation,
unmatched_osm,New Inn Street Substation,
unmatched_osm,New North Road Substation,
unmatched_osm,New Paper Converting Substation,
unmatched_osm,New Park Substation,
unmatched_osm,New Rendy Farm 33kV Solar,
unmatched_osm,New Road Estate Substation,
unmatched_osm,New Road Substation,
unmatched_osm,New Rock Industrial Estate Substation,
unmatched_osm,New Row Farm Solar Park,
unmatched_osm,New Talland Street Substation,
unmatched_osm,Newbury Substation,
unmatched_osm,Newcastle Gardens Substation,
unmatched_osm,Newcourt Road Substation,
unmatched_osm,Newlands Caravan Park Substation,
unmatched_osm,Newlands Farm Ltd Substation,
unmatched_osm,Newlands Farm Solar Park,
unmatched_osm,Newlands Substation,
unmatched_osm,Newlyn,
unmatched_osm,Newlyn Coombe,
unmatched_osm,Newlyn Ice Plant,
unmatched_osm,Newlyn Substation,
unmatched_osm,Newnham Farm Solar Park Substation,
unmatched_osm,Newport Industrial Substation,
unmatched_osm,Newport Street Substation,
unmatched_osm,Newport Substation,
unmatched_osm,Newport View Substation,
unmatched_osm,Newquay Trencreek Lane Substation,
unmatched_osm,Newquay Trevemper Substation,
unmatched_osm,Newton Abbot Substation,
unmatched_osm,Newton Barton 33kv Solar P,
unmatched_osm,Newton Downs Solar Park Substation,
unmatched_osm,Newton Ferrers Substation,
unmatched_osm,Newton Green Substation,
unmatched_osm,Newton Housing Substation,
unmatched_osm,Newton Poppleford Substation,
unmatched_osm,Newton St Cyres East Substation,
unmatched_osm,Newton St Cyres Substation,
unmatched_osm,Newtown Lane,
unmatched_osm,Newtown Substation,
unmatched_osm,Next Drake Circus Substation,
unmatched_osm,Next Plympton Substation,
unmatched_osm,Ninnis 33kV Solar Park,
unmatched_osm,No 1 Peters Park Lane Substation,
unmatched_osm,No 6 Jedburgh Crescent Substation,
unmatched_osm,No 94 Hawking GardensSubstation,
unmatched_osm,Normandy Hill Substation,
unmatched_osm,Nortfields Lane Substation,
unmatched_osm,North Boundary Road East Substation,
unmatched_osm,North Bovey Substation,
unmatched_osm,North Bridge Pumping Station Substation,
unmatched_osm,North Coker Substation,
unmatched_osm,North Devon Crematorium Substation,
unmatched_osm,North Down Crescent Substation,
unmatched_osm,North Hill Substation,
unmatched_osm,North Intake Substation,
unmatched_osm,North Molton Substation,
unmatched_osm,North Molton West Substation,
unmatched_osm,North Morte Substation,
unmatched_osm,North Perrot Farm PV Substation,
unmatched_osm,North Road Courage Substation,
unmatched_osm,North Road Lee Mill Substation,
unmatched_osm,North Road Substation,
unmatched_osm,North Rock Substation,
unmatched_osm,North Sands Substation,
unmatched_osm,North Street Langport Substation,
unmatched_osm,North Street Substation,
unmatched_osm,North Tawton Substation,
unmatched_osm,North Walk Telephone Exchange Substation,
unmatched_osm,North Wayton 33kV Solar Pk,
unmatched_osm,Northacre S/S,
unmatched_osm,Northam Substation,
unmatched_osm,Northampton Close Substation,
unmatched_osm,Northern Way Substation,
unmatched_osm,Northfield Road Substation,
unmatched_osm,Northmoor Solar Farm Substation,
unmatched_osm,Northolt Substation,
unmatched_osm,Northshore Substation,
unmatched_osm,Norton Barton Substation,
unmatched_osm,Norton Hill Primary School Substation,
unmatched_osm,Norton Park Substation,
unmatched_osm,Norton Sub Ham Substation,
unmatched_osm,Norville Lane Substation,
unmatched_osm,Norwich Union Substation,
unmatched_osm,Noss Mayo Creek Substation,
unmatched_osm,Noss Mayo Substation,
unmatched_osm,Notlake Pump Station Substation,
unmatched_osm,Notre Dame School Substation,
unmatched_osm,Notte Street Substation,
unmatched_osm,Notter Bridge Chalets Substation,
unmatched_osm,Nuffield Hospital Substation,
unmatched_osm,Nurden and Peacock Substation,
unmatched_osm,Oak Tree Park Substation,
unmatched_osm,Oake School Substation,
unmatched_osm,Oakfield Terrace Substation,
unmatched_osm,Oakford Villas Substation,
unmatched_osm,Oakham Road Substation,
unmatched_osm,Oakhill Substation,
unmatched_osm,Oakland Drive Substation,
unmatched_osm,Oakland Park Substation,
unmatched_osm,Oakland Road NTL Substation,
unmatched_osm,Oaklands Drive Substation,
unmatched_osm,Oaklands Ind Substation,
unmatched_osm,Oaklands Park Substation,
unmatched_osm,Oaklands Road Substation,
unmatched_osm,Oaktree Park Substation,
unmatched_osm,Ocean Cove Substation,
unmatched_osm,Ocean Quay Substation,
unmatched_osm,Ocean Street Substation,
unmatched_osm,Odcombe Landfill Generator Substation,
unmatched_osm,OddicombeSubstation,
unmatched_osm,Office Village Brest Road Substation,
unmatched_osm,Officers Mess Picklecombe Substation,
unmatched_osm,Offwell Substation,
unmatched_osm,Oil Storage Depot Substation,
unmatched_osm,Okcliff Substation,
unmatched_osm,Okehampton Hospital Substation,
unmatched_osm,Okehampton Local Substation,
unmatched_osm,Okehampton School Sports Hall Substation,
unmatched_osm,Okehampton Semh School Substation,
unmatched_osm,Okehampton Sewage Substation,
unmatched_osm,Okehampton Station Substation,
unmatched_osm,Okehampton Substation,
unmatched_osm,Old Bideford Road Substation,
unmatched_osm,Old Down Farm Substation,
unmatched_osm,Old Farm Road Substation,
unmatched_osm,Old Fremington Army Camp Substation,
unmatched_osm,Old Laira Road 240 Substation,
unmatched_osm,Old Laira Road 300 Substation,
unmatched_osm,Old Laira Road Substation,
unmatched_osm,Old Marine Depot Substation,
unmatched_osm,Old Mills Industrial Substation,
unmatched_osm,Old Roaches Garage,
unmatched_osm,Old Shunting Yard Substation,
unmatched_osm,Old Sticklepath Hill Substation,
unmatched_osm,Old Stone Farm Solar,
unmatched_osm,Old Teignmouth Road Substation,
unmatched_osm,Old Town Street Substation,
unmatched_osm,Old Wharf Substation,
unmatched_osm,Old Whey Substation,
unmatched_osm,Old peoples Home Substation,
unmatched_osm,Oldfields Substation,
unmatched_osm,Onslow Road Substation,
unmatched_osm,Orange Call Centre Substation,
unmatched_osm,Orastone Park Substation,
unmatched_osm,Orchard Close Substation,
unmatched_osm,Orchard Estate Substation,
unmatched_osm,Orchard Grove Estate Substation,
unmatched_osm,Orchard Grove Substation,
unmatched_osm,Orchard Lane Crewkerne Substation,
unmatched_osm,Orchard Mead Substation,
unmatched_osm,Orchard Meadow Substation,
unmatched_osm,Orchard Rise Substation,
unmatched_osm,Oregon Way Substation,
unmatched_osm,Oreston Quay Substation,
unmatched_osm,Oreston Road 45 Substation,
unmatched_osm,Oreston Road Substation,
unmatched_osm,Osborne Road Substation,
unmatched_osm,Otterham Wind Farm Substation,
unmatched_osm,Ottery St. Mary Substation,
unmatched_osm,Outer Hope Substation,
unmatched_osm,Outland Villas Substation,
unmatched_osm,Outlands Wood Solar,
unmatched_osm,Overseas Estate Substation,
unmatched_osm,Oxen Cove Pumping Stn Substation,
unmatched_osm,PAUL & WHITES RADSTOCK,
unmatched_osm,PDSA Durnford St Substation,
unmatched_osm,Padstow Drydock,
unmatched_osm,Paganal Rise Substation,
unmatched_osm,Paganel Road Substation,
unmatched_osm,Pages Cross Substation,
unmatched_osm,Paignton Holiday Park Substation,
unmatched_osm,Paignton Substation,
unmatched_osm,Pall Europe Substation,
unmatched_osm,Par Harbour Substation,
unmatched_osm,Parade Housing Estate,
unmatched_osm,Parade Road Substation,
unmatched_osm,Parade Substation,
unmatched_osm,Paradise Park Substation,
unmatched_osm,Paradise Road Substation,
unmatched_osm,Parc An Creet,
unmatched_osm,Parc-An-Caddy Estate,
unmatched_osm,Park Aveneue 26 Substation,
unmatched_osm,Park Avenue Substation,
unmatched_osm,Park Cottages Lifton Substation,
unmatched_osm,Park Farm Substation,
unmatched_osm,Park Lane Substation,
unmatched_osm,Park Street Substation,
unmatched_osm,Park View Estate,
unmatched_osm,Park Wall Solar Park Substation,
unmatched_osm,Parker Road Substation,
unmatched_osm,Parkfield Road Substation,
unmatched_osm,Parkland Substation,
unmatched_osm,Parklands Substation,
unmatched_osm,Parks Lane Substation,
unmatched_osm,Parkside Drive Substation,
unmatched_osm,Parkside Substation,
unmatched_osm,Parkstone Lane Substation,
unmatched_osm,Parkview 33kv Solar Park,
unmatched_osm,Parkview Substation,
unmatched_osm,Parkway Commercial Substation,
unmatched_osm,Parkway Road Substation,
unmatched_osm,Parkway Substation,
unmatched_osm,Parkwood Close Substation,
unmatched_osm,Parkwood Road Substation,
unmatched_osm,Parnham House Substation,
unmatched_osm,Parsonage Barn 33kV Solar,
unmatched_osm,Parsons Close Substation,
unmatched_osm,Parsons Green Substation,
unmatched_osm,Parsons Street Substation,
unmatched_osm,Part Anderton Substation,
unmatched_osm,Parthia Place Substation,
unmatched_osm,Partridge Road Substation,
unmatched_osm,Pasley Street Substation,
unmatched_osm,Pasties Inc Substation,
unmatched_osm,Paternoster Row Substation,
unmatched_osm,Pathfields Substation,
unmatched_osm,Pathfinder 2 Substation,
unmatched_osm,Pathfinder No 1 Substation,
unmatched_osm,Patna Place Substation,
unmatched_osm,Pattle Substation,
unmatched_osm,Peamore House Substation,
unmatched_osm,Peamore Substation,
unmatched_osm,Pearl House Substation,
unmatched_osm,Pearl No 1 Substation,
unmatched_osm,Pearl No 2 Substation,
unmatched_osm,Pearn Gardens Substation,
unmatched_osm,Peel St Substation,
unmatched_osm,Pegasus Apartments Substation,
unmatched_osm,Penare Farm 33kV Solar Fm,
unmatched_osm,Penarwyn Crescent,
unmatched_osm,Pencoose 33kv Solar Park,
unmatched_osm,Pendarves Flats,
unmatched_osm,Pendennis Close Substation,
unmatched_osm,Pendrea Gulval,
unmatched_osm,Penhalverne Crescent,
unmatched_osm,Peninsula Medical School Substation,
unmatched_osm,Penlee Gardens,
unmatched_osm,Penlee Road Substation,
unmatched_osm,Penmead Road Substation,
unmatched_osm,Penn Cross Substation,
unmatched_osm,Penn Meadows Substation,
unmatched_osm,Penninsula Substation,
unmatched_osm,Pennygillam West Substation,
unmatched_osm,Penrith Gardens 87 Substation,
unmatched_osm,Penryn Substation,
unmatched_osm,Pensilva Substation,
unmatched_osm,Penstowe Chalets South Substation,
unmatched_osm,Penstowe Chalets Substation,
unmatched_osm,Pentamar Street Substation,
unmatched_osm,Penwith College,
unmatched_osm,Penwith Council Offices,
unmatched_osm,Penwith Housing,
unmatched_osm,Penzance Airfield,
unmatched_osm,Penzance Causewayhead Substation,
unmatched_osm,Penzance Heamoor Substation,
unmatched_osm,Penzance Leisure Centre,
unmatched_osm,Penzance S/Stores,
unmatched_osm,Penzance Station,
unmatched_osm,Peppermint Park Substation,
unmatched_osm,Perches Close Substation,
unmatched_osm,Percy Street Substation,
unmatched_osm,Periton Lane South Substation,
unmatched_osm,Periton Lane Substation,
unmatched_osm,Periton Road Substation,
unmatched_osm,Periton Substation,
unmatched_osm,Periton Way Substation,
unmatched_osm,Perranporth Substation,
unmatched_osm,Petertavy Post Office Substation,
unmatched_osm,Phear Avenue Substation,
unmatched_osm,Philip Dennis Substation,
unmatched_osm,Phoenix Business park Estover Substation,
unmatched_osm,Phoenix House Substation,
unmatched_osm,Phoenix Street Substation,
unmatched_osm,Pick Pie Drive Substation,
unmatched_osm,Picklecombe Fort Substation,
unmatched_osm,Pig Processing Plant Substation,
unmatched_osm,Pike Road 137 Substation,
unmatched_osm,Pike Street Substation,
unmatched_osm,Pilgrim Drive Substation,
unmatched_osm,Pilkingtons Substation,
unmatched_osm,Pill Gardens Substation,
unmatched_osm,Pillar Close Substation,
unmatched_osm,Pillarton Barton Substation,
unmatched_osm,Pin Lane Substation,
unmatched_osm,Pine View Substation,
unmatched_osm,Pinehurst Way Substation,
unmatched_osm,Pinhoe Substation,
unmatched_osm,Pipers Close Pennygillam Substation,
unmatched_osm,Pipers Pool Wind Turbine Substation,
unmatched_osm,Pitt House Substation,
unmatched_osm,Pitts Cleave Ind No 2 Substation,
unmatched_osm,Pitts Fm. Solar Park,
unmatched_osm,Pittsworthy Solar Farm Substation,
unmatched_osm,Pitworthy 33kV Solar Park,
unmatched_osm,Place Barton Farm 33kv,
unmatched_osm,Place Barton Substation,
unmatched_osm,Plaidy Beach Substation,
unmatched_osm,Plain Pound Estate Substation,
unmatched_osm,Plain Pound Substation,
unmatched_osm,Pleasure Gardens Substation,
unmatched_osm,Pleasure Hill Substation,
unmatched_osm,Plessey Roborough Substation,
unmatched_osm,Ploughmans Way Substation,
unmatched_osm,Plumb Park Substation,
unmatched_osm,Plym Valley Railway Substation,
unmatched_osm,Plym View Substation,
unmatched_osm,Plymbridge Road 44 Substation,
unmatched_osm,Plymco Glen Road Substation,
unmatched_osm,Plymco One Substation,
unmatched_osm,Plymleigh House Substation,
unmatched_osm,Plymouth Albion RFC Substation,
unmatched_osm,Plymouth Cement Works Substation,
unmatched_osm,Plymouth History Centre Substation,
unmatched_osm,Plymouth Life Centre Substation,
unmatched_osm,Plymouth Pavilions Substation,
unmatched_osm,Plymouth Road Substation,
unmatched_osm,Plymouth Sewage Treatment Wks Substation,
unmatched_osm,Plymouth Sorting Office Substation,
unmatched_osm,Plymouth Station Substation,
unmatched_osm,Plymouth Substation,
unmatched_osm,Plymouth Tel Ex SWRM Substation,
unmatched_osm,Plympton Fire Station Substation,
unmatched_osm,Plympton STW Substation,
unmatched_osm,Plympton Substation,
unmatched_osm,Plymstock Road Substation,
unmatched_osm,Plymstock School Substation,
unmatched_osm,Plymstock South Substation,
unmatched_osm,Pocklington Rise Substation,
unmatched_osm,Poldhu Road Substation,
unmatched_osm,Police Station Substation,
unmatched_osm,Polmeere Road,
unmatched_osm,Polmennor Drive,
unmatched_osm,Polperro Car Park Substation,
unmatched_osm,Polperro Harbour Substation,
unmatched_osm,Poltair Terrace,
unmatched_osm,Polteana Substation,
unmatched_osm,Polventon Close,
unmatched_osm,Polzeath Substation,
unmatched_osm,Pomphlett Quay Substation,
unmatched_osm,Pomphlett Road 131 Substation,
unmatched_osm,Pomphlett Road 54 Substation,
unmatched_osm,Pondfield Road Substation,
unmatched_osm,Poniou Way,
unmatched_osm,Ponsandane Depot,
unmatched_osm,Ponsandane Industrial,
unmatched_osm,Poole Park Road Substation,
unmatched_osm,Poole Park Substation,
unmatched_osm,Popes Lane Substation,
unmatched_osm,Porlock Outfall Pumping Station Substation,
unmatched_osm,Porlock TannerySubstation,
unmatched_osm,Porsham Substation,
unmatched_osm,Port Lane Substation,
unmatched_osm,Port Rouge Substation,
unmatched_osm,Porthgwidden Sewage,
unmatched_osm,Porthia Close,
unmatched_osm,Porthmeor,
unmatched_osm,Porthrepta,
unmatched_osm,Portland Avenue Substation,
unmatched_osm,Portland Place,
unmatched_osm,Portland Road Substation,
unmatched_osm,Portland Terrace Substation,
unmatched_osm,Portledge Substation,
unmatched_osm,Portworthy Dams 33kv Solar,
unmatched_osm,Portwrinkle Estate Substation,
unmatched_osm,Post Office Substation,
unmatched_osm,Potters Lane Substation,
unmatched_osm,Poughill Substation,
unmatched_osm,Pound Lane Substation,
unmatched_osm,Pound Street Substation,
unmatched_osm,Poundwell Street Substation,
unmatched_osm,Powderham Castle Substation,
unmatched_osm,Power DevelopmentSubstation,
unmatched_osm,Powisland Drive Substation,
unmatched_osm,Predannack Wartha,
unmatched_osm,Premier Inn Exmouth Substation,
unmatched_osm,Premier Inn Minehead Substation,
unmatched_osm,Premier Lodge Substation,
unmatched_osm,Prewley Moor No 2 Substation,
unmatched_osm,Pridds Close Substation,
unmatched_osm,Prigg Lane Substation,
unmatched_osm,Primark Drake Circus Substation,
unmatched_osm,Prince Philip Road Substation,
unmatched_osm,Princess Avenue Substation,
unmatched_osm,Princess Road Substation,
unmatched_osm,Princess Street Substation,
unmatched_osm,Princess Yachts Edinburgh Street Substation,
unmatched_osm,Princess Yachts Langage Substation,
unmatched_osm,Priority Site Brest Road Substation,
unmatched_osm,Priorswood Substation,
unmatched_osm,Priory Close 12 Substation,
unmatched_osm,Pritchard Plastics Substation,
unmatched_osm,Probiotics Substation,
unmatched_osm,Probus Substation,
unmatched_osm,Promco Substation,
unmatched_osm,Prospect Cottage Substation,
unmatched_osm,Prospect Place,
unmatched_osm,Prospect Road Substation,
unmatched_osm,Prustacott Turbine Launcells Substation,
unmatched_osm,Puddaven Substation,
unmatched_osm,Puddletown,
unmatched_osm,Puddletown Substation,
unmatched_osm,Punchards Down Substation,
unmatched_osm,Puriton Landfill 33kV Solar,
unmatched_osm,Putsborough Sands Hotel Substation,
unmatched_osm,Pylle Solar Park Substation,
unmatched_osm,Pylon H3 The Ride Substation,
unmatched_osm,Pynes Waterworks Substation,
unmatched_osm,Pyropress Substation,
unmatched_osm,Pyworthy Substation,
unmatched_osm,Quadra Foods Beechwood WaySubstation,
unmatched_osm,Quantock Close Substation,
unmatched_osm,Quarry Crescent Pennygillam Substation,
unmatched_osm,Quartley Switching Station,
unmatched_osm,Quartly Solar LV Substation,
unmatched_osm,Quay Lane Substation,
unmatched_osm,Quay West Substation,
unmatched_osm,Queen Annes Battery Substation,
unmatched_osm,Queens Drive Substation,
unmatched_osm,Queens Street,
unmatched_osm,R. N. H. North Substation,
unmatched_osm,R.O.F. Power House Substation,
unmatched_osm,RADSTOCK SEWAGE WORK,
unmatched_osm,RAF Chivenor Substation,
unmatched_osm,RGB Holsworthy Substation,
unmatched_osm,RMAS Turnchapel Substation,
unmatched_osm,RMC Homecare Old Mills Substation,
unmatched_osm,RNAD Ernesettle Substation,
unmatched_osm,Radcliffe Close Substation,
unmatched_osm,Radford Oil Substation,
unmatched_osm,Radford Park Drive Substation,
unmatched_osm,Radfords Substation,
unmatched_osm,Radstock Road Substation,
unmatched_osm,Radstock Substation,
unmatched_osm,Ramage Close Substation,
unmatched_osm,Rame Substation,
unmatched_osm,Random Substation,
unmatched_osm,Rank Bush Murphy 2 Substation,
unmatched_osm,Ranscombe Substation,
unmatched_osm,Ransomes Substation,
unmatched_osm,Ratherton Turbine Substation,
unmatched_osm,Rawlin Close Substation,
unmatched_osm,Rectory Close Substation,
unmatched_osm,Rectory Lane Substation,
unmatched_osm,Red Hill 33kv Solar Park,
unmatched_osm,Red Lane Substation,
unmatched_osm,Redbridge S/S,
unmatched_osm,Redcliffe St Substation,
unmatched_osm,Reddicliffe Close 60 Substation,
unmatched_osm,Reddicliffe Road Substation,
unmatched_osm,Redford Meadow Substation,
unmatched_osm,Redinnick Place,
unmatched_osm,Redlake Substation,
unmatched_osm,Redlands Fm 33kV Solar Pk,
unmatched_osm,Redlands Substation,
unmatched_osm,Redlap Cross STW Substation,
unmatched_osm,Redmoor Close Substation,
unmatched_osm,Redoubt Hill Substation,
unmatched_osm,Redwing Inn Substation,
unmatched_osm,Redworth Substation,
unmatched_osm,Reeve Sawmills Substation,
unmatched_osm,Reeves Saw Mill Substation,
unmatched_osm,Regent St Flats Substation,
unmatched_osm,Regent Street Substation,
unmatched_osm,Regent Terrace,
unmatched_osm,Rendle Street Substation,
unmatched_osm,Renown Street Substation,
unmatched_osm,Research Way Derriford Substation,
unmatched_osm,Research Way No 1 Substation,
unmatched_osm,Reservoir Road Substation,
unmatched_osm,Retreat Gardens Substation,
unmatched_osm,Rew Farm Solar Park Substation,
unmatched_osm,Rexon Cross Farm Solar Pk,
unmatched_osm,Richie Road Substation,
unmatched_osm,Richmond Engineering Substation,
unmatched_osm,Richmond Road Substation,
unmatched_osm,Richmond Walk Substation,
unmatched_osm,Rickhay Rise Substation,
unmatched_osm,Ridge Park Aveneue Substation,
unmatched_osm,Ridgeway Flats Substation,
unmatched_osm,Ridgeway Substation,
unmatched_osm,Rillamill Chapel Substation,
unmatched_osm,Ringmore Way 168 Substation,
unmatched_osm,Ringmore Way Substation,
unmatched_osm,Risdon Mill Substation,
unmatched_osm,Rittal CSM Substation,
unmatched_osm,River Caen HousingSubstation,
unmatched_osm,River Dart Treatment Works Substation,
unmatched_osm,River View Substation,
unmatched_osm,Riverside Care Home Substation,
unmatched_osm,Riverside Gdns MSN Substation,
unmatched_osm,Riverside Pk MSN Substation,
unmatched_osm,Riverside Press Substation,
unmatched_osm,Riverside Road MSN Substation,
unmatched_osm,Riverside Substation,
unmatched_osm,Riverton Road Substation,
unmatched_osm,Roadford Substation,
unmatched_osm,Robins Corner Substation,
unmatched_osm,Roborough Down Substation,
unmatched_osm,Roborough Road Substation,
unmatched_osm,Rochford Crescent Substation,
unmatched_osm,Rock House Substation,
unmatched_osm,Rock Park Substation,
unmatched_osm,Rockfield Avenue,
unmatched_osm,Rockfield End Substation,
unmatched_osm,Rockhead Housing Substation,
unmatched_osm,Rocklands North Substation,
unmatched_osm,Rocklands South Substation,
unmatched_osm,Rockway Substation,
unmatched_osm,Rocky Lane Substation,
unmatched_osm,Roddick Way Substation,
unmatched_osm,Rodhill S/S,
unmatched_osm,Rogers Grain Store Substation,
unmatched_osm,Rolle College Substation,
unmatched_osm,Rolle Road Substation,
unmatched_osm,Romans Field Substation,
unmatched_osm,Romans Mead Pumping Station Substation,
unmatched_osm,Ropewalk Substation,
unmatched_osm,Rose Lane Substation,
unmatched_osm,Rose Park Turbine Substation,
unmatched_osm,Rosedown Substation,
unmatched_osm,Roseland Substation,
unmatched_osm,Roselands Substation,
unmatched_osm,Rosemergy,
unmatched_osm,Roskrow Barton 33kv Solar,
unmatched_osm,Ross Young Substation,
unmatched_osm,Rosyl Avenue Substation,
unmatched_osm,Round Oak Gardens Substation,
unmatched_osm,Roundhead Road Substation,
unmatched_osm,Roundswell Industrial Substation,
unmatched_osm,Roundswell Local Substation,
unmatched_osm,Roundswell Retail Park Substation,
unmatched_osm,Roundswell Substation,
unmatched_osm,Roundswell Village Substation,
unmatched_osm,Rowes Substation,
unmatched_osm,Royal Avenue Substation,
unmatched_osm,Royal Cinema,
unmatched_osm,Royal Citadel Substation,
unmatched_osm,Royal Court Substation,
unmatched_osm,Royal Eye Infirmary,
unmatched_osm,Royal Marine Barracks Substation,
unmatched_osm,Royal Navy Avenue Substation,
unmatched_osm,Royal Oak Development Substation,
unmatched_osm,Royal Way Substation,
unmatched_osm,Royal William Yard No 1 Substation,
unmatched_osm,Royal William Yard Substation,
unmatched_osm,Ruda Farm Substation,
unmatched_osm,Ruggaton Lane Trailer Park Substation,
unmatched_osm,Russell Avenue 1 Substation,
unmatched_osm,Russell Avenue 31 Substation,
unmatched_osm,Russell Court Substation,
unmatched_osm,Rutt Lane Embedded Substation,
unmatched_osm,Rydon Farm Solar Park,
unmatched_osm,Rydon Road Substation,
unmatched_osm,Rydon Village Substation,
unmatched_osm,Rygors,
unmatched_osm,S.W.W. Phear Park Substation,
unmatched_osm,S.W.W. Weston Mill Cemetry Substation,
unmatched_osm,S/S,
unmatched_osm,SEB Offices Radstock Road Substation,
unmatched_osm,SWEB Car Park Substation,
unmatched_osm,SWEB Depot Substation,
unmatched_osm,SWEB Stores Substation,
unmatched_osm,SWW Bude Gate Substation,
unmatched_osm,SWW Clovelly Village Substation,
unmatched_osm,SWW Dartmouth North Embankment Substation,
unmatched_osm,SWW East Langdon Substation,
unmatched_osm,SWW Gore Lane Substation,
unmatched_osm,SWW Helebridge Substation,
unmatched_osm,SWW Sewage Pump Substation,
unmatched_osm,SWW Tottiford Substation,
unmatched_osm,Safeway Pomphlett Substation,
unmatched_osm,Safeway Substation,
unmatched_osm,Safeway Superstore,
unmatched_osm,Sainsbury Eastern Green,
unmatched_osm,Sainsbury Marsh Mills Substation,
unmatched_osm,Sainsbury Road Substation,
unmatched_osm,Sainsbury Shutterton Bridge Substation,
unmatched_osm,Sainsbury Substation,
unmatched_osm,Sainsburys Dartmouth Substation,
unmatched_osm,Sainsburys Substation,
unmatched_osm,Salamanca Street Substation,
unmatched_osm,Salcombe Substation,
unmatched_osm,Salcombe View Substation,
unmatched_osm,Salisbury Road Substation,
unmatched_osm,Saltash Busn Pk West Substation,
unmatched_osm,Saltash Dunheved Road Substation,
unmatched_osm,Saltash Grammar School Substation,
unmatched_osm,Saltash Rd Pumping Stn Substation,
unmatched_osm,Saltash Whity Cross Substation,
unmatched_osm,Salterton Road Apartments Substation,
unmatched_osm,Salthouse Quay Substation,
unmatched_osm,Saltmer Close Substation,
unmatched_osm,Saltram House Substation,
unmatched_osm,Saltram Lodge Substation,
unmatched_osm,Sampsons Plantation Substation,
unmatched_osm,Sand Quay Substation,
unmatched_osm,Sandy Bay Chalets East Substation,
unmatched_osm,Sandy Bay Field J Substation,
unmatched_osm,Sandy Bay Intake Substation,
unmatched_osm,Sandy Bay North Substation,
unmatched_osm,Sandy Bay South Substation,
unmatched_osm,Sandy Court Langage Substation,
unmatched_osm,Sandy Park Lodge Substation,
unmatched_osm,Sandymouth Bay Holiday Park Substation,
unmatched_osm,Sarah Park Substation,
unmatched_osm,Sarum Close Substation,
unmatched_osm,Saunton Sands Hotel Substation,
unmatched_osm,Savage Road Substation,
unmatched_osm,Saville Mead Substation,
unmatched_osm,Saw Mills Dartington Substation,
unmatched_osm,Sawles Road Substation,
unmatched_osm,Scalders Lane Substation,
unmatched_osm,Scarne Substation,
unmatched_osm,School Close Pensilva Substation,
unmatched_osm,School Lane,
unmatched_osm,School Lane Substation,
unmatched_osm,School Road Substation,
unmatched_osm,Sconner Road Substation,
unmatched_osm,Scotleigh Substation,
unmatched_osm,Scott Road Substation,
unmatched_osm,Scotts Quarry Estate Substation,
unmatched_osm,Scout Hut Substation,
unmatched_osm,Sea King Close Substation,
unmatched_osm,Seabrook Farm Substation,
unmatched_osm,Seacroft Road Substation,
unmatched_osm,Seaside Substation,
unmatched_osm,Seaton Ave Substation,
unmatched_osm,Seaton Lane 1 Substation,
unmatched_osm,Seaton Lane 2 Substation,
unmatched_osm,Seaton Orchard Substation,
unmatched_osm,Seaton Sewage Treatment Works Substation,
unmatched_osm,Seaton Valley Substation,
unmatched_osm,Seaward Way Hospital Substation,
unmatched_osm,Seaward Way Industrial Units Substation,
unmatched_osm,Second Avenue Substation,
unmatched_osm,Sector Lane Substation,
unmatched_osm,Sefton Close Substation,
unmatched_osm,Segrave Road Substation,
unmatched_osm,Self Storage Scarne Substation,
unmatched_osm,Selkirk Substation,
unmatched_osm,Selworthy Village Substation,
unmatched_osm,Sennen Beach,
unmatched_osm,Sennen Cove,
unmatched_osm,Sennen Harbourside,
unmatched_osm,Sennen Village,
unmatched_osm,Sentinel Polyolefine Substation,
unmatched_osm,Sentry Farm Substation,
unmatched_osm,Serpel Close Substation,
unmatched_osm,Severalls Park Avenue Substation,
unmatched_osm,Severn Terrace Substation,
unmatched_osm,Sewage Beds Cheddar Substation,
unmatched_osm,Sewage Disposal Wks Substation,
unmatched_osm,Seymour Avenue Substation,
unmatched_osm,Seymour Road Substation,
unmatched_osm,Seymour St Substation,
unmatched_osm,Seymour Villas Substation,
unmatched_osm,Seymour Wharf Substation,
unmatched_osm,Shadeycombe Substation,
unmatched_osm,Shakespreare School Butt Park Road Substation,
unmatched_osm,Shaldon Substation,
unmatched_osm,Shapters Way Substation,
unmatched_osm,Shapwick Substation,
unmatched_osm,Sharkam Point Substation,
unmatched_osm,Sharkham Village Substation,
unmatched_osm,Sharland Farm Solar Park Substation,
unmatched_osm,Sharp Rock Substation,
unmatched_osm,Shebbear Substation,
unmatched_osm,Sheer Barton WT Substation,
unmatched_osm,Shell Mex No 1 Substation,
unmatched_osm,Shell Mex No 2 Substation,
unmatched_osm,Shelley Road Substation,
unmatched_osm,Sheppards Row Substation,
unmatched_osm,Shepton Mallet Substation,
unmatched_osm,Sherborne Park Substation,
unmatched_osm,Sherborne Substation,
unmatched_osm,Sherford Road Substation,
unmatched_osm,Sherford Substation,
unmatched_osm,Sherrell Park Substation,
unmatched_osm,Shippams Longrock,
unmatched_osm,Shipton Gorge Church Substation,
unmatched_osm,Shooters Bottom Solar Park Substation,
unmatched_osm,Shooters Bottom Wind Farm,
unmatched_osm,Shorta Cross View Substation,
unmatched_osm,Shortwood Crescent Substation,
unmatched_osm,Shrewsbury Road Substation,
unmatched_osm,Shrubbery Close Substation,
unmatched_osm,Shute Road Substation,
unmatched_osm,Shutgate Meadow Substation,
unmatched_osm,Shutta Lane Substation,
unmatched_osm,Shutta Substation,
unmatched_osm,Shutterton Industrial Estate 2 Substation,
unmatched_osm,Shutterton Industrial Site Substation,
unmatched_osm,Shutterton Park Substation,
unmatched_osm,Sidmouth Town Substation,
unmatched_osm,Siebe Automotive Substation,
unmatched_osm,Sifam Fibre Optics Substation,
unmatched_osm,Signal Terrace Substation,
unmatched_osm,Silstone Substation,
unmatched_osm,Silver Street Substation,
unmatched_osm,Silvermead Substation,
unmatched_osm,Silverwell Park Substation,
unmatched_osm,Simmons Park Substation,
unmatched_osm,Sisna Park Estover Substation,
unmatched_osm,Site A1 Millbay Docks Substation,
unmatched_osm,Skinners Lane Substation,
unmatched_osm,Slade Cottages Cutcombe Substation,
unmatched_osm,Slade Farm 33kV Solar Park,
unmatched_osm,Slade Park EstateSubstation,
unmatched_osm,Slaughtebridge Slaughterhouse Substation,
unmatched_osm,Smith Hill Substation,
unmatched_osm,Smugglers Inn Substation,
unmatched_osm,Snow Hill,
unmatched_osm,Somerfield St. Ives,
unmatched_osm,Somerfield Westpark S/S,
unmatched_osm,Somerset Place Substation,
unmatched_osm,Somerton Door Solar Park Substation,
unmatched_osm,Soper Road Substation,
unmatched_osm,South Annings Substation,
unmatched_osm,South Bay Holiday Camp Substation,
unmatched_osm,South Brent Substation,
unmatched_osm,South Dean Substation,
unmatched_osm,South Down Road Substation,
unmatched_osm,South Hams Business Park Substation,
unmatched_osm,South Hams Quarry Substation,
unmatched_osm,South Hill Road Substation,
unmatched_osm,South Hill Substation,
unmatched_osm,South Milton St Substation,
unmatched_osm,South Molton Substation,
unmatched_osm,South Petherton Hospital Substation,
unmatched_osm,South Road Substation,
unmatched_osm,South Sands Substation,
unmatched_osm,South Somerset Homes Substation,
unmatched_osm,South St S Peth Substation,
unmatched_osm,South View Terrace Substation,
unmatched_osm,South Western Farmers Substation,
unmatched_osm,Southcombe Way Substation,
unmatched_osm,Southcombes Substation,
unmatched_osm,Southern Road Substation,
unmatched_osm,Southern Way Substation,
unmatched_osm,Southfield Substation,
unmatched_osm,Southgate Ave Substation,
unmatched_osm,Southmead Crescent Garages Substation,
unmatched_osm,Southmead Crescent Substation,
unmatched_osm,Southmead Substation,
unmatched_osm,Southover Substation,
unmatched_osm,Southport Avenue Substation,
unmatched_osm,Southville Pumping Station Substation,
unmatched_osm,Southville Substation,
unmatched_osm,Southway (Fulford Cl) Substation,
unmatched_osm,Southway By No 1 Substation,
unmatched_osm,Southway Drive Substation,
unmatched_osm,Southway Lane Substation,
unmatched_osm,Southway Substation,
unmatched_osm,Sowton Substation,
unmatched_osm,Sparke Close 2 Substation,
unmatched_osm,Sparkhayes Substation,
unmatched_osm,Sparkwell School Substation,
unmatched_osm,Sparkwell Substation,
unmatched_osm,Spenco Ltd Substation,
unmatched_osm,Spinks Foods Substation,
unmatched_osm,Spring Gardens Substation,
unmatched_osm,Spring Hill Substation,
unmatched_osm,Springfield Rise Substation,
unmatched_osm,Springfield Road Substation,
unmatched_osm,Springfield Road Toilets Substation,
unmatched_osm,Springfield Substation,
unmatched_osm,Spruce Close Substation,
unmatched_osm,Squirrels Close Substation,
unmatched_osm,St Agathas St Cleer Substation,
unmatched_osm,St Agnes Substation,
unmatched_osm,St Andrews Estate Substation,
unmatched_osm,St Andrews Street,
unmatched_osm,St Andrews Terrace Substation,
unmatched_osm,St Annes Close Substation,
unmatched_osm,St Annes No. 11 Substation,
unmatched_osm,St Austell BSP Substation,
unmatched_osm,St Austell Breweries Substation,
unmatched_osm,St Austell Substation,
unmatched_osm,St Barnabas Substation,
unmatched_osm,St Blazey Switching Station,
unmatched_osm,St Brannocks Park Substation,
unmatched_osm,St Breock Windfarm,
unmatched_osm,St Buryan,
unmatched_osm,St Buryan Substation,
unmatched_osm,St Christopher Substation,
unmatched_osm,St Clare Flats,
unmatched_osm,St Clare Street,
unmatched_osm,St Cleer Well Estate Substation,
unmatched_osm,St Cuthberts Paper Mill Substation,
unmatched_osm,St Day Landfill,
unmatched_osm,St Day S/S No 2804,
unmatched_osm,St Dominick Holiday Camp Substation,
unmatched_osm,St Erth Church,
unmatched_osm,St Gabriel Farm Substation,
unmatched_osm,St Georges Court Substation,
unmatched_osm,St Georges Road Substation,
unmatched_osm,St Georges Terrace Substation,
unmatched_osm,St Germans Substation,
unmatched_osm,St Ives Gs School,
unmatched_osm,St Ives Leisure Pool,
unmatched_osm,St Ives Substation,
unmatched_osm,St James Park Substation,
unmatched_osm,St James Precinct Substation,
unmatched_osm,St James Street Substation,
unmatched_osm,St John's Hall,
unmatched_osm,St Johns Drive Substation,
unmatched_osm,St Josephs Devonport Substation,
unmatched_osm,St Josephs Road Substation,
unmatched_osm,St Just Bakery,
unmatched_osm,St Just Bank Square,
unmatched_osm,St Just School Canteen,
unmatched_osm,St Keverne Substation,
unmatched_osm,St Kilda Substation,
unmatched_osm,St Levan Cable & Wireless,
unmatched_osm,St Levan Gas Works Substation,
unmatched_osm,St Levan Road Substation,
unmatched_osm,St Margarets Substation,
unmatched_osm,St Marychurch Substation,
unmatched_osm,St Marys Abbey Substation,
unmatched_osm,St Marys Bay Substation,
unmatched_osm,St Marys Close Substation,
unmatched_osm,St Marys Court Substation,
unmatched_osm,St Marys Park Substation,
unmatched_osm,St Marys Road Substation,
unmatched_osm,St Marys Substation,
unmatched_osm,St Marys Terrace,
unmatched_osm,St Maurice Road Substation,
unmatched_osm,St Mawgan Substation,
unmatched_osm,St Mellion Golf Club Substation,
unmatched_osm,St Mellion Timeshare Substation,
unmatched_osm,St Michaels Garage,
unmatched_osm,St Michaels Gardens Substation,
unmatched_osm,St Michaels Mount,
unmatched_osm,St Michaels Reach,
unmatched_osm,St Neot Substation,
unmatched_osm,St Olafs Road Substation,
unmatched_osm,St Peters Street,
unmatched_osm,St Saviours Substation,
unmatched_osm,St Stephen 33kV Solar Park,
unmatched_osm,St Thomas Substation,
unmatched_osm,St Tudy Substation,
unmatched_osm,St. Cuthberts Close Substation,
unmatched_osm,St. Leonards Road Substation,
unmatched_osm,St. Mary in the Willow Substation,
unmatched_osm,St. Michaels Mount Substation,
unmatched_osm,St. Paul Street Flats Substation,
unmatched_osm,St.Margarets Road 107 Substation,
unmatched_osm,St.Margarets Road 155 Substation,
unmatched_osm,Staddiscombe Road No 2 Substation,
unmatched_osm,Staddiscombe Road Substation,
unmatched_osm,Staddiscombe Substation,
unmatched_osm,Staddon Park Substation,
unmatched_osm,Stafford Miller Substation,
unmatched_osm,Stag Lane Substation,
unmatched_osm,Staging Post Kenn Substation,
unmatched_osm,Stamford Close 43 Substation,
unmatched_osm,Stamford Close 81 Substation,
unmatched_osm,Stanborough Road 150 Substation,
unmatched_osm,Stanborough Road 88 Substation,
unmatched_osm,Stanborough Road West Substation,
unmatched_osm,Stanbury Cross Substation,
unmatched_osm,Stanhope Road Substation,
unmatched_osm,Staplake Estate Substation,
unmatched_osm,Staplake Mount Substation,
unmatched_osm,Staple Close Substation,
unmatched_osm,Staplegrove Substation,
unmatched_osm,Stapleton Road Substation,
unmatched_osm,Starcross Substation,
unmatched_osm,Start Avenue Substation,
unmatched_osm,Start Point Lighthouse Substation,
unmatched_osm,Station Rd Substation,
unmatched_osm,Station Road Substation,
unmatched_osm,Station Yard Substation,
unmatched_osm,Staunton Road Substation,
unmatched_osm,Staverton Bridge Mill Substation,
unmatched_osm,Staverton Jnry Works Substation,
unmatched_osm,Steam Mills Substation,
unmatched_osm,Steart Farm Substation,
unmatched_osm,Steart School Substation,
unmatched_osm,Steer Park Road Substation,
unmatched_osm,Steer Point Rd Brixton Substation,
unmatched_osm,Stennack,
unmatched_osm,Stentaway Substation,
unmatched_osm,Stentiford Substation,
unmatched_osm,Steppes Meadow Substation,
unmatched_osm,Steps Orchard Substation,
unmatched_osm,Sterlings Substation,
unmatched_osm,Sticklepath Terrace Substation,
unmatched_osm,Stockham Wood Substation,
unmatched_osm,Stockingway Close Substation,
unmatched_osm,Stockmeadow Gardens Substation,
unmatched_osm,Stoke Beach Caravan Park Substation,
unmatched_osm,Stoke Canon Paper Mills Substation,
unmatched_osm,Stoke Fleming Substation,
unmatched_osm,Stoke Rd South Substation,
unmatched_osm,Stoke Road Substation,
unmatched_osm,Stokenham Substation,
unmatched_osm,Stone Barton Substation,
unmatched_osm,Stonebarrow Fm 33kV Solar,
unmatched_osm,Stonecrete Substation,
unmatched_osm,Stonehill Substation,
unmatched_osm,Stonehouse Street Substation,
unmatched_osm,Stonelands Farm Substation,
unmatched_osm,Stonelands Leisure Centre Substation,
unmatched_osm,Stoneleigh Substation,
unmatched_osm,Stoneshill Solar Park Substation,
unmatched_osm,Stoney Cross Yealmptn Substation,
unmatched_osm,Stoney Hill Substation,
unmatched_osm,Stopford Place Substation,
unmatched_osm,Stove Road Substation,
unmatched_osm,Stowford Close Substation,
unmatched_osm,Strand Substation,
unmatched_osm,Stratton School Substation,
unmatched_osm,Stratton Substation,
unmatched_osm,Stratton on the Foss Substation,
unmatched_osm,Strawberry Fields Wind Turbine Substation,
unmatched_osm,Strawberry Hill Substation,
unmatched_osm,Stray Park Substation,
unmatched_osm,Street Substation,
unmatched_osm,Strete Barton Substation,
unmatched_osm,Strete Substation,
unmatched_osm,Strode Road Substation,
unmatched_osm,Stroma Close Substation,
unmatched_osm,Strubberies Estate,
unmatched_osm,Stuart's Substation,
unmatched_osm,Stuarts Hill Barton Substation,
unmatched_osm,Style Close Substation,
unmatched_osm,Substation,
unmatched_osm,Suffolk Road S/S,
unmatched_osm,Summerleaze Substation,
unmatched_osm,Summershard Substation,
unmatched_osm,Sungirt SWW Substation,
unmatched_osm,Sunrising Estate Substation,
unmatched_osm,Sunster Steep Substation,
unmatched_osm,Surfshack Substation,
unmatched_osm,Sutcombe North Substation,
unmatched_osm,Sutcombe South Substation,
unmatched_osm,Sutherland Road Substation,
unmatched_osm,Sutton Bingham Pump No 2 Substation,
unmatched_osm,Sutton Court Substation,
unmatched_osm,Sutton Harbour Fish Market Substation,
unmatched_osm,Sutton Road Substation,
unmatched_osm,Swallowfields Substation,
unmatched_osm,Swifts Substation,
unmatched_osm,Swilly Hospital Substation,
unmatched_osm,Swimming Pool Substation,
unmatched_osm,Symonds Farm Substation,
unmatched_osm,Symons Way Substation,
unmatched_osm,TJ Brent Substation,
unmatched_osm,TYNING HILL,
unmatched_osm,Talbot Gardens No 1 Substation,
unmatched_osm,Talbot Gardens No 2 Substation,
unmatched_osm,Tamar Community College Substation,
unmatched_osm,Tamar House Substation,
unmatched_osm,Tamar Pumping Station Substation,
unmatched_osm,Tamar Science Park Substation,
unmatched_osm,Tamar View Business Park Substation,
unmatched_osm,Tamar View Industrial Estate Substation,
unmatched_osm,Tamerton Bridge STOR Substation,
unmatched_osm,Tanpits Cross Substation,
unmatched_osm,Tanyard Greenhouses Substation,
unmatched_osm,Tappers Knapp Substation,
unmatched_osm,Tarka Tennis Centre Substation,
unmatched_osm,Tarnock Substation,
unmatched_osm,Taroveor,
unmatched_osm,Tarratt Road Substation,
unmatched_osm,Taunton Local Substation,
unmatched_osm,Tavistock Council OfficesSubstation,
unmatched_osm,Tavistock Place Substation,
unmatched_osm,Taw Heights Substation,
unmatched_osm,Taw Park Substation,
unmatched_osm,Taw View Substation,
unmatched_osm,Taylors Cross Turbine Substation,
unmatched_osm,Taylors Road Substation,
unmatched_osm,Teal Road Substation,
unmatched_osm,Teats Hill Flats Substation,
unmatched_osm,Tecalemit Substation,
unmatched_osm,Tecamec Substation,
unmatched_osm,Tedburn St Mary Substation,
unmatched_osm,Teign Lawn Substation,
unmatched_osm,Teign Road Substation,
unmatched_osm,Teign Street Substation,
unmatched_osm,Teign Village Substation,
unmatched_osm,Teignhaven Park Substation,
unmatched_osm,Teignmouth Gasworks Substation,
unmatched_osm,Teignmouth Grammer School Substation,
unmatched_osm,Teignmouth Road Substation,
unmatched_osm,Telephone Exchange,
unmatched_osm,Telephone Exchange Ilf Substation,
unmatched_osm,Telephone Exchange Substation,
unmatched_osm,Television South West Substation,
unmatched_osm,Television Transmitter RMU2 Substation,
unmatched_osm,Ten Acre Field Substation,
unmatched_osm,Tencreek Substation,
unmatched_osm,Tengore Lane Solar Park Substation,
unmatched_osm,Tern Gardens Substation,
unmatched_osm,Tesco Branwell Lane,
unmatched_osm,Tesco Seven Brethren Substation,
unmatched_osm,Tesco Store Lee Mill Substation,
unmatched_osm,Tesco Substation,
unmatched_osm,Tesco Tavistock Rd Callington Substation,
unmatched_osm,Tesco Thicket Mead Substation,
unmatched_osm,Tesco Warehouse (W Wilts Industrial Estate) S/S,
unmatched_osm,Tesco Woolwell,
unmatched_osm,Tesco's Ilfracombe Substation,
unmatched_osm,Tetcott Turbine East Curry Substation,
unmatched_osm,Tewkesbury Close Substation,
unmatched_osm,Tews Lane Bickington Substation,
unmatched_osm,Texas DIY Substation,
unmatched_osm,Texas Homecare Substation,
unmatched_osm,Thanckes Park Substation,
unmatched_osm,Thanckes Substation,
unmatched_osm,The Arcade Substation,
unmatched_osm,The Ball Substation,
unmatched_osm,The Beach Substation,
unmatched_osm,The Boatyard Temp Substation,
unmatched_osm,The Brittons Substation,
unmatched_osm,The Burrells Substation,
unmatched_osm,The Chase SW STN S/S,
unmatched_osm,The Clease Substation,
unmatched_osm,The Close Substation,
unmatched_osm,The Conifers No 2 Substation,
unmatched_osm,The Conifers Substation,
unmatched_osm,The Cottage Substation,
unmatched_osm,The Crescent Gooseberry Lane Substation,
unmatched_osm,The Dene Substation,
unmatched_osm,The Dockey Flats Substation,
unmatched_osm,The Docks Substation,
unmatched_osm,The Elms Substation,
unmatched_osm,The Esplanade Substation,
unmatched_osm,The Gaia Centre Substation,
unmatched_osm,The George Junction Substation,
unmatched_osm,The Gew,
unmatched_osm,The Glovers Substation,
unmatched_osm,The Grange Solar Farm Substation,
unmatched_osm,The Grange TurbineSubstation,
unmatched_osm,The Green Fairmead Substation,
unmatched_osm,The Green Substation,
unmatched_osm,The Hall Substation,
unmatched_osm,The Hoe Substation,
unmatched_osm,The Island,
unmatched_osm,The Link Substation,
unmatched_osm,The Market Substation,
unmatched_osm,The Marles Rear of No 130 Substation,
unmatched_osm,The Marles Substation,
unmatched_osm,The Mead Substation,
unmatched_osm,The Meadows Substation,
unmatched_osm,The Mount Substation,
unmatched_osm,The Old Mill Substation,
unmatched_osm,The Onion Collective Substation,
unmatched_osm,The Parks Substation,
unmatched_osm,The Quay Substation,
unmatched_osm,The Ravine Substation,
unmatched_osm,The Ride Substation,
unmatched_osm,The Ridge Substation,
unmatched_osm,The Ropewalk,
unmatched_osm,The Sand Pit Lee Moor Substation,
unmatched_osm,The Shields Substation,
unmatched_osm,The Square Substation,
unmatched_osm,The Strand,
unmatched_osm,The Strand Substation,
unmatched_osm,The Street Substation,
unmatched_osm,The Vicarage Substation,
unmatched_osm,The Warren Polperro Substation,
unmatched_osm,The Warren Substation,
unmatched_osm,Theatre Royal Substation,
unmatched_osm,Therlow Road Substation,
unmatched_osm,Thorn Cross Substation,
unmatched_osm,Thorn Park Substation,
unmatched_osm,Thornberry Terrace,
unmatched_osm,Thornhill Drove Substation,
unmatched_osm,Thorpe Avenue Substation,
unmatched_osm,Three Acres Substation,
unmatched_osm,Thurlestone Walk Substation,
unmatched_osm,Thurlocks Substation,
unmatched_osm,Ticketwood Substation,
unmatched_osm,Till House Solar Park Substation,
unmatched_osm,Timaru Gardens Substation,
unmatched_osm,Timber Close,
unmatched_osm,Timberscombe Substation,
unmatched_osm,Tinkers Cross Substation,
unmatched_osm,Tinners Way 452857Substation,
unmatched_osm,Tinside Pool Substation,
unmatched_osm,Tintern Avenue Substation,
unmatched_osm,Tir Gwel Carbis Bay,
unmatched_osm,Tiverton Junction Substation,
unmatched_osm,Tiverton Moorhayes Substation,
unmatched_osm,Tiverton South Substation,
unmatched_osm,Tolcarne,
unmatched_osm,Toltuff Road,
unmatched_osm,Tonedale Farm Solar Park Substation,
unmatched_osm,Topsham Rd (Naval Camp) Substation,
unmatched_osm,Topsham Substation,
unmatched_osm,Tor Quarry Indust Substation,
unmatched_osm,Tor View Tregadillet Substation,
unmatched_osm,Torbay Sewage Treatment Works Substation,
unmatched_osm,Torbridge Park Substation,
unmatched_osm,Torbridge Substation,
unmatched_osm,Torcross Hotel Substation,
unmatched_osm,Tornado House Substation,
unmatched_osm,Torpoint Antony Substation,
unmatched_osm,Torpoint No 2 Substation,
unmatched_osm,Torpoint Town Substation,
unmatched_osm,Torquay Road Substation,
unmatched_osm,Torquay Substation,
unmatched_osm,Torre Close Substation,
unmatched_osm,Torridge Way Substation,
unmatched_osm,Torrs Park Substation,
unmatched_osm,Torrs Walk Avenue Substation,
unmatched_osm,Tors Bridge Substation,
unmatched_osm,Tors Park Apartments Substation,
unmatched_osm,Tortube Substation,
unmatched_osm,Torwood Substation,
unmatched_osm,Torybrook Substation,
unmatched_osm,Torycombe Substation,
unmatched_osm,Toshiba 1 Substation,
unmatched_osm,Toshiba 2 Substation,
unmatched_osm,Totnes BSP Substation,
unmatched_osm,Totnes Cross Transmitting Site Substation,
unmatched_osm,Totnes Down Hill Substation,
unmatched_osm,Totnes Pumping Station Substation,
unmatched_osm,Totnes Sewage Works Substation,
unmatched_osm,Totnes Substation,
unmatched_osm,Tower View East Substation,
unmatched_osm,Tower View North Substation,
unmatched_osm,Tower View South Substation,
unmatched_osm,Tower View West Substation,
unmatched_osm,Town Farm Bridestowe Substation,
unmatched_osm,Town Hall Substation,
unmatched_osm,Towns Lane Substation,
unmatched_osm,Townsend Road Substation,
unmatched_osm,Townstal Industrial SiteSubstation,
unmatched_osm,Toys R Us Substation,
unmatched_osm,Tradesmans Arms Substation,
unmatched_osm,Trafalgar Road Substation,
unmatched_osm,Transit Way Substation,
unmatched_osm,Treatment Works Looe Substation,
unmatched_osm,Trebah Gardens,
unmatched_osm,Trebartha Hydro Substation,
unmatched_osm,Treborough Generator Substation,
unmatched_osm,Trebursye House Substation,
unmatched_osm,Tredarvah Estate,
unmatched_osm,Treen Zennor,
unmatched_osm,Trefinnick Farm Solar Farm,
unmatched_osm,Trefrew Road Substation,
unmatched_osm,Tregaller Lane Substation,
unmatched_osm,Tregassow 33kV Solar Farm,
unmatched_osm,Tregenna Lodges,
unmatched_osm,Tregenna St Ives,
unmatched_osm,Tregeseal,
unmatched_osm,Tregona,
unmatched_osm,Tregonhawke Chalets Substation,
unmatched_osm,Tregonwell Road Substation,
unmatched_osm,Treguddick Wind Turbine Substation,
unmatched_osm,Tregurno Cliffs,
unmatched_osm,Trehawke Farm Substation,
unmatched_osm,Trehayes Meadows,
unmatched_osm,Trekenning Farm 33kV Solar,
unmatched_osm,Trela Farm Padmount WT No 2 Substation,
unmatched_osm,Trelawne Camp Substation,
unmatched_osm,Trelawne Manor Substation,
unmatched_osm,Trelawney Estate,
unmatched_osm,Trelawney Lynstone Road Substation,
unmatched_osm,Trelawney road substation,
unmatched_osm,Trelevan Road Substation,
unmatched_osm,Treligga Downs Road Substation,
unmatched_osm,Trelyon,
unmatched_osm,Tremar Lane Estate Substation,
unmatched_osm,Trencrom Lane,
unmatched_osm,Treneere,
unmatched_osm,Treneere Manor,
unmatched_osm,Trengune Turbine Substation,
unmatched_osm,Treningle Switching Station,
unmatched_osm,Trennack Terrace,
unmatched_osm,Trenouth Farm 33kv Solar,
unmatched_osm,Trenoweth Road,
unmatched_osm,Trenwith,
unmatched_osm,Trequite Solar Farm Substation,
unmatched_osm,Trereive Estate Substation,
unmatched_osm,Trerice Place,
unmatched_osm,Trerose Coombe Substation,
unmatched_osm,Trerule 33kv Solar Park,
unmatched_osm,Trethewey GardensSubstation,
unmatched_osm,Trethinnick,
unmatched_osm,Trethorne Industrial Substation,
unmatched_osm,Trethorne WT Substation,
unmatched_osm,Tretower Close Substation,
unmatched_osm,Trevecca Estate Substation,
unmatched_osm,Trevethan Meadows Substation,
unmatched_osm,Trevethoe,
unmatched_osm,Trevillis Park Substation,
unmatched_osm,Trevol Estate Substation,
unmatched_osm,Trevol Ratings Substation,
unmatched_osm,Trevol Road South Substation,
unmatched_osm,Trevorian Level 3,
unmatched_osm,Trevorian Tyco SSI,
unmatched_osm,Trevozah Barton Wind Turbine Substation,
unmatched_osm,Trewartha Terrace,
unmatched_osm,Trewellard Road,
unmatched_osm,Trewidden Estate,
unmatched_osm,Trewidden Road St Ives,
unmatched_osm,Trewidland Farm 33kV Solar,
unmatched_osm,Trewyn Substation,
unmatched_osm,Tricky Warren 33kV Solar,
unmatched_osm,Tricky Warren Switching Station,
unmatched_osm,Trinity Way Substation,
unmatched_osm,Tripos Receptor Substation,
unmatched_osm,Troods Mill Substation,
unmatched_osm,Truro Drive Substation,
unmatched_osm,Truro Shortlanesend Substation,
unmatched_osm,Truro Substation,
unmatched_osm,Truro Treyew Road Substation,
unmatched_osm,Tulip,
unmatched_osm,Tuly Street Substation,
unmatched_osm,Turlake Farm Substation,
unmatched_osm,Turnchapel Rn Substation,
unmatched_osm,Turners Barn Lane Substation,
unmatched_osm,Turnpike Crescent Substation,
unmatched_osm,Turnspeed Substation,
unmatched_osm,Tweentown Substation,
unmatched_osm,Twelveheads Substation,
unmatched_osm,Twitchen House Substation,
unmatched_osm,Twitchen Road Substation,
unmatched_osm,Twitchens Lane Substation,
unmatched_osm,Two Four TV Bush Park Substation,
unmatched_osm,Two Mile Oak Substation,
unmatched_osm,Tythings Court No 1 Substation,
unmatched_osm,UHF Transmitter Plympton Substation,
unmatched_osm,UKAEA Wireless Station,
unmatched_osm,Under Road Substation,
unmatched_osm,Undercliff Substation,
unmatched_osm,Underhill Substation,
unmatched_osm,Underlane 28 Substation,
unmatched_osm,Underlane Substation,
unmatched_osm,Underwood Road Substation,
unmatched_osm,Unicorn Substation,
unmatched_osm,Union Hill Substation,
unmatched_osm,Unit 8 Stuart Way Substation,
unmatched_osm,Unit Build Lanage South Substation,
unmatched_osm,Unity Park Efford Road Substation,
unmatched_osm,UoP Substation,
unmatched_osm,Upcott Hill Substation,
unmatched_osm,Upland Drive Substation,
unmatched_osm,Uplyme Road Substation,
unmatched_osm,Upper Chapple Substation,
unmatched_osm,Upper New Road Cheddar Substation,
unmatched_osm,Upton Farm Substation,
unmatched_osm,Upton Valley Substation,
unmatched_osm,VI-Spring Substation,
unmatched_osm,Vaglefield Turbine Substation,
unmatched_osm,Valco Veneers Substation,
unmatched_osm,Vallards Lane Estate Substation,
unmatched_osm,Valletort Road Housing Substation,
unmatched_osm,Valley Road Gas GeneratorSubstation,
unmatched_osm,Valley of Rocks Substation,
unmatched_osm,Van Heusans Substation,
unmatched_osm,Vapron Road Substation,
unmatched_osm,Vauxhall St Substation,
unmatched_osm,Velator Close Substation,
unmatched_osm,Velator Sewage Pump Substation,
unmatched_osm,Velator Way Substation,
unmatched_osm,Venford WTW Substation,
unmatched_osm,Venn Farm Substation,
unmatched_osm,Venn Lane Substation,
unmatched_osm,Venn Quarry Substation,
unmatched_osm,Venns Estate,
unmatched_osm,Venton Road,
unmatched_osm,Vermont Gardens 9 Substation,
unmatched_osm,Vicarage Field Substation,
unmatched_osm,Vicarage Gardens Substation,
unmatched_osm,Vicarage Gate,
unmatched_osm,Vicarage Road Substation,
unmatched_osm,Victoria 33kV Wind Farm,
unmatched_osm,Victoria Close Substation,
unmatched_osm,Victoria Hall Substation,
unmatched_osm,Victoria Road Substation,
unmatched_osm,Victoria Street Substation,
unmatched_osm,Victoria Way Substation,
unmatched_osm,Victoria Wharves Substation,
unmatched_osm,Victory Road Substation,
unmatched_osm,Village Hall Substation,
unmatched_osm,Viney Bridge Substation,
unmatched_osm,Viridor Composting Plant Substation,
unmatched_osm,Vivid Approach Substation,
unmatched_osm,Volunteer St Annes Substation,
unmatched_osm,Voskelly Switching Station,
unmatched_osm,Vospers Substation,
unmatched_osm,WMN City Centre Substation,
unmatched_osm,WPD Elliott Road Substation,
unmatched_osm,WWTP MCC1 Substation,
unmatched_osm,Waddon Close 58Substation,
unmatched_osm,Waddon Farm Substation,
unmatched_osm,Wadebridge Substation,
unmatched_osm,Wadham Estate Substation,
unmatched_osm,Wadham School Substation,
unmatched_osm,Waitrose Crewkerne Substation,
unmatched_osm,Waitrose Foodstore Substation,
unmatched_osm,Wakehams Quarry Substation,
unmatched_osm,Waldon Way Substation,
unmatched_osm,Walker Terrace Substation,
unmatched_osm,Walkham park Industrial Estate Substation,
unmatched_osm,Walkhampton Walk 100 Substation,
unmatched_osm,Wall Park Close Substation,
unmatched_osm,Wall Park No 1 Substation,
unmatched_osm,Wall Park No 2 Substation,
unmatched_osm,Wall Park No 3 Substation,
unmatched_osm,Wall Park Substation,
unmatched_osm,Wallaford Road Substation,
unmatched_osm,Walland Farm 33kv Solar Pk,
unmatched_osm,Walnut Drive Substation,
unmatched_osm,Waltacre Substation,
unmatched_osm,Wansbrough Paper Mills Substation,
unmatched_osm,Ward Close Substation,
unmatched_osm,Wareham Cross Substation,
unmatched_osm,Wareham Road Married Quarters,
unmatched_osm,Warfield Villas Substation,
unmatched_osm,Warfleet Substation,
unmatched_osm,Waring Road Substation,
unmatched_osm,Warlands Substation,
unmatched_osm,Warleigh Barton Solar Park Substation,
unmatched_osm,Warneford Gardens Substation,
unmatched_osm,Warren Road Substation,
unmatched_osm,Warren View Substation,
unmatched_osm,Warwick Avenue Substation,
unmatched_osm,Watchet Bridge Substation,
unmatched_osm,Watchet Treatment Works Substation,
unmatched_osm,Watchfield Lawn 33kV Solar,
unmatched_osm,Watchfield Substation,
unmatched_osm,Water Lane STOR Generation Substation,
unmatched_osm,Water Park Road Substation,
unmatched_osm,Waterford Park Substation,
unmatched_osm,Watergate Substation,
unmatched_osm,Waterlake Substation,
unmatched_osm,Waterloo Close Substation,
unmatched_osm,Watermouth Road Substation,
unmatched_osm,Waterside Park Substation,
unmatched_osm,Watersmeet Turn Substation,
unmatched_osm,Waterworks Liskeard Substation,
unmatched_osm,Watkins Egg Factory Substation,
unmatched_osm,Watton Park Development Substation,
unmatched_osm,Wear Barton Road Substation,
unmatched_osm,Weatherdon Drive Substation,
unmatched_osm,Wedmore Road Substation,
unmatched_osm,Week Farm 33kV Solar Park,
unmatched_osm,Week Green Substation,
unmatched_osm,Weir Close Substation,
unmatched_osm,Weir Road Substation,
unmatched_osm,Welcome Stranger Substation,
unmatched_osm,Weld Arms,
unmatched_osm,Well Park Road Substation,
unmatched_osm,Wellhay Close 7 Substation,
unmatched_osm,Wellington Substation,
unmatched_osm,Wellington Town Substation,
unmatched_osm,Wells Sewage Substation,
unmatched_osm,Welltown Road Substation,
unmatched_osm,Welton Grove Substation,
unmatched_osm,Welton Methodist Church Substation,
unmatched_osm,Wembury Almshouses Substation,
unmatched_osm,Wembury House Substation,
unmatched_osm,Wembury Road 90 Substation,
unmatched_osm,Wentwood Gardens No 4 Substation,
unmatched_osm,Wentworth Road Substation,
unmatched_osm,Wesleys Close Substation,
unmatched_osm,Wessex Close Substation,
unmatched_osm,West Alvington Vicar Substation,
unmatched_osm,West Bay Road Substation,
unmatched_osm,West Bridge Substation,
unmatched_osm,West Buckeridge Substation,
unmatched_osm,West Carclaze 33kv Solar P,
unmatched_osm,West Cliff Road Substation,
unmatched_osm,West Cornwall Hospital,
unmatched_osm,West Country TV Substation,
unmatched_osm,West Down Lane Est. Substation,
unmatched_osm,West Downs Estate Substation,
unmatched_osm,West End Stoke Substation,
unmatched_osm,West Hill Seaton Substation,
unmatched_osm,West Hill Solar Farm Substation,
unmatched_osm,West Kingsmill PV Farm Substation,
unmatched_osm,West Looe Chapel Substation,
unmatched_osm,West Looe Hill Substation,
unmatched_osm,West Looe Quay Substation,
unmatched_osm,West Looe School Substation,
unmatched_osm,West Lulworth,
unmatched_osm,West Lulworth Bore Hole,
unmatched_osm,West Lulworth Farm,
unmatched_osm,West Lynch Substation,
unmatched_osm,West Mead Park Substation,
unmatched_osm,West Mill Cross Substation,
unmatched_osm,West Peeke Milking Parlour Substation,
unmatched_osm,West Porlock Substation,
unmatched_osm,West Street Stoke Substation,
unmatched_osm,West Street Substation,
unmatched_osm,West malling Avenue Substation,
unmatched_osm,Westacre Substation,
unmatched_osm,Westaway Close Substation,
unmatched_osm,Westbrook Avenue Substation,
unmatched_osm,Westbury Sub Mendip Substation,
unmatched_osm,Westcountry Glass Substation,
unmatched_osm,Westcroft Substation,
unmatched_osm,Westdown Cottage Substation,
unmatched_osm,Wester-Moor Way Substation,
unmatched_osm,Western Credit Substation,
unmatched_osm,Western Morning News Substation,
unmatched_osm,Western Portal Substation,
unmatched_osm,Western Road Substation,
unmatched_osm,Western Wood Way Substation,
unmatched_osm,Westfield 110 Substation,
unmatched_osm,Westlakes Way Substation,
unmatched_osm,Westleigh Substation,
unmatched_osm,Westminster House Substation,
unmatched_osm,Weston Mill Local Substation,
unmatched_osm,Weston Mill Substation,
unmatched_osm,Westonfields Substation,
unmatched_osm,Westover Estate Substation,
unmatched_osm,Westover View Substation,
unmatched_osm,Westpoint Exhib Cen Substation,
unmatched_osm,Westward Airways,
unmatched_osm,Westward Reach Substation,
unmatched_osm,Westwood Automation No2 Substation,
unmatched_osm,Westwood Automtn No 1 Substation,
unmatched_osm,Weymouth Park Substation,
unmatched_osm,Wharf Road,
unmatched_osm,Wharnecliffe Substation,
unmatched_osm,Whatley Quarry Substation,
unmatched_osm,Wheddon Market Substation,
unmatched_osm,Whiddon Down Local Substation,
unmatched_osm,Whiddon Down Substation,
unmatched_osm,Whiddon Drive Substation,
unmatched_osm,Whinbank Road 7 Substation,
unmatched_osm,Whipton Substation,
unmatched_osm,Whitchurch Solar Farm Substation,
unmatched_osm,White Cleaves Quarry Substation,
unmatched_osm,White Cottage Substation,
unmatched_osm,White Gates Substation,
unmatched_osm,White Hill Lane Substation,
unmatched_osm,White Oaks Substation,
unmatched_osm,Whitegate Close Substation,
unmatched_osm,Whitegate Road Substation,
unmatched_osm,Whitehill Farm Substation,
unmatched_osm,Whitehouse Substation,
unmatched_osm,Whiteley Avenue Substation,
unmatched_osm,Whitleigh Campus Substation,
unmatched_osm,Whitleigh Hall Substation,
unmatched_osm,Whitley Farm 33kV Solar Fm,
unmatched_osm,Whitsand Bay Battery Substation,
unmatched_osm,Whitson Cross Substation,
unmatched_osm,Whittingham Road Substation,
unmatched_osm,Whittington Street Substation,
unmatched_osm,Wick Farm 33kv Solar Park,
unmatched_osm,Wick Farm West 33kv Solar,
unmatched_osm,Wicketts Substation,
unmatched_osm,Widdicombe Garage Substation,
unmatched_osm,Wide Sea Downderry Substation,
unmatched_osm,Wideatts Road Substation,
unmatched_osm,Widecombe in the Moor Substation,
unmatched_osm,Widemouth Estate Substation,
unmatched_osm,Widewell Lane Substation,
unmatched_osm,Widey View Substation,
unmatched_osm,Wilcove Village Hall Substation,
unmatched_osm,Wilder Road Substation,
unmatched_osm,Wilderbank Meavybourne Substation,
unmatched_osm,Williams Close Substation,
unmatched_osm,Willingcott Chalets Substation,
unmatched_osm,Williton Substation,
unmatched_osm,Willow Close Substation,
unmatched_osm,Wills Close Substation,
unmatched_osm,Willsland 33kV Solar Park,
unmatched_osm,Willsworthy Firing Range Substation,
unmatched_osm,Wilton Farm 33kv Solar Pk,
unmatched_osm,Wilton Farm Wind Farm Substation,
unmatched_osm,Wilton St Substation,
unmatched_osm,Wimbleball Padmount Substation,
unmatched_osm,Wimbleball Reservoir Metering OCB Substation,
unmatched_osm,Winchester Gardens Substation,
unmatched_osm,Windmill Hill Substation,
unmatched_osm,Windsor Road Substation,
unmatched_osm,Windsor Square Substation,
unmatched_osm,Windward Lane Substation,
unmatched_osm,Winnards Perch 33kv Solar,
unmatched_osm,Winslade Close Substation,
unmatched_osm,Winslade Manor Substation,
unmatched_osm,Winslake Foot Substation,
unmatched_osm,Winstone Lane Substation,
unmatched_osm,Winswood Substation,
unmatched_osm,Winterborne Kingston 33/11kV,
unmatched_osm,Winterbourne Road Substation,
unmatched_osm,Winyards View Substation,
unmatched_osm,Witheridge Substation,
unmatched_osm,Withies Pk MSN Substation,
unmatched_osm,Withy Drove 33kv Solar Pk,
unmatched_osm,Withycombe House School Substation,
unmatched_osm,Withycombe Park Drive Substation,
unmatched_osm,Withycombe Raleigh Substation,
unmatched_osm,Withycombe Village Substation,
unmatched_osm,Wiveliscombe Embedded Substation,
unmatched_osm,Wiveliscombe Enterprise Park Substation,
unmatched_osm,Wiveliscombe Substation,
unmatched_osm,Wolrige Way Substation,
unmatched_osm,Wolseley Rd. Ind. Est. Substation,
unmatched_osm,Wolseley Road 706 Substation,
unmatched_osm,Wolseley Road 795 Substation,
unmatched_osm,Wolseley Road 800 Substation,
unmatched_osm,Wolseley Road 891 Substation,
unmatched_osm,Wooda Farm Caravan Park Substation,
unmatched_osm,Wooda Substation,
unmatched_osm,Woodbury Substation,
unmatched_osm,Woodcock Park Substation,
unmatched_osm,Woodcombe Substation,
unmatched_osm,Woodcote Substation,
unmatched_osm,Woodcourt Road Substation,
unmatched_osm,Woodend Road Substation,
unmatched_osm,Woodfield Close Substation,
unmatched_osm,Woodford Avenue Substation,
unmatched_osm,Woodford Road Substation,
unmatched_osm,Woodhayes Close Substation,
unmatched_osm,Woodland Avenue Substation,
unmatched_osm,Woodland Barton Solar Pk,
unmatched_osm,Woodland Close Substation,
unmatched_osm,Woodland Drive Substation,
unmatched_osm,Woodland Farm Substation,
unmatched_osm,Woodland Leisure Park Substation,
unmatched_osm,Woodland Road No 2 Substation,
unmatched_osm,Woodland Road Substation,
unmatched_osm,Woodland Way Substation,
unmatched_osm,Woodlands Close Substation,
unmatched_osm,Woodlands Langham Substation,
unmatched_osm,Woodlands Nursing Home Substation,
unmatched_osm,Woodlands Road No 3 Substation,
unmatched_osm,Woodlands Substation,
unmatched_osm,Woodlands View Substation,
unmatched_osm,Woodley Close Substation,
unmatched_osm,Woodside Court Substation,
unmatched_osm,Woodside Crapstone Substation,
unmatched_osm,Woodside Substation,
unmatched_osm,Woodswater Lane Substation,
unmatched_osm,Woodville Avenue Substation,
unmatched_osm,Woodville Close Substation,
unmatched_osm,Woodway Road Substation,
unmatched_osm,Woolacombe Barton East Substation,
unmatched_osm,Woolacombe Barton Substation,
unmatched_osm,Woolacombe Bay Hotel Substation,
unmatched_osm,Woolacombe Pump Station Substation,
unmatched_osm,Woolacombe Treatment WorksSubstation,
unmatched_osm,Woolacome NTL Substation,
unmatched_osm,Woolaton Substation,
unmatched_osm,Woolavington 33kV Solar Pk,
unmatched_osm,Woolcombe Avenue 5 Substation,
unmatched_osm,Woolcombe Substation,
unmatched_osm,Woolley West Substation,
unmatched_osm,Woolster St Substation,
unmatched_osm,Woolston Green Substation,
unmatched_osm,Woolwell Rd Nursery No 1 Substation,
unmatched_osm,Woolwell Rd Nursery No 2 Substation,
unmatched_osm,Woolworths Substation,
unmatched_osm,Works Substation,
unmatched_osm,Worth Lane Substation,
unmatched_osm,Worth Road Chalets Substation,
unmatched_osm,Wortham Farm Wind Turbine Substation,
unmatched_osm,Wrafton South West Substation,
unmatched_osm,Wrafton Village Substation,
unmatched_osm,Wrangaton R.N.V.D. Substation,
unmatched_osm,Wraxhill Road Substation,
unmatched_osm,Wrigleys Substation,
unmatched_osm,Wristland Road Substation,
unmatched_osm,Wych Farm Sewage Treatment Works Substation,
unmatched_osm,Wyld Meadow 33kv Solar Pk,
unmatched_osm,Wyndham St West Substation,
unmatched_osm,Wythburn Gardens 1 Substation,
unmatched_osm,YMCA Substation,
unmatched_osm,Yacht Haven Quay Substation,
unmatched_osm,Yannon Drive Substation,
unmatched_osm,Yarn Barton Substation,
unmatched_osm,Yealm Park Substation,
unmatched_osm,Yealm Rd Substation,
unmatched_osm,Yealmbridge Substation,
unmatched_osm,Yealmbury Hill Substation,
unmatched_osm,Yealmpton Housing Substation,
unmatched_osm,Yealmpton Village Substation,
unmatched_osm,Yelland Cross Substation,
unmatched_osm,Yelland Manor Substation,
unmatched_osm,Yelland Sewage Substation,
unmatched_osm,Yelland Shell Mex Substation,
unmatched_osm,Yelland Substation,
unmatched_osm,Yellaton Complex Substation,
unmatched_osm,Yelverton Substation,
unmatched_osm,Yelverton Terrace Substation,
unmatched_osm,Yenworthy Lodge Pad Substation,
unmatched_osm,Yeo Bros Paull Substation,
unmatched_osm,Yeo Building Substation,
unmatched_osm,Yeo Vale Substation,
unmatched_osm,Yeomans Way 2 Substation,
unmatched_osm,Yeovil Substation,
unmatched_osm,Yonder Meadow Substation,
unmatched_osm,Yonder Park 33kV Solar Pk,
unmatched_osm,York Close Substation,
unmatched_osm,York Road Substation,
unmatched_osm,Zaggy Lane Substation,
unmatched_osm,Zero Four The Crescent Substation,
unmatched_osm,Zion St Substation,
unmatched_osm,hannafore Tennis Court Substation,
unmatched_osm,langage One Western Wood Way Substation,
unmatched_osm,westcombe Crescent Substation,
