name,voltage,operator,lat,lon
1 Anns Place Substation,11000,National Grid Electricity Distribution,50.3814924,-4.1634141
1 Bowers Park Drive Substation,11000,National Grid Electricity Distribution,50.4332903,-4.0981365
10 St Pancras Avenue Substation,11000,National Grid Electricity Distribution,50.3993433,-4.1484706
1000FT Peek Hill Substation,11000,National Grid Electricity Distribution,50.5091907,-4.0450924
108 Lynwood Avenue Substation,11000,National Grid Electricity Distribution,50.3940307,-4.0756049
111 Beaumont Street Substation,11000,National Grid Electricity Distribution,50.3841938,-4.1616965
12 Wasdale Gardens Substation,11000,National Grid Electricity Distribution,50.4099782,-4.1024115
122 Wingfield Road Substation,11000,National Grid Electricity Distribution,50.3788754,-4.1588388
123 Alexandria Road Mutley Substation,11000,National Grid Electricity Distribution,50.3820397,-4.1263232
13 Jubilee Road Substation,11000,National Grid Electricity Distribution,50.4139983,-4.1726532
138 Mount Gould Road Substation,11000,National Grid Electricity Distribution,50.3785238,-4.1169279
"145 Church Road, Wembury",,National Grid Electricity Distribution,50.3203796,-4.0795326
146 Tavistock Road Substation,11000,National Grid Electricity Distribution,50.4122321,-4.1276315
152 Westfield Substation,11000,National Grid Electricity Distribution,50.3895008,-4.0413065
154 Rothesay Gardens Substation,11000,National Grid Electricity Distribution,50.4134748,-4.1489607
157,,National Grid Electricity Distribution,50.7206519,-4.0039026
158,,National Grid Electricity Distribution,50.7207349,-4.0037797
168 Blandford Road Substation,11000,National Grid Electricity Distribution,50.3884793,-4.1136444
17 Veasy Park,,National Grid Electricity Distribution,50.3228059,-4.0709262
171 Churchway Substation,11000,National Grid Electricity Distribution,50.401544,-4.1777238
189 Beacon Park Road Substation,11000,National Grid Electricity Distribution,50.3945632,-4.1573716
19 Speakers Road Substation,11000,National Grid Electricity Distribution,50.3919368,-3.9088216
2 Blandford Road Substation,11000,National Grid Electricity Distribution,50.3885152,-4.1227203
21 Downfield Walk Substation,11000,National Grid Electricity Distribution,50.3893358,-4.0436358
"22, Central Park Avenue Substation",11000,National Grid Electricity Distribution,50.3792897,-4.1438167
23 Hawkringe Gardens Substation,11000,National Grid Electricity Distribution,50.4179433,-4.1768056
24 Headquarters Road WWTE,,,51.2742812,-2.209335
27 Redwood Drive Substation,11000,National Grid Electricity Distribution,50.389214,-4.031267
27 Weston Mill RoadSubstation,11000,National Grid Electricity Distribution,50.4037082,-4.1786172
285 Westfield Substation,11000,National Grid Electricity Distribution,50.3898013,-4.0382224
29 Ruskin Crescent Substation,11000,National Grid Electricity Distribution,50.4112341,-4.1434615
33 Mayflower Street Substation,11000,National Grid Electricity Distribution,50.3731577,-4.1411867
34 Nevada Close Substation,11000,National Grid Electricity Distribution,50.3919892,-4.1005918
34 Petersfield Close Substation,11000,National Grid Electricity Distribution,50.3925066,-4.1152102
35 Dartmoor Road S/S,,,51.2501261,-2.2009413
35 Downfield Walk Substation,11000,National Grid Electricity Distribution,50.3888702,-4.0427638
37 Blackstone Close Substation,11000,National Grid Electricity Distribution,50.3548667,-4.0710366
37 Trematon Drive Substation,11000,National Grid Electricity Distribution,50.3895603,-3.9079367
371 Budshead Road Substation,11000,National Grid Electricity Distribution,50.4179512,-4.1546726
38 Cowley Road Substation,11000,National Grid Electricity Distribution,50.4113423,-4.146511
45 Raglan Road Substation,11000,National Grid Electricity Distribution,50.371357,-4.1737239
45 Trevithick Road Substation,11000,National Grid Electricity Distribution,50.4066921,-4.1773136
46 Dark Street Lane Substation,11000,National Grid Electricity Distribution,50.3860789,-4.0530876
49 Wyoming Close Substation,11000,National Grid Electricity Distribution,50.3934859,-4.1058313
5 Victoria Place Substation,11000,National Grid Electricity Distribution,50.3676182,-4.1575733
51 Rothsay Gardens Substation,11000,National Grid Electricity Distribution,50.4126472,-4.1443838
53 Kings Tamerton Road Substation,11000,National Grid Electricity Distribution,50.4042321,-4.1749743
55 Browning Road Substation,11000,National Grid Electricity Distribution,50.3842015,-4.1631075
57 Montacute Avenue Substation,11000,National Grid Electricity Distribution,50.4094413,-4.1601435
61 Channel Park Ave Substation,11000,National Grid Electricity Distribution,50.3850941,-4.1168684
65 Luxmore Close Substation,11000,National Grid Electricity Distribution,50.4060887,-4.0919809
7 Battle Road Substation,11000,National Grid Electricity Distribution,50.5713495,-3.6535696
70 Underlane Substation,11000,National Grid Electricity Distribution,50.3549453,-4.0972349
76 Carradale Road Substation,11000,National Grid Electricity Distribution,50.3976576,-4.1029838
8 David Close Substation,11000,National Grid Electricity Distribution,50.3927183,-4.0416362
8 Grand Parade Substation,11000,National Grid Electricity Distribution,50.3635252,-4.1479563
8 Union Street Substation,11000,National Grid Electricity Distribution,50.3702616,-4.1474835
"8, Bede Gardens Substation",11000,National Grid Electricity Distribution,50.4057851,-4.154137
84 Downfield Walk Substation,11000,National Grid Electricity Distribution,50.3883005,-4.0407488
87 Blackstone Close Substation,11000,National Grid Electricity Distribution,50.356029,-4.0692114
88 Kings Tamerton Road Substation,11000,National Grid Electricity Distribution,50.4057989,-4.1729349
89 Compton Avenue Substation,11000,National Grid Electricity Distribution,50.3870504,-4.1210318
92 Hillcrest Close Substation,11000,National Grid Electricity Distribution,50.3883182,-4.0383703
96 Holly Park Drive Substation,11000,National Grid Electricity Distribution,50.4241401,-4.1626771
A30 Gateway Services,,National Grid Electricity Distribution,50.4268894,-4.8158825
Aaronsons Substation,33000,National Grid Electricity Distribution Plc,51.0223816,-3.875318
Abbey Cl Crapstone Substation,11000,National Grid Electricity Distribution,50.4906025,-4.1151179
Abbey Hill Lufton Substation,11000,National Grid Electricity Distribution,50.9516789,-2.6795925
Abbey Meadow Substation,11000,National Grid Electricity Distribution,50.4930689,-3.7789811
Abbey Rd Substation,11000,National Grid Electricity Distribution,50.5938991,-3.6761597
Abbey Vale Bakery Substation,11000,National Grid Electricity Distribution,50.574296,-3.657379
Abbotsbury Way Substation,11000,National Grid Electricity Distribution,50.3998447,-4.1661369
Abbotsham Village Substation,11000,National Grid Electricity Distribution,51.0161951,-4.2477769
Abham Substation,400000;132000,,50.4716794,-3.7303549
Above Town Substation,11000,National Grid Electricity Distribution,50.3464548,-3.5782525
Achesons Substation,11000,National Grid Electricity Distribution,50.368904,-4.1137393
Acklington Place Substation,11000,National Grid Electricity Distribution,50.4159474,-4.1782082
Adas Terrace Substation,11000,National Grid Electricity Distribution,51.1836902,-4.2097814
Addington Substation,11000,National Grid Electricity Distribution,50.4593743,-4.4554217
Addison Road Substation,11000,National Grid Electricity Distribution,50.5202209,-3.5912
Adelaide Road Substation,33000;11000,National Grid Electricity Distribution,50.3691342,-4.1487383
Admirals Hard Substation,11000,National Grid Electricity Distribution,50.3654814,-4.164206
Admirals Walk Substation,11000,National Grid Electricity Distribution,50.5610277,-3.5091401
Admiralty Street 91 Substation,11000,National Grid Electricity Distribution,50.3892858,-4.1790433
Adult Training Centre Substation,11000,National Grid Electricity Distribution,50.6281572,-3.3826463
Advance Factory Bell Substation,11000,National Grid Electricity Distribution,50.4410702,-4.1164357
Agaton Fort Substation,11000,National Grid Electricity Distribution,50.4143838,-4.1744612
Albert Pier SW Water,11000,,50.1226658,-5.5311039
Albert Road,11000,,50.2090518,-5.4789769
Albion Court Substation,11000,National Grid Electricity Distribution,50.3774227,-4.1990817
Albion Hotel Substation,11000,National Grid Electricity Distribution,50.2869536,-3.7785635
Albion Park Substation,11000,National Grid Electricity Distribution,50.3956351,-4.154668
Alcombe Substation,33000;11000,National Grid Electricity Distribution,51.1994399,-3.4651093
Alder Sand Pits No 1 Substation,11000,National Grid Electricity Distribution,50.5144408,-3.5872349
Aldercombe Barton Turbine Substation,11000,National Grid Electricity Distribution,50.8850176,-4.4606723
Alders Way 33kv Stor,33000,National Grid Electricity Distribution,50.4229969,-3.5894722
Aldreath Road,11000,,50.1342872,-5.564725
Alexandra Drive Substation,11000,National Grid Electricity Distribution,50.4823673,-4.1854946
Alexandra Gardens,11000,,50.115991,-5.5475305
Alexandra Rd Substation,11000,National Grid Electricity Distribution,50.7321363,-2.7649972
Alexandra Road,11000,,50.113182,-5.541763
Alexandra Road St Ives,11000,,50.2123737,-5.4893837
Alexandra Road Substation,11000,National Grid Electricity Distribution,51.2042119,-3.4749765
Alexandra Road Substation,33000;11000,National Grid Electricity Distribution,50.4081616,-4.135771
Alexandra Terrace Substation,11000,National Grid Electricity Distribution,50.3715913,-4.1981855
Alfred Street Substation,11000,National Grid Electricity Distribution,50.3673197,-4.1442796
Algram Engineering Substation,11000,National Grid Electricity Distribution,50.38755,-4.0167685
All Saints Park Substation,11000,National Grid Electricity Distribution,50.5172353,-4.2445727
Allen Vale Substation,11000,National Grid Electricity Distribution,50.4524043,-4.4806798
Allenstyle Estate Substation,11000,National Grid Electricity Distribution,51.0692194,-4.1457999
Allenstyle West Substation,11000,National Grid Electricity Distribution,51.0683034,-4.1485077
Allenstyle Wood Substation,11000,National Grid Electricity Distribution,51.0695607,-4.1408292
Aller Court Solar Farm Substation,33000,National Grid Electricity Distribution Plc,51.0582591,-2.8722174
Alma Road Substation,33000;11000,National Grid Electricity Distribution,50.3833084,-4.1545768
Alpha Substation,11000,National Grid Electricity Distribution,50.9484258,-2.6733894
Altamira Substation,11000,National Grid Electricity Distribution,50.6826199,-3.4596276
Alverdiscott Substation,400000;132000,National Grid Electricity Transmission,51.0058838,-4.1369429
Alverton Terrace,11000,,50.1179675,-5.5419892
Alvington Substation,11000,National Grid Electricity Distribution,50.9413822,-2.6760155
Alvington Triangle No 2 Substation,11000,National Grid Electricity Distribution,50.9435421,-2.6770473
Alvington Triangle Substation,11000,National Grid Electricity Distribution,50.9425169,-2.6793671
Ambrosia No 1 Substation,11000,National Grid Electricity Distribution,50.6432816,-4.2694945
Ambrosia No 2 Substation,11000,National Grid Electricity Distribution,50.643727,-4.2682836
Amory Road Substation,11000,National Grid Electricity Distribution,51.0381721,-3.5423897
Anchor Lane A,,National Grid Electricity Distribution,51.0808867,-4.0594965
Anchor Lane B,,National Grid Electricity Distribution,51.0808869,-4.0594838
Anchor Lane C,,National Grid Electricity Distribution,51.0808791,-4.0594928
Anderton Estate Substation,11000,National Grid Electricity Distribution,50.3483865,-4.2102054
Andrews Way Substation,11000,National Grid Electricity Distribution,50.4366311,-4.2593195
Angel Hill Substation,11000,National Grid Electricity Distribution,50.6366275,-4.359147
Anna Mill Business Park Substation,11000,National Grid Electricity Distribution,50.4025125,-3.8565919
Annings Lane Substation,11000,National Grid Electricity Distribution,50.7054044,-2.7222644
Anstis St North Substation,11000,National Grid Electricity Distribution,50.3732784,-4.1526805
Anstis St Substation,11000,National Grid Electricity Distribution,50.3716712,-4.1520384
Anthony Road Substation,11000,National Grid Electricity Distribution,50.3768124,-4.2032954
Antony House Substation,11000,National Grid Electricity Distribution,50.3856051,-4.2260958
Applegate Park Substation,11000,National Grid Electricity Distribution,50.2909773,-3.7718306
Apsley Road Substation,11000,National Grid Electricity Distribution,51.2073758,-4.1196003
Architectural Woodcrafts Substation,11000,National Grid Electricity Distribution,51.0929823,-4.1305954
Archway Estate Substation,11000,National Grid Electricity Distribution,50.3541929,-3.5926141
Arden Grove Substation,11000,National Grid Electricity Distribution,50.3981972,-4.1524862
Argyll Road Millbk Substation,11000,National Grid Electricity Distribution,50.743795,-3.5338379
Arla Indusrial Substation,11000,National Grid Electricity Distribution,51.063855,-4.0921584
Arlington Court Substation,11000,National Grid Electricity Distribution,51.1483227,-3.9851282
Arlington Terrace Substation,11000,National Grid Electricity Distribution,51.1060225,-4.1602463
Armada CentreSubstation,11000,National Grid Electricity Distribution,50.3734191,-4.1443532
Armada Street Substation,33000;11000,National Grid Electricity Distribution,50.3759225,-4.1352599
Armoury Road Substation,11000,National Grid Electricity Distribution,50.9496532,-2.6779877
Artillery Road Substation,11000,National Grid Electricity Distribution,50.9490338,-2.6796596
Arundel Crescent Substation,11000,National Grid Electricity Distribution,50.3754266,-4.1522923
Asda Substation,11000,National Grid Electricity Distribution,50.409768,-4.0973824
Ash Grove Substation,11000,National Grid Electricity Distribution,50.637275,-3.4085305
Ashburn Close Substation,,National Grid Electricity Distribution Plc,50.5175375,-3.7593409
Ashburton Substation,33000,,50.519382,-3.7439018
Ashcombe Solar Park Substation,33000,,50.5899687,-3.5315128
Ashcroft Rumsam Road Substation,11000,National Grid Electricity Distribution,51.0670464,-4.0447919
Ashfield House Substation,11000,National Grid Electricity Distribution,50.9704146,-2.7668759
Ashford Crescent Substation,11000,National Grid Electricity Distribution,50.383794,-4.1207151
Ashford Hill Substation,11000,National Grid Electricity Distribution,50.3832343,-4.1246076
Ashford Road Substation,11000,National Grid Electricity Distribution,50.6875097,-3.469464
Ashford Sewage Works Substation,11000,National Grid Electricity Distribution,51.0888807,-4.0942506
Ashland Springs Substation,11000,National Grid Electricity Distribution,50.8909928,-2.7957536
Ashlands Road Substation,11000,National Grid Electricity Distribution,50.8899894,-2.7897282
Ashlawn Farm Solar Park Substation,33000,National Grid Electricity Distribution Plc,51.257412,-2.903995
Ashleigh Close Substation,11000,National Grid Electricity Distribution,50.4323877,-4.1518186
Ashleigh Mount Substation,11000,National Grid Electricity Distribution,50.5599881,-3.5006225
Ashleigh Park Substation,11000,National Grid Electricity Distribution,50.9878792,-3.4812706
Ashleigh Road Substation,11000,National Grid Electricity Distribution,50.6237036,-3.3979319
Ashleigh Way Substation,11000,National Grid Electricity Distribution,50.5582677,-3.5007546
Ashprington Substation,11000,National Grid Electricity Distribution,50.4010403,-3.6639573
Ashwater Solar Park,33000,National Grid Electricity Distribution Plc,50.7556605,-4.3016651
Ashwater Substation,33000;11000,National Grid Electricity Distribution Plc,50.7422225,-4.2901237
Ashwood Park Substation,11000,National Grid Electricity Distribution,50.3211394,-3.8004455
Ashwoods Substation,11000,National Grid Electricity Distribution,50.6232732,-3.5813166
Aspen Way No 2 Substation,11000,National Grid Electricity Distribution,50.4236937,-3.5993324
Astley Park Substation,11000,National Grid Electricity Distribution,50.3904538,-3.5103174
Athelstan Road Substation,33000;11000,National Grid Electricity Distribution,50.723716,-3.5220943
Athenaeum Place No 1 Substation,11000,National Grid Electricity Distribution,50.3685854,-4.1454946
Atlas Containers Substation,11000,National Grid Electricity Distribution,51.0727951,-4.0597828
Atlas Packaging Substation,11000,National Grid Electricity Distribution,51.0636067,-4.0868196
Atway Substation,11000,National Grid Electricity Distribution,50.5977662,-3.6780979
Augusta Park Substation,11000,National Grid Electricity Distribution,50.9447467,-2.6837549
Austin Avenue 29 Substation,11000,National Grid Electricity Distribution,50.3912247,-4.1654287
Austin Crescent 2 Substation,11000,National Grid Electricity Distribution,50.4023524,-4.1077071
Aveton Gifford Substation,11000,National Grid Electricity Distribution,50.3130674,-3.8364474
Aviemore Industrial Substation,11000,National Grid Electricity Distribution,51.0713988,-4.0765193
Avon Dam Substation,11000,National Grid Electricity Distribution,50.4712895,-3.8625888
Avon Treatment Works Substation,11000,National Grid Electricity Distribution,50.4511675,-3.8662435
Avon Works Substation,11000,National Grid Electricity Distribution,50.4221426,-3.838187
Axbridge Mushrooms Substation,11000,National Grid Electricity Distribution,51.2886979,-2.7971445
Axbridge Substation,33000;11000,,51.2854608,-2.8160915
Axe Valley Close Substation,11000,National Grid Electricity Distribution,50.8434228,-2.7736413
Axe View Solar Farm Substation,33000,National Grid Electricity Distribution Plc,50.8131958,-2.9525515
Axminster Substation,400000;132000,National Grid,50.7868307,-2.9244515
Axminster Substation,33000;11000,National Grid Electricity Distribution,50.7799711,-2.9952203
Axtown Substation,11000,National Grid Electricity Distribution,50.4857488,-4.0987338
Aylesbury Crescent Substation,11000,National Grid Electricity Distribution,50.4223542,-4.1555564
Ayreville Holiday Camp Substation,11000,National Grid Electricity Distribution,50.4299001,-3.6232906
Ayshford Court Farm Solar Park Substation,33000,National Grid Electricity Distribution,50.9282223,-3.3506235
B S Screw Substation,11000,National Grid Electricity Distribution,50.8185365,-4.354213
B&Q Liverton Substation,11000,National Grid Electricity Distribution,50.6305968,-3.3779875
B2 Northacre Park S/S,,,51.2692393,-2.2074041
BBC Start Point Substation,11000,National Grid Electricity Distribution,50.2275324,-3.6630245
BBC Substation,11000,National Grid Electricity Distribution,50.3861511,-4.1260137
BJ's Warehouse Substation,11000,National Grid Electricity Distribution,51.0739441,-4.0587776
BRNC Hawke Substation,11000,National Grid Electricity Distribution,50.3546251,-3.587941
BRS Switching Station Substation,11000,National Grid Electricity Distribution,51.0745543,-4.0610237
BT Airways Stoke FlemingSubstation,11000,National Grid Electricity Distribution,50.3220961,-3.6081383
BT Kings Hill Substation,11000,National Grid Electricity Distribution,50.8196821,-4.5312179
BWW Axbridge Pump Substation,11000,National Grid Electricity Distribution,51.2844422,-2.8090518
BWW Cheddar Pumping Substation,11000,National Grid Electricity Distribution,51.2761802,-2.7861447
Babbacombe Close Substation,11000,National Grid Electricity Distribution,50.4006223,-4.093242
Babbage Road Substation,11000,National Grid Electricity Distribution,50.4345876,-3.6827714
Babbages Estate Substation,11000,National Grid Electricity Distribution,51.0743977,-4.0988642
Babeleigh Turbine Substation,11000,National Grid Electricity Distribution,50.9584735,-4.288339
Back Lane Substation,11000,National Grid Electricity Distribution,51.2558335,-2.7517922
Back Street,11000,National Grid Electricity Distribution (South West) plc,50.2131268,-5.4806467
Backshay Close Substation,11000,National Grid Electricity Distribution,50.2698108,-3.8263557
Badgers Holt Substation,11000,National Grid Electricity Distribution,50.5459956,-3.8742196
Badlake Hill Substation,11000,National Grid Electricity Distribution,50.5851774,-3.4779109
Baker's Piece Substation,11000,National Grid Electricity Distribution,50.2339373,-3.7581854
Bakery Way Substation,11000,National Grid Electricity Distribution,51.0632664,-4.0087384
Bal Lane Substation,11000,National Grid Electricity Distribution,50.596479,-4.1134923
Ballard House Substation,11000,National Grid Electricity Distribution,50.367091,-4.1524675
Balls Hill Pump Substation,11000,National Grid Electricity Distribution,50.9548679,-2.7017985
Balls Wood 33kv Solar Park,33000,National Grid Electricity Distribution Plc,50.3607141,-4.0282743
Baltic Wharf GTC Site Substation,11000,National Grid Electricity Distribution,50.4261711,-3.6825539
Baltic Wharf Substation,11000,National Grid Electricity Distribution,50.4234012,-3.6783813
Bampfylde Way,,,50.4265795,-4.1431296
Bampton Fire Station Substation,11000,National Grid Electricity Distribution,50.989017,-3.488496
Bampton Road Substation,11000,National Grid Electricity Distribution,50.4002461,-4.0948674
Bampton Scout Hut Substation,11000,National Grid Electricity Distribution,50.9881648,-3.4779644
Bampton Street Substation,11000,National Grid Electricity Distribution,51.2026818,-3.4796235
Bandvulc Central Avenue Substation,11000,National Grid Electricity Distribution,50.3869132,-3.9628468
Bandvulc East Way Substation,11000,National Grid Electricity Distribution,50.387606,-3.9524805
Bantham Village Substation,11000,National Grid Electricity Distribution,50.2782579,-3.8686192
Bapton Lane Substation,11000,National Grid Electricity Distribution,50.6327529,-3.4042262
Bar Meadow Substation,11000,National Grid Electricity Distribution,51.2282365,-3.8416719
Barbican Estate Substation,11000,National Grid Electricity Distribution,50.3599846,-4.4505399
Barbican Farm Substation,11000,National Grid Electricity Distribution,50.362881,-4.4478148
Barbican Hill Substation,11000,National Grid Electricity Distribution,50.3570479,-4.4522143
Barcote Walk Substation,11000,National Grid Electricity Distribution,50.403026,-4.1057411
Bardsey Close Substation,11000,National Grid Electricity Distribution,50.4325512,-4.1244237
Barle Enterprise Substation,11000,National Grid Electricity Distribution,51.030414,-3.5409557
Barley Farm Rd Substation,11000,National Grid Electricity Distribution,50.7164686,-3.5583131
Barley Lane Substation,11000,National Grid Electricity Distribution,50.7115372,-3.5575586
Barn Close Langage Substation,11000,National Grid Electricity Distribution,50.3839108,-4.0153235
Barn Close Substation,11000,National Grid Electricity Distribution,51.0370739,-3.5404388
Barn Park Road Substation,11000,National Grid Electricity Distribution,50.3882931,-4.1441309
Barne Barton Substation,11000,National Grid Electricity Distribution,50.3988746,-4.1892758
Barnetts Well Substation,11000,National Grid Electricity Distribution,51.2517301,-2.7509205
Barnfield Substation,11000,National Grid Electricity Distribution,50.3941718,-3.5636214
Barnoon Terrace,11000,,50.2138884,-5.4811309
Barnpark Rd Substation,11000,National Grid Electricity Distribution,50.550541,-3.4943857
Barns Close Industrial Substation,11000,National Grid Electricity Distribution,51.036157,-3.5427393
Barnsfield Park Substation,11000,National Grid Electricity Distribution,50.4838815,-3.7863628
Barnstaple Close Substation,11000,National Grid Electricity Distribution,50.3983962,-4.094272
Barnstaple Quay Substation,33000;11000,National Grid Electricity Distribution,51.0795331,-4.0628923
Barnstaple Retail Park Substation,11000,National Grid Electricity Distribution,51.074707,-4.060932
Barnstaple Substation,132000;33000,National Grid Electricity Distribution,51.0675683,-4.0543372
Baron Way Substation,11000,National Grid Electricity Distribution,51.0636605,-4.0868444
Barr Lane Substation,11000,National Grid Electricity Distribution,50.7045332,-2.7291244
Barrabill Way Substation,11000,National Grid Electricity Distribution,50.6318941,-4.3773819
Barracks Close Substation,11000,National Grid Electricity Distribution,50.9526064,-2.6734455
Barras Cross Substation,11000,National Grid Electricity Distribution,50.4574274,-4.4666191
Barrepta Cove,11000,,50.1958007,-5.459619
Barrowfields Substation,11000,National Grid Electricity Distribution,50.8123925,-2.7514423
Bartholomew Road Substation,11000,National Grid Electricity Distribution,50.3858694,-4.1608899
Barton Avenue Substation,11000,National Grid Electricity Distribution,50.3861982,-4.17563
Barton Close,11000,,50.1282242,-5.5471531
Barton Close 21 Substation,11000,National Grid Electricity Distribution,50.3275071,-4.0707906
Barton Close Substation,11000,National Grid Electricity Distribution,51.1029235,-4.1583346
Barton Cross Solar Substation,11000,National Grid Electricity Distribution,51.1527354,-4.1779798
Barton Farm Substation,11000,National Grid Electricity Distribution,50.701906,-3.8874035
Barton Lane Substation,11000,National Grid Electricity Distribution,51.1039126,-4.1609703
Barton Pines Substation,11000,National Grid Electricity Distribution,50.440077,-3.6236635
Barton Rd Substation,11000,National Grid Electricity Distribution,50.7406534,-3.9963747
Barton Road Substation,11000,National Grid Electricity Distribution,51.0747356,-4.0291786
Barton Substation,33000;11000,National Grid Electricity Distribution,50.4883792,-3.5364921
Barwis Hill,11000,,50.123779,-5.5385482
Bascombe Road Substation,11000,National Grid Electricity Distribution,50.4003824,-3.5575497
Bath Road Substation,33000;11000,National Grid Electricity Distribution Plc,51.1416119,-2.9818563
Batheway Fields Substation,11000,National Grid Electricity Distribution,50.7951083,-3.8983637
Batsworthy Cross Wind Farm Substation,33000,National Grid Electricity Distribution,50.9803712,-3.6913031
Batter Street Substation,11000,National Grid Electricity Distribution,50.3688094,-4.136675
Battery Street Substation,11000,National Grid Electricity Distribution,50.3686363,-4.1561432
Battle Road Pump Stn Substation,11000,National Grid Electricity Distribution,50.5692438,-3.6574902
Battle Road Substation,11000,National Grid Electricity Distribution,50.5715294,-3.6577219
Battscombe Quarry Substation,11000,National Grid Electricity Distribution,51.2891896,-2.7763295
Batworthy House Substation,11000,National Grid Electricity Distribution,50.6636911,-3.8958358
Bay Road Substation,11000,National Grid Electricity Distribution,51.2137579,-3.5930953
Bay View,11000,,50.102457,-5.5525151
Bayards Cove Substation,11000,National Grid Electricity Distribution,50.3478858,-3.5777196
Beach Car Park Substation,11000,National Grid Electricity Distribution,51.2064914,-4.0371618
Beach Road St Ives,11000,,50.2147776,-5.48936
Beachfield Longrock,11000,,50.1291744,-5.499606
Beachfield West Substation,11000,National Grid Electricity Distribution,51.0694971,-4.1327074
Beacon Farm WT Substation,11000,National Grid Electricity Distribution,50.613818,-4.3785944
Beacon Ind Units Substation,11000,National Grid Electricity Distribution,50.4424852,-3.7244775
Beacon Lane Substation,11000,National Grid Electricity Distribution,50.3475767,-3.56978
Beacon Substation,11000,National Grid Electricity Distribution,50.6157465,-3.4123259
Beaconfield Road Substation,11000,National Grid Electricity Distribution,50.3921436,-4.1594741
Beadon Farm Substation,11000,National Grid Electricity Distribution,50.2369386,-3.7789178
Beadon Road Substation,11000,National Grid Electricity Distribution,50.2350626,-3.7822062
Beaford 33kV Solar Farm,33000,National Grid Electricity Distribution,50.9214373,-4.0384586
Bealswood Substation,11000,National Grid Electricity Distribution,50.5193716,-4.2088628
Beaminster Gram SchSubstation,11000,National Grid Electricity Distribution,50.8142876,-2.7412168
Beare Close Substation,11000,National Grid Electricity Distribution,50.3516542,-4.1132585
Bears Down Wind Farm,33000,National Grid Electricity Distribution,50.4708993,-4.9498786
Bearsdown Road Substation,11000,National Grid Electricity Distribution,50.3984732,-4.1096222
Bearsdown Road West Substation,11000,National Grid Electricity Distribution,50.3999589,-4.1122723
Beau Vallee Substation,11000,National Grid Electricity Distribution,50.3172217,-4.0519484
Beaumaris Road Substation,11000,National Grid Electricity Distribution,50.397196,-4.1288281
Beaumont Park Substation,11000,National Grid Electricity Distribution,50.3745144,-4.1299478
Beaumont Road Substation,11000,National Grid Electricity Distribution,50.3767236,-4.1159317
Beckly Court Substation,11000,National Grid Electricity Distribution,50.3743911,-4.1419655
Becton Dickinson No 2 Substation,11000,National Grid Electricity Distribution,50.4401495,-4.1168246
Becton Dickinson Substation,11000,National Grid Electricity Distribution,50.4400196,-4.117074
Bedehaven Close Substation,11000,National Grid Electricity Distribution,50.8232323,-4.5404821
Bedford Park Villas Substation,11000,National Grid Electricity Distribution,50.3776154,-4.1350791
Bedford Road Substation,11000,National Grid Electricity Distribution,50.3646275,-4.0946697
Bedford St Substation,11000,National Grid Electricity Distribution,50.4816752,-4.1873555
Beech Ave Substation,11000,National Grid Electricity Distribution,50.3661684,-4.1193853
Beech Torr Farm Substation,11000,National Grid Electricity Distribution,50.3187737,-3.9185567
Beechdown Holiday Camp Substation,11000,National Grid Electricity Distribution,50.4279241,-3.6130239
Beechfield House Substation,11000,National Grid Electricity Distribution,51.2057331,-3.484313
Beechfield Substation,11000,National Grid Electricity Distribution,51.0701424,-4.1285433
Beechgrove Farm Solar Park Substation,33000,National Grid Electricity Distribution Plc,50.7887046,-2.9251876
Beechwood Avenue Substation,11000,National Grid Electricity Distribution,51.0739777,-4.076034
Beechwood Substation,11000,National Grid Electricity Distribution,50.6020948,-3.6079714
Beechwood Way Substation,11000,National Grid Electricity Distribution,50.3898559,-4.0161156
Beefeater Marsh Mills Substation,11000,National Grid Electricity Distribution,50.3898308,-4.0890742
Bell Close Industiral Units Substation,11000,National Grid Electricity Distribution,50.3944133,-4.0415375
Bellaire West Substation,11000,National Grid Electricity Distribution,51.09011,-4.0670515
Belle Vue Road Substation,11000,National Grid Electricity Distribution,50.7458633,-3.5362162
Belle Vue Substation,11000,National Grid Electricity Distribution,50.8300247,-4.5455006
Bellever Close Substation,11000,National Grid Electricity Distribution,50.5450078,-3.9916071
Bellingham Crescent Substation,11000,National Grid Electricity Distribution,50.3845898,-4.0259579
Belliver Way Substation,11000,National Grid Electricity Distribution,50.4428995,-4.1119715
Bellows Park 1 Substation,11000,National Grid Electricity Distribution,50.3519027,-4.0321371
Belmont Mews Substation,11000,National Grid Electricity Distribution,50.5039109,-4.4133287
Belmont Park Substation,11000,National Grid Electricity Distribution,50.5034444,-4.4159636
Belmont Place,11000,,50.2125472,-5.4847692
Belmont Road Substation,11000,National Grid Electricity Distribution,51.2035943,-4.1290031
Belmont Villas Substation,11000,National Grid Electricity Distribution,50.3791678,-4.1665285
Belstone Reservoir Substation,11000,National Grid Electricity Distribution,50.7232596,-3.9613904
Belyars Estate,11000,,50.2040305,-5.4824818
Bennacott Turbine Substation,11000,National Grid Electricity Distribution,50.7042016,-4.4180253
Bennett Road Substation,11000,National Grid Electricity Distribution,50.2328404,-3.7739141
Bere Ferrers Hall Substation,11000,National Grid Electricity Distribution,50.4513518,-4.1755915
Bernaville Nursery Substation,11000,National Grid Electricity Distribution,50.7540901,-3.5561272
Bernice Close Substation,11000,National Grid Electricity Distribution,50.380631,-4.1157996
Berrow Park Road,11000,National Grid Electricity Distribution,50.3934712,-4.1403028
Berry Head Cafe Substation,11000,National Grid Electricity Distribution,50.3987668,-3.4882727
Berthon Road Substation,11000,National Grid Electricity Distribution,50.3964386,-4.1956573
Bestway Burrington Way Substation,11000,National Grid Electricity Distribution,50.4033104,-4.1615545
Beverley Road Substation,11000,National Grid Electricity Distribution,50.3835952,-4.1119885
Bewick Avenuse Substation,11000,National Grid Electricity Distribution,50.6897186,-3.4714109
Bias Lane,,National Grid Electricity Distribution,51.1092572,-4.161371
Bias Lane Substation,11000,National Grid Electricity Distribution,51.109242,-4.1614579
Bicclescombe Ind Substation,11000,National Grid Electricity Distribution,51.196886,-4.1204864
Bicclescombe Substation,11000,National Grid Electricity Distribution,51.2001104,-4.1253285
Bickbeans Turbine Substation,11000,National Grid Electricity Distribution,50.7349133,-4.5647921
Bickington Lodge Substation,11000,National Grid Electricity Distribution,51.0734475,-4.1003591
Bickington Substation,11000,National Grid Electricity Distribution,51.0731002,-4.0973728
Bickleigh Down Road Substation,11000,National Grid Electricity Distribution,50.4398697,-4.1011317
Bickleight Camp Substation,11000,National Grid Electricity Distribution,50.4409059,-4.0834779
Bidders Close Substation,11000,National Grid Electricity Distribution,50.3260176,-3.5980569
Bideford Main Substation,33000,National Grid Electricity Distribution,51.0113863,-4.1996151
Bidwell 33kv Solar Park,33000,National Grid Electricity Distribution Plc,50.4407176,-3.7292589
Biggin Hill Substation,11000,National Grid Electricity Distribution,50.4156852,-4.1719389
Biggs Bush Road S/S,,,51.2768142,-2.200354
Bilbury St Substation,11000,National Grid Electricity Distribution,50.3711707,-4.1351189
Bincombe Substation,11000,National Grid Electricity Distribution,50.8855945,-2.7952375
Bindon Road,11000;400;230,SSE Power Distribution,50.6237149,-2.2502062
Binhamy Estate No 1 Substation,11000,National Grid Electricity Distribution,50.8253713,-4.5282102
Binhamy Estate No 2 Substation,11000,National Grid Electricity Distribution,50.825805,-4.5258849
Birch Road Substation,11000,National Grid Electricity Distribution,50.9729284,-2.7675012
Birch Valley Plastics Substation,11000,National Grid Electricity Distribution,50.4237655,-4.0934068
Bircham Road Substation,11000,National Grid Electricity Distribution,51.1964524,-3.4649514
Birdwell Road Substation,11000,National Grid Electricity Distribution,50.3996096,-4.1788654
Birdwood Crescent Substation,11000,National Grid Electricity Distribution,51.0163671,-4.2275786
Birkbeck Close Substation,11000,National Grid Electricity Distribution,50.3959272,-4.0536538
Bishops Close Substation,11000,National Grid Electricity Distribution,50.3934091,-3.9113404
Bishops Tawton School Substation,11000,National Grid Electricity Distribution,51.0545256,-4.048402
Bishopsteignton Pumping Station Substation,11000,National Grid Electricity Distribution,50.5468062,-3.5380344
Bishopsteignton Substation,11000,National Grid Electricity Distribution,50.5500654,-3.5481459
Bittaford South Substation,11000,National Grid Electricity Distribution,50.3966921,-3.8769773
Bittaford Village Substation,11000,National Grid Electricity Distribution,50.3973312,-3.8801017
Bitton House Substation,11000,National Grid Electricity Distribution,50.5470604,-3.5060626
Bitton Park Substation,11000,National Grid Electricity Distribution,50.5473582,-3.5038397
Blachford House Substation,11000,National Grid Electricity Distribution,50.4226605,-3.9539658
Black Hill Quarry Substation,11000,National Grid Electricity Distribution,50.6637723,-3.3759357
Black Rock Substation,11000,National Grid Electricity Distribution,50.7877841,-4.5559101
Black Torrington Substation,11000,National Grid Electricity Distribution,50.8286125,-4.1804579
Blackall Gardens Substation,,,50.4274398,-4.1447367
Blackaton Wind Lewannick Substation,11000,National Grid Electricity Distribution,50.5995112,-4.4709198
Blackawton STW Substation,11000,National Grid Electricity Distribution,50.3414904,-3.6808034
Blackball Lane Substation,11000,National Grid Electricity Distribution,50.3998833,-3.5157506
Blackbrook Substation,11000,National Grid Electricity Distribution,50.5467148,-3.9948646
Blackditch Substation,33000,National Grid Electricity Distribution Plc,51.1814256,-2.9669039
Blackhorse Lane Substation,11000,National Grid Electricity Distribution,50.7323958,-3.4471988
Blacknell Lane Printers Substation,11000,National Grid Electricity Distribution,50.8815534,-2.7826473
Blacknell Lane Substation,11000,National Grid Electricity Distribution,50.8814088,-2.7885392
Blackpool Substation,33000;11000,National Grid Electricity Distribution,50.3449349,-4.8313206
Blackpost Lane Substation,11000,National Grid Electricity Distribution,50.4325751,-3.6691065
Blagdon Rise,,,50.792608,-3.6467574
Blagdons Boat Yard Substation,11000,National Grid Electricity Distribution,50.374542,-4.1102447
Blair Atholl Substation,11000,National Grid Electricity Distribution,50.6147847,-3.3987802
Blake Gardens Substation,11000,National Grid Electricity Distribution,50.4114688,-4.1493199
Blandford Road Substation,11000,National Grid Electricity Distribution,50.3887193,-4.0947638
Blenheim Gdns Substation,11000,National Grid Electricity Distribution,51.2068568,-3.4749348
Blue Anchor Bay Caravan Park Substation,11000,National Grid Electricity Distribution,51.1814478,-3.396485
Blue Ball Pumping Station Substation,11000,National Grid Electricity Distribution,50.7086552,-3.4623492
Blue Waters Drive Substation,11000,National Grid Electricity Distribution,50.7253227,-2.9508238
Bluebell Road Substation,11000,National Grid Electricity Distribution,50.942632,-2.671145
Boase Street,11000,,50.102241,-5.5488399
Bodiniel 33kV Solar Park,33000,National Grid Electricity Distribution,50.4847926,-4.7353797
Bodmin Road South Substation,11000,National Grid Electricity Distribution,50.4136966,-4.1395145
Bodmin Road Substation,11000,National Grid Electricity Distribution,50.4155441,-4.1407643
Bodmin Street Substation,11000,National Grid Electricity Distribution,50.8083813,-4.3566687
Bohetherick Village Substation,11000,National Grid Electricity Distribution,50.4854256,-4.2316755
Boiler House Substation,11000,National Grid Electricity Distribution,50.6486373,-4.6345769
Bolitho Road,11000,,50.1287856,-5.552184
Bolt Head Substation,11000,National Grid Electricity Distribution,50.224458,-3.7833959
Bommertown Solar Park,33000,National Grid Electricity Distribution Plc,51.0172261,-3.6806358
Bonaventure Road Substation,11000,National Grid Electricity Distribution,50.2375731,-3.7710532
Bone Mill Pumping Substation,11000,National Grid Electricity Distribution,50.3571508,-4.45678
Bonfire Hill Substation,11000,National Grid Electricity Distribution,50.2389004,-3.7767092
Bonhay Close Substation,11000,National Grid Electricity Distribution,50.628461,-3.4501617
Bonville Drive Substation,11000,National Grid Electricity Distribution,50.3849516,-3.9107268
Bonython Terrace Substation,11000,National Grid Electricity Distribution,50.4480993,-4.4686064
Bookers Substation,11000,National Grid Electricity Distribution,50.4184283,-4.0883285
Boots Substation,11000,National Grid Electricity Distribution,50.3718814,-4.1396051
Boradsands Beach Substation,11000,National Grid Electricity Distribution,50.4058746,-3.5546594
Boringdon Avenue Substation,11000,National Grid Electricity Distribution,50.4014183,-4.1846368
Boringdon Hall Substation,11000,National Grid Electricity Distribution,50.4017927,-4.0581219
Boringdon Hall Substation,11000,National Grid Electricity Distribution,50.4013361,-4.05721
Borough Farm Substation,11000,National Grid Electricity Distribution,50.3782508,-4.2208656
Borringdon Close Substation,11000,National Grid Electricity Distribution,50.3959465,-4.0564815
Boscaswell Housing,11000,,50.1545446,-5.6692595
Boscaswell Terrace,11000,,50.1509056,-5.6615908
Boscathnoe Lane,11000,,50.1255807,-5.5582771
Boscawen Place Substation,11000,National Grid Electricity Distribution,50.3827186,-4.1763958
Boskennal Solar Farm,11000,,50.1529395,-5.4930172
Boskerris Estate,11000,,50.1933845,-5.4656262
Bossiney Substation,11000,National Grid Electricity Distribution,50.6669554,-4.7368191
Bossington Pumping Station Substation,11000,National Grid Electricity Distribution,51.2219201,-3.5839451
Bossinney Sewage Works Substation,11000,National Grid Electricity Distribution,50.6688184,-4.7440964
Botallack House,11000,,50.1406207,-5.6891832
Botathan Farm Substation,11000,National Grid Electricity Distribution,50.612634,-4.4131954
Bott Ltd Substation,11000,National Grid Electricity Distribution,50.8205241,-4.5265786
Bottonnett Farm Wind Turbine Substation,11000,National Grid Electricity Distribution,50.5873834,-4.3800731
Bovey Tracey Substation,33000;11000,National Grid Electricity Distribution,50.5919963,-3.6798097
Bowden Park Substation,11000,National Grid Electricity Distribution,50.3863903,-3.9276012
Bowden Solar Farm,,National Grid Electricity Distribution,50.4110046,-4.7745413
Bowden Turbine Substation,11000,National Grid Electricity Distribution,50.9626882,-4.2679073
Bowes Park Substation,11000,National Grid Electricity Distribution,50.4124297,-4.2161193
Bowhay Lane EstateSubstation,11000,National Grid Electricity Distribution,50.7180739,-3.5592661
Bowhays Cross Substation,132000;33000;11000,National Grid Electricity Distribution,51.1585925,-3.3399057
Bowhays Walk Substation,11000,National Grid Electricity Distribution,50.3967822,-4.1103974
Bowjey,11000,,50.1005507,-5.5457177
Bowring Mead Substation,11000,National Grid Electricity Distribution,50.6592543,-3.7621885
Box Tree House Substation,11000,National Grid Electricity Distribution,51.2347898,-2.7158579
Boxfield RoadSubstation,11000,National Grid Electricity Distribution,50.7773909,-2.9980559
Bracey Road Substation,11000,National Grid Electricity Distribution,50.9779705,-2.765002
Bradford Manor 33kV Solar,33000,National Grid Electricity Distribution Plc,50.781119,-4.4395964
Bradham Court Substation,11000,National Grid Electricity Distribution,50.6278853,-3.3903804
Bradham Lane Substation,11000,National Grid Electricity Distribution,50.6247864,-3.3908146
Bradiford Village Substation,11000,National Grid Electricity Distribution,51.0895391,-4.0708176
Bradley Lane Substation,33000;11000,National Grid Electricity Distribution,50.5291232,-3.618244
Bradley Road Substation,11000,National Grid Electricity Distribution,50.5898583,-3.6589395
Bradon Farm Gen,33000,National Grid Electricity Distribution Plc,50.974558,-2.9107454
Bradpole Substation,11000,National Grid Electricity Distribution,50.7447399,-2.7414307
Bradworthy Ind Substation,11000,National Grid Electricity Distribution,50.9032312,-4.3839242
Bradworthy Substation,11000,National Grid Electricity Distribution,50.900341,-4.384832
Brakefield Substation,11000,National Grid Electricity Distribution,50.4220048,-3.8299487
Brandize Park Substation,11000,National Grid Electricity Distribution,50.7331682,-4.0008772
Branhams Substation,11000,National Grid Electricity Distribution,51.0636978,-4.0820257
Brannam Crescent No2 Substation,11000,National Grid Electricity Distribution,51.0649477,-4.090389
Brannam Crescent No3 Substation,11000,National Grid Electricity Distribution,51.0654837,-4.089668
Brannam Crescent Substation,11000,National Grid Electricity Distribution,51.0652833,-4.0876927
Brannam Crescent West Substation,11000,National Grid Electricity Distribution,51.0652464,-4.092894
Bratton Fleming East Substation,11000,National Grid Electricity Distribution,51.123141,-3.9333235
Bratton Fleming Solar Park,33000,National Grid Electricity Distribution Plc,51.1279507,-3.9192116
Bratton Fleming Substation,33000;11000,National Grid Electricity Distribution,51.1241531,-3.9369321
Bratton Fleming Water Works Substation,11000,National Grid Electricity Distribution,51.1309701,-3.9429354
Braunton,33000;11000,,51.1147629,-4.150104
Bray Valley Quarry Substation,11000,National Grid Electricity Distribution,51.0868747,-3.8760716
Brayford Close Substation,11000,National Grid Electricity Distribution,50.413604,-4.1613081
Braytown S/S,11000,SSE Power Distribution,50.6777563,-2.2297605
Brent Knoll Switching Site,33000,National Grid Electricity Distribution Plc,51.2608547,-2.9217842
Brent View Substation,11000,National Grid Electricity Distribution,50.4258029,-3.8284563
Brentfield Estate Substation,11000,National Grid Electricity Distribution,50.3331281,-4.5120176
Brentford Avenue Substation,11000,National Grid Electricity Distribution,50.4222259,-4.1606488
Brentor Rd Substation,11000,National Grid Electricity Distribution,50.3723635,-4.1182259
Brest Road Substation,11000,National Grid Electricity Distribution,50.4163208,-4.1213997
Bretonside Leisure Complex No.1 Substation,11000,National Grid Electricity Distribution,50.3702864,-4.1373292
Bretonside Leisure Complex No.2 Substation,11000,National Grid Electricity Distribution,50.3703075,-4.137274
Bretonside Leisure Complex No.3 Substation,11000,National Grid Electricity Distribution,50.3703326,-4.137214
Bridestowe South Substation,11000,National Grid Electricity Distribution,50.6839485,-4.1052961
Bridge Road Substation,11000,National Grid Electricity Distribution,50.3616225,-3.5728706
Bridge Road Substation,11000,National Grid Electricity Distribution,50.3982208,-3.5519682
Bridge Street Substation,11000,National Grid Electricity Distribution,51.1594993,-3.3209998
Bridge Street Substation,11000,National Grid Electricity Distribution,50.8204497,-4.0726827
Bridgend East Substation,11000,National Grid Electricity Distribution,50.3157656,-4.031734
Bridgend North Substation,11000,National Grid Electricity Distribution,50.3149492,-4.0341943
Bridgend South Substation,11000,National Grid Electricity Distribution,50.3131027,-4.0330693
Bridgetown Court Substation,11000,National Grid Electricity Distribution,50.4302216,-3.678237
Bridgetown Quay Substation,11000,National Grid Electricity Distribution,50.4294455,-3.6805693
Bridgetown Substation,11000,National Grid Electricity Distribution,50.431998,-3.6767373
Bridgwater Local Substation,33000;11000,National Grid Electricity Distribution,51.1291801,-3.0081298
Bridgwater Substation,400000;275000;132000,National Grid Electricity Distribution Plc,51.1173117,-2.9691519
Bridgwater Substation (BSP),132000;33000,National Grid Electricity Distribution Plc,51.11812,-2.9656965
Bridport Substation,33000,National Grid Electricity Distribution,50.7368929,-2.7614275
Brightley Brickworks Substation,11000,National Grid Electricity Distribution,50.7474947,-3.9952594
Brimmacombe Road Substation,11000,National Grid Electricity Distribution,50.9949395,-4.4799474
Brionne Heights Substation,11000,National Grid Electricity Distribution,50.7395323,-3.9940331
Briskfields Substation,11000,National Grid Electricity Distribution,50.3722362,-4.1701308
British Bakeries Substation,11000,National Grid Electricity Distribution,50.403817,-4.1671141
British Legion Housing Substation,11000,National Grid Electricity Distribution,51.1798964,-3.3341314
British Legion Substation,11000,National Grid Electricity Distribution,50.8302523,-4.5441134
British Rail Signalling Substation,11000,National Grid Electricity Distribution,50.5992124,-3.4440484
Briton Street Substation,11000,National Grid Electricity Distribution,50.9890222,-3.4829365
Britons Hill,11000,,50.123379,-5.5322126
Brittannia Avenue Substation,11000,National Grid Electricity Distribution,50.3494805,-3.6006156
Brixham Cross Substation,11000,National Grid Electricity Distribution,50.3735127,-3.5418763
Brixham Secondary Mod School Substation,11000,National Grid Electricity Distribution,50.3923572,-3.5082746
Brixham Station Substation,11000,National Grid Electricity Distribution,50.3975939,-3.5150318
Broad Close Farm Substation,11000,National Grid Electricity Distribution,50.8295106,-4.5297919
Broad Close Substation,11000,National Grid Electricity Distribution,51.0539758,-3.7979001
Broad Park Crescent Substation,11000,National Grid Electricity Distribution,51.2021221,-4.1291319
Broad Park Substation,11000,National Grid Electricity Distribution,50.4828574,-4.1922729
Broadclyst Repeater Stn Substation,11000,National Grid Electricity Distribution,50.7588501,-3.4404642
Broadclyst School Substation,11000,National Grid Electricity Distribution,50.7583814,-3.4391128
Broadclyst Station Trading Est Substation,11000,National Grid Electricity Distribution,50.7481068,-3.4281553
Broadley Park Road Substation,11000,National Grid Electricity Distribution,50.4431683,-4.121267
Broadmead Close Substation,11000,National Grid Electricity Distribution,50.8461738,-2.7699249
Broadmeadow Gasworks Substation,11000,National Grid Electricity Distribution,50.5474434,-3.5158362
Broadmeadow Lane Substation,11000,National Grid Electricity Distribution,50.5464596,-3.5133453
Broadoak Substation,11000,National Grid Electricity Distribution,50.8418367,-2.7741728
Broadpark Substation,11000,National Grid Electricity Distribution,50.7393578,-3.990413
Broadpark Substation,11000,National Grid Electricity Distribution,50.3491888,-3.5898721
Broads Yard Substation,11000,National Grid Electricity Distribution,50.3621769,-4.3698825
Broadsands Road Substation,11000,National Grid Electricity Distribution,50.4027291,-3.5618558
Broadway Substation,11000,National Grid Electricity Distribution,51.0715886,-4.119852
Bromley Place No 2 Substation,11000,National Grid Electricity Distribution,50.3818664,-4.1653865
Bromley Place Substation,11000,National Grid Electricity Distribution,50.3818408,-4.1653723
Brook Close 40 Substation,11000,National Grid Electricity Distribution,50.3809236,-4.0382255
Brook Farm Substation,11000,National Grid Electricity Distribution,51.2235291,-2.8142792
Brook Lane Industrial Units S/S,,,51.2657255,-2.2037931
Brook Road Substation,11000,National Grid Electricity Distribution,50.3893639,-3.9151961
Brook Street Substation,11000,National Grid Electricity Distribution,50.9890718,-3.4850223
Brooks Est Substation,11000,National Grid Electricity Distribution,50.42841,-3.8332583
Brookside Substation,11000,National Grid Electricity Distribution,50.9200294,-2.6907016
Broomborough Substation,11000,National Grid Electricity Distribution,50.4310484,-3.7013352
Brow Hill Substation,11000,National Grid Electricity Distribution,50.5701617,-3.650531
Brown & Sharpe Substation,11000,National Grid Electricity Distribution,50.4234648,-4.1904513
Brownston Street Substation,11000,National Grid Electricity Distribution,50.35014,-3.885367
Brunel Park Substation,11000,National Grid Electricity Distribution,51.2747424,-2.7833774
Brunel Road Substation,11000,National Grid Electricity Distribution,50.4028405,-3.5543804
Brunenburg Way Substation,11000,National Grid Electricity Distribution,50.7738335,-2.9985903
Brush End,11000,National Grid Electricity Distribution (South West) plc,50.1819579,-5.4424106
Brushford Council Houses Substation,11000,National Grid Electricity Distribution,51.020935,-3.5359745
Brutus Bridge Pmp St Substation,11000,National Grid Electricity Distribution,50.4323344,-3.6816925
Brynmoor Park Substation,11000,National Grid Electricity Distribution,50.3940744,-4.1205266
Brynsworthy Depot Substation,11000,National Grid Electricity Distribution,51.0553257,-4.0977605
Brynsworthy Park Substation,11000,National Grid Electricity Distribution,51.0711209,-4.0882301
Brynsworthy Trasfer Station Substation,11000,National Grid Electricity Distribution,51.0546279,-4.0986992
Bubbleland Substation,11000,National Grid Electricity Distribution,50.4500599,-4.4525639
Buckeridge Avenue Substation,11000,National Grid Electricity Distribution,50.555308,-3.5015611
Buckfast Road Substation,11000,National Grid Electricity Distribution,50.4837127,-3.7704538
Buckfast School Substation,11000,National Grid Electricity Distribution,50.4939727,-3.7767935
Buckfast Substation,11000,National Grid Electricity Distribution,50.4915461,-3.776561
Buckfastleigh Ind Site Substation,11000,National Grid Electricity Distribution,50.4819988,-3.7793541
Buckfastleigh Substation,33000;11000,National Grid Electricity Distribution,50.4804538,-3.7688371
Buckfastleigh Tannery Substation,11000,National Grid Electricity Distribution,50.482192,-3.782873
Buckland Monachorum Substation,11000,National Grid Electricity Distribution,50.492812,-4.1294235
Buckleigh Laundry Substation,11000,National Grid Electricity Distribution,51.0341411,-4.2318893
Buckley St Substation,11000,National Grid Electricity Distribution,50.2385638,-3.7678272
Bucks Mills Village Substation,11000,National Grid Electricity Distribution,50.9880447,-4.3448248
Buckwell Street Substation,33000;11000,National Grid Electricity Distribution,50.369505,-4.1380232
Bude Rugby Club Substation,11000,National Grid Electricity Distribution,50.8217428,-4.542909
Bude Safeway Substation,11000,National Grid Electricity Distribution,50.8285267,-4.5279725
Bude Stratton Business Park Substation,11000,National Grid Electricity Distribution,50.8224313,-4.526837
Budleigh Salterton Substation,33000;11000,National Grid Electricity Distribution,50.630344,-3.3328174
Budshead Road Substation,11000,National Grid Electricity Distribution,50.4162057,-4.1669677
Buena Vista Drive Substation,11000,National Grid Electricity Distribution,50.4282762,-4.1068976
Bugle Substation,33000;11000,National Grid Electricity Distribution,50.3998026,-4.7947277
Bull Point Lighthse Substation,11000,National Grid Electricity Distribution,51.1987135,-4.201572
Bullans Lane,11000,,50.2115152,-5.4861571
Bullpoint Road Substation,11000,National Grid Electricity Distribution,50.4011887,-4.1882391
Bully Cleaves Substation,11000,National Grid Electricity Distribution,50.4875315,-3.7737793
Bunyan Close Substation,11000,National Grid Electricity Distribution,50.4079355,-4.1509478
Buriton Row,11000,,50.1180365,-5.5400891
Burlescombe Substation,33000,National Grid Electricity Distribution,50.9467906,-3.3272842
Burlington Road Substation,11000,National Grid Electricity Distribution,51.2903623,-2.4713671
Burn View Substation,11000,National Grid Electricity Distribution,50.8315242,-4.5437932
Burnett Road (32) Substation,,,50.4008419,-4.1291929
Burnham Substation,33000;11000,National Grid Electricity Distribution,51.2381297,-2.9881897
Burniston Close 47 Substation,11000,National Grid Electricity Distribution,50.3794598,-4.0357298
Burnside Substation,11000,National Grid Electricity Distribution,50.6291688,-3.4025031
Burrator Ave Substation,11000,National Grid Electricity Distribution,50.5478856,-3.9948526
Burrator Dam Substation,11000,National Grid Electricity Distribution,50.4938882,-4.0440579
Burrator Lodge Substation,11000,National Grid Electricity Distribution,50.4973639,-4.0449216
Burrator Road Substation,11000,National Grid Electricity Distribution,50.4942463,-4.0591921
Burrough Street Substation,11000,National Grid Electricity Distribution,50.9811178,-2.7426056
Burrows House Substation,11000,National Grid Electricity Distribution,51.2062415,-4.1219178
Burthy 33kv Solar Park,33000,National Grid Electricity Distribution,50.3644596,-4.9462241
Burton Bradstock PME Substation,11000,National Grid Electricity Distribution,50.7034692,-2.7265038
Burton Road Substation,11000,National Grid Electricity Distribution,50.7175123,-2.754073
Bussell Land Substation,11000,National Grid Electricity Distribution,50.7826732,-2.9895303
Butchers Park Hill Substation,11000,National Grid Electricity Distribution,50.557497,-4.1509663
Butt Park Substation,11000,National Grid Electricity Distribution,50.4113629,-4.1542022
Buttercup Road No 2 Substation,11000,National Grid Electricity Distribution,50.4106277,-4.1198998
Buttercup Road Substation,11000,National Grid Electricity Distribution,50.4100325,-4.1146608
Buttlegate Estate Substation,11000,National Grid Electricity Distribution,50.36275,-4.3639752
Buxtons Close Substation,11000,National Grid Electricity Distribution,51.209996,-2.6889083
Byron Avenue Substation,11000,National Grid Electricity Distribution,50.4078275,-4.154733
Bystock Chase Substation,11000,National Grid Electricity Distribution,50.6412673,-3.3819066
Bystock Farm 33kv Solar Pk,33000,National Grid Electricity Distribution Plc,50.6501816,-3.3830535
Bystock Road Substation,11000,National Grid Electricity Distribution,50.6447423,-3.3900334
C&J Clark Liverton Substation,11000,National Grid Electricity Distribution,50.6312023,-3.3752036
COOMBE FARM 33KV SOLAR PARK,33000,National Grid Electricity Distribution Plc,50.656811,-3.3949147
CRS Supermarket Substation,11000,National Grid Electricity Distribution,50.5475588,-3.4951471
Cable & Wireless Kingshill Substation,11000,National Grid Electricity Distribution,50.8207234,-4.5325736
Cable & Wireless Substation,11000,National Grid Electricity Distribution,50.8834313,-2.7880591
Cable and Wireless Substation,11000,National Grid Electricity Distribution,50.3854457,-4.0185431
Caddapit Substation,11000,National Grid Electricity Distribution,50.4960269,-4.341194
Cadgwith Substation,11000,National Grid Electricity Distribution,49.987796,-5.1800403
Cadleigh Close Substation,11000,National Grid Electricity Distribution,50.3868613,-3.9537723
Cains Farm Substation,11000,National Grid Electricity Distribution,50.7318044,-2.8168401
Cairnside Substation,11000,National Grid Electricity Distribution,51.1974044,-4.1241966
Callington Aux No 1 Substation,11000,National Grid Electricity Distribution,50.5042318,-4.3195714
Callington Grammer School Substation,11000,National Grid Electricity Distribution,50.507021,-4.3105283
Callington New Road Substation,11000,National Grid Electricity Distribution,50.5021948,-4.3154536
Callington Pengelly Substation,11000,National Grid Electricity Distribution,50.5059281,-4.3091927
Callington Substation,33000;11000,National Grid Electricity Distribution,50.504236,-4.3200995
Callington Town Substation,11000,National Grid Electricity Distribution,50.5047459,-4.3150209
Callywith Substation,33000;11000,National Grid Electricity Distribution,50.479701,-4.6998024
Camber Road Substation,11000,National Grid Electricity Distribution,50.363527,-4.1570866
Camborne Substation,132000;33000,National Grid Electricity Distribution,50.228919,-5.2798385
Camel head Sewage No 2 Substation,11000,National Grid Electricity Distribution,50.3911891,-4.1743061
Camelford Bridge Substation,11000,National Grid Electricity Distribution,50.6235244,-4.6783863
Camelford Industrial Substation,11000,National Grid Electricity Distribution,50.6184676,-4.6840615
Camelford treatment Works Substation,11000,National Grid Electricity Distribution,50.6190301,-4.6792205
Camels Head Substation,11000,National Grid Electricity Distribution,50.3925648,-4.1750638
Cameron DriveSubstation,11000,National Grid Electricity Distribution,50.3883862,-3.9363074
Campanile Hotel Substation,11000,National Grid Electricity Distribution,50.39597,-4.0949371
Camperdown Street Substation,11000,National Grid Electricity Distribution,50.3825831,-4.1736034
Campkin Road Substation,11000,National Grid Electricity Distribution,51.2069826,-2.6654958
Camps Bay Substation,11000,National Grid Electricity Distribution,50.3612406,-4.3631033
Candar Flats Substation,11000,National Grid Electricity Distribution,51.2095581,-4.1205195
Candy Tiles Substation,11000,National Grid Electricity Distribution,50.5711533,-3.6489474
Canefields Avenue Substation,11000,National Grid Electricity Distribution,50.3795773,-4.0302401
Cann Wood View Substation,11000,National Grid Electricity Distribution,50.4315802,-4.0962507
Cannon Hill Substation,11000,National Grid Electricity Distribution,50.4536666,-4.4630337
Cannon Road Substation,11000,National Grid Electricity Distribution,50.5709795,-3.6528229
Canworthy Solar Farm Substation,132000,National Grid Electricity Distribution Plc,50.7118182,-4.515063
Capel Lane Substation,11000,National Grid Electricity Distribution,50.6286159,-3.3773952
Capelands Farm Solar Substation,33000,National Grid Electricity Distribution Plc,51.1338948,-3.9134393
Caprera Terrace Substation,11000,National Grid Electricity Distribution,50.3769456,-4.1440271
Car Charging Units Substation,11000,National Grid Electricity Distribution,50.6437779,-4.2847492
Caradon Close Substation,11000,National Grid Electricity Distribution,50.4223928,-4.1236616
Caravan Park Newport Substation,11000,National Grid Electricity Distribution,50.693126,-3.4816123
Carbeile Estate Substation,11000,National Grid Electricity Distribution,50.3758002,-4.2028225
Carbeile Mill Substation,11000,National Grid Electricity Distribution,50.3730647,-4.207666
Carbis Bay,11000,,50.1939299,-5.4689315
Carbis Bay Holiday Centre,11000,,50.1863003,-5.4678441
Carbis Estate,11000,National Grid Electricity Distribution (South West) plc,50.1952337,-5.4719162
Carbis Hotel,11000,,50.19795,-5.4659034
Carbis Valley,11000,,50.1962274,-5.468064
Carbis Water,11000,,50.1958569,-5.474168
Carbona Close Substation,11000,National Grid Electricity Distribution,50.5084831,-4.3176841
Cardinnis Road,11000,National Grid,50.1168927,-5.5521323
Carew Road S/S No 4128,,South Western Electricity PLC,50.2382407,-5.1861109
Carhampton Old P Bun Substation,11000,National Grid Electricity Distribution,51.1745271,-3.4226822
Carhampton Substation,11000,National Grid Electricity Distribution,51.1728992,-3.4198265
Carhampton Vicarage Substation,11000,National Grid Electricity Distribution,51.1743646,-3.4169662
Carlisle Road Substation,11000,National Grid Electricity Distribution,50.4153269,-4.1485705
Carloggas Farm 33kv Solar,33000,National Grid Electricity Distribution,50.3525539,-4.8748877
Carlton Pavilion Substation,11000,National Grid Electricity Distribution,50.5451659,-3.4944606
Carlton Substation,11000,National Grid Electricity Distribution,51.206416,-3.4773655
Carlton Terrace 32 Substation,11000,National Grid Electricity Distribution,50.3966573,-4.1793954
Carlyon Road,,National Grid Electricity Distribution,50.3396336,-4.785202
Carn Brea Substation,33000;11000,National Grid Electricity Distribution,50.2282537,-5.2806841
Carnellis Road,11000,,50.2101506,-5.4918417
Carnemough Farm Solar Substation,33000,National Grid Electricity Distribution,50.3315027,-4.9234266
Carninney Rise,11000,,50.1936053,-5.4730774
Carpenters Workshop Substation,11000,National Grid Electricity Distribution,51.0660827,-4.0801119
Carr Lane Substation,11000,National Grid Electricity Distribution,50.2939813,-3.6578909
Carrack Gladden,11000,,50.1973528,-5.4649994
Carradale Road 5 Substation,11000,National Grid Electricity Distribution,50.3960076,-4.1072726
Carrallack Park,11000,,50.1218204,-5.6818012
Carrallack Terrace,11000,,50.1209938,-5.6803093
Carriers LaneSubstation,11000,National Grid Electricity Distribution,50.8286403,-4.5430405
Carrol Road Substation,11000,National Grid Electricity Distribution,50.4112511,-4.1474678
Castle Heights Substation,11000,National Grid Electricity Distribution,51.2286473,-3.8327727
Castle Hill Substation,11000,National Grid Electricity Distribution,50.6383235,-4.3605417
Castle Hotel Substation,11000,National Grid Electricity Distribution,50.6671644,-4.7546781
Castle Park Road Substation,11000,National Grid Electricity Distribution,51.0722934,-4.0234006
Castle Park Substation,11000,National Grid Electricity Distribution,50.455762,-4.4604909
Castle Road Substation,11000,National Grid Electricity Distribution,50.7347161,-4.0039247
Castle Street Substation,11000,National Grid Electricity Distribution,50.3664504,-4.1356526
Castle an Dinas,11000,,50.156222,-5.5224883
Castleton Substation,11000,National Grid Electricity Distribution,50.8936161,-2.7498734
Castor Industrial Site Substation,11000,National Grid Electricity Distribution,50.3871811,-3.5129886
Castor Road Substation,11000,National Grid Electricity Distribution,50.3893066,-3.5151207
Cat and Fiddle Mobile Homes Substation,11000,National Grid Electricity Distribution,50.7087315,-3.4307294
Cattedown Rd Substation,11000,National Grid Electricity Distribution,50.3687785,-4.123636
Cattedown Wharves Substation,11000,National Grid Electricity Distribution,50.36237,-4.1160957
Cattewater Road Substation,11000,National Grid Electricity Distribution,50.3632967,-4.115952
Cattle Market Substation,11000,National Grid Electricity Distribution,50.4534252,-4.4676051
Causeway Terrace Substation,11000,National Grid Electricity Distribution,51.1778686,-3.3282101
Causilgey 33kV Solar Park,33000,National Grid Electricity Distribution Plc,50.285467,-5.1142471
Cavalier Road No 2 Substation,11000,National Grid Electricity Distribution,50.5745651,-3.6606575
Cavalier Road Substation,11000,National Grid Electricity Distribution,50.5726994,-3.6584573
Cawsand Fort Substation,11000,National Grid Electricity Distribution,50.3324074,-4.2025404
Cawsand Substation,11000,National Grid Electricity Distribution,50.3318672,-4.203572
Cedar Park Substation,11000,National Grid Electricity Distribution,50.3343386,-4.1179866
Cemetery Substation,11000,National Grid Electricity Distribution,50.5722375,-3.7203277
Central Intake Substation,33000,,50.3775831,-4.1806472
Central Kitchen Substation,11000,National Grid Electricity Distribution,50.9552002,-2.7486269
Central Park Towers Substation,11000,National Grid Electricity Distribution,50.3787653,-4.1442306
Central Road Lee Mill Substation,11000,National Grid Electricity Distribution,50.3857646,-3.9599163
Centry Road Substation,11000,National Grid Electricity Distribution,50.3916337,-3.5035926
Chagford Substation,11000,National Grid Electricity Distribution,50.6737191,-3.8402326
Challaborough Beach Substation,11000,National Grid Electricity Distribution,50.2899677,-3.8984517
Challaborough Substation,11000,National Grid Electricity Distribution,50.2909972,-3.8956603
Challenger Way Substation,11000,National Grid Electricity Distribution,50.947857,-2.6774927
Channel Park Ave 101 Substation,11000,National Grid Electricity Distribution,50.3882178,-4.1169232
Channel View Terrace Substation,11000,National Grid Electricity Distribution,50.3773969,-4.1217708
Chapel Cottages Substation,11000,National Grid Electricity Distribution,50.4388013,-4.0119877
Chapel Row Substation,11000,National Grid Electricity Distribution,50.4929437,-4.4622758
Chapel St Substation,11000,National Grid Electricity Distribution,50.4814498,-3.7794425
Chapel Street Bere Alston Substation,11000,National Grid Electricity Distribution,50.4812088,-4.1908027
Chapel Street St Day 41/0589,,South Western Electricity PLC,50.2403217,-5.1876499
Chapel Street Substation,11000,National Grid Electricity Distribution,50.524187,-4.2143207
Chapeldown Estate Substation,11000,National Grid Electricity Distribution,50.3722063,-4.2024387
Chard Barton Substation,11000,National Grid Electricity Distribution,50.4120486,-4.1584841
Charleton Court Substation,11000,National Grid Electricity Distribution,50.270242,-3.7529647
Charlotte Street Flats Substation,11000,National Grid Electricity Distribution,50.3791713,-4.1775795
Charlotte Street School Substation,11000,National Grid Electricity Distribution,50.3808992,-4.1780348
Charlton Crescent Sub-Station,11000,National Grid Electricity Distribution,50.4106344,-4.1220127
Charmborough Farm Substation,11000,National Grid Electricity Distribution,51.2604635,-2.462045
Charmouth Substation,11000,National Grid Electricity Distribution,50.7394962,-2.9005148
Charnhill Way Substation,11000,National Grid Electricity Distribution,50.3549374,-4.0744634
Chase Webb Substation,11000,National Grid Electricity Distribution,50.3851439,-4.0169688
Cheddar Business Park Substation,11000,National Grid Electricity Distribution,51.2722057,-2.7838059
Cheddar Court Substation,11000,National Grid Electricity Distribution,51.2752468,-2.782339
Cheddar School Substation,11000,National Grid Electricity Distribution,51.2754604,-2.7785804
Cheddar Service Centre Substation,11000,National Grid Electricity Distribution,51.2761308,-2.7809443
Cheddar Substation,33000;11000,National Grid Electricity Distribution,51.2746451,-2.7829527
Cheese Factory Switching Station Substation,11000,National Grid Electricity Distribution,50.796036,-3.912854
Cheese Two Substation,11000,National Grid Electricity Distribution,50.649136,-4.6368416
Chelson Gdns Substation,11000,National Grid Electricity Distribution,50.4126874,-4.093528
Chelson Meadow NFFO 4Substation,11000,National Grid Electricity Distribution,50.3736769,-4.1008617
Chelson Meadow Pumping Station Substation,11000,National Grid Electricity Distribution,50.3704993,-4.1035866
Chelson Meadow Ro Generator Substation,11000,National Grid Electricity Distribution,50.3736516,-4.1007476
Chelston Business Park,,National Grid Electricity Distribution,50.9843686,-3.2007305
Chelston Manor Business Park,,National Grid Electricity Distribution,50.9844524,-3.2071263
Chelston Meadow RTS Building Substation,11000,National Grid Electricity Distribution,50.3715816,-4.100472
Chequettes Close Substation,11000,National Grid Electricity Distribution,50.4992749,-4.313611
Cheriton House Substation,11000,National Grid Electricity Distribution,50.4136365,-4.1632916
Cherry Grove Substation,11000,National Grid Electricity Distribution,51.0652319,-4.0420985
Cheshire Road Substation,11000,National Grid Electricity Distribution,50.6334824,-3.3832825
Chesnut Road Substation,11000,National Grid Electricity Distribution,50.972967,-2.769343
Chestnut Way Substation,11000,National Grid Electricity Distribution,51.1780981,-3.3774144
Chewton Mendip Substation,33000;11000,National Grid Electricity Distribution Plc,51.2716894,-2.5654122
Cheyhom Cottage Substation,11000,National Grid Electricity Distribution,50.9369981,-2.7595939
Cheyne Beach Substation,11000,National Grid Electricity Distribution,51.211041,-4.1159815
Chichacott Lane Substation,11000,National Grid Electricity Distribution,50.7448921,-3.9896642
Chichester Close Substation,11000,National Grid Electricity Distribution,50.6244845,-3.3970854
Chichester House Substation,11000,National Grid Electricity Distribution,50.3666963,-4.1486399
Chickerell Substation,400000;132000,National Grid,50.6238898,-2.4875428
Chideock Substation,11000,National Grid Electricity Distribution,50.7323943,-2.8217365
Chilcompton Substation,11000,National Grid Electricity Distribution,51.2600526,-2.5080429
Chilkwell Street,,National Grid,51.1449609,-2.7104856
Chillington Substation,11000,National Grid Electricity Distribution,50.272857,-3.6915888
Chillparks Estate Substation,11000,National Grid Electricity Distribution,51.0709949,-4.1336374
China Fleet Club Substation,11000,National Grid Electricity Distribution,50.4225004,-4.2137308
Chivenor Central Substation,11000,National Grid Electricity Distribution,51.0914129,-4.133615
Chivenor Cross Industrial Substation,11000,National Grid Electricity Distribution,51.0950946,-4.1446846
Chivenor Cross Residential Substation,11000,National Grid Electricity Distribution,51.0947065,-4.1435837
Chivenor East Substation,11000,National Grid Electricity Distribution,51.0910355,-4.1305888
Chivenor Grass Drier Substation,11000,National Grid Electricity Distribution,51.0932986,-4.1323245
Chivenor West Substation,11000,National Grid Electricity Distribution,51.091564,-4.1359968
Christina Pk Substation,11000,National Grid Electricity Distribution,50.4281843,-3.6713513
Chrston Links Substation,11000,National Grid Electricity Distribution,50.39807,-3.5450152
Chttleburn Substation,11000,National Grid Electricity Distribution,50.3535036,-4.0492312
Chubbs Lawn Substation,11000,National Grid Electricity Distribution,50.8822876,-2.798102
Chubby Croft Close Substation,11000,National Grid Electricity Distribution,50.9935849,-4.4778776
Chudleigh Knighton Substation,33000;11000,National Grid Electricity Distribution Plc,50.5877682,-3.6256734
Church Close Substation,11000,National Grid Electricity Distribution,51.1235566,-3.9410164
Church Close Substation,11000,National Grid Electricity Distribution,50.403114,-3.6620154
Church Hill Substation,11000,National Grid Electricity Distribution,51.0723793,-4.1256717
Church Hill Substation,11000,National Grid Electricity Distribution,50.4973313,-4.2058823
Church House Inn Substation,11000,National Grid Electricity Distribution,50.2983188,-3.8102656
Church House Substation,11000,National Grid Electricity Distribution,51.2743074,-2.7760982
Church Lane Substation,11000,National Grid Electricity Distribution,50.3489915,-3.8916581
Church Lane Substation,11000,National Grid Electricity Distribution,50.7057691,-3.4465376
Church Park Estate Substation,11000,National Grid Electricity Distribution,51.072447,-4.1287137
Church Park Road Substation,11000,National Grid Electricity Distribution,50.4351075,-4.095022
Church Road Substation,11000,National Grid Electricity Distribution,50.3568053,-4.087743
Church Road Wembury 80 Substation,11000,National Grid Electricity Distribution,50.324168,-4.0755359
Church St Substation,11000,National Grid Electricity Distribution,50.4260395,-3.8352367
Church Street Substation,11000,National Grid Electricity Distribution,50.2846455,-3.7765041
Church Street Substation,11000,National Grid Electricity Distribution,50.9194001,-2.6875201
Church Street Substation,11000,National Grid Electricity Distribution,50.8845439,-2.7963666
Churchfield Substation,11000,National Grid Electricity Distribution,50.351207,-3.5904463
Churchill Flats Penzance,11000,,50.1196107,-5.5335997
Churchill Road Substation,11000,National Grid Electricity Distribution,50.6368812,-3.3940271
Churchlands Substation,11000,National Grid Electricity Distribution,50.6416933,-4.2841243
Churchstow Walk Substation,11000,National Grid Electricity Distribution,50.4020774,-4.0946916
Churchtown Cornwood Substation,11000,National Grid Electricity Distribution,50.4176446,-3.9635406
Churchtown Farm 33kv Solar,33000,National Grid Electricity Distribution,50.216096,-5.365195
Churston Ferrers Substation,11000,National Grid Electricity Distribution,50.3952073,-3.5445999
Churston Substation,33000;11000,National Grid Electricity Distribution,50.4024126,-3.5659547
Chy an Gweal,11000,,50.1979417,-5.4720783
Chyandour,11000,,50.1253122,-5.5295286
Cinema Substation,11000,National Grid Electricity Distribution,50.8826607,-2.7960512
Cirtronics Substation,11000,National Grid Electricity Distribution,50.6291276,-3.3824831
Citadel Road Substation,11000,National Grid Electricity Distribution,50.3665988,-4.1461524
City Transport Substation,11000,National Grid Electricity Distribution,50.3849201,-4.1565924
Civic Centre Substation,11000,National Grid Electricity Distribution,50.3689637,-4.1434504
Civic Centre Substation,11000,National Grid Electricity Distribution,51.0815545,-4.0644728
Clanville Flats Substation,11000,National Grid Electricity Distribution,51.2078711,-3.4790579
Clare Place Substation,11000,National Grid Electricity Distribution,50.3682018,-4.1272426
Claremont Lane Substation,11000,National Grid Electricity Distribution,50.6204974,-3.3970439
Claremont Street Substation,11000,National Grid Electricity Distribution,50.375366,-4.1459014
Clarence Street Substation,11000,National Grid Electricity Distribution,50.3540332,-3.5773688
Clarkes Substation,11000,National Grid Electricity Distribution,50.5921702,-3.668352
Clarks Factory Substation,11000,National Grid Electricity Distribution,51.2036998,-3.4679092
Clatworthy Estate Substation,11000,National Grid Electricity Distribution,50.7969458,-3.8979592
Clatworthy Pump Substation,11000,National Grid Electricity Distribution,51.0720535,-3.3647847
Clay Lane Substation,11000,National Grid Electricity Distribution,50.5782817,-3.6320983
Claypits Road Substation,11000,National Grid Electricity Distribution,51.0693247,-4.0989979
Cleathorne Cable & Wireless Substation,11000,National Grid Electricity Distribution,50.7978466,-4.5388822
Cleave Camp Married Qtr Substation,11000,National Grid Electricity Distribution,50.889435,-4.5463117
Cleave Farm 33kV Solar Pk,33000,National Grid Electricity Distribution Plc,51.003541,-4.1424572
Cleave Road Substation,11000,National Grid Electricity Distribution,51.0745936,-4.0712398
Cleave Substation,11000,National Grid Electricity Distribution,50.6192801,-3.7185231
Cleeve Drive 110Substation,11000,National Grid Electricity Distribution,50.3918258,-3.9303861
Cleeve Drive 133 Substation,11000,National Grid Electricity Distribution,50.3921718,-3.9324717
Cliff House Substation,11000,National Grid Electricity Distribution,50.2362977,-3.7680305
Cliff Road Plymouth Substation,11000,National Grid Electricity Distribution,50.3653239,-4.1462456
Cliff Road Substation,11000,National Grid Electricity Distribution,51.2807726,-2.7717413
Clifton Heights Substation,11000,National Grid Electricity Distribution,50.8172339,-4.3552704
Clinic Substation,11000,National Grid Electricity Distribution,50.6266227,-3.4063619
Clipper Tea Pot Substation,11000,National Grid Electricity Distribution,50.8109594,-2.7518885
Clobells Substation,11000,National Grid Electricity Distribution,50.4233354,-3.8318385
Clovelly Road Retail ParkSubstation,11000,National Grid Electricity Distribution,51.0069445,-4.237965
Clovelly Substation,33000;11000,National Grid Electricity Distribution,50.9833779,-4.4047881
Clovelly Watchtower Substation,11000,National Grid Electricity Distribution,50.9989142,-4.4018644
Clowance Lane Substation,11000,National Grid Electricity Distribution,50.3672057,-4.1759803
Clyst Honiton Substation,33000;11000,National Grid Electricity Distribution Plc,50.7291273,-3.43415
Co-Op Substation,11000,National Grid Electricity Distribution,51.2083645,-4.1271966
Coast Road Substation,11000,National Grid Electricity Distribution,50.6949391,-2.7144587
Coast View Park Substation,11000,National Grid Electricity Distribution,50.5349765,-3.503542
Coat Road Substation,11000,National Grid Electricity Distribution,50.9759967,-2.7703614
Cobbett Road Substation,11000,National Grid Electricity Distribution,50.4058292,-4.1571322
Cobbs Cross Solar Farm Substation,,National Grid Electricity Distribution,51.1137381,-3.0383872
Cobourg Point Substation,11000,National Grid Electricity Distribution,50.3741245,-4.1413612
Coburg Substation,11000,National Grid Electricity Distribution,50.6001108,-3.6049554
Cockhaven Substation,11000,National Grid Electricity Distribution,50.5520064,-3.5410925
Cockington Close Substation,11000,National Grid Electricity Distribution,50.4062972,-4.0951701
Cofton Farm Substation,11000,National Grid Electricity Distribution,50.6130301,-3.4599646
Coleman Avenue Substation,11000,National Grid Electricity Distribution,50.5502664,-3.510719
Coleridge House Substation,11000,National Grid Electricity Distribution,50.2817364,-3.6947478
Coles Barn Substation,11000,National Grid Electricity Distribution,50.5482861,-3.5373764
Coles Mill,,National Grid Electricity Distribution (South West) plc,50.8066836,-4.3522101
Colesdown Hill Substation,11000,National Grid Electricity Distribution,50.3678346,-4.0796923
Coleton Barton Farm Substation,11000,National Grid Electricity Distribution,50.3493715,-3.5379109
Coley Pumping Station Substation,11000,National Grid Electricity Distribution Plc,51.2970594,-2.5974593
Collacott Solar Farm Substation,11000,National Grid Electricity Distribution,51.0523419,-4.1291037
Collacott Turbine Substation,11000,National Grid Electricity Distribution,51.0487449,-4.128013
Collaton Cross Substation,11000,National Grid Electricity Distribution,50.2403226,-3.8039855
Collaton Turbine Substation,11000,National Grid Electricity Distribution,50.8607066,-4.4935026
College Dean Close Substation,11000,National Grid Electricity Distribution,50.4211253,-4.1072479
College Road Substation,11000,National Grid Electricity Distribution,50.3843191,-4.1762508
College of Art Substation,11000,National Grid Electricity Distribution,50.3734077,-4.1365202
Colley End Substation,33000;11000,National Grid Electricity Distribution,50.438462,-3.5708194
Colliers Lane S/S,11000,SSE Power Distribution,50.6783076,-2.2235151
Collings Park Substation,11000,National Grid Electricity Distribution,50.3925266,-4.1222381
Coltness Road Substation,11000,National Grid Electricity Distribution,50.353307,-4.0723775
Colyford Substation,33000;11000,National Grid Electricity Distribution Plc,50.7289306,-3.0565106
Comer Road Substation,11000,National Grid Electricity Distribution,51.2765061,-2.7842526
Common Lane Substation,11000,National Grid Electricity Distribution,50.6983346,-2.7212833
Commons Lane Substation,11000,National Grid Electricity Distribution,50.5845089,-3.4709115
Compass Drive Substation,11000,National Grid Electricity Distribution,50.3964933,-4.0348236
Compass West Substation,11000,National Grid Electricity Distribution,50.6300049,-4.4096053
Compton Avenue 42 Substation,11000,National Grid Electricity Distribution,50.387394,-4.1264097
Compton Knoll Substation,11000,National Grid Electricity Distribution,50.3904651,-4.122671
Compton Road Substation,11000,National Grid Electricity Distribution,50.9486637,-2.8143335
Compton Substation,11000,National Grid Electricity Distribution,50.4717819,-3.5968277
Comyn Hill Chalets No 1 Substation,11000,National Grid Electricity Distribution,51.2007781,-4.1147619
Comyn Hill Ilfracombe Substation,11000,National Grid Electricity Distribution,51.2007474,-4.114895
Connaught Ave Lane 32 Substation,11000,National Grid Electricity Distribution,50.3833965,-4.1315475
Connon Bridge Landfill,33000,National Grid Electricity Distribution,50.4331922,-4.5666459
Conoco Substation,11000,National Grid Electricity Distribution,50.3626414,-4.1227823
Constantine St Substation,11000,National Grid Electricity Distribution,50.3727985,-4.1341484
Constantine Substation,33000;11000,National Grid Electricity Distribution Plc,50.1242518,-5.185109
Continental Hotel Substation,11000,National Grid Electricity Distribution,50.3686767,-4.1488384
Control Packaging S/S,,,51.2729126,-2.2073207
Control Tower Substation,11000,National Grid Electricity Distribution,50.002548,-5.2263881
Conway Gardens Substation,11000,National Grid Electricity Distribution,50.3965887,-4.1577035
Cookworthy Road Substation,11000,National Grid Electricity Distribution,50.3933979,-4.1668611
Coombe Dean School Substation,11000,National Grid Electricity Distribution,50.3546909,-4.0775149
Coombe End Substation,11000,National Grid Electricity Distribution,50.3364236,-4.2043602
Coombe Meadows Substation,11000,National Grid Electricity Distribution,50.2738962,-3.7027212
Coombe Park Farm Substation,11000,National Grid Electricity Distribution,50.4081173,-3.6834784
Coombe Park Lane Substation,11000,National Grid Electricity Distribution,50.4123951,-4.1669567
Coombe Park Road Substation,11000,National Grid Electricity Distribution,50.5525001,-3.510653
Coombe Reservoir Substation,11000,National Grid Electricity Distribution,50.5528271,-3.5137738
Coombe Road S/S,,SSE Power Distribution,50.7478539,-2.345683
Coombe Way Substation,11000,National Grid Electricity Distribution,50.4059553,-4.1703104
Coombeshead Farm 33kv Solar,33000,National Grid Electricity Distribution Plc,50.3886408,-3.7622501
Coombs Land Substation,11000,National Grid Electricity Distribution,50.7425464,-3.9781014
Copland Meadow Substation,11000,National Grid Electricity Distribution,50.4348912,-3.6957366
Coppermine Gunnislake Substation,11000,National Grid Electricity Distribution,50.526722,-4.2143482
Copse Close Substation,11000,National Grid Electricity Distribution,50.3852407,-4.0595065
Copse Road Substation,11000,National Grid Electricity Distribution,50.3848729,-4.0559013
Copthorne Hotel Substation,11000,National Grid Electricity Distribution,50.3743683,-4.1429934
Copythorne Road Substation,11000,National Grid Electricity Distribution,50.391638,-3.5305051
Core Hill Substation,33000,National Grid Electricity Distribution Plc,50.7018775,-3.2468926
Cornwall Energy Recovery Centre Substation,132000,,50.3773637,-4.8908712
Cornwall Street Substation,11000,National Grid Electricity Distribution,50.3721258,-4.1411201
Cornwood Road Substation,11000,National Grid Electricity Distribution,50.3880506,-3.9406355
Cornworthy Substation,11000,National Grid Electricity Distribution,50.388815,-3.6515965
Coronation Park Substation,11000,National Grid Electricity Distribution,50.5044682,-4.3101407
Coronation Place Substation,11000,National Grid Electricity Distribution,50.4004756,-4.1818933
Coronation Road Substation,11000,National Grid Electricity Distribution,50.7283895,-2.7650262
Coronation Street Substation,11000,National Grid Electricity Distribution,50.5415445,-3.5083447
Coryate Close Substation,11000,National Grid Electricity Distribution,50.9354302,-2.7029791
Cosdon Place Sub-Station,,,50.4062476,-4.1303661
Cot Hill Close Substation,11000,National Grid Electricity Distribution,50.3904061,-4.0735551
Cot Hill Substation,11000,National Grid Electricity Distribution,50.3871981,-4.0737501
Cott Meadow Substation,11000,National Grid Electricity Distribution,50.4419123,-3.7079028
Cott Substation,11000,National Grid Electricity Distribution,50.4443707,-3.7072268
Countess Wear Substation,33000;11000,National Grid Electricity Distribution,50.7014426,-3.4938496
Countess Wear Swge 1 Substation,11000,National Grid Electricity Distribution,50.6923394,-3.4918597
Counties Crescent Substation,11000,National Grid Electricity Distribution,50.6237694,-3.4466997
County School,11000,,50.1241101,-5.5408222
Court Close Substation,11000,National Grid Electricity Distribution,50.7459335,-2.7385392
Court Farm Substation,11000,National Grid Electricity Distribution,50.566967,-3.4809456
Court Orchard Substation,11000,National Grid Electricity Distribution,50.7718814,-3.5888606
Court Park Substation,11000,National Grid Electricity Distribution,50.2734114,-3.8572121
Court Road Substation,11000,National Grid Electricity Distribution,50.3157596,-4.0480229
Court St Substation,11000,National Grid Electricity Distribution,50.6603817,-3.7691464
Courtenay Park Substation,11000,National Grid Electricity Distribution,50.4270574,-3.8323989
Courtfields Substation,11000,National Grid Electricity Distribution,50.430324,-3.6665897
Courtlands Cross Substation,11000,National Grid Electricity Distribution,50.64213,-3.4109432
Courtledge Substation,11000,National Grid Electricity Distribution,50.3236505,-3.7997796
Courtney Street No 1 Substation,11000,National Grid Electricity Distribution,50.3709355,-4.1447167
Courtney Street No 2 Substation,11000,National Grid Electricity Distribution,50.3709346,-4.14477
Courtney Street No 3 Substation,11000,National Grid Electricity Distribution,50.370934,-4.1448113
Coutant LambdaSubstation,11000,National Grid Electricity Distribution,51.196826,-4.1207549
Cowley Road Substation,11000,National Grid Electricity Distribution,50.4112569,-4.1450083
Cowley Road Substation,33000;11000,National Grid Electricity Distribution,50.7349643,-3.5416277
Cox's Private S/Stn Substation,11000,National Grid Electricity Distribution,51.0722279,-4.0283094
Coypool Industrial Estate Substation,11000,National Grid Electricity Distribution,50.3944387,-4.0812629
Crabshell Heights Substation,11000,National Grid Electricity Distribution,50.2780297,-3.7725778
Crabtree Substation,11000,National Grid Electricity Distribution,50.3858927,-4.094093
Crackington No 2 Substation,11000,National Grid Electricity Distribution,50.7335383,-4.6178559
Craddock Close Substation,11000,National Grid Electricity Distribution,50.8171888,-4.3531068
Crafthole Heights ES Substation,11000,National Grid Electricity Distribution,50.3666766,-4.2996743
Cranbrook Energy Centre Substation,11000,National Grid Electricity Distribution,50.7403542,-3.422059
Crawford Road Substation,11000,National Grid Electricity Distribution,50.3772466,-4.1579477
Crawter Drive Substation,11000,National Grid Electricity Distribution,51.2068661,-3.5930175
Cray Electronics Substation,11000,National Grid Electricity Distribution,50.8185079,-4.3518436
Crealy Caravan Park Substation,11000,National Grid Electricity Distribution,50.7033018,-3.4124148
Creathorne PV Array Substation,11000,National Grid Electricity Distribution,50.7952554,-4.5431934
Creber Lane Substation,11000,National Grid Electricity Distribution,50.2710118,-3.7482792
Crediton Road Estate Substation,11000,National Grid Electricity Distribution,50.7445158,-3.9874612
Crediton Road Substation,11000,National Grid Electricity Distribution,50.7402381,-3.9985808
Crediton Substation,33000;11000,National Grid Electricity Distribution,50.7906246,-3.6690438
Creech St. Michael Substation,33000;11000,National Grid Electricity Distribution Plc,51.0156147,-3.0262021
Creedwell Orchard Substation,11000,National Grid Electricity Distribution,51.0242599,-3.252262
Creedy Road Substation,11000,National Grid Electricity Distribution,50.3864991,-4.1101875
Cremyll Street Substation,11000,National Grid Electricity Distribution,50.3636783,-4.1622427
Crepe Farm Substation,11000,National Grid Electricity Distribution,50.7391036,-2.7786785
Cressbrook Drive Substation,11000,National Grid Electricity Distribution,50.4092842,-4.0891587
Crest Estate No 2 Substation,11000,National Grid Electricity Distribution,51.1993587,-4.1177614
Crest Estate No.1 Substation,11000,National Grid Electricity Distribution,51.2000994,-4.1209219
Crewkerne 33kv Solar Park,33000,National Grid Electricity Distribution Plc,50.8986813,-2.7731024
Crewkerne Hospital Substation,11000,National Grid Electricity Distribution,50.8805027,-2.7977637
Cricket St Thomas Solar Pk,33000,National Grid Electricity Distribution Plc,50.8738357,-2.9090126
Crimp Wind Farm Substation,11000,National Grid Electricity Distribution,50.9061031,-4.4986227
Crinacott Farm Solar,33000,National Grid Electricity Distribution,50.7895944,-4.4034342
Crockers Hele Solar Field Substation,11000,National Grid Electricity Distribution,50.8444311,-4.0908863
Crockers Meadow Substation,11000,National Grid Electricity Distribution,50.5963697,-3.6789617
Croft Chase Substation,11000,National Grid Electricity Distribution,50.7153157,-3.5583947
Croft Road,11000,,50.1132499,-5.5524035
Croft Road Salcombe Substation,11000,National Grid Electricity Distribution,50.2401907,-3.7704561
Croft Road Substation,11000,National Grid Electricity Distribution,50.8096159,-4.3551089
Cromwell Park Substation,11000,National Grid Electricity Distribution,50.3532179,-3.8865164
Cromwell Road Substation,11000,National Grid Electricity Distribution,50.3713434,-4.1215263
Cronite Alkast Substation,11000,National Grid Electricity Distribution,51.0725446,-4.0225454
Cronites Substation,11000,National Grid Electricity Distribution,50.8829435,-2.7866991
Crooklets Substation,11000,National Grid Electricity Distribution,50.8369184,-4.5478025
Crookmans Substation,11000,National Grid Electricity Distribution,51.0825807,-4.0366551
Cropmead Substation,11000,National Grid Electricity Distribution,50.883213,-2.7877744
Cross Farm Substation,11000,National Grid Electricity Distribution,51.2574453,-2.7526158
Cross Park Substation,11000,National Grid Electricity Distribution,50.8582886,-4.3309639
Cross Substation,11000,National Grid Electricity Distribution,50.8579704,-4.3310612
Crosslands Substation,11000,National Grid Electricity Distribution,51.0740116,-4.0837577
Crosstrees Substation,11000,National Grid Electricity Distribution,51.1085437,-4.1605595
Crossway Avenue Substation,11000,National Grid Electricity Distribution,50.3794099,-4.1126981
Crossway Substation,11000,National Grid Electricity Distribution,50.3966565,-4.0578638
Croucher Close Electricity Sub-Station,,National Grid Electricity Distribution Plc,50.7435885,-3.4621234
Crowder Cross Substation,11000,National Grid Electricity Distribution,50.4228225,-3.827341
Crowndale Avenue Substation,11000,National Grid Electricity Distribution,50.3909399,-4.1201166
Crownhill Fort Substation,11000,National Grid Electricity Distribution,50.412372,-4.1304235
Crownhill Road Substation,11000,National Grid Electricity Distribution,50.4128049,-4.1726421
Croyde Bay Holiday Camp Substation,11000,National Grid Electricity Distribution,51.133168,-4.2364581
Croyde Bay Substation,11000,National Grid Electricity Distribution,51.13418,-4.2352428
Croyde Bay West Substation,11000,National Grid Electricity Distribution,51.1356066,-4.2445537
Croyde UV Treatment Works Substation,11000,National Grid Electricity Distribution,51.1348002,-4.2402742
Croyde Village Substation,11000,National Grid Electricity Distribution,51.1307626,-4.2250858
Cullompton Primary,33000;11000,National Grid Electricity Distribution,50.8592828,-3.4034288
Cullompton Solar Park Substation,33000,National Grid Electricity Distribution,50.8248099,-3.3957529
Culme Road Substation,11000,National Grid Electricity Distribution,50.3845661,-4.1235841
Culmhead 33kV Solar Park,33000,National Grid Electricity Distribution Plc,50.9271499,-3.1245452
Culmhead Substation,33000;11000,National Grid Electricity Distribution Plc,50.9383959,-3.1119424
Culver Way Substation,11000,National Grid Electricity Distribution,50.3970035,-4.1144444
Culverdale Substation,11000,National Grid Electricity Distribution,50.4273284,-3.6744594
Cumber Close Substation,11000,National Grid Electricity Distribution,50.2420989,-3.8069591
Cumber Links Substation,11000,National Grid Electricity Distribution,50.3962945,-3.5212974
Cumberland Road Substation,11000,National Grid Electricity Distribution,50.3698712,-4.1707754
Cumberland Street Substation,11000,National Grid Electricity Distribution,50.370271,-4.1742261
Cunningham Road Substation,11000,National Grid Electricity Distribution,50.4355153,-4.1529465
Cunningham Road Substation,11000,National Grid Electricity Distribution,50.6355966,-3.3894454
Curlew Drive Substation,11000,National Grid Electricity Distribution,50.269641,-3.7576397
Curston Bridge Substation,11000,National Grid Electricity Distribution,50.3969668,-3.5558447
Curstons Radstock,11000,National Grid Electricity Distribution,51.2933634,-2.440053
Curtis Street Substation,11000,National Grid Electricity Distribution,50.3698624,-4.1762507
Cury Estate Substation,11000;400,National Grid Electricity Distribution Plc,50.0460869,-5.2423621
Cuxhaven Way,11000,,50.1309488,-5.5041057
Cuxton Meadows Substation,11000,National Grid Electricity Distribution,50.4939017,-4.1327309
D S Smith Packaging Substation,11000,National Grid Electricity Distribution,50.6251344,-4.3582399
DNO Substation,,National Grid Electricity Distribution,50.8970462,-3.3592745
DNO Substation,,National Grid Electricity Distribution,50.8991288,-3.3935158
DNO Substation,,National Grid Electricity Distribution Plc,51.0460171,-3.1053255
DNO Substation,11000,National Grid Electricity Distribution Plc,51.0205754,-2.9960285
DNO Substation,,National Grid Electricity Distribution Plc,51.016578,-2.9596845
DT Centre Brest Road Substation,11000,National Grid Electricity Distribution,50.4122207,-4.118132
DWP Office Bretonside Substation,11000,National Grid Electricity Distribution,50.3712622,-4.1328147
Dadbrook Substation,11000,National Grid Electricity Distribution,50.3462205,-4.2195857
Dairy Crest Davidstow Substation,33000;11000,National Grid Electricity Distribution,50.6500254,-4.6352912
Dairy House Farm Substation,11000,National Grid Electricity Distribution,51.0118419,-3.3144708
Dairycrest Effluent Substation,11000,National Grid Electricity Distribution,50.6492782,-4.6209605
Dale Road Student Accommodation Substation,11000,National Grid Electricity Distribution,50.3809895,-4.1383146
Dale Road Substation,11000,National Grid Electricity Distribution,50.3807678,-4.1393852
Dalgety Spillers Substation,11000,National Grid Electricity Distribution,50.6432894,-4.2673963
Danescoombe Eng Hse Substation,11000,National Grid Electricity Distribution,50.5024782,-4.2248508
Darite Substation,11000,National Grid Electricity Distribution,50.498329,-4.4600437
Dark Lane Camelford Substation,11000,National Grid Electricity Distribution,50.6237462,-4.6820131
Darklake Park Substation,11000,National Grid Electricity Distribution,50.4225596,-4.0982131
Darklake View Substation,11000,National Grid Electricity Distribution,50.4231872,-4.0976208
Darracott Moor Windfarm,33000,National Grid Electricity Distribution,50.9721182,-4.118676
Dart Bridge Substation,11000,National Grid Electricity Distribution,50.4866657,-3.7719915
Dart Close Substation,11000,National Grid Electricity Distribution,50.3939583,-4.1002114
Dart Marina Substation,11000,National Grid Electricity Distribution,50.3581081,-3.5780579
Darthaven Substation,11000,National Grid Electricity Distribution,50.3505354,-3.5704691
Dartington Main Substation,11000,National Grid Electricity Distribution,50.4523776,-3.6953873
Dartmoor Prison Substation,11000,National Grid Electricity Distribution,50.5484772,-3.9976568
Dartmoor Road S/S,,,51.2508102,-2.2009435
Dartmouth CS School Substation,11000,National Grid Electricity Distribution,50.3464435,-3.5947231
Dartmouth Foods Beechwood Substation,11000,National Grid Electricity Distribution,50.3900657,-4.0158902
Dartmouth Golf Club Substation,11000,National Grid Electricity Distribution,50.3614862,-3.664844
Dartmouth Potteries Substation,11000,National Grid Electricity Distribution,50.3528568,-3.5908168
Dartmouth Smokehouse Substation,11000,National Grid Electricity Distribution,50.3527715,-3.5998762
Dartmouth Substation,33000;11000,National Grid Electricity Distribution,50.347838,-3.6025374
Darts Shopping Village Substation,11000,National Grid Electricity Distribution,50.6860906,-3.4487214
Dartside Quay Substation,11000,National Grid Electricity Distribution,50.393938,-3.5745725
Darwin Crescent Substation,11000,National Grid Electricity Distribution,50.3873916,-4.095709
Daunton & Stevens Substation,11000,National Grid Electricity Distribution,50.5743267,-3.6564358
Davidstow Substation,33000;11000,National Grid Electricity Distribution,50.6548345,-4.6181356
Dawes Creameries No 1 Substation,11000,National Grid Electricity Distribution,50.4372412,-3.6873872
Dawlish Business PaerkSubstation,11000,National Grid Electricity Distribution,50.5992462,-3.4595985
Dawlish Road Substation,11000,National Grid Electricity Distribution,50.5547072,-3.4908778
Dawlish Special School Substation,11000,National Grid Electricity Distribution,50.5726039,-3.480307
Dawlish Street Substation,11000,National Grid Electricity Distribution,50.5473511,-3.4927726
Dawlish Substation,33000;11000,National Grid Electricity Distribution,50.5787766,-3.4804239
Dawlish Warren Station Substation,11000,National Grid Electricity Distribution,50.597495,-3.4440606
Dawlish Warren Substation,11000,National Grid Electricity Distribution,50.5993466,-3.4471727
Daymond Road Substation,11000,National Grid Electricity Distribution,50.4076184,-4.1884231
De Tracey Park Substation,11000,National Grid Electricity Distribution,50.593126,-3.6714848
Dean Court Industrial Units Substation,11000,National Grid Electricity Distribution,50.4692392,-3.7861636
Dean Cross Substation,,National Grid Electricity Distribution,50.3595859,-4.0931432
Dean Terrace Substation,11000,National Grid Electricity Distribution,50.4542555,-4.4727901
Debenhams Substation,11000,National Grid Electricity Distribution,50.3707836,-4.1401644
Deeply Ground Solar Substation,11000,National Grid Electricity Distribution,51.0644592,-3.8108501
Deepway Lane Substation,11000,National Grid Electricity Distribution,50.6789661,-3.4981791
Deer Park Ivybrge Substation,11000,National Grid Electricity Distribution,50.3894371,-3.9113719
Deer Park Substation,11000,National Grid Electricity Distribution,50.3301374,-3.5974505
Deer Park Substation,11000,National Grid Electricity Distribution,50.5541824,-3.5074927
Delabole Station Substation,11000,National Grid Electricity Distribution,50.6222238,-4.7270041
Delabole Substation,33000;11000,National Grid Electricity Distribution,50.6267692,-4.7132588
Delacombe Bridge Substation,11000,National Grid Electricity Distribution,50.3980259,-4.0469851
Deltor Communications Substation,11000,National Grid Electricity Distribution,50.4165163,-4.2398841
Den Brook Wind Farm Substation,33000,,50.7847281,-3.8607601
Den Road Substation,11000,National Grid Electricity Distribution,50.545592,-3.4953308
Dennis Road Substation,11000,National Grid Electricity Distribution,50.4569263,-4.4565832
Denys Road Substation,11000,National Grid Electricity Distribution,50.4278995,-3.6874101
Denzell Downs Wind Farm Substation,33000,National Grid Electricity Distribution,50.4667465,-4.9640876
Derow Drive Substation,11000,National Grid Electricity Distribution,50.8286424,-4.5231217
Derriford Dis G HospSubstation,11000,National Grid Electricity Distribution,50.4164706,-4.1120788
Derriford Hospital Resid U Substation,11000,National Grid Electricity Distribution,50.4175288,-4.1186112
Derriford Research Facility Substation,11000,National Grid Electricity Distribution,50.4155599,-4.1098741
Derriford Science Pk Substation,11000,National Grid Electricity Distribution,50.4173104,-4.1093386
Derriton Fields Solar,33000,National Grid Electricity Distribution,50.7996365,-4.3697718
Derrys Cross Hotel Substation,11000,National Grid Electricity Distribution,50.3694601,-4.146192
Devon Health Substation,11000,National Grid Electricity Distribution,50.5835891,-3.6329698
Devon Road Substation,11000,National Grid Electricity Distribution,50.2345789,-3.7713713
Devondale Camp Substation,11000,National Grid Electricity Distribution,50.5981182,-3.4472316
Devonport Enclave Substation,11000,National Grid Electricity Distribution,50.3726031,-4.1764823
Devonshire Meadows Industrial Units,,,50.445698,-4.118753
Devoran Substation,33000;11000,National Grid Electricity Distribution,50.2182434,-5.1004055
Diddies Road Substation,11000,National Grid Electricity Distribution,50.8305627,-4.5114849
Didworthy House Substation,11000,National Grid Electricity Distribution,50.444053,-3.8534777
Dilkusa Substation,11000,National Grid Electricity Distribution,51.20912,-4.1235941
Dilland Turbine Substation,11000,National Grid Electricity Distribution,50.743676,-4.4467666
Dilloways Substation,11000,National Grid Electricity Distribution,50.5457842,-3.5160559
Dinan Tower Substation,11000,National Grid Electricity Distribution,50.6445715,-3.3991094
Dinan Way Substation,11000,National Grid Electricity Distribution,50.6317069,-3.3820322
Dinder Farm Solar Park Substation,33000,,51.2079474,-2.5860762
Dinder Substation,33000;11000,National Grid Electricity Distribution,51.207518,-2.5860467
Dingle Road Plympton Substation,11000,National Grid Electricity Distribution,50.3902064,-4.0650944
Dingle Road Substation,11000,National Grid Electricity Distribution,50.3928596,-4.1613409
Dingles Substation,11000,National Grid Electricity Distribution,50.3707465,-4.1416101
Diskens Reach Substation,11000,National Grid Electricity Distribution,50.4619438,-4.4570269
Dittisham Walk Substation,11000,National Grid Electricity Distribution,50.3990579,-4.0923005
Dobles Ind Est Substation,11000,National Grid Electricity Distribution,50.8205639,-4.3533197
Dobles Ind Workshop Substation,11000,National Grid Electricity Distribution,50.8184638,-4.3540441
Dobles Industrial West Substation,11000,National Grid Electricity Distribution,50.8198458,-4.3561077
Dobles Square Substation,11000,National Grid Electricity Distribution,50.8158555,-4.3524931
Dock Lane,11000,,50.1166559,-5.5322853
Dolphin Court Road Substation,11000,National Grid Electricity Distribution,50.3567799,-4.0842348
Doneys Shop Substation,11000,National Grid Electricity Distribution,50.6312132,-4.5706701
Doniford Headworks Substation,11000,National Grid Electricity Distribution,51.1784566,-3.3041547
Donnington Drive Substation,11000,National Grid Electricity Distribution,50.3941827,-4.1102822
Dormy Avenue Substation,11000,National Grid Electricity Distribution,50.3869509,-4.1302878
Dorset Avenue Substation,11000,National Grid Electricity Distribution,50.7154425,-3.5561332
Douglass Drive Substation,11000,National Grid Electricity Distribution,50.3554914,-4.0798305
Douglass Road Substation,11000,National Grid Electricity Distribution,50.390243,-4.1045753
Doverhay Place Substation,11000,National Grid Electricity Distribution,51.2101691,-3.5896489
Downderry Substation,11000,National Grid Electricity Distribution,50.361915,-4.3657906
Downham Gardens Substation,11000,National Grid Electricity Distribution,50.4317455,-4.1500612
Downs Road Substation,11000,National Grid Electricity Distribution,50.3559169,-4.4615447
Drake Avenue Substation,11000,National Grid Electricity Distribution,50.5612799,-3.506247
Drake Circus Landlords Substation,11000,National Grid Electricity Distribution,50.3729949,-4.1385427
Drake Circus North 1 Substation,11000,National Grid Electricity Distribution,50.3729907,-4.1386374
Drake Circus North Substation,11000,National Grid Electricity Distribution,50.37299,-4.1386922
Drake Circus South No 1 Substation,11000,National Grid Electricity Distribution,50.3716117,-4.1385611
Drake Circus South No 2 Substation,11000,National Grid Electricity Distribution,50.3716135,-4.1386324
Drake House Substation,11000,National Grid Electricity Distribution,50.3634507,-4.1055846
Drake Motors Substation,11000,National Grid Electricity Distribution,50.3695053,-4.1128017
Drake Road Substation,11000,National Grid Electricity Distribution,50.5920656,-3.6659986
Drake's Island Substation,11000,National Grid Electricity Distribution,50.3556664,-4.1537957
Drakes Court Substation,11000,National Grid Electricity Distribution,50.3863412,-4.0199611
Draycott Terrace,11000,,50.2071216,-5.4778996
Drinnick Substation,33000;11000,National Grid Electricity Distribution Plc,50.3623114,-4.8750906
Duckaller Pump Stn Substation,11000,National Grid Electricity Distribution,50.6127753,-3.4727246
Dudley Road Substation,11000,National Grid Electricity Distribution,50.3875022,-4.0687204
Dulverton Church Substation,11000,National Grid Electricity Distribution,51.0407331,-3.5492468
Dulverton School Substation,11000,National Grid Electricity Distribution,51.037241,-3.5446609
Dulverton Substation,11000,National Grid Electricity Distribution,51.0387724,-3.5510655
Duncombe Ave Substation,11000,National Grid Electricity Distribution,50.4109004,-4.1700611
Duncombe Park Substation,11000,National Grid Electricity Distribution,50.286233,-3.7751755
Dunkeswell Substation,33000;11000,National Grid Electricity Distribution,50.8560796,-3.216486
Dunmore Court Substation,11000,National Grid Electricity Distribution,50.536814,-3.5011044
Dunmore Substation,11000,National Grid Electricity Distribution,50.5381043,-3.5032419
Dunraven Drive West Substation,11000,National Grid Electricity Distribution,50.4236792,-4.1324744
Dunsford Close Substation,11000,National Grid Electricity Distribution,50.619376,-3.3894667
Dunsford Hill Pumping Station Substation,11000,National Grid Electricity Distribution,50.7114646,-3.5565306
Dunsland Cross 33KV LV Supply Substation,11000,National Grid Electricity Distribution,50.8062981,-4.2604896
Dunsland Cross Wind Farm Substation,33000,,50.8063517,-4.2605908
Dunster Village Substation,11000,National Grid Electricity Distribution,51.1825996,-3.4459217
Dunstone Road 90 Substation,11000,National Grid Electricity Distribution,50.3590394,-4.0857344
Durnford Street Substation,11000,National Grid Electricity Distribution,50.3680243,-4.1621904
Dutson Road Estate Substation,11000,National Grid Electricity Distribution,50.6432121,-4.3588969
EMS Buildings Substation,11000,National Grid Electricity Distribution,50.7123676,-3.4094215
ESS,,Scottish and Southern Electricity Networks,50.6006577,-2.4814849
ESS,,Scottish and Southern Electricity Networks,50.6049331,-2.4846878
ESS,,Scottish and Southern Electricity Networks,50.6044551,-2.4860337
ESS,,Scottish and Southern Electricity Networks,50.6027825,-2.4843937
ESS,,Scottish and Southern Electricity Networks,50.6554881,-2.4700828
EWT Trerulefoot Substation,11000,National Grid Electricity Distribution,50.4000663,-4.3677144
Eagle Road Substation,11000,National Grid Electricity Distribution,50.3857011,-4.0208396
Earls Acre Substation,11000,National Grid Electricity Distribution,50.3799277,-4.1526708
Earls Mill Road Substation,11000,National Grid Electricity Distribution,50.390569,-4.0537624
Earlswood Drive Substation,11000,National Grid Electricity Distribution,50.413366,-4.0889468
Easewell Farm Caravan Park Substation,11000,National Grid Electricity Distribution,51.1870293,-4.198729
East Allington Substation,11000,National Grid Electricity Distribution,50.324095,-3.730439
East Brent Substation,33000;11000,National Grid Electricity Distribution Plc,51.2771136,-2.9295918
East Budleigh Substation,33000,National Grid Electricity Distribution,50.6564018,-3.3283919
East Cliff Substation,11000,National Grid Electricity Distribution,50.3574063,-4.4489331
East Langford 33kv Solar,33000,National Grid Electricity Distribution Plc,50.8677387,-4.4401637
East Park Road Substation,11000,National Grid Electricity Distribution,51.0742244,-4.035777
East Prawle Substation,11000,National Grid Electricity Distribution,50.2146192,-3.7101248
East Slapton Substation,11000,National Grid Electricity Distribution,50.2922466,-3.6534531
East St Substation,11000,National Grid Electricity Distribution,50.5949952,-3.6713845
East Stoke Substation,11000,National Grid Electricity Distribution,50.9535761,-2.7265702
East Street Substation,11000,National Grid Electricity Distribution,50.7401192,-4.0005557
East Street Substation,11000,National Grid Electricity Distribution,50.9186628,-2.6846795
East Street Substation,11000,National Grid Electricity Distribution,50.8854732,-2.7920782
East Street Substation,11000,National Grid Electricity Distribution,50.9707637,-2.7620697
East Way Lee Mill Substation,11000,National Grid Electricity Distribution,50.3866101,-3.9507702
East Yelland Substation,11000,National Grid Electricity Distribution,51.0691451,-4.1688213
East Yelland Substation,132000;33000,National Grid Electricity Distribution,51.0682245,-4.1716536
East Youlstone 33kv WFarm,33000,National Grid Electricity Distribution,50.9162441,-4.4469899
Eastacombe Fm Solar,33000,National Grid Electricity Distribution Plc,50.7732577,-4.3337497
Eastern Green Area 4,11000,,50.1297135,-5.5260991
Eastern Green Motel,11000,,50.127842,-5.5214121
Eastern Town Close 7 Substation,11000,National Grid Electricity Distribution,50.3360082,-3.9461432
Eastern Wood Road South Substation,11000,National Grid Electricity Distribution,50.3844627,-4.0144451
Easton School Substation,11000,National Grid Electricity Distribution,51.2269861,-2.6984648
Ebrington Street Substation,11000,National Grid Electricity Distribution,50.281875,-3.7729044
Ecosci Substation,11000,National Grid Electricity Distribution,50.7123264,-3.4094362
Eddystone Terrace Substation,11000,National Grid Electricity Distribution,50.3631208,-4.1487488
Edeswell Farm Holiday Park Substation,11000,National Grid Electricity Distribution,50.4306996,-3.7904183
Edgarley Substation,33000;11000,,51.1391582,-2.6747235
Edinburgh StreetSubstation,11000,National Grid Electricity Distribution,50.3692321,-4.1783719
Edwards Crescent Substation,11000,National Grid Electricity Distribution,50.4079427,-4.2385611
Edwards Drive Substation,11000,National Grid Electricity Distribution,50.386562,-4.0317214
Efford Fort Substation,11000,National Grid Electricity Distribution,50.3885679,-4.092737
Efford Lane Substation,11000,National Grid Electricity Distribution,50.3836359,-4.1164718
Eggbuckland Substation,33000;11000,National Grid Electricity Distribution Plc,50.4008116,-4.1118771
Egloskerry Village Substation,11000,National Grid Electricity Distribution,50.6529344,-4.4461365
Elastollan Substation,11000,National Grid Electricity Distribution,51.198145,-4.1285511
Elberry Farm Substation,11000,National Grid Electricity Distribution,50.4044062,-3.5518458
Elburton Reservoir Substation,11000,National Grid Electricity Distribution,50.3590964,-4.0721713
Elburton Road Substation,11000,National Grid Electricity Distribution,50.3601399,-4.0638069
Eldad Hill Substation,11000,National Grid Electricity Distribution,50.3733941,-4.1564575
Electricity substation,,National Grid Electricity Distribution Plc,51.0265534,-3.0435415
Electricity substation,,National Grid Electricity Distribution Plc,51.0372658,-3.1864112
Electricity substation,,National Grid Electricity Distribution Plc,51.0302127,-3.1333141
Electricity substation,,National Grid Electricity Distribution Plc,51.0145961,-3.1276814
Electricity substation,,National Grid Electricity Distribution Plc,51.0278979,-3.1499688
Electricity substation,,National Grid Electricity Distribution,51.1022989,-2.9769455
Electricity substation,,National Grid Electricity Distribution Plc,51.0135516,-3.1378636
Electricity substation,,National Grid Electricity Distribution Plc,51.0101968,-3.1371033
Electricity substation,,National Grid Electricity Distribution,51.0165165,-3.0662567
Electricity substation,,National Grid Electricity Distribution Plc,51.0237149,-3.1478511
Electricity substation,,National Grid Electricity Distribution,51.0236458,-3.1120773
Electricity substation,,National Grid Electricity Distribution,50.7337413,-3.4655803
Elford Crescent Substation,11000,National Grid Electricity Distribution,50.3977506,-4.0515803
ElfordLeigh Barns Substation,11000,National Grid Electricity Distribution,50.4057162,-4.0497106
Elim Tce Shelt Hsg Substation,11000,National Grid Electricity Distribution,50.3878604,-4.13841
Elim Terrace Substation,33000;11000,National Grid Electricity Distribution,50.3876613,-4.1368169
Eliot Drive Substation,11000,National Grid Electricity Distribution,50.3906062,-4.305323
Ellerslie Substation,11000,National Grid Electricity Distribution,51.0729175,-4.0882477
Ellicombe Solar Farm Substation,11000,National Grid Electricity Distribution,50.8330284,-3.7874518
Elliots Gampton Substation,11000,National Grid Electricity Distribution,50.2488457,-3.8364298
Elliott Road Car Chargers Substation,11000,National Grid Electricity Distribution,50.3684048,-4.1186321
Elliott Road Substation,11000,National Grid Electricity Distribution,50.3700903,-4.1176916
Elm Grove Road Estate ubstation,11000,National Grid Electricity Distribution,50.5877601,-3.4685531
Elm Tree Estate Substation,11000,National Grid Electricity Distribution,50.34959,-3.9965722
Elmfield No 1 Substation,11000,National Grid Electricity Distribution,51.0720633,-4.1021125
Elmfield No 2 Substation,11000,National Grid Electricity Distribution,51.0720123,-4.098906
Elmgrove Road Substation,11000,National Grid Electricity Distribution,50.6871501,-3.4640682
Elmwood Park Substation,11000,National Grid Electricity Distribution,50.3234506,-3.8017351
Elwood Road Substation,11000,National Grid Electricity Distribution,50.6376781,-3.3907858
Embankment Road Substation,11000,National Grid Electricity Distribution,50.3719664,-4.114067
Embankment Road Substation,11000,National Grid Electricity Distribution,50.2759347,-3.7720664
Endsleigh Farm Shop Substation,11000,National Grid Electricity Distribution,50.3857985,-3.9377897
Endsleigh Garden Centre Substation,11000,National Grid Electricity Distribution,50.3857404,-3.9428915
Endsleigh Place Substation,,National Grid Electricity Distribution,50.3774224,-4.1386807
Endsleigh Road Substation,11000,National Grid Electricity Distribution,50.3609688,-4.1086369
Enfield Farm AD Plant Substation,11000,National Grid Electricity Distribution,50.7072863,-3.4390911
Engineer Road S/S,,,51.2751517,-2.2122817
Enterprise Business Park No1 Substation,11000,National Grid Electricity Distribution,51.0615479,-4.0851196
Enterprise Business Park No2 Substation,11000,National Grid Electricity Distribution,51.0617775,-4.0872962
Enterprise Plymouth Substation,11000,National Grid Electricity Distribution,50.3816313,-4.1610335
Erle Gardens Substation,11000,National Grid Electricity Distribution,50.3792378,-4.0393192
Erme Gardens Substation,11000,National Grid Electricity Distribution,50.3871189,-4.1063592
Erme Park Substation,11000,National Grid Electricity Distribution,50.3609078,-3.9169129
Ermington Substation,11000,National Grid Electricity Distribution,50.3621279,-3.916838
Ernesettle B&S Substation,33000;11000,National Grid Electricity Distribution,50.423318,-4.1896201
Ernesettle Crescent Substation,11000,National Grid Electricity Distribution,50.4115567,-4.1806483
Ernesettle Lane STOR Substation,33000,,50.4212505,-4.1879837
Ernesettle Lane Solar FarmSubstation,11000,National Grid Electricity Distribution,50.4182296,-4.1902021
Ernesettle Lane Substation,11000,National Grid Electricity Distribution,50.4142829,-4.1840148
Ernesettle STW Substation,11000,National Grid Electricity Distribution,50.4202756,-4.1898923
Ernesettle Substation,132000;33000,,50.422797,-4.1881875
Esplanade Substation,11000,National Grid Electricity Distribution,51.2318837,-3.8329724
Esso Bitumen Plant Substation,11000,National Grid Electricity Distribution,50.3620335,-4.1217676
Estover Close Substation,11000,National Grid Electricity Distribution,50.4208648,-4.0899605
Estover Community College Substation,11000,National Grid Electricity Distribution,50.4116533,-4.1006037
Estover Ind Units Substation,11000,National Grid Electricity Distribution,50.4145112,-4.0892016
Estover Road Substation,11000,National Grid Electricity Distribution,50.4199956,-4.0899998
Eurobell Substation,11000,National Grid Electricity Distribution,50.3822792,-4.1272322
Eurotech Park Substation,11000,National Grid Electricity Distribution,50.4031071,-4.164463
Evelyn Street Substation,11000,National Grid Electricity Distribution,50.4053813,-4.1865243
Evercreech Substation,33000;11000,National Grid Electricity Distribution Plc,51.1469153,-2.5102501
Evergreen Close Substation,11000,National Grid Electricity Distribution,50.641655,-3.3873918
Exe Gardens Substation,11000,National Grid Electricity Distribution,50.3943388,-4.1051295
Exeter City Substation,132000;33000,National Grid Electricity Distribution,50.7120613,-3.5283931
Exeter Golf Club Substation,11000,National Grid Electricity Distribution,50.6986129,-3.4881876
Exeter Main BSP Local Substation,11000,National Grid Electricity Distribution,50.768403,-3.4051228
Exeter Rd Substation,11000,National Grid Electricity Distribution,50.7394426,-3.9959557
Exeter Road (Chards Yard) Substation,11000,National Grid Electricity Distribution,50.6686983,-3.5361078
Exeter Road Flats Substation,11000,National Grid Electricity Distribution,50.6262402,-3.4103617
Exeter Road Industrial UnitsSubstation,11000,National Grid Electricity Distribution,50.7427845,-3.9816263
Exeter Science Park Substation,33000,National Grid Electricity Distribution,50.7349404,-3.4610206
Exeter St Substation,11000,National Grid Electricity Distribution,50.7983015,-3.8945449
Exeter Substation,400000;132000,National Grid Electricity Transmission,50.7675757,-3.4052988
Exeter Substation,132000;33000,National Grid Electricity Distribution,50.7665069,-3.4061196
Exford Village Substation,11000,National Grid Electricity Distribution,51.1339355,-3.6388991
Exminster Substation,33000;11000,National Grid Electricity Distribution,50.6757866,-3.494046
Exmouth Substation,132000;33000,National Grid Electricity Distribution Plc,50.6309246,-3.4008331
Exmouth Works Local Substation,11000,National Grid Electricity Distribution,50.6236655,-3.4060203
Exmouth Works Substation,33000;11000,National Grid Electricity Distribution,50.6234965,-3.4058348
Exonia Caravan Park Substation,11000,National Grid Electricity Distribution,50.7124557,-3.5621227
Exonia Lower Road Substation,11000,National Grid Electricity Distribution,50.7107407,-3.5610729
Exposition Centre Substation,11000,National Grid Electricity Distribution,50.3956068,-3.4923286
Exton Barton Estate Substation,11000,National Grid Electricity Distribution,50.6678479,-3.4402002
Exton East Substation,11000,National Grid Electricity Distribution,50.6720608,-3.4369698
FLAG Telecom,11000,,50.06385,-5.6743218
Factory Tortube Substation,11000,National Grid Electricity Distribution,50.4175334,-4.2397403
Fairfax Road No 2 Substation,11000,National Grid Electricity Distribution,50.5761943,-3.6614043
Fairfax Road Substation,11000,National Grid Electricity Distribution,50.5753242,-3.6584058
Fairfield Estate Substation,11000,National Grid Electricity Distribution,51.1209251,-3.9419239
Fairfield Estate Substation,11000,National Grid Electricity Distribution,51.2036238,-4.1176082
Fairfield Road Substation,11000,National Grid Electricity Distribution,50.6158659,-3.4051478
Fairholme,,National Grid Electricity Distribution,51.2306995,-3.833675
Fairlands Way Substation,11000,National Grid Electricity Distribution,51.2747235,-2.7719665
Fairlight Substation,11000,National Grid Electricity Distribution,50.4507937,-4.4547915
Fairway Avenue South Substation,11000,National Grid Electricity Distribution,50.3895721,-3.9347504
Fairway Substation,11000,National Grid Electricity Distribution,51.1121516,-4.1798465
Fairway Substation,11000,National Grid Electricity Distribution,50.3162028,-4.0423623
Fairy Lane Substation,11000,National Grid Electricity Distribution,50.4754098,-3.7864044
Falcon Terrace Substation,11000,National Grid Electricity Distribution,50.8264568,-4.5470579
Falmouth Bickland Hill Substation,33000;11000,National Grid Electricity Distribution,50.157405,-5.100698
Falmouth Docks Substation,33000;11000,National Grid Electricity Distribution,50.1508699,-5.056998
Faraday Mill Substation,11000,National Grid Electricity Distribution,50.3689643,-4.1148583
Faraday Road East Substation,11000,National Grid Electricity Distribution,50.3676705,-4.1109597
Farringdon Cross Substation,11000,National Grid Electricity Distribution,50.7059688,-3.4050212
Farringdon House Substation,11000,National Grid Electricity Distribution,50.7189817,-3.3933064
Farringdon Road Substation,11000,National Grid Electricity Distribution,50.3739228,-4.1148638
Fatherford Industrial Estate Substation,11000,National Grid Electricity Distribution,50.7417628,-3.9721222
Faughan Lane,11000,,50.1008262,-5.5532678
Fawns Close Substation,11000,National Grid Electricity Distribution,50.3620473,-3.9144989
Fegan Road Substation,11000,National Grid Electricity Distribution,50.4014751,-4.198276
Fern Meadow The Chas Substation,11000,National Grid Electricity Distribution,50.7449525,-3.9928654
Fern Park Substation,11000,National Grid Electricity Distribution,51.2039471,-4.1196
Ferndale Road Substation,11000,National Grid Electricity Distribution,50.3948113,-4.174529
Ferrers Road Substation,11000,National Grid Electricity Distribution,50.404415,-4.1804456
Ferry Road Substation,11000,National Grid Electricity Distribution,50.6844243,-3.4685641
Filham Industrial Est. Substation,11000,National Grid Electricity Distribution,50.3874418,-3.9182914
Filham Park Substation,11000,National Grid Electricity Distribution,50.3808688,-3.9084495
Findon Gardens Substation,11000,National Grid Electricity Distribution,50.4191685,-4.1034897
Finewell Street Substation,11000,National Grid Electricity Distribution,50.3689855,-4.1397469
Fingle Glen Golf Hotel Substation,11000,National Grid Electricity Distribution,50.728033,-3.6496063
Finns Shoe Factory,11000,,50.1275728,-5.5250231
Finnygook Inn Substation,11000,National Grid Electricity Distribution,50.3651179,-4.2991995
Fircroft Road Substation,11000,National Grid Electricity Distribution,50.3931276,-4.1560038
Fisguard Industrial Substation,11000,National Grid Electricity Distribution,50.3753592,-4.2248909
Fishermans Lodge,11000,National Grid Electricity Distribution (South West) plc,50.2146739,-5.4796068
Fishers Mead Substation,11000,National Grid Electricity Distribution,51.0385629,-3.5450721
Fishingclose Cross Substation,11000,National Grid Electricity Distribution,50.8150989,-3.9397797
Fishleigh Road Substation,11000,National Grid Electricity Distribution,51.0646489,-4.0854454
Fishweir Fields Substation,11000,National Grid Electricity Distribution,50.7436896,-2.7408856
Fitzpaine Avenue,,,50.8979767,-2.2729415
Fitzroy Court Substation,11000,National Grid Electricity Distribution,50.3756245,-4.1630346
Fitzroy Road Substation,11000,National Grid Electricity Distribution,50.3769324,-4.1637584
Flamborough Road Substation,11000,National Grid Electricity Distribution,50.4292908,-4.1264342
Flax Factory Substation,11000,National Grid Electricity Distribution,50.9246183,-2.8106378
Fleet Street Substation,11000,National Grid Electricity Distribution,50.8110767,-2.7383101
Flexbury Substation,11000,National Grid Electricity Distribution,50.8355987,-4.5415313
Floating Bridge Inn Substation,11000,National Grid Electricity Distribution,50.3563586,-3.577692
Flora Close Substation,11000,National Grid Electricity Distribution,50.6312197,-3.3901026
Florence Rd Industrial Substation,11000,National Grid Electricity Distribution,50.518566,-4.3103509
Flybe Hangers Substation,11000,National Grid Electricity Distribution,50.7311814,-3.4111209
Follaton House Substation,11000,National Grid Electricity Distribution,50.4322525,-3.710001
Follaton Oak Substation,11000,National Grid Electricity Distribution,50.4315124,-3.7122252
Folly Bridge Substation,33000;11000,National Grid Electricity Distribution,50.7759679,-3.6797916
Folly Hill Substation,11000,National Grid Electricity Distribution,50.2836513,-3.8872793
Folly Lane,,SSE Power Distribution,50.6795841,-2.2261882
Ford Farm 33kV Solar Park,33000,National Grid Electricity Distribution Plc,50.4720145,-4.3797094
Ford Park Road Substation,11000,National Grid Electricity Distribution,50.3830062,-4.136209
Ford Park Substation,11000,National Grid Electricity Distribution,50.350923,-3.5837495
Ford Second School Substation,11000,National Grid Electricity Distribution,50.3873787,-4.1670816
Ford Street Substation,11000,National Grid Electricity Distribution,50.6627693,-3.7674613
Ford Valley Substation,11000,National Grid Electricity Distribution,50.3502874,-3.5866258
Forder Fisheries Substation,11000,National Grid Electricity Distribution,50.4218015,-4.2340165
Forder Lane Substation,11000,National Grid Electricity Distribution,50.4448381,-3.710193
Fordton Mill Substation,11000,National Grid Electricity Distribution,50.7801024,-3.6449875
Fore Street,11000,,50.1235872,-5.4713537
Fore Street Callington Substation,11000,National Grid Electricity Distribution,50.5025189,-4.3128183
Fore Street Camelford Substation,11000,National Grid Electricity Distribution,50.6214326,-4.6790954
Fore Street Cornwood Substation,11000,National Grid Electricity Distribution,50.4207158,-3.9636984
Fore Street Delabole Substation,11000,National Grid Electricity Distribution,50.625474,-4.7298659
Fore Street Flats Substation,11000,National Grid Electricity Distribution,50.6202792,-4.6787833
Fore Street Grampound Substation,,National Power,50.2984076,-4.9000177
Fore Street Pensilva Substation,11000,National Grid Electricity Distribution,50.5021809,-4.4150453
Fore Street Plympton Substation,11000,National Grid Electricity Distribution,50.3830108,-4.0473961
Fore Street St Just,11000,,50.1225398,-5.6793784
Fore Street Substation,11000,National Grid Electricity Distribution,50.3496165,-3.5698878
Fore Street Substation,11000,National Grid Electricity Distribution,50.3952825,-3.5138127
Fore Street Substation,11000,National Grid Electricity Distribution,50.4305817,-3.6836372
Fore Street Substation,11000,National Grid Electricity Distribution,50.8099857,-4.3518358
Fore Street TX2 Substation,11000,National Grid Electricity Distribution,50.395313,-3.5137718
Fore Street Topsham Substation,11000,National Grid Electricity Distribution,50.6839484,-3.4653377
Fore road Sub,,National Grid Electricity Distribution (South West) plc,50.7215668,-3.5347039
Foresters Road 28 Substation,11000,National Grid Electricity Distribution,50.3622391,-4.0965272
Forestmoor Windfarm,33000,National Grid Electricity Distribution Plc,50.8940772,-4.4190131
Fort Staddon Substation,11000,National Grid Electricity Distribution,50.3471613,-4.1149268
Fortescue Road Substation,11000,National Grid Electricity Distribution,50.2343681,-3.7810542
Forthglade Substation,11000,National Grid Electricity Distribution,50.7425514,-3.9761632
Fosters Lane Substation,11000,National Grid Electricity Distribution,50.6622345,-4.7456145
Foulston Ave East Substation,11000,National Grid Electricity Distribution,50.401394,-4.19523
Four Burrows Blackdown Substation,33000,,50.2886142,-5.1494568
Four Burrows Windfarm Substation,33000,National Grid Electricity Distribution,50.2934315,-5.1349349
Four Oaks Road Substation,11000,National Grid Electricity Distribution,50.7324838,-3.6761387
Fourburrows Pendown,33000,National Grid Electricity Distribution,50.3026913,-5.1382729
Fourgates Estate Substation,11000,National Grid Electricity Distribution,50.4382899,-4.4103153
Fourway Print Pennygillam Substation,11000,National Grid Electricity Distribution,50.6273825,-4.3825072
Fowley Manor Substation,11000,National Grid Electricity Distribution,50.7298685,-4.0428121
Fox Close Substation,11000,National Grid Electricity Distribution,50.7442808,-2.7371447
Foxcombe 33kV Solar Park,33000,National Grid Electricity Distribution Plc,50.802175,-4.2978892
Foxfield Close No 2 Substation,11000,National Grid Electricity Distribution,50.3856599,-4.1047095
Foxfield Close Substation,11000,National Grid Electricity Distribution,50.3851075,-4.1061055
Foxhills Substation,33000;11000,,51.2888012,-2.4482297
Foxholes Substation,11000,National Grid Electricity Distribution,50.6113338,-3.3970846
Foxwitchen Pole Transformer,11000,National Grid Electricity Distribution,51.1137993,-3.6475803
Fraddon Substation,132000;33000,,50.3754122,-4.9370819
Francis Court Farm Substation,33000,National Grid Electricity Distribution Plc,50.7720225,-3.4675914
Fraser Road Substation,11000,National Grid Electricity Distribution,50.6335245,-3.391
Fratton Substation,,National Grid Electricity Distribution,50.4821077,-4.095964
Freathy Huts Substation,11000,National Grid Electricity Distribution,50.347696,-4.2521347
Freathy Solar Substation,11000,National Grid Electricity Distribution,50.3537611,-4.2517525
Freezewest Substation,11000,National Grid Electricity Distribution,50.4192702,-4.0880122
Fremington Local Substation,11000,National Grid Electricity Distribution,51.066745,-4.146005
Fremington Sewage Substation,11000,National Grid Electricity Distribution,51.0745812,-4.1190663
Fremington Substation,33000;11000,National Grid Electricity Distribution,51.0667194,-4.1458072
Fremington Village Substation,11000,National Grid Electricity Distribution,51.0711866,-4.1216911
Frensham Avenue Substation,11000,National Grid Electricity Distribution,50.4307181,-4.110462
Freshwater Caravans Substation,11000,National Grid Electricity Distribution,50.7056112,-2.7384523
Freshwater Quarry Substation,11000,National Grid Electricity Distribution,50.4008629,-3.5172714
Freshwater Toilets Substation,11000,National Grid Electricity Distribution,50.7050723,-2.7346109
Friary Park Substation,11000,National Grid Electricity Distribution,50.3717415,-4.1296248
Frog Street Substation,11000,National Grid Electricity Distribution,50.993444,-3.4891009
Frogmary Green AD Substation,11000,National Grid Electricity Distribution,50.9407685,-2.8255464
Frogmore Bridge Substation,11000,National Grid Electricity Distribution,50.270996,-3.720272
Frome Avenue,,,50.6797043,-2.2323451
Fry Street Substation,11000,National Grid Electricity Distribution,50.809272,-4.3516719
Frys Hill Radio Station,33000,National Grid Electricity Distribution Plc,51.2976061,-2.8107794
Fullabrook Wind Farm Substation,132000;33000,,51.1065181,-4.1148372
Furland Close Substation,11000,National Grid Electricity Distribution,50.3509108,-4.1037598
Furland Road Substation,11000,National Grid Electricity Distribution,50.8817871,-2.7918521
Furlong Close Substation,11000,National Grid Electricity Distribution,51.2783908,-2.4911145
Furlong Close Substation,11000,National Grid Electricity Distribution,50.4914464,-3.7792207
Furneaux Road Substation,11000,National Grid Electricity Distribution,50.3889258,-4.1592688
Furze Park Substation,11000,National Grid Electricity Distribution,51.1225894,-3.9424104
Furzedown Axtown Substation,11000,National Grid Electricity Distribution,50.4884076,-4.096639
Furzeham Substation,11000,National Grid Electricity Distribution,50.3986181,-3.5188057
Furzehatt Road Substation,11000,National Grid Electricity Distribution,50.3576286,-4.0775149
Furzehill Road Substation,11000,National Grid Electricity Distribution,50.3809698,-4.1300128
Furzeland Substation,11000,National Grid Electricity Distribution,50.389111,-3.8978568
Furzy House Substation,11000,National Grid Electricity Distribution,50.269924,-3.8624068
Future World Plympton Substation,11000,National Grid Electricity Distribution,50.3918471,-4.0805194
GPR Kastner Valley Road Substation,11000,National Grid Electricity Distribution,50.3884912,-4.0718025
GTC Plymstock Quarry 1 Substation,11000,National Grid Electricity Distribution,50.370413,-4.1029019
GTC Plymstock Quarry 2 Substation,11000,National Grid Electricity Distribution,50.3704423,-4.1028611
Gabriel Mwave System Substation,11000,National Grid Electricity Distribution,50.5700738,-3.6585556
Galpin Street Substation,11000,National Grid Electricity Distribution,50.3489618,-3.8850308
Galsworthy Wind Farm Substation,132000,National Grid Electricity Distribution,50.9079922,-4.264825
Ganges Road Substation,11000,National Grid Electricity Distribution,50.3850633,-4.1666889
Garg Rock Substation,11000,National Grid Electricity Distribution,50.2213155,-3.7508978
Garlenick Wind Farm Substation,33000,National Grid Electricity Distribution,50.3047688,-4.8842329
Garlic Rea Substation,11000,National Grid Electricity Distribution,50.3963288,-3.5093191
Garvinack Farm 33kv Solar,33000,National Grid Electricity Distribution,50.2934534,-5.1282458
Gashouse Lane Cinema Substation,11000,National Grid Electricity Distribution,50.366991,-4.1255908
Gashouse Lane No 1 Substation,11000,National Grid Electricity Distribution,50.3674166,-4.1259728
Gashouse Lane No 2 Substation,11000,National Grid Electricity Distribution,50.3665489,-4.1252818
Gasking Street Substation,11000,National Grid Electricity Distribution,50.3718164,-4.1328113
Gate House Hill Substation,11000,National Grid Electricity Distribution,50.5863532,-3.4700989
Gateway Substation,11000,National Grid Electricity Distribution,51.2013118,-3.4646864
Gateway Substation,11000,National Grid Electricity Distribution,50.4203557,-4.2333371
Gearns Wind Turbine Substation,11000,National Grid Electricity Distribution,50.8522402,-4.3471996
Geevor Mill,11000,,50.1530993,-5.6758556
Geevor Mine,11000,,50.1518776,-5.675382
Geevor Substation,33000;11000,National Grid Electricity Distribution,50.1481638,-5.6740522
Geocel Ltd Substation,11000,National Grid Electricity Distribution,50.3904175,-4.0181131
George Hotel Plympton Substation,11000,National Grid Electricity Distribution,50.3876406,-4.0472267
George Place Substation,11000,National Grid Electricity Distribution,50.3687941,-4.1541824
George Smith Way Substation,11000,National Grid Electricity Distribution,50.9509175,-2.6816043
Georgeham Substation,33000;11000,National Grid Electricity Distribution,51.151099,-4.1775399
Gerrards Green North Substation,11000,National Grid Electricity Distribution,50.8120038,-2.7297939
Gerrards Green Substation,11000,National Grid Electricity Distribution,50.8100373,-2.7304322
Giblands Substation,11000,National Grid Electricity Distribution,50.7408055,-3.9868512
Gifford Place 2 Substation,11000,National Grid Electricity Distribution,50.3833508,-4.139686
Gilwell Street Substation,11000,National Grid Electricity Distribution,50.3742776,-4.1354729
Ginster PennygillamSubstation,11000,National Grid Electricity Distribution,50.6278979,-4.3815008
Gipsy Lane Substation,11000,National Grid Electricity Distribution,50.6279931,-3.4080409
Girling & Bowditch Substation,11000,National Grid Electricity Distribution,50.8179744,-2.7475537
Gissons Substation,11000,National Grid Electricity Distribution,50.6800089,-3.4909155
Glampton Farm Estate Substation,11000,National Grid Electricity Distribution,50.3948892,-3.5665635
Glampton Substation,11000,National Grid Electricity Distribution,50.3960771,-3.5655805
Glanville Terrace Substation,11000,National Grid Electricity Distribution,50.4130492,-4.2141197
Glass House Lane Substation,11000,National Grid Electricity Distribution,50.6972368,-3.4910933
Glebe Avenue Substation,11000,National Grid Electricity Distribution,50.4099293,-4.2160793
Glebe Meadow Substation,11000,National Grid Electricity Distribution,50.8106522,-4.3590566
Glebelands No 1 Substation,11000,National Grid Electricity Distribution,50.4839136,-3.7828575
Glebelands Substation,11000,National Grid Electricity Distribution,51.208149,-3.484063
Glebelands Substation,11000,National Grid Electricity Distribution,50.8108828,-4.3562705
Gleblands Court South Petherton Substation,11000,National Grid Electricity Distribution,50.9505269,-2.800686
Glen Lyn Generator Substation,11000,National Grid Electricity Distribution,51.229509,-3.8300119
Glen Park Substation,11000,National Grid Electricity Distribution,50.5025216,-4.4211363
Glenavon Road Substation,11000,National Grid Electricity Distribution,50.3885349,-4.134931
Glenavon Substation,11000,National Grid Electricity Distribution,51.2061616,-4.0404517
Glendowner Road Substation,11000,National Grid Electricity Distribution,50.3858347,-4.143076
Glenfield Road Substation,11000,National Grid Electricity Distribution,50.4250527,-4.104457
Glenfield WaySubstation,11000,National Grid Electricity Distribution,50.4261702,-4.1001512
Glenmore Road Flats Substation,11000,National Grid Electricity Distribution,51.2042558,-3.4698626
Glenside Substation,11000,National Grid Electricity Distribution,50.3842967,-4.1307515
Globefield Substation,11000,National Grid Electricity Distribution,50.682733,-3.4630139
Gloucester Road Substation,11000,National Grid Electricity Distribution,50.5481366,-3.5012458
Glynn Road,,National Grid Electricity Distribution,50.5377194,-4.9403178
Goad Avenue Substation,11000,National Grid Electricity Distribution,50.3764906,-4.2167544
Godolphin Close Substation,11000,National Grid Electricity Distribution,50.7708908,-3.5887372
Godolphin Hotel,11000,,50.1233551,-5.473882
Golden Hill Substation,11000,National Grid Electricity Distribution,51.0437092,-3.3103336
Golden Hind,,National Grid,50.3994577,-4.1350043
Golitha Rise Substation,11000,National Grid Electricity Distribution,50.4549855,-4.4527677
Goodwin Ave Substation,11000,National Grid Electricity Distribution,50.4288695,-4.1232236
Goonhilly Solar Park Substation,33000,National Grid Electricity Distribution,50.0400501,-5.2068948
Goonhilly Wind Farm Substation,33000,National Grid Electricity Distribution,50.0415171,-5.2028498
Goonwartha Road Substation,11000,National Grid Electricity Distribution,50.3547493,-4.4668784
Gore Cross Substation,11000,National Grid Electricity Distribution,50.7469883,-2.7398062
Gorge Cheddar Substation,11000,National Grid Electricity Distribution,51.2820946,-2.7671104
Gorran Haven Beach,,National Grid Electricity Distribution,50.240226,-4.7889054
Gorse Way Substation,11000,National Grid Electricity Distribution,50.3869381,-3.9150096
Gorway Cross Substation,11000,National Grid Electricity Distribution,50.5586884,-3.4860514
Gorway Estate Substation,11000,National Grid Electricity Distribution,50.5530216,-3.4920947
Goschen Centre Substation,11000,National Grid Electricity Distribution,50.3852534,-4.1779396
Gouldsbrook Terrace Substation,11000,National Grid Electricity Distribution,50.8835158,-2.7989748
Gover Park 33kV Solar Park,33000,National Grid Electricity Distribution,50.2906348,-5.2000576
Government Training Centre Substation,11000,National Grid Electricity Distribution,50.3943441,-4.0467107
Gower RidgeSubstation,11000,National Grid Electricity Distribution,50.3579176,-4.0965139
Grammar School Substation,11000,National Grid Electricity Distribution,50.7366984,-3.9985727
Grammar School Substation,11000,National Grid Electricity Distribution,51.199692,-3.4711011
Grammar School Substation,11000,National Grid Electricity Distribution,50.5517542,-3.5019387
Granada Services Substation,11000,National Grid Electricity Distribution,50.4193423,-4.2370966
Grange Avenue Substation,11000,National Grid Electricity Distribution,51.0682478,-4.0791899
Grange Farm 33kV Solar Pk,33000,National Grid Electricity Distribution Plc,51.0096851,-3.2217427
Grange Park No.1 Substation,11000,National Grid Electricity Distribution,50.5522014,-3.5523341
Gransden The Down Substation,11000,National Grid Electricity Distribution,50.4799675,-4.1852666
Grass Drying Plant Substation,11000,National Grid Electricity Distribution,50.4450517,-3.7142225
Grass Drying Substation,11000,National Grid Electricity Distribution,50.7386791,-3.4149226
Gratton Cross Substation,11000,National Grid Electricity Distribution,50.4880682,-4.0817576
Gratton Way Substation,11000,National Grid Electricity Distribution,51.0659965,-4.0812325
Great Court Farm Substation,11000,National Grid Electricity Distribution,50.4312221,-3.66452
Great Field Substation,11000,National Grid Electricity Distribution,50.9564359,-2.7526598
Great Houndbeare Solar Park,33000,National Grid Electricity Distribution Plc,50.7310337,-3.3501099
Great Knowle Solar Farm Substation,11000,National Grid Electricity Distribution,50.8054483,-4.3699002
Great Orchard Substation,11000,National Grid Electricity Distribution,50.3154849,-3.9135873
Great Palstone Substation,11000,National Grid Electricity Distribution,50.4255458,-3.8240703
Great Torrington West Substation,11000,National Grid Electricity Distribution,50.9532162,-4.1554044
Great Tree Holiday Camp Substation,11000,National Grid Electricity Distribution,50.3729815,-4.4415884
Great Woodcote Park Substation,11000,National Grid Electricity Distribution,50.699402,-3.482698
Green Acre Substation,11000,National Grid Electricity Distribution,50.7666845,-2.9564965
Green Clsoe School Substation,11000,National Grid Electricity Distribution,50.6265587,-3.4003578
Green Lane Lelant,11000,,50.1863607,-5.4367874
Green Park Road Substation,11000,National Grid Electricity Distribution,50.3534143,-4.0938135
Green Parkway Substation,11000,National Grid Electricity Distribution,50.2739346,-3.6956223
Greenacres Substation,11000,National Grid Electricity Distribution,50.6969461,-3.4828678
Greenaway Industrial Substation,11000,National Grid Electricity Distribution,50.8275211,-4.5083518
Greenbank Avenue Substation,11000,National Grid Electricity Distribution,50.3737957,-4.1264242
Greenbank Medical Centre Substation,11000,National Grid Electricity Distribution,50.3769217,-4.1294346
Greenbank Road Substation,11000,National Grid Electricity Distribution,50.3755951,-4.1301498
Greenbank Supermarket Substation,11000,National Grid Electricity Distribution,50.3793126,-4.1301022
Greenfield Drive Substation,11000,National Grid Electricity Distribution,50.3862414,-3.9203254
Greenfield Substation,11000,National Grid Electricity Distribution,51.067525,-4.1450699
Greenhill Close Substation,11000,National Grid Electricity Distribution,50.3523646,-4.0837907
Greenhill House Substation,11000,National Grid Electricity Distribution,51.2804597,-2.7790645
Greenmarket,11000,,50.1183315,-5.5375808
Greenpark Road Substation,11000,National Grid Electricity Distribution,50.635658,-3.3922503
Greenway Farm Substation,11000,National Grid Electricity Distribution,50.3844283,-3.5815555
Greenway Road Substation,11000,National Grid Electricity Distribution,50.3961395,-3.5603653
Greenway Substation,11000,National Grid Electricity Distribution,51.1822896,-3.3332886
Greenwood Park Rd. 1 Substation,11000,National Grid Electricity Distribution,50.3912537,-4.0245114
Gregory Transport Substation,11000,National Grid Electricity Distribution,50.7988207,-3.9039093
Grenville Avenue Substation,11000,National Grid Electricity Distribution,50.5584422,-3.5077717
Grey Barn Substation,11000,National Grid Electricity Distribution,50.3494081,-3.8433554
Greystoke Avenue Substation,11000,National Grid Electricity Distribution,50.3973823,-4.1058376
Grizedale Road Substation,11000,National Grid Electricity Distribution,50.3969662,-4.1011518
Grosvenor Casino Substation,11000,National Grid Electricity Distribution,50.3695279,-4.1472323
Gtc Barton Way Substation,11000,National Grid Electricity Distribution,50.3463193,-3.6061418
Gtc Little Cotton Road Substation,11000,National Grid Electricity Distribution,50.3451699,-3.6045922
Guard Room Mt Batten Substation,11000,National Grid Electricity Distribution,50.3574224,-4.1200834
Gubbins Lane Substation,11000,National Grid Electricity Distribution,51.106021,-4.1621127
Guildhall St Ives,11000,National Grid Electricity Distribution (South West) plc,50.2118773,-5.4807615
Guildhall Substation,11000,National Grid Electricity Distribution,50.4315786,-3.6867449
Gulval,11000,,50.1309674,-5.5274194
Gulval Mead Makers,11000,,50.1323415,-5.5300048
Gunnislake Substation,33000;11000,National Grid Electricity Distribution Plc,50.5197402,-4.2264843
Gussiford Lane Substation,11000,National Grid Electricity Distribution,50.6184159,-3.4079591
Gwavas,11000,,50.098191,-5.5492658
Gwavas Works,11000,,50.100641,-5.5493188
Gwelmeneth Park Estate Substation,11000,National Grid Electricity Distribution,50.4858791,-4.467274
Gwyn Road Substation,11000,National Grid Electricity Distribution,50.3771147,-4.1200398
Gwynntor Substation,11000,National Grid Electricity Distribution,50.5533885,-4.1476293
Gypsy Lane Substation,11000,National Grid Electricity Distribution,50.4527516,-4.4779377
HMS Raleigh Substation,11000,National Grid Electricity Distribution,50.3740443,-4.2241892
HV Intake Broadway Caravan ParkSubstation,11000,National Grid Electricity Distribution,51.2911691,-2.7914766
Habitat Substation,11000,National Grid Electricity Distribution,50.3703756,-4.1469073
Haddington Road Substation,11000,National Grid Electricity Distribution,50.3803977,-4.1726983
Hain Walk,11000,,50.2057679,-5.4715801
Haldon Drive Substation,11000,National Grid Electricity Distribution,50.6703929,-3.5619681
Haldon Garage Substation,11000,National Grid Electricity Distribution,50.6408187,-3.5628041
Haldon Steeplechase Substation,11000,National Grid Electricity Distribution,50.640737,-3.5616523
Haldon View Substation,11000,National Grid Electricity Distribution,50.6025725,-3.5938271
Haldson Avenue Substation,11000,National Grid Electricity Distribution,50.6317205,-3.4114265
Half Moon Substation,11000,National Grid Electricity Distribution,50.4745371,-3.7849006
Hall Lane Substation,11000,National Grid Electricity Distribution,50.5639394,-3.4781573
Hallerton Close Substation,11000,National Grid Electricity Distribution,50.4080928,-4.0934744
Hallet Metals Substation,11000,National Grid Electricity Distribution,50.8822412,-2.7803328
Halscombe Substation,11000,National Grid Electricity Distribution,51.2044637,-3.6000566
Halsdown House Substation,11000,National Grid Electricity Distribution,50.6350259,-3.4107138
Halse 33kv Solar Farm,33000,National Grid Electricity Distribution Plc,51.0476552,-3.2030038
Ham Drive Learning Centre Substation,11000,National Grid Electricity Distribution,50.3960388,-4.1646014
Hamilton Road Substation,11000,National Grid Electricity Distribution,50.6231087,-3.392585
Hamledown Road Substation,11000,National Grid Electricity Distribution,50.744824,-3.9830854
Hamlin Gardens Electricity Substation,,National Grid Electricity Distribution,50.7279087,-3.4989956
Hangar Substation,11000,National Grid Electricity Distribution,50.3586999,-4.1273299
Hannafore Looe Substation,11000,National Grid Electricity Distribution,50.3501266,-4.4520847
Hanover Flats Substation,11000,National Grid Electricity Distribution,51.0414611,-3.551585
Harbertonford Substation,11000,National Grid Electricity Distribution,50.3937618,-3.7119777
Harbour Avenue Substation,11000,National Grid Electricity Distribution,50.3710439,-4.1321154
Harewood House Substation,11000,National Grid Electricity Distribution,50.3885398,-4.0543275
Harlequin Bowling Substation,11000,National Grid Electricity Distribution,50.6141054,-3.4105086
Harpers Homemix Substation,11000,National Grid Electricity Distribution,50.8190959,-4.3551637
Harston Road Substation,11000,National Grid Electricity Distribution,50.3923402,-3.9428183
Hartland Cross Industrial Substation,11000,National Grid Electricity Distribution,50.9905474,-4.4695556
Hartland East Substation,11000,National Grid Electricity Distribution,50.992391,-4.4785715
Hartland Pt Radar Stn Substation,11000,National Grid Electricity Distribution,51.0208812,-4.514342
Hartland Vicarage Substation,11000,National Grid Electricity Distribution,50.993572,-4.482236
Hartland View Solar Substation,11000,National Grid Electricity Distribution,51.1346651,-4.0212361
Hartley Avenue Substation,11000,National Grid Electricity Distribution,50.3907326,-4.1266999
Hartley Reservoir Substation,11000,National Grid Electricity Distribution,50.3932262,-4.1316362
Hartwell Avenue Substation,11000,National Grid Electricity Distribution,50.360619,-4.057855
Harvey Street Substation,11000,National Grid Electricity Distribution,50.3759249,-4.1964276
Hatches Green Substation,11000,National Grid Electricity Distribution,50.5201793,-4.2127962
Hatchlands Farm 33kV Solar,33000,National Grid Electricity Distribution Plc,50.4209,-3.779917
Hatherleigh Abbatoir Substation,11000,National Grid Electricity Distribution,50.8231229,-4.0761091
Hatherleigh Substation,33000;11000,National Grid Electricity Distribution,50.8172991,-4.076065
Haul Waste Generation No 2 Substation,11000,National Grid Electricity Distribution,50.5732689,-3.6097034
Haven Road,11000,National Grid Electricity Distribution,50.7168124,-3.5310386
Hawkers Fm 33kv Solar Park,33000,National Grid Electricity Distribution Plc,51.2249667,-2.761992
Hawkmoor Substation,11000,National Grid Electricity Distribution,50.6151402,-3.6939527
Hawksground Substation,11000,National Grid Electricity Distribution,50.62034,-4.563283
Hawson Court Substation,11000,National Grid Electricity Distribution,50.4980095,-3.8111505
Hawthorn Park Road Substation,11000,National Grid Electricity Distribution,50.3207172,-4.0753206
Hawthorn Road Substation,11000,National Grid Electricity Distribution,51.0744975,-4.0262513
Haydon Gate Substation,11000,National Grid Electricity Distribution Plc,51.2831489,-2.4476535
Haye Close Substation,11000,National Grid Electricity Distribution,50.7315576,-2.9471904
Haye Lane Solar Park Substation,33000,,50.5091384,-4.3251422
Haye Road Golf Range Substation,11000,National Grid Electricity Distribution,50.3692668,-4.0658311
Hayes End Substation,11000,National Grid Electricity Distribution,50.9463839,-2.8034949
Hayle Substation,132000;33000,National Grid Electricity Distribution,50.192609,-5.4295397
Haytor Drive Substation,11000,National Grid Electricity Distribution,50.528121,-3.578084
Hazard Farm 33kV Solar Pk,33000,National Grid Electricity Distribution Plc,50.4211859,-3.7621777
Hazel Grove Substation,11000,National Grid Electricity Distribution,50.3620472,-4.0618287
Hazeldene Lee Mill Substation,11000,National Grid Electricity Distribution,50.3844868,-3.9757496
Hazeledene Gardens Substation,11000,National Grid Electricity Distribution,50.6308781,-3.4081864
Hazelwood Estate Substation,11000,National Grid Electricity Distribution,50.5023608,-4.3084245
Head Post Office Substation,11000,National Grid Electricity Distribution,50.3711097,-4.1382288
Headland Park Rd 1 & 2 Substation,11000,National Grid Electricity Distribution,50.3786616,-4.1347995
Headland View Substation,11000,National Grid Electricity Distribution,51.1748388,-4.1759718
Headon Down Switch House Substation,11000,National Grid Electricity Distribution,50.4278585,-3.9958837
Headquarters Road WWTE,,,51.2741645,-2.2099071
Health Centre Substation,11000,National Grid Electricity Distribution,51.1975605,-4.0224896
Heamoor Kiosk,11000,,50.1265238,-5.5512364
Heath Road Substation,11000,National Grid Electricity Distribution,50.398662,-3.5040752
Heathcote 18 S/S,,SSE Power Distribution,50.6872571,-2.2973234
Heathfield Landfill Substation,33000,National Grid Electricity Distribution,50.5725783,-3.6111103
Heathfield Sewage Works Substation,11000,National Grid Electricity Distribution,50.5747954,-3.648756
Heavitree Substation,33000;11000,National Grid Electricity Distribution,50.7205124,-3.4907218
Hele Bay Holiday park Substation,11000,National Grid Electricity Distribution,51.2034288,-4.1020037
Hele Lane Substation,11000,National Grid Electricity Distribution,51.069123,-4.095559
Hele Manor Estate Substation,11000,National Grid Electricity Distribution,51.0700736,-4.078985
Helena Road Substation,11000,National Grid Electricity Distribution,50.9268003,-2.6625804
Hellerman Tyton Substation,11000,National Grid Electricity Distribution,50.4115228,-4.117263
Helmers Meadow Substation,11000,National Grid Electricity Distribution,50.2724621,-3.6946517
Heltor Ltd Substation,11000,National Grid Electricity Distribution,50.576473,-3.6576622
Hembury Park Substation,11000,National Grid Electricity Distribution,50.4922609,-3.7831782
Hemerdon Mine Substation,33000,National Grid Electricity Distribution,50.4133833,-4.01443
Hemyock Substation,33000;11000,National Grid Electricity Distribution,50.9186609,-3.2516762
Hendra Hotel,11000,,50.1961935,-5.4630008
Henley Road Substation,11000,National Grid Electricity Distribution,50.6241336,-3.3947038
Heritage Way Substation,11000,National Grid Electricity Distribution,50.3958854,-3.5000261
Hermitage Road Substation,11000,National Grid Electricity Distribution,50.3851756,-4.1363894
Hermosa Road Substation,11000,National Grid Electricity Distribution,50.5491812,-3.5036776
Hessary Tor Substation,11000,National Grid Electricity Distribution,50.5503422,-4.0082336
Hewas Solar Farm Substation,33000,National Grid Electricity Distribution,50.3441159,-4.9248202
Hexton Quarry Substation,11000,National Grid Electricity Distribution,50.3538662,-4.109365
Heywood Paving Substation,11000,National Grid Electricity Distribution,50.3745974,-4.1118287
Hickory Drive Embedded Network Substation,11000,National Grid Electricity Distribution,50.3911171,-4.0292433
High Brae Substation,11000,National Grid Electricity Distribution,50.6124941,-3.3921664
High Down Wind Turbine Substation,11000,National Grid Electricity Distribution,50.4955062,-4.3900709
High Meadows Substation,11000,National Grid Electricity Distribution,50.7183427,-3.5570329
High St Substation,11000,National Grid Electricity Distribution,51.0413758,-3.3120803
High Street Substation,11000,National Grid Electricity Distribution,50.7373252,-4.0059112
High Street Substation,11000,National Grid Electricity Distribution,50.6403264,-3.4764479
High Street Substation,11000,National Grid Electricity Distribution,50.4310196,-3.6890323
High Street Substation,11000,National Grid Electricity Distribution,50.9536881,-2.7486339
High Street Wool,,SSE Power Distribution,50.6769011,-2.2192441
Highcliff Substation,11000,National Grid Electricity Distribution,50.3128385,-3.6316261
Highcliffe Substation,11000,National Grid Electricity Distribution,50.645729,-3.4297053
Higher Berechapel Farm ADP,33000,National Grid Electricity Distribution Plc,50.8451651,-2.8588325
Higher Broadpark Substation,11000,National Grid Electricity Distribution,50.3498399,-3.5908804
Higher Buckeridge Road Substation,11000,National Grid Electricity Distribution,50.5588308,-3.5041025
Higher Bye Farm 33kV Solar,33000,National Grid Electricity Distribution Plc,51.1711747,-3.3598678
Higher Contour Road Substation,11000,National Grid Electricity Distribution,50.3504958,-3.5659314
Higher Cornwall Street Car Park Substation,11000,National Grid Electricity Distribution,50.3718414,-4.1414938
Higher Gews Close,11000,,50.1222428,-5.6771925
Higher Gorse Road Substation,11000,National Grid Electricity Distribution,51.0692903,-4.0990329
Higher Holcombe Road Substation,11000,National Grid Electricity Distribution,50.5606722,-3.493996
Higher Langage Substation,11000,National Grid Electricity Distribution,50.3896138,-4.0077643
Higher Manor Farm Substation,11000,National Grid Electricity Distribution,50.2980135,-3.8941142
Higher Nancealverne,11000,,50.1240811,-5.5558714
Higher Park Road Substation,11000,National Grid Electricity Distribution,51.1078715,-4.1547846
Higher Park Substation,11000,National Grid Electricity Distribution,51.2033477,-3.4905567
Higher Park Substation,11000,National Grid Electricity Distribution,50.2168413,-3.709412
Higher Road Substation,11000,National Grid Electricity Distribution,50.5021309,-4.4186123
Higher Sea Lane Substation,11000,National Grid Electricity Distribution,50.737064,-2.905069
Higher Stockbridge Solar Farm,132000;33000,,50.8972823,-2.5233136
Higher Tors Substation,11000,National Grid Electricity Distribution,51.2300144,-3.8266024
Higher Tregarne Solar Farm Substation,33000,National Grid Electricity Distribution Plc,50.131961,-5.1273188
Higher Trevartha Solar Fm,33000,National Grid Electricity Distribution,50.4527386,-4.4255336
Higher Woodway Substation,33000;11000,National Grid Electricity Distribution,50.5610799,-3.4963943
Highertown Park Substation,11000,National Grid Electricity Distribution,50.4223521,-4.2874777
Highfield Drive Substation,11000,National Grid Electricity Distribution,50.3265552,-4.0738561
Highfield Park Estate Substation,11000,National Grid Electricity Distribution,50.6325629,-4.3709412
Highglen Drive Substation,11000,National Grid Electricity Distribution,50.3951231,-4.0324103
Highgrove Park Substation,11000,National Grid Electricity Distribution,50.5032801,-4.305382
Highgrove Park Substation,11000,National Grid Electricity Distribution,50.5577841,-3.4906989
Highland Terrace Substation,11000,National Grid Electricity Distribution,50.3479968,-3.5788207
Highlands Caravan Substation,11000,National Grid Electricity Distribution,50.7196206,-2.778568
Hilhead Caravan Park Substation,11000,National Grid Electricity Distribution,50.3701802,-3.545111
Hill View Road Substation,11000,National Grid Electricity Distribution,51.1717544,-3.4174799
Hillbarton Business Park Substation,11000,National Grid Electricity Distribution,50.7093389,-3.4198346
Hilldale Road Substation,11000,National Grid Electricity Distribution,50.355788,-4.0911673
Hillfield Holiday Camp Substation,11000,National Grid Electricity Distribution,50.3461449,-3.6413894
Hillhead Substation,11000,National Grid Electricity Distribution,50.3720656,-3.5434742
Hillhead Substation,11000,National Grid Electricity Distribution,50.8274325,-4.5230252
Hillsborough Road Substation,11000,National Grid Electricity Distribution,51.20666,-4.1093917
Hillside Ave MSN Substation,11000,National Grid Electricity Distribution,51.2818602,-2.4955078
Hillside Road,,,50.6756904,-2.2273397
Hillsmoor Ind ParkSubstation,11000,National Grid Electricity Distribution,51.0388758,-3.3031185
Hillsmoor Sewage Substation,11000,National Grid Electricity Distribution,51.0384747,-3.3037861
Hillsmoor Solar Farm Substation,11000,National Grid Electricity Distribution,50.8122332,-4.0854009
Hilltop Crest Substation,11000,National Grid Electricity Distribution,50.4102203,-4.1790222
Hilton Wood Park Substation,11000,National Grid Electricity Distribution,50.7689123,-4.4777296
Hinetown Substation,11000,National Grid Electricity Distribution,50.3081076,-3.6324693
Hingston Down Quarry Substation,11000,National Grid Electricity Distribution,50.5262176,-4.243673
Hinkley Point A Substation,275000,,51.2060907,-3.1325343
Hinkley Point B Substation,400000,,51.2067829,-3.1276568
Hogshill Substation,11000,National Grid Electricity Distribution,50.8097014,-2.7396319
Hogsmead Substation,11000,National Grid Electricity Distribution,50.8109068,-2.7445603
Holbeton Square Substation,11000,National Grid Electricity Distribution,50.3354473,-3.9495455
Holborn Place Substation,11000,National Grid Electricity Distribution,50.3696407,-4.1257496
Holcombe Drive Substation,11000,National Grid Electricity Distribution,50.3507173,-4.0861833
Holcombe Substation,11000,National Grid Electricity Distribution,50.564641,-3.4770615
Holdsworthy Biogas Substation,11000,National Grid Electricity Distribution,50.827595,-4.3522111
Holdswothy Agri Business Park Substation,11000,National Grid Electricity Distribution,50.8247731,-4.3520894
Hole Farm Turbine Substation,11000,National Grid Electricity Distribution,50.7572976,-4.1826219
Holford Switching Station,33000,,51.1688669,-3.1968203
Holiday Inn Substation,11000,National Grid Electricity Distribution,50.3673763,-4.1413975
Holiday Inn Victoria,,National Grid Electricity Distribution,50.4269523,-4.8157305
Hollam Park Substation,11000,National Grid Electricity Distribution,51.0410048,-3.5423777
Holland Ball Substation,11000,National Grid Electricity Distribution,50.7290173,-3.6374146
Holland Road Langage Substation,11000,National Grid Electricity Distribution,50.3874567,-4.0194934
Holland Road Substation,11000,National Grid Electricity Distribution,50.3892055,-4.1384452
Holland Street Substation,11000,National Grid Electricity Distribution,51.0799835,-4.0611515
Hollicombe Substation,33000;11000,National Grid Electricity Distribution,50.4532042,-3.5575062
Hollies Road St Stephens Substation,11000,National Grid Electricity Distribution,50.6457068,-4.3712088
Holly Park Drive 26 Substation,11000,National Grid Electricity Distribution,50.4225834,-4.1652627
Holly Park Substation,11000,National Grid Electricity Distribution,50.7420319,-3.9916638
Hollycroft Road Substation,11000,National Grid Electricity Distribution,50.3950126,-4.1185551
Hollymount Close Substation,11000,National Grid Electricity Distribution,50.6416648,-3.3977409
Holmlea Substation,11000,National Grid Electricity Distribution,51.2078908,-2.6947302
Holmsleigh Substation,11000,National Grid Electricity Distribution,51.1044452,-4.1548035
Holtwood Road Substation,11000,National Grid Electricity Distribution,50.4288604,-4.1009932
Holwell Lane Substation,11000,National Grid Electricity Distribution,51.283798,-2.7928391
Home Farm Est Substation,11000,National Grid Electricity Distribution,51.069062,-4.1302625
Home Meadow Substation,11000,National Grid Electricity Distribution,50.4282159,-3.6844486
Home Park Substation,11000,National Grid Electricity Distribution,50.3880006,-4.1520106
Home Sweet Home Terrace Substation,11000,National Grid Electricity Distribution,50.368064,-4.1223292
Homelea Holiday Camp SwitchingSubstation,11000,National Grid Electricity Distribution,50.3871344,-3.5067475
Homers Close Substation,11000,National Grid Electricity Distribution,50.5441204,-3.5996688
Honeywell Fm Substation,11000,National Grid Electricity Distribution,51.1450918,-4.0442426
Honicombe Estate Substation,11000,National Grid Electricity Distribution,50.5127422,-4.2412445
Honicombe Manor Substation,11000,National Grid Electricity Distribution,50.5110938,-4.2403657
Honiton Heathfield Substation,33000,National Grid Electricity Distribution Plc,50.7911457,-3.2061078
Hooe Hill Substation,11000,National Grid Electricity Distribution,50.3511048,-4.1101697
Hooe Lake Quarry Substation,11000,National Grid Electricity Distribution,50.355669,-4.114361
Hooe Manor Substation,11000,National Grid Electricity Distribution,50.3508384,-4.1070967
Hooe Substation,11000,National Grid Electricity Distribution,50.3532012,-4.112515
Hopcott Road Substation,11000,National Grid Electricity Distribution,51.197661,-3.4694497
Hope 33kV Solar Park,33000,National Grid Electricity Distribution,50.209977,-5.368417
Hope Cove Substation,11000,National Grid Electricity Distribution,50.2433384,-3.856342
Hope and Anchor Substation,11000,National Grid Electricity Distribution,50.2463247,-3.8584369
Hopperstyle Substation,11000,National Grid Electricity Distribution,51.0715465,-4.0917698
Hopsfield,,SSE Power Distribution,50.7803298,-2.2837732
Horlicks Substation,11000,National Grid Electricity Distribution,51.2059689,-3.4806109
Horn Cross Rd Substation,11000,National Grid Electricity Distribution,50.3596896,-4.0868818
Horn Lane Substation,11000,National Grid Electricity Distribution,50.3607295,-4.0902515
Horn Park Quarry Substation,11000,National Grid Electricity Distribution,50.8158627,-2.7702088
Hornapark Substation,11000,National Grid Electricity Distribution,50.643094,-4.2854017
Hornchurch Road Substation,11000,National Grid Electricity Distribution,50.420605,-4.1820961
Horne Road Substation,11000,National Grid Electricity Distribution,51.2042587,-4.1249962
Horns Park Substation,11000,National Grid Electricity Distribution,50.5510962,-3.547235
Horsacott Solar Park Substation,33000,,51.0637703,-4.1121821
Horse Lane Substation,11000,National Grid Electricity Distribution,50.6393424,-4.3607026
Hoskins Court Substation,11000,National Grid Electricity Distribution,50.4805002,-3.7776914
Hospital Road Substation,11000,National Grid Electricity Distribution,50.3770281,-4.1326741
Hospital Substation,11000,National Grid Electricity Distribution,50.6206975,-3.4026094
Hotel Substation,11000,National Grid Electricity Distribution,50.3572316,-4.1249175
Houndiscombe Rd No 2Substation,11000,National Grid Electricity Distribution,50.380417,-4.1343635
Houndiscombe Road,,National Grid Electricity Distribution,50.3804291,-4.1343674
Houndiscombe Road No 1 Substation,11000,National Grid Electricity Distribution,50.3803917,-4.134435
Houndstone Married Quarters Substation,11000,National Grid Electricity Distribution,50.9452534,-2.6784702
Houndstone Moore Products Substation,11000,National Grid Electricity Distribution,50.9533399,-2.6736664
Houndstone Retail Park Substation,11000,National Grid Electricity Distribution,50.9445016,-2.6708115
Howard Close Substation,11000,National Grid Electricity Distribution,50.5584986,-3.509119
Howton Farm 33kv Solar Pk,33000,National Grid Electricity Distribution Plc,50.4465398,-4.2933731
Hughes Estate Substation,11000,National Grid Electricity Distribution,50.7441883,-3.996273
Hunters Court Substation,11000,National Grid Electricity Distribution,50.4384598,-3.6228508
Hunters Moon Substation,11000,National Grid Electricity Distribution,50.4409089,-3.7080877
Huntley Substation,11000,National Grid Electricity Distribution,50.5529189,-3.5471924
Huntworth Generator,33000,National Grid Electricity Distribution Plc,51.1126301,-2.9891603
Hurcott 33kv Solar Park,33000,National Grid Electricity Distribution Plc,50.9387942,-2.8691
Hurcott Regulator,33000,National Grid Electricity Distribution Plc,50.9218072,-2.8780512
Hurdon Road Substation,11000,National Grid Electricity Distribution,50.6271395,-4.3537316
Hurst Close Substation,11000,National Grid Electricity Distribution,50.3493575,-4.0876594
Hut 65 Substation,11000,National Grid Electricity Distribution,50.7007471,-3.4732167
Hutchings Way Substation,11000,National Grid Electricity Distribution,50.5507875,-3.5130591
Huxhams Cross Substation,11000,National Grid Electricity Distribution,50.454743,-3.715577
Hyde Park House Substation,11000,National Grid Electricity Distribution,50.3840118,-4.1349462
Hyde Park Substation,11000,National Grid Electricity Distribution,50.3846607,-4.1349607
Hymec Substation,11000,National Grid Electricity Distribution,50.5784101,-3.6610148
Hythe Wood Substation,11000,National Grid Electricity Distribution,51.2754728,-2.7910978
IBA Transmitter Substation,11000,National Grid Electricity Distribution,50.7189076,-3.5618986
IBL Ballscrew Substation,11000,National Grid Electricity Distribution,51.0733376,-4.0281252
IPC Newspapers Substation,11000,National Grid Electricity Distribution,50.402625,-4.1602576
ITA Caradon Substation,11000,National Grid Electricity Distribution,50.511457,-4.4369329
Ice Factory Substation,11000,National Grid Electricity Distribution,51.0966504,-4.1525654
Ice Works Padstow,,National Grid Electricity Distribution,50.5430453,-4.9364561
Icy Park Substation,11000,National Grid Electricity Distribution,50.3153944,-3.8393244
Ilbert Road Substation,11000,National Grid Electricity Distribution,50.2688096,-3.8666474
Ilfracombe Academy Substation,11000,National Grid Electricity Distribution,51.203416,-4.1159224
Ilfracombe Harbour Substation,11000,National Grid Electricity Distribution,51.2094532,-4.1158356
Ilfracombe Substation,33000;11000,National Grid Electricity Distribution,51.1995248,-4.1111322
Illawong Substation,11000,National Grid Electricity Distribution,50.3140239,-4.0494997
Imperial Rd Car Park Substation,11000,National Grid Electricity Distribution,50.6204178,-3.4159619
Ince Castle Substation,11000,National Grid Electricity Distribution,50.3870049,-4.250603
Inchkeith Road Substation,11000,National Grid Electricity Distribution,50.4299347,-4.12776
Indian Queens Substation,400000;132000,National Grid Electricity Transmission,50.394926,-4.8996661
Industrial Estate Substation,11000,National Grid Electricity Distribution,50.8152207,-4.0778879
Industrial Estate Substation,11000,National Grid Electricity Distribution,50.9783994,-2.7679473
Industrial Units Dinan Way Substation,11000,National Grid Electricity Distribution,50.6297863,-3.3791841
Infants School St Ives,11000,,50.2085078,-5.4876847
Inner Hope Substation,11000,National Grid Electricity Distribution,50.2426763,-3.8586997
Inns Park Substation,11000,National Grid Electricity Distribution,50.6155527,-4.6860397
Instow Back Road Substation,11000,National Grid Electricity Distribution,51.0523797,-4.1790726
Insworke Estate Substation,11000,National Grid Electricity Distribution,50.3532114,-4.2084961
Insworke Pumping Sta Substation,11000,National Grid Electricity Distribution,50.3509549,-4.2098222
Interfish Substation,11000,National Grid Electricity Distribution,50.3621972,-4.1188769
Inverdene Substation,11000,National Grid Electricity Distribution,50.3850743,-4.1465068
Investacast Substation,11000,National Grid Electricity Distribution,51.1784227,-4.1268626
Ipplepen Substation,11000,National Grid Electricity Distribution,50.4920012,-3.6282324
Ipswich Close Substation,11000,National Grid Electricity Distribution,50.4166656,-4.149026
Iron Mine Lane Substation,11000,National Grid Electricity Distribution,50.4964219,-4.0613797
Isca Road Substation,11000,National Grid Electricity Distribution,50.6159519,-3.3980942
Island View Substation,11000,National Grid Electricity Distribution,50.2745034,-3.8585974
Ivatt Road Substation,11000,National Grid Electricity Distribution,50.3499347,-3.5983018
Ivelway Substation,11000,National Grid Electricity Distribution,50.8801613,-2.7950143
Ivy Lane Substation,11000,National Grid Electricity Distribution,50.543461,-3.4978582
Ivybridge Comprehensive School Substation,11000,National Grid Electricity Distribution,50.3930676,-3.9156624
Ivybridge Substation,33000;11000,National Grid Electricity Distribution,50.3865142,-3.9259104
Ivydale Substation,11000,National Grid Electricity Distribution,50.3825946,-4.1288743
Ivydale Substation,11000,National Grid Electricity Distribution,50.6391798,-3.3911039
Ivyleaf Turbine Substation,11000,National Grid Electricity Distribution,50.8537468,-4.5097087
JDS Bush ParkSubstation,11000,National Grid Electricity Distribution,50.4145795,-4.0881448
Jacks Way Substation,11000,National Grid Electricity Distribution,50.7086672,-3.4175039
Jackson Close Substation,11000,National Grid Electricity Distribution,50.3994933,-4.1754394
James Street Substation,11000,National Grid Electricity Distribution,50.3695894,-4.1774964
Jarvis Close Substation,11000,National Grid Electricity Distribution,50.6235528,-3.3871431
Jawbones Hill Substation,11000,National Grid Electricity Distribution,50.3497037,-3.5809565
Jedburgh Crescent Substation,11000,National Grid Electricity Distribution,50.3977931,-4.160565
Jefferys Substation,11000,National Grid Electricity Distribution,50.8210972,-4.5316277
Jennings Street,11000,,50.1186737,-5.5356974
Jetwells Substation,11000,National Grid Electricity Distribution,50.614619,-4.698571
Jinkin Avenue Substation,11000,National Grid Electricity Distribution,50.3802894,-4.1262279
Jogglers Hill Substation,11000,National Grid Electricity Distribution,50.9512899,-2.8057072
John Nash Drive Substation,11000,National Grid Electricity Distribution,50.5727301,-3.4765558
John Street Substation,11000,National Grid Electricity Distribution,50.3771765,-4.1808647
Johnson Close Substation,11000,National Grid Electricity Distribution,50.4814889,-4.1958469
Johnson Terrace Substation,11000,National Grid Electricity Distribution,50.3878607,-4.1812756
Jordan Street Substation,11000,National Grid Electricity Distribution,50.4814176,-3.7856233
Jubilee Pool,11000,,50.115594,-5.5322428
Jubilee Substation,11000,National Grid Electricity Distribution,51.0711008,-4.0736491
Julian Road Substation,11000,National Grid Electricity Distribution,50.3893867,-3.9317175
Jupiter Point Substation,11000,National Grid Electricity Distribution,50.3900101,-4.2299365
Jury Road Substation,11000,National Grid Electricity Distribution,51.039121,-3.5406079
Jurys Bilbury St Substation,11000,National Grid Electricity Distribution,50.3711589,-4.1350862
Kelly Close 1 Substation,11000,National Grid Electricity Distribution,50.3953529,-4.191292
Kelly Close 39 Substation,11000,National Grid Electricity Distribution,50.3951315,-4.1926116
Kelly Close 53 Substation,11000,National Grid Electricity Distribution,50.3953384,-4.1939527
Kelly College Substation,11000,National Grid Electricity Distribution,50.5578978,-4.1333522
Kellybray Housing Substation,11000,National Grid Electricity Distribution,50.519754,-4.3146495
Kelvin Avenue Substation,11000,National Grid Electricity Distribution,50.3792195,-4.1218112
Kenbury Crescent Substation,11000,National Grid Electricity Distribution,50.6157551,-3.4468014
Kenidjack,11000,,50.132708,-5.689211
Kenley Gdns Substation,11000,National Grid Electricity Distribution,50.4180021,-4.1743209
Kenmare Drive Substation,11000,National Grid Electricity Distribution,50.3864559,-4.0386044
Kenn Close Substation,11000,National Grid Electricity Distribution,50.4138359,-4.158541
Kennards House Wind Turbine Substation,11000,National Grid Electricity Distribution,50.6182958,-4.4134185
Kennford Towells Substation,11000,National Grid Electricity Distribution,50.6625255,-3.5363691
Kennford Village Hall Substation,11000,National Grid Electricity Distribution,50.6658029,-3.5352567
Kent Road Substation,11000,National Grid Electricity Distribution,50.3869037,-4.1699265
Kenton Substation,11000,National Grid Electricity Distribution,50.6388103,-3.4700895
Kenwin Close Substation,11000,National Grid Electricity Distribution,50.836189,-4.5451623
Keppel Place Substation,11000,National Grid Electricity Distribution,50.380623,-4.1706923
Kernock Park Substation,11000,National Grid Electricity Distribution,50.4498611,-4.2903393
Kernow Close Substation,11000,National Grid Electricity Distribution,50.3765482,-4.2196508
Kerriers 33kV Solar Park,33000,National Grid Electricity Distribution,50.4405681,-4.8155724
Kestrel Ind Estate Substation,11000,National Grid Electricity Distribution,50.4021073,-4.1637914
Keswick Crescent Substation,11000,National Grid Electricity Distribution,50.4077833,-4.1029857
Keveral Road Substation,11000,National Grid Electricity Distribution,50.6324482,-3.4096639
Kew Pendra,11000,,50.072063,-5.6224622
Keyham Gas Works Substation,11000,National Grid Electricity Distribution,50.3830406,-4.1799884
Keyham Station Substation,11000,National Grid Electricity Distribution,50.3914021,-4.1804533
Kilbury Paper Mills Substation,11000,National Grid Electricity Distribution,50.4806962,-3.7660684
Kilkhampton North,,National Grid Electricity Distribution,50.8777152,-4.4812211
Kilkhampton North Substation,11000,National Grid Electricity Distribution,50.877725,-4.4812068
Kilkhampton South Substation,11000,National Grid Electricity Distribution,50.87565,-4.4833312
Killigarth Estate Substation,11000,National Grid Electricity Distribution,50.3388069,-4.5119128
Kiln Lane Substation,11000,National Grid Electricity Distribution,51.0548769,-4.1804257
Kiln Lane Substation,11000,National Grid Electricity Distribution,50.2748054,-3.6777234
Kiln Road Sewage Pumping Station Substation,11000,National Grid Electricity Distribution,50.3951661,-3.5725901
King Charles Business Park Substation,11000,National Grid Electricity Distribution,50.5800944,-3.6639182
King Edward Road Substation,11000,National Grid Electricity Distribution,51.202779,-3.471021
King Point Marina Substation,11000,National Grid Electricity Distribution,50.3664776,-4.1570638
Kingdom Hall Ernesettle Lane Substation,11000,National Grid Electricity Distribution,50.4126682,-4.1804777
Kings Close Substation,11000,National Grid Electricity Distribution,51.0662615,-4.0396252
Kings Hill Ind East Substation,11000,National Grid Electricity Distribution,50.8203743,-4.5301886
Kings Hill Ind Est Substation,11000,National Grid Electricity Distribution,50.8206222,-4.5324103
Kings Hill Industrial Est No 2 Substation,11000,National Grid Electricity Distribution,50.8202312,-4.5278739
Kings Hill Substation,11000,National Grid Electricity Distribution,50.8213827,-4.5358644
Kings Ransom,11000,,50.1222693,-5.5467465
Kings Yard Substation,11000,National Grid Electricity Distribution,50.9907158,-3.4872741
Kings tamerton Reservoir Substation,11000,National Grid Electricity Distribution,50.408802,-4.1765264
Kingsbridge Grammar SchoolSubstation,11000,National Grid Electricity Distribution,50.2814084,-3.7806409
Kingsbridge Substation,11000,National Grid Electricity Distribution,50.2832952,-3.7815535
Kingsbridge Substation,33000;11000,,50.2849088,-3.7798516
Kingsbury Episcopi Central Substation,11000,National Grid Electricity Distribution,50.9865084,-2.8081335
Kingsland Barton Solar Park Substation,33000,,51.0186468,-3.8657101
Kingsland Substation,11000,National Grid Electricity Distribution,50.3339384,-4.2022844
Kingsley Avenue Substation,11000,National Grid Electricity Distribution,51.1969943,-4.1229333
Kingsmead School Substation,11000,National Grid Electricity Distribution,51.039037,-3.3110372
Kingsteignton Main Substation,11000,National Grid Electricity Distribution,50.5458762,-3.5960111
Kingston Village Substation,11000,National Grid Electricity Distribution,50.3146954,-3.9158914
Kingsway Flats Substation,11000,National Grid Electricity Distribution,50.5489304,-3.5152741
Kingsway Park Substation,11000,National Grid Electricity Distribution,50.2802428,-3.7821013
Kingsway Substation,11000,National Grid Electricity Distribution,50.5494889,-3.5136365
Kingswear Square Substation,11000,National Grid Electricity Distribution,50.3487195,-3.5726116
Kingswood Road Substation,11000,National Grid Electricity Distribution,50.5218595,-4.2083201
Kinnaird Crescent Substation,11000,National Grid Electricity Distribution,50.431576,-4.1333001
Kinsmans Dale Substation,11000,National Grid Electricity Distribution,50.6620272,-3.764028
Kinterbury Road Substation,11000,National Grid Electricity Distribution,50.399314,-4.1964617
Kirkstall Close Substation,11000,National Grid Electricity Distribution,50.3968947,-4.168282
Kit Hill Crescent Substation,11000,National Grid Electricity Distribution,50.3997136,-4.1938322
Kit Hill Substation,11000,National Grid Electricity Distribution,50.8797165,-2.7867566
Kitley House Substation,11000,National Grid Electricity Distribution,50.3459376,-4.0253363
Kitter Drive Substation,11000,National Grid Electricity Distribution,50.3507699,-4.0799981
Knapp House Substation,11000,National Grid Electricity Distribution,50.9480462,-2.8069066
Knapps Close Substation,11000,National Grid Electricity Distribution,50.3571424,-4.0647649
Kneele Gardens,,National Grod,50.3980619,-4.1322535
Knighton Rd Substation,11000,National Grid Electricity Distribution,50.3727203,-4.1221833
Knightstone Close Substation,11000,National Grid Electricity Distribution,51.2849672,-2.8131081
Knightstone Rise Substation,11000,National Grid Electricity Distribution,50.7426213,-2.7448779
Knockworthy Farm Solar Pk,33000,National Grid Electricity Distribution Plc,50.9857629,-4.1208038
Knowle House Substation,11000,National Grid Electricity Distribution,50.2878861,-3.777382
Knowle Lane Substation,11000,National Grid Electricity Distribution,51.2098064,-2.6940814
Knowle Road Substation,11000,National Grid Electricity Distribution,50.2387615,-3.7733188
Knowle Substation,11000,National Grid Electricity Distribution,51.1268081,-4.1541088
Kyance Carn Goon Substation,11000,National Grid Electricity Distribution,49.9737346,-5.2174145
Kynance Cove Substation,11000,National Grid Electricity Distribution,49.9758753,-5.2312141
Labrador Bay Substation,11000,National Grid Electricity Distribution,50.5281537,-3.5056284
Lackington Farm Substation,11000,National Grid Electricity Distribution,50.6390029,-3.3804636
Lady Street Substation,11000,National Grid Electricity Distribution,51.0429478,-3.5513397
Ladys Mile Substation,11000,National Grid Electricity Distribution,50.5937559,-3.4579175
Lafrowda Fields,11000,,50.1229234,-5.6817751
Lagoon View Substation,11000,National Grid Electricity Distribution,51.0658673,-4.1565979
Laira Diesel Depot Substation,11000,National Grid Electricity Distribution,50.3804643,-4.1056257
Laira Park Place Substation,11000,National Grid Electricity Distribution,50.3822808,-4.1157358
Laity Lane Hol Centre,11000,,50.1882612,-5.4669579
Lake Lane Substation,11000,National Grid Electricity Distribution,50.4549107,-4.4586392
Lake Road Substation,11000,National Grid Electricity Distribution,50.5558852,-3.5081983
Lakefields Substation,11000,National Grid Electricity Distribution,50.915725,-2.6795137
Lakes Road Substation,11000,National Grid Electricity Distribution,50.3936039,-3.5320764
Lalebrick Road Substation,11000,National Grid Electricity Distribution,50.3526094,-4.1164545
Lambhay Substation,11000,National Grid Electricity Distribution,50.3668566,-4.138351
Lamellion Hospital Substation,11000,National Grid Electricity Distribution,50.450031,-4.468357
Lamorna,11000,,50.0668673,-5.5712351
Lamorna Cove,11000,,50.0635616,-5.5664943
Lampton Close,,SSE Power Distribution,50.6796924,-2.229122
Lancaster Gardens Substation,11000,National Grid Electricity Distribution,50.4170394,-4.1439591
Lanchard Green Substation,11000,National Grid Electricity Distribution,50.4525638,-4.4711626
Lanchard Substation,11000,National Grid Electricity Distribution,50.4516176,-4.4699261
Land Registry Derriford Substation,11000,National Grid Electricity Distribution,50.4121411,-4.1254917
Land Registry Substation,11000,National Grid Electricity Distribution,50.4145419,-4.0900894
Landaviddy Substation,11000,National Grid Electricity Distribution,50.3311516,-4.5211629
Landkey Chapel Substation,11000,National Grid Electricity Distribution,51.0618702,-4.0046917
Landrake Lane Substation,11000,National Grid Electricity Distribution,50.4217489,-4.2886651
Landrake School Substation,11000,National Grid Electricity Distribution,50.4230161,-4.2872954
Lands End,11000,,50.0660452,-5.7135625
Lands End A,11000,,50.0668396,-5.6718749
Lands End B,11000,,50.0668501,-5.6718203
Landscove Substation,11000,National Grid Electricity Distribution,50.3939232,-3.4973629
Landulph SGP 132KV Switching Station Substation,11000,National Grid Electricity Distribution,50.4443358,-4.242833
Landulph Substation,400000;132000,,50.4447026,-4.2425509
Lane End Camelford Substation,11000,National Grid Electricity Distribution,50.6249571,-4.6723245
Laneast Substation,33000;11000,National Grid Electricity Distribution Plc,50.6177493,-4.4826432
Langage Energy Centre,33000,National Grid Electricity Distribution Plc,50.3882594,-4.01132
Langage Farm Lee Mill Substation,11000,National Grid Electricity Distribution,50.3873376,-3.9819631
Langage Gas Generator Substation,11000,National Grid Electricity Distribution,50.3850984,-4.01743
Langage Solar ParkSubstation,11000,National Grid Electricity Distribution,50.3893254,-4.0061781
Langage Substation,33000,National Grid Electricity Distribution Plc,50.3853284,-4.0177952
Langage Substation,400000,,50.3890526,-4.0127534
Langdale Close 34 Substation,11000,National Grid Electricity Distribution,50.4075492,-4.0983748
Langdale Gardens Substation,11000,National Grid Electricity Distribution,50.4069999,-4.1039572
Langdon Hospital Substation,11000,National Grid Electricity Distribution,50.6014087,-3.4706769
Langdon Lane Substation,11000,National Grid Electricity Distribution,50.3992801,-3.5675878
Langerstone Substation,11000,National Grid Electricity Distribution,50.2132918,-3.7085228
Langfords Meadow Substation,11000,National Grid Electricity Distribution,50.6844137,-4.6969178
Langhill Road Substation,11000,National Grid Electricity Distribution,50.3860636,-4.1384892
Langleigh Park Substation,11000,National Grid Electricity Distribution,51.201643,-4.1329429
Langleigh Road Substation,11000,National Grid Electricity Distribution,51.2052356,-4.1297796
Langmead Close Substation,11000,National Grid Electricity Distribution,50.4012891,-4.109236
Langstone Cliff Hotel Substation,11000,National Grid Electricity Distribution,50.5946253,-3.4468556
Langunnett Farm Solar Pk,33000,National Grid Electricity Distribution Plc,50.3916394,-4.5954233
Langweath,11000,National Grid Electricity Distribution (South West) plc,50.1770501,-5.4441346
Lanhydrock Road Substation,11000,National Grid Electricity Distribution,50.3737143,-4.1240942
Lanner Substation,33000;11000,National Grid Electricity Distribution Plc,50.2094407,-5.1972386
Lanreath Substation,33000;11000,National Grid Electricity Distribution Plc,50.3782712,-4.5850512
Lanstephan Care Home Substation,11000,National Grid Electricity Distribution,50.6465787,-4.361945
Lanteglos Villas Substation,11000,National Grid Electricity Distribution,50.6106514,-4.7000827
Lapford Substation,33000;11000,National Grid Electricity Distribution Plc,50.8525863,-3.8097047
Larcombe Farm Substation,11000,National Grid Electricity Distribution,50.3318794,-3.6949469
Laregan Hill,11000,,50.1110071,-5.5468049
Larkfield Caravan Park Substation,11000,National Grid Electricity Distribution,50.6999261,-2.720097
Larkham Lane Substation,11000,National Grid Electricity Distribution,50.3931889,-4.0692554
Larkstone Lane STW Substation,11000,National Grid Electricity Distribution,51.2085398,-4.109931
Larrigan Estate,11000,,50.1863307,-5.4403889
Latchley Substation,11000,National Grid Electricity Distribution,50.5398798,-4.2468338
Latimer Trend Substation,11000,National Grid Electricity Distribution,50.4195383,-4.089451
Latitude Wills No 1 Substation,11000,National Grid Electricity Distribution,50.3783609,-4.17575
Launceston Sewage Treatment Works Substation,11000,National Grid Electricity Distribution,50.6399487,-4.334104
Launceston Tesco Substation,11000,National Grid Electricity Distribution,50.6300341,-4.3534067
Launder Lane Substation,11000,National Grid Electricity Distribution,51.0645258,-4.0841182
Laundry & CWLL Frms,11000,,50.118463,-5.5343513
Laurel Farm Est Substation,11000,National Grid Electricity Distribution,50.9748066,-2.7673566
Laurel Park Substation,11000,National Grid Electricity Distribution,50.3941817,-4.1644791
Lawes Bridge Substation,33000;11000,National Grid Electricity Distribution,50.4842946,-3.5519644
Lawson Close Substation,11000,National Grid Electricity Distribution,50.9765821,-2.7652274
Laywell Brixham Substation,33000;11000,National Grid Electricity Distribution,50.3842421,-3.5242922
Leadengate Estate Substation,11000,National Grid Electricity Distribution,51.1287923,-4.2309887
Leadstone Substation,11000,National Grid Electricity Distribution,50.593704,-3.4508133
Leaside Substation,11000,National Grid Electricity Distribution,50.2685867,-3.8613152
Lee Mill 3663 Substation,11000,National Grid Electricity Distribution,50.3869132,-3.9593394
Lee Mill Bridge Substation,11000,National Grid Electricity Distribution,50.3850442,-3.9717361
Leechwell Street Substation,11000,National Grid Electricity Distribution,50.4309071,-3.6909832
Leeham S.W.W.A. Substation,11000,National Grid Electricity Distribution,51.1430351,-3.8923118
Leigham Manor Sewage Substation,11000,National Grid Electricity Distribution,50.405451,-4.0884619
Leigham Manor Substation,11000,National Grid Electricity Distribution,50.4078415,-4.090009
Leigham Street Substation,11000,National Grid Electricity Distribution,50.3656953,-4.1464646
Leisure Centre Substation,11000,National Grid Electricity Distribution,50.7260592,-2.7633405
Leisure Pool Substation,11000,National Grid Electricity Distribution,51.2024952,-3.4647234
Leisure Pool Substation,11000,National Grid Electricity Distribution,50.8279196,-4.5289042
Leivesleys Garage New Substation,11000,National Grid Electricity Distribution,50.6145748,-4.6881949
Lelant Hotel,11000,,50.1838018,-5.4390562
Lelant Manor,11000,,50.1886088,-5.4391888
Lelant Wharf,11000,,50.1889237,-5.433476
Lemarne Substation,11000,National Grid Electricity Distribution,50.5720063,-4.4626413
Lescudjack Hill,11000,,50.1263251,-5.5354068
Lescudjack School,11000,,50.1267845,-5.5388323
Levant Engine House,11000,,50.1522863,-5.6852229
Level (3) Communications Substation,11000,National Grid Electricity Distribution,50.8208987,-4.5414017
Lewannick Estate Substation,11000,National Grid Electricity Distribution,50.5983216,-4.4394955
Lewannick Hall Substation,11000,National Grid Electricity Distribution,50.6004895,-4.4388413
Lewesdon Close Substation,11000,National Grid Electricity Distribution,50.811207,-2.7502911
Lewmoor Farm Substation,11000,National Grid Electricity Distribution,50.8051326,-4.110301
Leypark Walk Substation,11000,National Grid Electricity Distribution,50.4089511,-4.09575
Libra Lane Substation,11000,National Grid Electricity Distribution,50.4603334,-4.4487296
Liddimore Married QuartersSubstation,11000,National Grid Electricity Distribution,51.1753561,-3.3134414
Liddymore Road Substation,11000,National Grid Electricity Distribution,51.1775852,-3.3245583
Lidl Bude Substation,11000,National Grid Electricity Distribution,50.8265202,-4.528667
Lidl Foodstore Substation,11000,National Grid Electricity Distribution,50.7415328,-4.0031931
Lidl Penzance Promenade Road,11000,,50.1131276,-5.5426345
Lidls Dartmouth Substation,11000,National Grid Electricity Distribution,50.3477195,-3.6006412
Lifton Cottage Substation,11000,National Grid Electricity Distribution,50.6435272,-4.2820543
Lifton Primary School Substation,11000,National Grid Electricity Distribution,50.6445274,-4.280237
Lifton Pumping Station Substation,11000,National Grid Electricity Distribution,50.6440279,-4.2651779
Lifton Substation,33000;11000,National Grid Electricity Distribution,50.6430295,-4.2706278
Lime Grove Substation,11000,National Grid Electricity Distribution,50.6399041,-3.3944983
Limehayes Road Substation,11000,National Grid Electricity Distribution,50.7420807,-3.9936788
Limerick Place Substation,11000,National Grid Electricity Distribution,50.3711854,-4.1241999
Linden Close Substation,11000,National Grid Electricity Distribution,51.0707388,-4.0816414
Linden Road Substation,11000,National Grid Electricity Distribution,50.5753649,-3.4780279
Lindridge Park Substation,11000,National Grid Electricity Distribution,50.5719145,-3.5574417
Linhey Close Substation,11000,National Grid Electricity Distribution,50.2775375,-3.7712745
Linketty Lane Local Substation,11000,National Grid Electricity Distribution,50.3886229,-4.065118
Linketty Lane Substation,33000;11000,National Grid Electricity Distribution,50.3888027,-4.0649473
Links Hotel Substation,11000,National Grid Electricity Distribution,50.2632554,-3.8583991
Linton Close Substation,11000,National Grid Electricity Distribution,50.434451,-4.1517201
Lipson Hill Substation,11000,National Grid Electricity Distribution,50.3804382,-4.123053
Lipson Road Substation,11000,National Grid Electricity Distribution,50.3777772,-4.1255793
Lipson Vale School Substation,11000,National Grid Electricity Distribution,50.3814744,-4.1100889
Liptons Supermarket Substation,11000,National Grid Electricity Distribution,50.4315979,-3.6844546
Liskeard Community Hospital Substation,11000,National Grid Electricity Distribution,50.4612394,-4.4504075
Liskeard Engineering Substation,11000,National Grid Electricity Distribution,50.4640365,-4.4639223
Liskeard Road Substation,11000,National Grid Electricity Distribution,50.4130986,-4.2386427
Liskeard Safeway Substation,11000,National Grid Electricity Distribution,50.4509388,-4.453673
Liskeard School Substation,11000,National Grid Electricity Distribution,50.4579963,-4.464598
Liskeard Substation,33000;11000,National Grid Electricity Distribution,50.4485725,-4.4516386
Liskerrett Road Substation,11000,National Grid Electricity Distribution,50.4531674,-4.4522126
Lister Close Substation,11000,National Grid Electricity Distribution,50.3942803,-4.0467564
Lister Way East Allington Substation,11000,National Grid Electricity Distribution,50.3237705,-3.7281605
Little Blagdon Substation,11000,National Grid Electricity Distribution,50.4280395,-3.6088959
Little Dock Lane Substation,11000,National Grid Electricity Distribution,50.411929,-4.1604193
Little Fancy Substation,11000,National Grid Electricity Distribution,50.4297903,-4.1125382
Little Holloborough Turbine Substation,11000,National Grid Electricity Distribution,50.9178111,-4.472416
Little Johns Cross Hill Substation,11000,National Grid Electricity Distribution,50.709193,-3.5561025
Little Swingdon Turbine Substation,11000,National Grid Electricity Distribution,50.7619011,-4.2914749
Little Trethew Potato Plant Substation,11000,National Grid Electricity Distribution,50.4178925,-4.4227277
Little Trevease Fm Solar,33000,National Grid Electricity Distribution Plc,50.152299,-5.186197
Little Week Road Substation,11000,National Grid Electricity Distribution,50.592819,-3.4606935
Littleham Cross Substation,11000,National Grid Electricity Distribution,50.6246513,-3.3884128
Littleham Ind Est Substation,11000,National Grid Electricity Distribution,50.6236247,-3.3814173
Littleham Road Substation,11000,National Grid Electricity Distribution,50.624618,-3.3835914
Littleham School Substation,11000,National Grid Electricity Distribution,50.6236435,-3.3768124
Littlemead Lane Substation,11000,National Grid Electricity Distribution,50.6388074,-3.4079604
Littlewood Close 10 Substation,11000,National Grid Electricity Distribution,50.3854658,-4.0353478
Littlewoods Substation,11000,National Grid Electricity Distribution,50.3719194,-4.145491
Liverton Business Park Substation,11000,National Grid Electricity Distribution,50.6330402,-3.3773595
Liverton Farm Solar Park Substation,33000,National Grid Electricity Distribution,50.637631,-3.3651484
Liverton Solar Park Substation,11000,National Grid Electricity Distribution,50.6329409,-3.3736392
Livingstone Road Substation,11000,National Grid Electricity Distribution,50.5545107,-3.4961273
Lizard Close Substation,11000,National Grid Electricity Distribution,50.4328107,-4.1276979
Lizard Point Substation,11000,National Grid Electricity Distribution,49.9604756,-5.2044933
Lloyds Gmt Substation,11000,National Grid Electricity Distribution,51.2333024,-2.7200924
Lnogmeadow Substation,11000,National Grid Electricity Distribution,50.3976702,-4.0568971
Loaders Garage Substation,11000,National Grid Electricity Distribution,50.9471641,-2.67555
Lockyer Street Substation,11000,National Grid Electricity Distribution,50.3664072,-4.1434974
Loddiswell Primary School Substation,11000,National Grid Electricity Distribution,50.3252233,-3.7967316
Lodge Hill Substation,11000,National Grid Electricity Distribution,50.7404068,-4.0078528
Lokington Avenue 56 Substation,11000,National Grid Electricity Distribution,50.3952392,-4.1272494
Long Lane Substation,11000,National Grid Electricity Distribution,50.6176736,-3.3990679
Long Park Close Substation,11000,National Grid Electricity Distribution,50.3507466,-4.0847313
Long Road Saltash Substation,11000,National Grid Electricity Distribution,50.4159606,-4.2398637
Longbridge Commercial Substation,11000,National Grid Electricity Distribution,50.3923373,-4.0867923
Longbridge Substation,33000;11000,National Grid Electricity Distribution,50.3927199,-4.0842788
Longfield Place Substation,11000,National Grid Electricity Distribution,50.3790678,-4.1297477
Longfield Road Substation,11000,National Grid Electricity Distribution,50.6166905,-4.6858109
Longfield Villas Substation,11000,National Grid Electricity Distribution,50.3628475,-4.099127
Longhope Substation,11000,National Grid Electricity Distribution,51.072514,-4.0937675
Longmeadow Road Substation,11000,National Grid Electricity Distribution,50.6478824,-3.4183788
Longrock,11000,,50.1309337,-5.4995342
Longstone Ave Substation,11000,National Grid Electricity Distribution,50.428105,-4.1261802
Looe Bridge Substation,11000,National Grid Electricity Distribution,50.3565537,-4.4553281
Looe Community School Substation,11000,National Grid Electricity Distribution,50.3646161,-4.4491346
Looe Guildhall Substation,11000,National Grid Electricity Distribution,50.3545314,-4.454705
Looe St Martins IDNO Substation,11000,National Grid Electricity Distribution,50.3661359,-4.4512304
Lopen Head Business Park Substation,11000,National Grid Electricity Distribution,50.9337131,-2.8211776
Lopes Road Substation,11000,National Grid Electricity Distribution,50.3901145,-4.1555815
Lopwell Substation,11000,National Grid Electricity Distribution,50.4644902,-4.1507802
Lorris Drive Substation,11000,National Grid Electricity Distribution,50.5534519,-3.5033381
Lostwithiel Substation,33000;11000,National Grid Electricity Distribution,50.4120042,-4.6594415
Lotherton Close 49 Substation,11000,National Grid Electricity Distribution,50.3801994,-4.027303
Loughtor Mill Pump Substation,11000,National Grid Electricity Distribution,50.3985968,-4.0413399
Loughtro Bridge Substation,11000,National Grid Electricity Distribution,50.4010646,-4.0402074
Louisa Terrace Substation,11000,National Grid Electricity Distribution,50.6144933,-3.4099637
Lovering Farm Estate Substation,11000,National Grid Electricity Distribution,50.6435674,-3.4007968
Lowe Aston Calendars Substation,11000,National Grid Electricity Distribution,50.4138948,-4.2373533
Lower Baber Close Substation,11000,National Grid Electricity Distribution,50.488914,-4.2568232
Lower Brook StreetSubstation,11000,National Grid Electricity Distribution,50.547307,-3.4948863
Lower Compton Road Substation,11000,National Grid Electricity Distribution,50.3887229,-4.1271235
Lower Dimson Substation,11000,National Grid Electricity Distribution,50.52587,-4.2158473
Lower Drive No 51 Substation,11000,National Grid Electricity Distribution,50.5898596,-3.4586908
Lower Gurnick Road,11000,,50.1071088,-5.5554032
Lower Heightley Farm Substation,11000,National Grid Electricity Distribution,50.5937476,-3.6132935
Lower Hentervene Substation,11000,National Grid Electricity Distribution,50.7197872,-4.6145939
Lower Hill Head Road Substation,11000,National Grid Electricity Distribution,50.7093621,-3.4474311
Lower Hyde Road Substation,11000,National Grid Electricity Distribution,50.9547681,-2.7206779
Lower Kingsdown Road Substation,11000,National Grid Electricity Distribution,50.5482178,-3.5130132
Lower Market Street Substation,11000,National Grid Electricity Distribution,50.3528742,-4.4531671
Lower Meadrose Substation,11000,National Grid Electricity Distribution,50.6262461,-4.7248195
Lower Mennaye,11000,,50.1133418,-5.5457876
Lower Park Drive Substation,11000,National Grid Electricity Distribution,50.3475617,-4.0852985
Lower Park Road Substation,11000,National Grid Electricity Distribution,51.1063567,-4.1541507
Lower Roadwater Substation,11000,National Grid Electricity Distribution,51.1417392,-3.3789634
Lower Sea Lane Substation,11000,National Grid Electricity Distribution,50.7364303,-2.9006123
Lower StreetSubstation,11000,National Grid Electricity Distribution,50.3497803,-3.5784258
Lower Sunrising Substation,11000,National Grid Electricity Distribution,50.3618848,-4.4546158
Lower Torr Quarry Substation,11000,National Grid Electricity Distribution,50.3204697,-3.7680397
Lower Ware Substation,11000,National Grid Electricity Distribution,50.7225461,-2.9501805
Lower Widemouth Chalet Substation,11000,National Grid Electricity Distribution,50.7825491,-4.5528964
Lowerdown Substation,11000,National Grid Electricity Distribution,50.5908446,-3.6984698
Lowertown Substation,11000,National Grid Electricity Distribution,50.9534915,-2.7187616
Luckwell Bridge Substation,33000;11000,National Grid Electricity Distribution,51.1373617,-3.5635614
Lufton Ind Site Substation,11000,National Grid Electricity Distribution,50.9490074,-2.6803484
Lufton Lane Substation,11000,National Grid Electricity Distribution,50.9473859,-2.6859209
Lunar Rise Bretonside Substation,11000,National Grid Electricity Distribution,50.3711389,-4.1338295
Lundy Close Substation,11000,National Grid Electricity Distribution,50.4306232,-4.132976
Lundy Close Substation,11000,National Grid Electricity Distribution,51.0820631,-4.039478
Lundy View Substation,11000,National Grid Electricity Distribution,51.1767076,-4.1220158
Lupin Way Yeovil Substation,11000,National Grid Electricity Distribution,50.9425486,-2.6737238
Lupton Park Substation,11000,National Grid Electricity Distribution,50.3775198,-3.5531656
Luscott Barton 33kv Solar,33000,National Grid Electricity Distribution Plc,51.1112404,-4.1165122
Luson Farm PV Substation,,National Grid Electricity Distribution,50.3594886,-3.9381468
Lutton East Substation,11000,National Grid Electricity Distribution,50.4170981,-3.9785103
Lux Park Substation,11000,National Grid Electricity Distribution,50.460914,-4.4635031
Luxstowe Substation,11000,National Grid Electricity Distribution,50.4580915,-4.4602528
Luxulyan Solar Park Substation,33000,,50.4010813,-4.7538706
Lych Close Substation,11000,National Grid Electricity Distribution,50.3567747,-4.1175107
Lyddacleave Substation,11000,National Grid Electricity Distribution,51.070623,-4.0945397
Lydeard St Lawrence Substation,33000;11000,National Grid Electricity Distribution Plc,51.0797841,-3.2386113
Lydford War Memorial Substation,11000,National Grid Electricity Distribution,50.6464655,-4.1046214
Lyme Road Substation,11000,National Grid Electricity Distribution,50.875421,-2.8015433
Lympne Avenue Substation,11000,National Grid Electricity Distribution,50.4202969,-4.1737222
Lympsotne Manor Leisure Substation,11000,National Grid Electricity Distribution,50.6393564,-3.4168514
Lympstone Station Substation,11000,National Grid Electricity Distribution,50.6479848,-3.4309421
Lympstone Substation,11000,National Grid Electricity Distribution,50.6479832,-3.4230649
Lyn Laundry Substation,11000,National Grid Electricity Distribution,51.229283,-3.8355386
Lyn Valley Hotel Substation,11000,National Grid Electricity Distribution,51.2297118,-3.8297615
Lynbridge Substation,11000,National Grid Electricity Distribution,51.2227916,-3.8340852
Lynch Lane Substation,11000,National Grid Electricity Distribution,51.2413531,-2.7161062
Lyndhurst Road Substation,11000,National Grid Electricity Distribution,50.3930311,-4.1524084
Lynher West Substation,11000,National Grid Electricity Distribution,50.3927414,-4.3106048
Lynhurst AvenueSubstation,11000,National Grid Electricity Distribution,51.0758991,-4.0854773
Lynton Substation,33000;11000,National Grid Electricity Distribution,51.2212967,-3.8485059
Lytes Road Substation,11000,National Grid Electricity Distribution,50.393897,-3.5101447
M J Baker Substation,11000,National Grid Electricity Distribution,50.5730163,-3.6577459
M.Y. Cartons Crewkerne Substation,11000,National Grid Electricity Distribution,50.8827836,-2.7905282
MAnor Close Substation,11000,National Grid Electricity Distribution,50.3898326,-3.9259629
MArine Projects Coypool Substation,11000,National Grid Electricity Distribution,50.3960399,-4.0841027
MArt Road Pumping Station Substation,11000,National Grid Electricity Distribution,51.2054333,-3.4670342
Macadam Road Substation,11000,National Grid Electricity Distribution,50.3647886,-4.1195183
Macey Street Substation,11000,National Grid Electricity Distribution,50.3764461,-4.1955193
Maddaford Golf Lodges Substation,11000,National Grid Electricity Distribution,50.7355029,-4.0677483
Maddaford Substation,11000,National Grid Electricity Distribution,50.7336074,-4.0699759
Maddever Crescent Substation,11000,National Grid Electricity Distribution,50.4522301,-4.4611122
Madron,11000,,50.1331369,-5.5651243
Maer Bay Substation,11000,National Grid Electricity Distribution,50.6145038,-3.4026888
Maer Down Substation,11000,National Grid Electricity Distribution,50.8362598,-4.5505187
Maglands Road Substation,11000,National Grid Electricity Distribution,51.1771808,-3.3230585
Magnolia Avenue Substation,11000,National Grid Electricity Distribution,50.6263183,-3.3844249
Main Road Substation,11000,National Grid Electricity Distribution,50.2323293,-3.7778669
Mainstone Wood Substation,11000,National Grid Electricity Distribution,50.4116311,-4.082767
Maker View Substation,11000,National Grid Electricity Distribution,50.3797887,-4.1558137
Makro Exeter STOR Generator Substation,33000,National Grid Electricity Distribution,50.6956176,-3.5142229
Malborough Church Substation,11000,National Grid Electricity Distribution,50.2438789,-3.8142801
Malborough Park Substation,11000,National Grid Electricity Distribution,50.2414647,-3.8112445
Malt Mill Bridge Substation,11000,National Grid Electricity Distribution,50.433357,-3.6934302
Malt Mill Substation,11000,National Grid Electricity Distribution,50.2828732,-3.776081
Manifold Gardens Substation,11000,National Grid Electricity Distribution,50.3873992,-4.0985418
Mannamead Court Substation,11000,National Grid Electricity Distribution,50.3892236,-4.1281457
Manor Close Substation,11000,National Grid Electricity Distribution,50.7334002,-4.6156522
Manor Cotts Brixton Substation,11000,National Grid Electricity Distribution,50.3511609,-4.036567
Manor Estate Substation,11000,National Grid Electricity Distribution,50.3989153,-3.5600885
Manor Estate Substation,11000,National Grid Electricity Distribution,50.5502585,-3.5429068
Manor Farm 33kv Solar Pk,33000,National Grid Electricity Distribution,50.3349189,-4.8293215
Manor Farm Estate Substation,11000,National Grid Electricity Distribution,50.5003117,-4.0626784
Manor Gardens Substation,11000,National Grid Electricity Distribution,51.2315466,-3.8268932
Manor Grounds Substation,11000,National Grid Electricity Distribution,50.6180373,-3.41412
Manor House Flats Substation,11000,National Grid Electricity Distribution,50.6480166,-3.8009723
Manor House Hotel Substation,11000,National Grid Electricity Distribution,50.6463817,-3.7947558
Manor Lane Substation,11000,National Grid Electricity Distribution,50.3851715,-4.0999423
Manor Park Caravan,,SSE,50.6447714,-2.4183454
Manor Road Substation,11000,National Grid Electricity Distribution,51.193193,-3.4692367
Manor Way,11000,,50.1253566,-5.5484596
Manston Close Substation,11000,National Grid Electricity Distribution,50.4222472,-4.1818116
Maple Close Substation,11000,National Grid Electricity Distribution,50.4265432,-4.0968376
Maple Grove Substation,11000,National Grid Electricity Distribution,51.0700593,-4.0844407
Marazion Bridge,11000,,50.1290635,-5.4800796
Marazion Snack Bar,11000,,50.1290932,-5.4908712
Marazion Substation,33000;11000,National Grid Electricity Distribution,50.1366398,-5.4641419
Marhamchurch North Substation,11000,National Grid Electricity Distribution,50.8057462,-4.5218533
Marina Park Substation,11000,National Grid Electricity Distribution,50.3977084,-3.5041599
Marina Substation,11000,National Grid Electricity Distribution,50.5900865,-3.4565248
Marine Heights Substation,11000,National Grid Electricity Distribution,51.2262355,-3.8348609
Marine Hotel Substation,11000,National Grid Electricity Distribution,50.2352042,-3.7690977
Marine Projects Newport Street Substation,11000,National Grid Electricity Distribution,50.3680972,-4.1641808
Marine Projects Substation,11000,National Grid Electricity Distribution,50.388152,-3.9592014
Marine Terrace Substation,11000,National Grid Electricity Distribution,51.0511864,-4.1804942
Marine Way Substation,11000,National Grid Electricity Distribution,50.6213757,-3.4142785
Market Jew Street,11000,,50.1194267,-5.535207
Market Place Substation,11000,National Grid Electricity Distribution,50.8219855,-4.0727021
Market Street Flats Substation,11000,National Grid Electricity Distribution,50.6372586,-4.3592408
Market Street Substation,11000,National Grid Electricity Distribution,51.2289222,-3.8342385
Market Street Substation,11000,National Grid Electricity Distribution,50.6199755,-3.4131953
Markey Way 1 Substation,11000,National Grid Electricity Distribution,50.3726821,-4.1456246
Marks & Spencer Plymouth Substation,11000,National Grid Electricity Distribution,50.3719108,-4.1404613
Marlborough Road Substation,11000,National Grid Electricity Distribution,51.2048688,-4.1230301
Marlborough Row Substation,11000,National Grid Electricity Distribution,50.3741157,-4.1784763
Marlborough Street Substation,11000,National Grid Electricity Distribution,50.3727813,-4.1794709
Marldon Substation,33000;11000,National Grid Electricity Distribution Plc,50.4529038,-3.5957226
Marley Road Substation,11000,National Grid Electricity Distribution,50.6498096,-3.38584
Marley Thatch Farm Solar,33000,National Grid Electricity Distribution Plc,50.4271604,-3.7946733
Marlow Gardens Substation,11000,National Grid Electricity Distribution,50.3507941,-4.088496
Marpool School Substation,11000,National Grid Electricity Distribution,50.6286205,-3.3937937
Marquis Saw Mill No.1 Substation,11000,National Grid Electricity Distribution,50.5334004,-4.203886
Married Quarters,11000;400;230,SSE Power Distribution,50.6299569,-2.2370384
Marsh Barton Power Station Substation,132000,National Grid Electricity Distribution,50.7064487,-3.5240975
Marsh Barton Substation,33000;11000,National Grid Electricity Distribution,50.7059965,-3.5290281
Marsh Green Substation,33000;11000,National Grid Electricity Distribution Plc,50.7389757,-3.3515675
Marsh Mill Industrial Estate No 2 Substation,11000,National Grid Electricity Distribution,50.3948928,-4.0900931
Marsh Mill Industrial No 1 Substation,11000,National Grid Electricity Distribution,50.3958554,-4.092668
Marsh Mills British Rail Substation,11000,National Grid Electricity Distribution,50.3917206,-4.0813026
Marsh Mills Filling Station Substation,11000,National Grid Electricity Distribution,50.3890971,-4.08821
Marsh Substation,11000,National Grid Electricity Distribution,51.1880059,-3.4407111
Marshall Road Gas Generator Substation,11000,National Grid Electricity Distribution,50.3897213,-4.0795187
Marshall Road Substation,11000,National Grid Electricity Distribution,50.3883621,-4.077081
Martin Street Substation,11000,National Grid Electricity Distribution,50.3692979,-4.1515594
Martinhoe Bridge Substation,11000,National Grid Electricity Distribution,51.2165793,-3.9274902
Martlet Road Substation,11000,National Grid Electricity Distribution,51.2107859,-3.4768227
Mary Street Substation,11000,National Grid Electricity Distribution,50.5966516,-3.676058
Mary Tavy Gen Stn,11000,National Grid Electricity Distribution Plc,50.5867823,-4.1074343
Marydean Close Substation,11000,National Grid Electricity Distribution,50.4314057,-4.1544749
Maryfield House Substation,11000,National Grid Electricity Distribution,50.38316,-4.2191625
Marythorne Road Substation,11000,National Grid Electricity Distribution,50.4787147,-4.1886773
Masey Road Substation,11000,National Grid Electricity Distribution,50.6288468,-3.3871716
Matfurlong Cross Substation,11000,National Grid Electricity Distribution,50.96699,-2.7720275
Maudlin Estate No 1 Substation,11000,National Grid Electricity Distribution,50.4521593,-4.4501852
Maudlin Gardens Substation,11000,National Grid Electricity Distribution,50.5627751,-3.4996459
Maunsell Close Substation,11000,National Grid Electricity Distribution,50.3932206,-4.172707
Maybridge Chemicals Substation,11000,National Grid Electricity Distribution,50.6611685,-4.7177525
Mayflower Close Substation,11000,National Grid Electricity Distribution,50.353035,-3.598046
Mayflower Hotel Substation,11000,National Grid Electricity Distribution,50.3652208,-4.1471269
Mayflower House Substation,11000,National Grid Electricity Distribution,50.3734455,-4.1419013
Mayflower Street 67 Substation,11000,National Grid Electricity Distribution,50.3731461,-4.1430705
Mayflower Street Student Acc Substation,11000,National Grid Electricity Distribution,50.3730301,-4.1456327
Mayon Cliff,11000,,50.0756025,-5.7033658
Mayon Estate,11000,,50.0769215,-5.6919738
Mayors Avenue Substation,11000,National Grid Electricity Distribution,50.353228,-3.5788574
Maypool House Substation,11000,National Grid Electricity Distribution,50.3814019,-3.5804019
Maypool Substation,11000,National Grid Electricity Distribution,50.3824581,-3.5755267
McCarthy & Stone Rolle Road Substation,11000,National Grid Electricity Distribution,50.6164854,-3.4076705
McCarthy and Stone Douglas Ave Substation,11000,National Grid Electricity Distribution,50.6146969,-3.4037592
Mead Avenue Substation,11000,National Grid Electricity Distribution,50.9460674,-2.6718629
Mead Drive Substation,11000,National Grid Electricity Distribution,50.2688748,-3.8568439
Mead Lane Substation,11000,National Grid Electricity Distribution,50.2712166,-3.8564631
Meadow Flats,11000,National Grid Electricity Distribution (South West) plc,50.2141487,-5.4831543
Meadow Park Substation,11000,National Grid Electricity Distribution,50.3529452,-4.1052339
Meadow Park Substation,11000,National Grid Electricity Distribution,50.5844946,-3.4785857
Meadow Way Substation,11000,National Grid Electricity Distribution,50.3977714,-4.0613079
Meadow Way Substation,11000,National Grid Electricity Distribution,50.8047892,-4.5268348
Meadowside Dolphin Ct Substation,11000,National Grid Electricity Distribution,50.3585108,-4.0837644
Meadowside Substation,11000,National Grid Electricity Distribution,50.6315469,-4.3705349
Meadowside Totnes Substation,11000,National Grid Electricity Distribution,50.4398931,-3.6956928
Meadway Substation,11000,National Grid Electricity Distribution,50.3572929,-4.4463111
Mear Lane STW Substation,11000,National Grid Electricity Distribution,50.6153804,-3.3812193
Mear Pumping Station Substation,11000,National Grid Electricity Distribution,50.6132629,-3.3981966
Meavy Lane Substation,11000,National Grid Electricity Distribution,50.4909775,-4.0868998
Meavy Villas Substation,11000,National Grid Electricity Distribution,50.4909793,-4.0841533
Medding Machine Tools Substation,11000,National Grid Electricity Distribution,50.3860218,-3.9556374
Meeting Lane Substation,11000,National Grid Electricity Distribution,50.6529299,-3.425127
Melville Road Substation,11000,National Grid Electricity Distribution,50.3857495,-4.1672361
Melville Square Substation,11000,National Grid Electricity Distribution,50.3614838,-4.164873
Memorial Hall Substation,11000,National Grid Electricity Distribution,51.2308047,-3.8313465
Mendennick Solar Substation,11000,National Grid Electricity Distribution,50.3558183,-4.2389639
Menheniot Quarry Substation,11000,National Grid Electricity Distribution,50.4260542,-4.4102356
Merafield Drive Substation,11000,National Grid Electricity Distribution,50.3847374,-4.0618835
Merafield Rise Substation,11000,National Grid Electricity Distribution,50.3850039,-4.0648536
Merafield Road Substation,11000,National Grid Electricity Distribution,50.3858749,-4.067644
Merlin Mouldings Fcy Substation,11000,National Grid Electricity Distribution,50.5735859,-3.6587657
Merrivale Road Swilly Substation,11000,National Grid Electricity Distribution,50.394467,-4.1620747
Merrivale Substation,33000;11000,National Grid Electricity Distribution,50.4135033,-4.1557726
Merrivale View Substation,11000,National Grid Electricity Distribution,50.5018599,-4.0650293
Metropole Flats Substation,11000,National Grid Electricity Distribution,51.2078964,-3.4724106
Mevagissey Substation,33000;11000,National Grid Electricity Distribution,50.2855266,-4.7997561
Mewstone Aveneue 83 Substation,11000,National Grid Electricity Distribution,50.3247119,-4.0699771
Mewstone Aveneue Substation,11000,National Grid Electricity Distribution,50.3222708,-4.0736465
Middle Hill Substation,11000,National Grid Electricity Distribution,50.8907777,-2.787097
Middle Treworder Farm Solar,33000,National Grid Electricity Distribution,50.5239507,-4.8025261
Middleborough Camping Park Substation,11000,National Grid Electricity Distribution,51.1355835,-4.2394542
Middleborough Lane Substation,11000,National Grid Electricity Distribution,51.1370454,-4.2388501
Middlewood Substation,11000,National Grid Electricity Distribution,50.6156454,-3.4519626
Midland Bank Substation,11000,National Grid Electricity Distribution,50.4538778,-4.4655425
Midsomer Norton Substation,33000;11000,National Grid Electricity Distribution Plc,51.2904764,-2.4844218
Milehouse Bus Depot Substation,11000,National Grid Electricity Distribution,50.3837328,-4.155714
Milehouse Substation,132000;33000;11000,National Grid Electricity Distribution,50.3835191,-4.1582242
Miles Cross Pump Substation,11000,National Grid Electricity Distribution,50.7350674,-2.7877607
Milford Park Pumping Station Substation,11000,National Grid Electricity Distribution,50.5467437,-3.5098784
Milk Processing Plant Substation,11000,National Grid Electricity Distribution,50.7425781,-3.9800772
Mill Farm Estate Substation,11000,National Grid Electricity Distribution,50.3733017,-4.2053225
Mill Farm Solar Substation,11000,National Grid Electricity Distribution,51.2296794,-2.821774
Mill Lane Hospital Substation,11000,National Grid Electricity Distribution,50.5485928,-3.5104098
Mill Lane Substation,11000,National Grid Electricity Distribution,51.1204097,-3.9447942
Mill Street Substation,11000,National Grid Electricity Distribution,50.2835385,-3.7773587
Mill Street Substation,11000,National Grid Electricity Distribution,50.9505894,-4.1476538
Millbay Docks Substation,11000,National Grid Electricity Distribution,50.3645812,-4.1591833
Millbay Marina Substation,11000,National Grid Electricity Distribution,50.3638919,-4.1509462
Millbay Road Substation,11000,National Grid Electricity Distribution,50.3681216,-4.1541053
Millbay Road Substation,11000,National Grid Electricity Distribution,50.2311955,-3.7661171
Millbrook PV Farm Substation,11000,National Grid Electricity Distribution,50.3534663,-4.2024777
Millcleeve Pole Transformer,11000,National Grid Electricity Distribution,51.1111528,-3.6488275
Millendreath Holiday Village Substation,11000,National Grid Electricity Distribution,50.3628262,-4.4368645
Miller Way 228 Substation,11000,National Grid Electricity Distribution,50.4158982,-4.099068
Miller Way Wimpey Substation,11000,National Grid Electricity Distribution,50.4201854,-4.1049373
Millfield Substation,11000,National Grid Electricity Distribution,50.8157146,-2.7392632
Millfield Substation,33000;11000,National Grid Electricity Distribution,51.1202107,-2.7209803
Millhill Quarry Substation,11000,National Grid Electricity Distribution,50.5524518,-4.1861933
Milling Plant Substation,11000,National Grid Electricity Distribution,50.5715564,-3.6448034
Millstream Meadow Substation,11000,National Grid Electricity Distribution,50.6041278,-3.5959208
Milltown Martinhoe Substation,11000,National Grid Electricity Distribution,51.2129955,-3.9260954
Millvale Estate Substation,11000,National Grid Electricity Distribution,50.3753818,-4.2129751
Milne Place Substation,11000,National Grid Electricity Distribution,50.3777296,-4.1728321
Milton Abbas,,SSE Power Distribution,50.8140332,-2.2803187
Milton Abbot West Substation,11000,National Grid Electricity Distribution,50.5926192,-4.2545427
Miltoncombe Substation,11000,National Grid Electricity Distribution,50.4744246,-4.1311687
Minehead Comprehensive School Substation,11000,National Grid Electricity Distribution,51.1960276,-3.461744
Minehead Sewage Work Substation,11000,National Grid Electricity Distribution,51.1965925,-3.4477395
Minster Avenue Substation,11000,National Grid Electricity Distribution,50.824468,-4.530585
Miona Estover Substation,11000,National Grid Electricity Distribution,50.4221536,-4.0885245
Mirador Place Substation,11000,National Grid Electricity Distribution,50.377737,-4.1094502
Mission St Annes Substation,11000,National Grid Electricity Distribution,50.516664,-4.2276968
Modbury Green Substation,11000,National Grid Electricity Distribution,50.349786,-3.8898258
Modbury Industrial Substation,11000,National Grid Electricity Distribution,50.3503464,-3.8925955
Modbury Substation,33000;11000,National Grid Electricity Distribution,50.3512299,-3.8942849
Modyford Walk Substation,11000,National Grid Electricity Distribution,50.4945434,-4.1308958
Molesworth Road 45 Substation,11000,National Grid Electricity Distribution,50.3906575,-4.0680912
Molesworth TerraceSubstation,11000,National Grid Electricity Distribution,50.347539,-4.2124481
Monkleigh Village Substation,11000,National Grid Electricity Distribution,50.9658819,-4.200376
Monmouth Gardens New Substation,11000,National Grid Electricity Distribution,50.8133983,-2.7440084
Monmouth Gardens Substation,11000,National Grid Electricity Distribution,50.4188892,-4.1558347
Monmouth Street Substation,11000,National Grid Electricity Distribution,50.6815561,-3.4613025
Montys Farm 33kV Solar Pk,33000,National Grid Electricity Distribution Plc,51.0326986,-3.1683513
Moor Park Estate Substation,11000,National Grid Electricity Distribution,50.6759519,-3.8391071
Moor View Substation,11000,National Grid Electricity Distribution,50.3860645,-4.1727272
Moorcroft Car Park Substation,11000,National Grid Electricity Distribution,50.3657244,-4.0831185
Moorfield Estate Substation,11000,National Grid Electricity Distribution,50.6279616,-3.4006815
Moorhaven Village Substation,11000,National Grid Electricity Distribution,50.4021352,-3.8774801
Moorland Close Substation,11000,National Grid Electricity Distribution,50.3989924,-3.8764418
Moorland Park Substation,11000,National Grid Electricity Distribution,50.6730524,-3.8433344
Moorland Reach Belliver Substation,11000,National Grid Electricity Distribution,50.4410884,-4.1112906
Moorland Road Substation,11000,National Grid Electricity Distribution,50.3904112,-4.0501361
Moorland View Princetown Substation,11000,National Grid Electricity Distribution,50.5442199,-3.9958629
Moorland View Substation,11000,National Grid Electricity Distribution,50.4242555,-4.1201115
Moorlands Estate Substation,11000,National Grid Electricity Distribution,50.4173479,-4.235616
Moorlands Park B Substation,11000,National Grid Electricity Distribution,50.9721258,-2.7631332
Moorlands Park Substation,11000,National Grid Electricity Distribution,50.9720279,-2.7650671
Moorswater ECLP Substation,11000,National Grid Electricity Distribution,50.4518105,-4.488296
Moorswater Industrial Substation,11000,National Grid Electricity Distribution,50.4531617,-4.4901091
Moorswater Workshops Substation,11000,National Grid Electricity Distribution,50.4519154,-4.4871698
Moorview Drive No 2 Substation,11000,National Grid Electricity Distribution,50.5597654,-3.5143261
Moorview Drive Substation,11000,National Grid Electricity Distribution,50.5561223,-3.513661
Moorview Estate No 1 Substation,11000,National Grid Electricity Distribution,50.8161563,-4.0793026
Moreton House Substation,11000,National Grid Electricity Distribution,51.0158422,-4.2310065
Moreton Village,11000;400;230,SSE Power Distribution,50.7029412,-2.2830426
Morey Meadow Substation,11000,National Grid Electricity Distribution,51.2068261,-4.0357324
Morgans Grave Substation,11000,National Grid Electricity Distribution,50.7257981,-2.9469319
Morgans Quay Substation,11000,National Grid Electricity Distribution,50.5431184,-3.4979093
Morlaix Drive Substation,11000,National Grid Electricity Distribution,50.4162032,-4.1180308
Morley Court 53 Substation,11000,National Grid Electricity Distribution,50.3729038,-4.1462104
Morrab Road,11000,,50.1163378,-5.5393671
Morris Engineering Bell Close Substation,11000,National Grid Electricity Distribution,50.3947795,-4.0415398
Morrish Park Substation,11000,National Grid Electricity Distribution,50.3550771,-4.086227
Morrisons Filling Station Substation,11000,National Grid Electricity Distribution,50.5470067,-3.5169322
Morrisons Store Minehead Substation,11000,National Grid Electricity Distribution,51.2038193,-3.4645254
Morte Farm Caravan Park Substation,11000,National Grid Electricity Distribution,51.1881681,-4.2044449
Mortehoe Car Park Substation,11000,National Grid Electricity Distribution,51.1853863,-4.2077499
Morton Crescent Substation,11000,National Grid Electricity Distribution,50.6169858,-3.4177687
Mortonhampstead Substation,33000;11000,National Grid Electricity Distribution,50.6572201,-3.76637
Morwellham Substation,11000,National Grid Electricity Distribution,50.5075303,-4.1908167
Morwenstow Substation,33000;11000,National Grid Electricity Distribution Plc,50.9027224,-4.504237
Moss Side Ind. EstateSubstation,11000,National Grid Electricity Distribution,50.5049048,-4.3031708
Mosterton Mill Substation,11000,National Grid Electricity Distribution,50.8447855,-2.7713357
Mothecombe Substation,11000,National Grid Electricity Distribution,50.3135733,-3.9531393
Mothecombe Walk 52 Substation,11000,National Grid Electricity Distribution,50.4044601,-4.0946545
Mother Meldrums Substation,11000,National Grid Electricity Distribution,51.2323858,-3.8513692
Mount Batten Marina Substation,11000,National Grid Electricity Distribution,50.3578038,-4.1244778
Mount Gould Intake Substation,11000,National Grid Electricity Distribution,50.3787274,-4.1140161
Mount Gould Way Substation,11000,National Grid Electricity Distribution,50.3756858,-4.1135634
Mount Hill Substation,11000,National Grid Electricity Distribution,50.2272247,-3.7846881
Mount Pleasant Substation,11000,National Grid Electricity Distribution,50.8861996,-2.7866959
Mount Tamar Substation,11000,National Grid Electricity Distribution,50.4083002,-4.1828437
Mount Wise Cricket Pavillion Substation,11000,National Grid Electricity Distribution,50.3678524,-4.1688184
Mount Wise Substation,11000,National Grid Electricity Distribution,50.3692814,-4.1696296
Mounts Bay Park,11000,,50.0997483,-5.5538342
Mousehole,11000,,50.0847972,-5.5400755
Mousehole Substation,33000,,50.0839327,-5.5491512
Moyes Meadow Substation,11000,National Grid Electricity Distribution,50.7360541,-4.0072685
Mudbank Substation,11000,National Grid Electricity Distribution,50.6268929,-3.4113492
Mulberry Substation,11000,National Grid Electricity Distribution,51.2611527,-2.5243869
Mullacott Cross Substation,11000,National Grid Electricity Distribution,51.1801504,-4.1320467
Mullacott Ind East Turbine Substation,11000,National Grid Electricity Distribution,51.1790062,-4.1200176
Mullacott Ind No 1 Substation,11000,National Grid Electricity Distribution,51.1781554,-4.1258272
Mullacott Switching Station Substation,11000,National Grid Electricity Distribution,51.1783773,-4.1217449
Mullacott Wind Turbine Substation,11000,National Grid Electricity Distribution,51.1759526,-4.1231611
Mullet Road Substation,11000,National Grid Electricity Distribution,50.3836655,-4.1037402
Mullion Cove Substation,11000;400,National Grid Electricity Distribution (South West) plc,50.0164616,-5.2548122
Mullion Laflounder Sewage,11000;400,,50.026319,-5.2505435
Mullion Substation,33000,,50.0212664,-5.2089451
Munro Avenue Substation,11000,National Grid Electricity Distribution,50.3283737,-4.0107859
Murata Substation,11000,National Grid Electricity Distribution,50.4168015,-4.0931443
Mutley House Armada Way Substation,11000,National Grid Electricity Distribution,50.3686444,-4.1427111
Mutley Road Substation,11000,National Grid Electricity Distribution,50.3865975,-4.1328033
Myrtle Close Substation,11000,National Grid Electricity Distribution,50.8109392,-2.7420651
N C D C Pennygillam Substation,11000,National Grid Electricity Distribution,50.6279824,-4.3794927
NHS Plymbridge Lane Substation,11000,National Grid Electricity Distribution,50.4206285,-4.0952059
Nalgo Substation,11000,National Grid Electricity Distribution,51.1272257,-4.2326035
Nancrossa 33kv Solar Park,33000,National Grid Electricity Distribution Plc,50.157746,-5.181525
Nanteague 33kv Solar Park,33000,National Grid Electricity Distribution,50.3058001,-5.0977446
Narracott Substation,11000,National Grid Electricity Distribution,51.1734549,-4.2056839
National Grid Langage Substation,11000,National Grid Electricity Distribution,50.3889459,-4.013383
National Marine Aquarium Substation,11000,National Grid Electricity Distribution,50.3668001,-4.1305132
Naval Hospital Substation,11000,National Grid Electricity Distribution,50.3710695,-4.1574789
Naylors Valley Road Substation,11000,National Grid Electricity Distribution,50.3881811,-4.0676697
Nazareth House Care Village Substation,11000,National Grid Electricity Distribution,50.3623097,-4.1607321
Nd Leisure Centre Substation,11000,National Grid Electricity Distribution,51.07217,-4.058286
Nelson Close Substation,11000,National Grid Electricity Distribution,50.6856703,-3.467529
Nelson Stokes Substation,11000,National Grid Electricity Distribution,50.6179319,-4.6822036
Neptune PkSubstation,11000,National Grid Electricity Distribution,50.3637292,-4.1138771
Neptune Seafoods Substation,11000,National Grid Electricity Distribution,50.5780483,-3.6604129
Nerrols Farm Development,,National Grid Electricity Distribution Plc,51.0353128,-3.0825794
Nether Stowey Substation,33000;11000,,51.1479501,-3.125681
Netherbury Substation,11000,National Grid Electricity Distribution,50.7900355,-2.750884
Nethway Substation,11000,National Grid Electricity Distribution,50.3577714,-3.5469097
New Bridge Substation,11000,National Grid Electricity Distribution,50.274096,-3.76106
New England Quarry Substation,11000,National Grid Electricity Distribution,50.3727666,-3.9739849
New Inn Street Substation,11000,National Grid Electricity Distribution,50.7910129,-2.7530888
New North Road Substation,11000,National Grid Electricity Distribution,50.6220356,-3.412226
New Paper Converting Substation,11000,National Grid Electricity Distribution,50.4312398,-4.1234513
New Park Substation,11000,National Grid Electricity Distribution,50.5780173,-3.679235
New Rendy Farm 33kV Solar,33000,National Grid Electricity Distribution,51.0076481,-3.1992023
New Road Estate Substation,11000,National Grid Electricity Distribution,50.6251155,-3.4521094
New Road Substation,11000,National Grid Electricity Distribution,50.5589126,-3.4904597
New Rock Industrial Estate Substation,11000,National Grid Electricity Distribution,51.2528513,-2.5057191
New Row Farm Solar Park,33000,National Grid Electricity Distribution,51.1981922,-2.5377506
New Talland Street Substation,11000,National Grid Electricity Distribution,50.3314608,-4.5183416
Newbury Substation,33000,,51.2487524,-2.4324021
Newcastle Gardens Substation,11000,National Grid Electricity Distribution,50.420398,-4.1553145
Newcourt Road Substation,11000,National Grid Electricity Distribution,50.6915528,-3.4696291
Newlands Caravan Park Substation,11000,National Grid Electricity Distribution,50.7380717,-2.8880829
Newlands Farm Ltd Substation,11000,National Grid Electricity Distribution,50.4994626,-4.4025782
Newlands Farm Solar Park,33000,National Grid Electricity Distribution Plc,50.7760564,-2.9499357
Newlands Substation,11000,National Grid Electricity Distribution,50.5860137,-3.4674813
Newlyn,11000,,50.1058462,-5.5496204
Newlyn Coombe,11000,,50.1082954,-5.5562118
Newlyn Ice Plant,11000,,50.1045996,-5.5486384
Newlyn Substation,33000;11000,National Grid Electricity Distribution,50.109442,-5.5618004
Newnham Farm Solar Park Substation,33000,,50.408512,-4.0289056
Newport Industrial Substation,11000,National Grid Electricity Distribution,50.6408256,-4.3609548
Newport Street Substation,33000;11000,National Grid Electricity Distribution,50.3679139,-4.1642247
Newport Substation,11000,National Grid Electricity Distribution,50.6429239,-4.3644277
Newport View Substation,11000,National Grid Electricity Distribution,50.6458527,-4.3675263
Newquay Trencreek Lane Substation,33000;11000,National Grid Electricity Distribution,50.4126586,-5.0571938
Newquay Trevemper Substation,33000;11000,National Grid Electricity Distribution,50.3970969,-5.0707497
Newton Abbot Substation,132000;33000,National Grid Electricity Distribution,50.5308371,-3.5959176
Newton Abbot Substation,33000;11000,National Grid Electricity Distribution,50.5328181,-3.5997686
Newton Barton 33kv Solar P,33000,National Grid Electricity Distribution Plc,50.4760162,-4.3141481
Newton Downs Solar Park Substation,33000,National Grid Electricity Distribution,50.3287616,-4.0304589
Newton Ferrers Substation,33000;11000,National Grid Electricity Distribution,50.327082,-4.026841
Newton Green Substation,11000,National Grid Electricity Distribution,50.3166387,-4.0361347
Newton Housing Substation,11000,National Grid Electricity Distribution,50.3222076,-4.0319598
Newton Poppleford Substation,33000,National Grid Electricity Distribution Plc,50.7000871,-3.2912441
Newton St Cyres East Substation,11000,National Grid Electricity Distribution,50.7687127,-3.5841023
Newton St Cyres Substation,33000;11000,National Grid Electricity Distribution,50.7751264,-3.5692316
Newtown Lane,11000,,50.1201909,-5.534153
Newtown Substation,11000,National Grid Electricity Distribution,50.4190899,-3.9635275
Next Drake Circus Substation,11000,National Grid Electricity Distribution,50.3714072,-4.1371361
Next Plympton Substation,11000,National Grid Electricity Distribution,50.3957281,-4.0886603
Ninnis 33kV Solar Park,33000,National Grid Electricity Distribution,50.3249634,-4.8395265
No 1 Peters Park Lane Substation,11000,National Grid Electricity Distribution,50.4069378,-4.1849821
No 6 Jedburgh Crescent Substation,11000,National Grid Electricity Distribution,50.3972453,-4.1624513
No 94 Hawking GardensSubstation,11000,National Grid Electricity Distribution,50.4170959,-4.1809534
Normandy Hill Substation,11000,National Grid Electricity Distribution,50.4063569,-4.1976964
Nortfields Lane Substation,11000,National Grid Electricity Distribution,50.3956601,-3.5239153
North Boundary Road East Substation,11000,National Grid Electricity Distribution,50.399066,-3.524677
North Bovey Substation,11000,National Grid Electricity Distribution,50.6410464,-3.7845692
North Bridge Pumping Station Substation,11000,National Grid Electricity Distribution,50.7636867,-3.5185014
North Coker Substation,11000,National Grid Electricity Distribution,50.9171309,-2.6547375
North Devon Crematorium Substation,11000,National Grid Electricity Distribution,51.065672,-4.078325
North Down Crescent Substation,11000,National Grid Electricity Distribution,50.3911286,-4.1728847
North Hill Substation,11000,National Grid Electricity Distribution,50.9984232,-4.3988115
North Intake Substation,33000,,50.3862809,-4.1816136
North Molton Substation,11000,National Grid Electricity Distribution,51.053443,-3.802653
North Molton West Substation,11000,National Grid Electricity Distribution,51.0527872,-3.8071713
North Morte Substation,11000,National Grid Electricity Distribution,51.187399,-4.2039396
North Perrot Farm PV Substation,11000,National Grid Electricity Distribution,50.8886785,-2.7619215
North Road Courage Substation,11000,National Grid Electricity Distribution,50.3881001,-3.960748
North Road Lee Mill Substation,11000,National Grid Electricity Distribution,50.3879557,-3.9572902
North Road Substation,11000,National Grid Electricity Distribution,50.7460794,-3.9971203
North Road Substation,11000,National Grid Electricity Distribution,50.8153917,-4.3503356
North Rock Substation,11000,National Grid Electricity Distribution,50.3346359,-4.2002002
North Sands Substation,11000,National Grid Electricity Distribution,50.230795,-3.781475
North Street Langport Substation,33000;11000,National Grid Electricity Distribution,51.039195,-2.8275648
North Street Substation,11000,National Grid Electricity Distribution,50.3717633,-4.1333236
North Street Substation,11000,National Grid Electricity Distribution,50.7420553,-4.0019545
North Street Substation,11000,National Grid Electricity Distribution,50.9597641,-2.7501984
North Street Substation,11000,National Grid Electricity Distribution,50.9503215,-2.8103907
North Street Substation,11000,National Grid Electricity Distribution,50.8089613,-2.7376765
North Street Substation,11000,National Grid Electricity Distribution,50.808971,-2.7377067
North Street Substation,,National Grid Electricity Distribution Plc,50.5165828,-3.7576963
North Tawton Substation,11000,National Grid Electricity Distribution,50.7993766,-3.898045
North Tawton Substation,132000;33000;11000,,50.7960406,-3.9138688
North Walk Telephone Exchange Substation,11000,National Grid Electricity Distribution,51.080723,-4.0635021
North Wayton 33kV Solar Pk,33000,National Grid Electricity Distribution Plc,50.4463105,-4.2370487
Northacre S/S,,,51.2703405,-2.2076554
Northam Substation,33000;11000,National Grid Electricity Distribution,51.0416956,-4.2102484
Northampton Close Substation,11000,National Grid Electricity Distribution,50.4222985,-4.1623712
Northern Way Substation,11000,National Grid Electricity Distribution,50.8836044,-2.7908002
Northfield Road Substation,11000,National Grid Electricity Distribution,51.2084999,-4.126415
Northfield Road Substation,11000,National Grid Electricity Distribution,51.2107589,-3.474592
Northmoor Solar Farm Substation,132000,National Grid Electricity Distribution Plc,50.7506232,-4.4541682
Northolt Substation,11000,National Grid Electricity Distribution,50.4193448,-4.1847997
Northshore Substation,11000,National Grid Electricity Distribution,51.1764386,-4.1212621
Norton Barton Substation,11000,National Grid Electricity Distribution,50.8499614,-4.4831414
Norton Hill Primary School Substation,11000,National Grid Electricity Distribution Plc,51.2757186,-2.4848189
Norton Park Substation,11000,National Grid Electricity Distribution,50.3498948,-3.6151652
Norton Sub Ham Substation,11000,National Grid Electricity Distribution,50.940484,-2.7567095
Norville Lane Substation,11000,National Grid Electricity Distribution,51.2781105,-2.7790507
Norwich Union Substation,11000,National Grid Electricity Distribution,50.3707345,-4.1394811
Noss Mayo Creek Substation,11000,National Grid Electricity Distribution,50.3096006,-4.0410295
Noss Mayo Substation,11000,National Grid Electricity Distribution,50.3118006,-4.0391825
Notlake Pump Station Substation,11000,National Grid Electricity Distribution,51.2597289,-2.8061363
Notre Dame School Substation,11000,National Grid Electricity Distribution,50.4222993,-4.1270737
Notte Street Substation,11000,National Grid Electricity Distribution,50.3682211,-4.1408224
Notter Bridge Chalets Substation,11000,National Grid Electricity Distribution,50.4229498,-4.2760925
Nuffield Hospital Substation,11000,National Grid Electricity Distribution,50.4189377,-4.1144775
Nurden and Peacock Substation,11000,National Grid Electricity Distribution,50.4031603,-4.1589227
Oak Tree Park Substation,11000,National Grid Electricity Distribution,50.4257212,-4.1028352
Oake School Substation,11000,National Grid Electricity Distribution,51.0242706,-3.2093712
Oakfield Terrace Substation,11000,National Grid Electricity Distribution,50.3665027,-4.1153649
Oakford Villas Substation,11000,National Grid Electricity Distribution,51.0543049,-3.8083119
Oakham Road Substation,11000,National Grid Electricity Distribution,50.4202446,-4.1609104
Oakhill Substation,11000,National Grid Electricity Distribution,50.5789027,-3.4800094
Oakland Drive Substation,11000,National Grid Electricity Distribution,50.5743377,-3.4743399
Oakland Park Substation,11000,National Grid Electricity Distribution,51.0728675,-4.0789178
Oakland Park Substation,11000,National Grid Electricity Distribution,50.5746203,-3.4808554
Oakland Road NTL Substation,11000,National Grid Electricity Distribution,50.9800022,-2.7696094
Oaklands Drive Substation,11000,National Grid Electricity Distribution,50.7423302,-4.0034889
Oaklands Ind Substation,11000,National Grid Electricity Distribution,50.457578,-4.4474129
Oaklands Park Substation,11000,National Grid Electricity Distribution,50.4843496,-3.7883193
Oaklands Road Substation,11000,National Grid Electricity Distribution,50.4849337,-3.7862502
Oaktree Park Substation,11000,National Grid Electricity Distribution,50.7303403,-3.9234104
Ocean Cove Substation,11000,National Grid Electricity Distribution,50.6686534,-4.7413652
Ocean Quay Substation,11000,National Grid Electricity Distribution,50.3644564,-4.168297
Ocean Street Substation,11000,National Grid Electricity Distribution,50.3924048,-4.1773601
Odcombe Landfill Generator Substation,11000,National Grid Electricity Distribution,50.9293181,-2.7204305
OddicombeSubstation,11000,National Grid Electricity Distribution,50.2738022,-3.7040111
Office Village Brest Road Substation,11000,National Grid Electricity Distribution,50.4112274,-4.1193297
Officers Mess Picklecombe Substation,11000,National Grid Electricity Distribution,50.3440995,-4.1725788
Offwell Substation,33000;11000,National Grid Electricity Distribution Plc,50.7948222,-3.1527224
Oil Storage Depot Substation,11000,National Grid Electricity Distribution,50.5753896,-3.6551773
Okcliff Substation,11000,National Grid Electricity Distribution,50.5959853,-3.4486749
Okehampton Hospital Substation,11000,National Grid Electricity Distribution,50.7422854,-3.997715
Okehampton Local Substation,11000,National Grid Electricity Distribution,50.7379397,-4.0002018
Okehampton School Sports Hall Substation,11000,National Grid Electricity Distribution,50.7359032,-3.9972561
Okehampton Semh School Substation,11000,National Grid Electricity Distribution,50.7413306,-3.9748907
Okehampton Sewage Substation,11000,National Grid Electricity Distribution,50.7671617,-3.9888624
Okehampton Station Substation,11000,National Grid Electricity Distribution,50.7324337,-3.9979912
Okehampton Substation,33000;11000,National Grid Electricity Distribution,50.7377609,-4.000019
Old Bideford Road Substation,11000,National Grid Electricity Distribution,51.0681186,-4.0843168
Old Down Farm Substation,11000,National Grid Electricity Distribution,51.2617741,-2.5346083
Old Farm Road Substation,11000,National Grid Electricity Distribution,51.2011184,-3.4887617
Old Fremington Army Camp Substation,11000,National Grid Electricity Distribution,51.0738385,-4.1242916
Old Laira Road 240 Substation,11000,National Grid Electricity Distribution,50.383685,-4.1072045
Old Laira Road 300 Substation,11000,National Grid Electricity Distribution,50.3846208,-4.1039244
Old Laira Road Substation,33000;11000,National Grid Electricity Distribution,50.3817717,-4.1198108
Old Marine Depot Substation,11000,National Grid Electricity Distribution,50.947779,-2.6770794
Old Mills Industrial Substation,11000,National Grid Electricity Distribution,51.2920997,-2.5034449
Old Roaches Garage,11000,National Grid Electricity Distribution (South West) plc,50.191601,-5.4587553
Old Shunting Yard Substation,11000,National Grid Electricity Distribution,51.2059371,-3.4678722
Old Sticklepath Hill Substation,11000,National Grid Electricity Distribution,51.0737286,-4.0688966
Old Stone Farm Solar,33000,National Grid Electricity Distribution Plc,50.3518792,-3.6611878
Old Teignmouth Road Substation,11000,National Grid Electricity Distribution,50.5714282,-3.4723067
Old Town Street Substation,11000,National Grid Electricity Distribution,50.582192,-3.4763458
Old Wharf Substation,11000,National Grid Electricity Distribution,50.358322,-4.1092044
Old Whey Substation,11000,National Grid Electricity Distribution,50.6483188,-4.634275
Old peoples Home Substation,11000,National Grid Electricity Distribution,50.4270074,-3.678632
Oldfields Substation,11000,National Grid Electricity Distribution,50.6191953,-3.4008327
Onslow Road Substation,11000,National Grid Electricity Distribution,50.2378921,-3.7770889
Orange Call Centre Substation,11000,National Grid Electricity Distribution,50.3845947,-4.0223956
Orastone Park Substation,11000,National Grid Electricity Distribution,51.1269596,-4.2305391
Orchard Close Substation,11000,National Grid Electricity Distribution,50.8419814,-4.5227149
Orchard Estate Substation,11000,National Grid Electricity Distribution,51.0667887,-4.1534955
Orchard Grove Estate Substation,11000,National Grid Electricity Distribution,51.1292224,-4.2236501
Orchard Grove Substation,11000,National Grid Electricity Distribution,50.3848453,-3.5146093
Orchard Lane Crewkerne Substation,11000,National Grid Electricity Distribution,50.8844665,-2.7927827
Orchard Mead Substation,11000,National Grid Electricity Distribution,50.8182457,-2.798238
Orchard Meadow Substation,11000,National Grid Electricity Distribution,50.6748955,-3.838033
Orchard Rise Substation,11000,National Grid Electricity Distribution,50.8815204,-2.7947095
Oregon Way Substation,11000,National Grid Electricity Distribution,50.3923532,-4.1036016
Oreston Quay Substation,11000,National Grid Electricity Distribution,50.362405,-4.109607
Oreston Road 45 Substation,11000,National Grid Electricity Distribution,50.3630989,-4.1055191
Oreston Road Substation,11000,National Grid Electricity Distribution,50.3606805,-4.1067736
Osborne Road Substation,11000,National Grid Electricity Distribution,51.2065194,-4.1299834
Otterham Wind Farm Substation,132000,National Grid Electricity Distribution,50.6822728,-4.6082355
Ottery St. Mary Substation,33000;11000,National Grid Electricity Distribution Plc,50.7456587,-3.2866201
Outer Hope Substation,11000,National Grid Electricity Distribution,50.2464139,-3.8555883
Outland Villas Substation,11000,National Grid Electricity Distribution,50.3898328,-4.1530233
Outlands Wood Solar,33000,National Grid Electricity Distribution,50.4841803,-4.7327806
Overseas Estate Substation,11000,National Grid Electricity Distribution,50.321877,-3.5977341
Oxen Cove Pumping Stn Substation,11000,National Grid Electricity Distribution,50.3992251,-3.5147394
PAUL & WHITES RADSTOCK,11000,National Grid Electricity Distribution,51.2946958,-2.4334941
PDSA Durnford St Substation,11000,National Grid Electricity Distribution,50.3683337,-4.1627502
Padstow Drydock,,National Grid Electricity Distribution,50.5376861,-4.934955
Paganal Rise Substation,11000,National Grid Electricity Distribution,51.1997789,-3.4866296
Paganel Road Substation,11000,National Grid Electricity Distribution,51.2004913,-3.4843774
Pages Cross Substation,11000,National Grid Electricity Distribution,50.6318869,-4.3536186
Paignton Holiday Park Substation,11000,National Grid Electricity Distribution,50.4295294,-3.613553
Paignton Substation,132000;33000;11000,National Grid Electricity Distribution,50.4212796,-3.5899739
Pall Europe Substation,11000,National Grid Electricity Distribution,51.2003843,-4.127544
Par Harbour Substation,33000;11000,,50.3434127,-4.7102204
Parade Housing Estate,11000,,50.0850569,-5.5375794
Parade Road Substation,11000,National Grid Electricity Distribution,50.414482,-4.1670811
Parade Substation,11000,National Grid Electricity Distribution,50.6203356,-3.413219
Paradise Park Substation,11000,National Grid Electricity Distribution,50.7582541,-4.4567256
Paradise Road Substation,11000,National Grid Electricity Distribution,50.3742276,-4.1636378
Parc An Creet,11000,,50.2083414,-5.4939094
Parc-An-Caddy Estate,11000,,50.0727784,-5.6211544
Park Aveneue 26 Substation,11000,National Grid Electricity Distribution,50.3583161,-4.0993272
Park Avenue Substation,11000,National Grid Electricity Distribution,51.0747512,-4.0799341
Park Cottages Lifton Substation,11000,National Grid Electricity Distribution,50.6437705,-4.28495
Park Farm Substation,11000,National Grid Electricity Distribution,51.1063938,-4.1480455
Park Lane Substation,33000;11000,National Grid Electricity Distribution,51.0236604,-4.2071136
Park Street Substation,11000,National Grid Electricity Distribution,51.2292237,-3.8375897
Park View Estate,,,50.0971277,-5.2790641
Park Wall Solar Park Substation,33000,National Grid Electricity Distribution Plc,51.1186052,-2.9719899
Parker Road Substation,11000,National Grid Electricity Distribution,50.2857835,-3.8919635
Parkfield Road Substation,11000,National Grid Electricity Distribution,50.6855672,-3.4647862
Parkland Substation,11000,National Grid Electricity Distribution,50.7313253,-4.0032846
Parklands Substation,11000,National Grid Electricity Distribution,50.4339687,-3.6846362
Parks Lane Substation,11000,National Grid Electricity Distribution,51.2062998,-3.4837357
Parkside Drive Substation,11000,National Grid Electricity Distribution,50.6388307,-3.387259
Parkside Substation,11000,National Grid Electricity Distribution,50.387962,-4.1732995
Parkstone Lane Substation,11000,National Grid Electricity Distribution,50.3913297,-4.0449921
Parkview 33kv Solar Park,33000,National Grid Electricity Distribution Plc,50.5048661,-3.7457907
Parkview Substation,11000,National Grid Electricity Distribution,50.8766001,-2.789465
Parkway Commercial Substation,11000,National Grid Electricity Distribution,50.394532,-4.090777
Parkway Road Substation,11000,National Grid Electricity Distribution,50.6024492,-3.5978768
Parkway Substation,11000,National Grid Electricity Distribution,50.603024,-3.6001376
Parkwood Close Substation,11000,National Grid Electricity Distribution,50.4454384,-4.1205891
Parkwood Road Substation,11000,National Grid Electricity Distribution,50.5520159,-4.1362871
Parnham House Substation,11000,National Grid Electricity Distribution,50.8006108,-2.7464275
Parsonage Barn 33kV Solar,33000,National Grid Electricity Distribution Plc,50.9424423,-2.8875683
Parsons Close Substation,11000,National Grid Electricity Distribution,50.6338234,-3.3957262
Parsons Green Substation,11000,National Grid Electricity Distribution,50.5222052,-4.3176059
Parsons Street Substation,11000,National Grid Electricity Distribution,51.2073311,-3.5962093
Part Anderton Substation,11000,National Grid Electricity Distribution,50.826807,-4.4555836
Parthia Place Substation,11000,National Grid Electricity Distribution,50.6303915,-3.3862069
Partridge Road Substation,11000,National Grid Electricity Distribution,50.6389265,-3.3985544
Pasley Street Substation,11000,National Grid Electricity Distribution,50.382467,-4.1714069
Pasties Inc Substation,11000,National Grid Electricity Distribution,50.5069022,-4.3033996
Paternoster Row Substation,11000,National Grid Electricity Distribution,51.0802418,-4.0598129
Pathfields Substation,11000,National Grid Electricity Distribution,50.4292964,-3.6771063
Pathfinder 2 Substation,11000,National Grid Electricity Distribution,50.7291519,-3.6421748
Pathfinder No 1 Substation,11000,National Grid Electricity Distribution,50.7282585,-3.6452736
Patna Place Substation,11000,National Grid Electricity Distribution,50.3748196,-4.148977
Pattle Substation,11000,National Grid Electricity Distribution,50.8094048,-2.749795
Peamore House Substation,11000,National Grid Electricity Distribution,50.6814995,-3.5346326
Peamore Substation,11000,National Grid Electricity Distribution,50.6794325,-3.5297409
Pearl House Substation,11000,National Grid Electricity Distribution,51.079507,-4.0588367
Pearl No 1 Substation,11000,National Grid Electricity Distribution,50.3707904,-4.1432793
Pearl No 2 Substation,11000,National Grid Electricity Distribution,50.3708296,-4.1432816
Pearn Gardens Substation,11000,National Grid Electricity Distribution,50.3943966,-4.1243455
Peel St Substation,11000,National Grid Electricity Distribution,50.3701205,-4.1594473
Pegasus Apartments Substation,11000,National Grid Electricity Distribution,50.6252005,-3.387996
Penare Farm 33kV Solar Fm,33000,National Grid Electricity Distribution,50.302372,-5.0766738
Penarwyn Crescent,11000,,50.1258904,-5.5561722
Pencoose 33kv Solar Park,33000,National Grid Electricity Distribution Plc,50.19813,-5.183732
Pendarves Flats,11000,,50.1225485,-5.5425509
Pendennis Close Substation,11000,National Grid Electricity Distribution,50.3983087,-4.1286005
Pendrea Gulval,11000,,50.1299121,-5.5296797
Penhalverne Crescent,11000,,50.1193028,-5.5440714
Peninsula Medical School Substation,11000,National Grid Electricity Distribution,50.4155943,-4.1098781
Penlee Gardens,11000,,50.1163383,-5.5436566
Penlee Road Substation,11000,National Grid Electricity Distribution,50.3802173,-4.1622632
Penmead Road Substation,11000,National Grid Electricity Distribution,50.622732,-4.7288312
Penn Cross Substation,33000;11000,National Grid Electricity Distribution Plc,50.7451428,-2.9271313
Penn Meadows Substation,11000,National Grid Electricity Distribution,50.3880396,-3.5072548
Penninsula Substation,11000,National Grid Electricity Distribution,50.3600185,-4.1298368
Pennygillam West Substation,11000,National Grid Electricity Distribution,50.6273988,-4.3838639
Penrith Gardens 87 Substation,11000,National Grid Electricity Distribution,50.4153377,-4.1038628
Penryn Substation,33000;11000,National Grid Electricity Distribution,50.1778949,-5.1112087
Pensilva Substation,33000;11000,National Grid Electricity Distribution Plc,50.5074458,-4.4121621
Penstowe Chalets South Substation,11000,National Grid Electricity Distribution,50.8710539,-4.4926861
Penstowe Chalets Substation,11000,National Grid Electricity Distribution,50.8730372,-4.4926882
Pentamar Street Substation,11000,National Grid Electricity Distribution,50.3802422,-4.1750288
Penwith College,11000,,50.1252168,-5.5434506
Penwith Council Offices,11000,,50.1230545,-5.5463281
Penwith Housing,11000,,50.125113,-5.5513838
Penzance Airfield,11000,,50.1295613,-5.5136897
Penzance Causewayhead Substation,33000;11000,National Grid Electricity Distribution,50.1200994,-5.5392632
Penzance Heamoor Substation,33000;11000,National Grid Electricity Distribution,50.1319451,-5.553415
Penzance Leisure Centre,11000,,50.1211299,-5.54469
Penzance S/Stores,11000,,50.1286499,-5.5146944
Penzance Station,11000,,50.1218314,-5.5329855
Peppermint Park Substation,11000,National Grid Electricity Distribution,50.5972241,-3.4496851
Perches Close Substation,11000,National Grid Electricity Distribution,50.3154928,-4.0169048
Percy Street Substation,11000,National Grid Electricity Distribution,50.4032936,-4.1862826
Periton Lane South Substation,11000,National Grid Electricity Distribution,51.2012986,-3.4968097
Periton Lane Substation,11000,National Grid Electricity Distribution,51.2063894,-3.4897935
Periton Road Substation,11000,National Grid Electricity Distribution,51.2003334,-3.4940901
Periton Substation,33000;11000,National Grid Electricity Distribution,51.2000922,-3.4973077
Periton Way Substation,11000,National Grid Electricity Distribution,51.2032479,-3.4942127
Perranporth Substation,33000;11000,National Grid Electricity Distribution,50.3214276,-5.1553941
Petertavy Post Office Substation,11000,National Grid Electricity Distribution,50.579266,-4.0997819
Phear Avenue Substation,11000,National Grid Electricity Distribution,50.6228209,-3.4005403
Philip Dennis Substation,11000,National Grid Electricity Distribution,51.1775534,-4.1260016
Phoenix Business park Estover Substation,11000,National Grid Electricity Distribution,50.4189945,-4.0901859
Phoenix House Substation,11000,National Grid Electricity Distribution,50.3682871,-4.1430919
Phoenix Street Substation,11000,National Grid Electricity Distribution,50.3684863,-4.1536572
Pick Pie Drive Substation,11000,National Grid Electricity Distribution,50.4354479,-4.0983341
Picklecombe Fort Substation,11000,National Grid Electricity Distribution,50.3435767,-4.1722016
Pig Processing Plant Substation,11000,National Grid Electricity Distribution,51.040222,-3.3064447
Pike Road 137 Substation,11000,National Grid Electricity Distribution,50.3878768,-4.100774
Pike Street Substation,11000,National Grid Electricity Distribution,50.4550637,-4.4642936
Pilgrim Drive Substation,11000,National Grid Electricity Distribution,50.4801577,-4.1887143
Pilkingtons Substation,11000,National Grid Electricity Distribution,50.4182219,-4.0903776
Pill Gardens Substation,11000,National Grid Electricity Distribution,51.1018348,-4.1607106
Pillar Close Substation,11000,National Grid Electricity Distribution,50.3962544,-3.5249452
Pillarton Barton Substation,11000,National Grid Electricity Distribution,50.4545927,-4.3058968
Pin Lane Substation,11000,National Grid Electricity Distribution,50.3672736,-4.1365016
Pine View Substation,11000,National Grid Electricity Distribution,50.7316137,-2.7672895
Pinehurst Way Substation,11000,National Grid Electricity Distribution,50.3937333,-3.9401269
Pinhoe Substation,33000;11000,National Grid Electricity Distribution,50.7382573,-3.4781499
Pipers Close Pennygillam Substation,11000,National Grid Electricity Distribution,50.6285008,-4.3858673
Pipers Pool Wind Turbine Substation,11000,National Grid Electricity Distribution,50.6294969,-4.4524021
Pitt House Substation,11000,National Grid Electricity Distribution,50.5910849,-3.6227137
Pitts Cleave Ind No 2 Substation,11000,National Grid Electricity Distribution,50.5659393,-4.12167
Pitts Fm. Solar Park,33000,National Grid Electricity Distribution,51.2092334,-2.5854792
Pittsworthy Solar Farm Substation,11000,National Grid Electricity Distribution,50.7191061,-4.0977176
Pitworthy 33kV Solar Park,33000,National Grid Electricity Distribution,50.8181119,-4.4325489
Place Barton Farm 33kv,33000,National Grid Electricity Distribution Plc,50.3566894,-3.7471546
Place Barton Substation,11000,National Grid Electricity Distribution,50.4804795,-4.1328726
Plaidy Beach Substation,11000,National Grid Electricity Distribution,50.358885,-4.4439573
Plain Pound Estate Substation,11000,National Grid Electricity Distribution,51.0459229,-3.3132116
Plain Pound Substation,11000,National Grid Electricity Distribution,51.0473772,-3.3138935
Pleasure Gardens Substation,11000,National Grid Electricity Distribution,51.2106324,-4.1192947
Pleasure Hill Substation,11000,National Grid Electricity Distribution,50.3662153,-4.0956014
Plessey Roborough Substation,11000,National Grid Electricity Distribution,50.4433645,-4.1110472
Ploughmans Way Substation,11000,National Grid Electricity Distribution,50.3452235,-3.995971
Plumb Park Substation,11000,National Grid Electricity Distribution,50.6219839,-3.3823716
Plym Valley Railway Substation,11000,National Grid Electricity Distribution,50.3951439,-4.0825712
Plym View Substation,11000,National Grid Electricity Distribution,50.3903673,-4.1000827
Plymbridge Road 44 Substation,11000,National Grid Electricity Distribution,50.3952484,-4.062284
Plymco Glen Road Substation,11000,National Grid Electricity Distribution,50.3866877,-4.0244708
Plymco One Substation,11000,National Grid Electricity Distribution,50.3879518,-4.0534682
Plymleigh House Substation,11000,National Grid Electricity Distribution,50.3852317,-4.0973739
Plymouth Albion RFC Substation,11000,National Grid Electricity Distribution,50.3719118,-4.1705731
Plymouth Cement Works Substation,11000,National Grid Electricity Distribution,50.3661011,-4.1118105
Plymouth History Centre Substation,11000,National Grid Electricity Distribution,50.3746337,-4.1372552
Plymouth Life Centre Substation,11000,National Grid Electricity Distribution,50.3875649,-4.1537717
Plymouth Pavilions Substation,11000,National Grid Electricity Distribution,50.3689034,-4.1504373
Plymouth Road Substation,11000,National Grid Electricity Distribution,50.4313468,-3.6975426
Plymouth Sewage Treatment Wks Substation,11000,National Grid Electricity Distribution,50.3665509,-4.1130368
Plymouth Sorting Office Substation,11000,National Grid Electricity Distribution,50.3779172,-4.1465153
Plymouth Station Substation,11000,National Grid Electricity Distribution,50.3774182,-4.145915
Plymouth Substation,132000;33000,National Grid Electricity Distribution,50.3681177,-4.1123451
Plymouth Tel Ex SWRM Substation,11000,National Grid Electricity Distribution,50.3712048,-4.1376963
Plympton Fire Station Substation,11000,National Grid Electricity Distribution,50.3913669,-4.051773
Plympton STW Substation,11000,National Grid Electricity Distribution,50.3895754,-4.0802892
Plympton Substation,132000;33000,National Grid Electricity Distribution,50.3717999,-4.0123636
Plymstock Road Substation,11000,National Grid Electricity Distribution,50.3602576,-4.0986125
Plymstock School Substation,11000,National Grid Electricity Distribution,50.3617681,-4.0876238
Plymstock South Substation,33000;11000,National Grid Electricity Distribution,50.3523828,-4.1013725
Pocklington Rise Substation,11000,National Grid Electricity Distribution,50.3869498,-4.047152
Poldhu Road Substation,11000,National Grid Electricity Distribution,50.455405,-4.456578
Police Station Substation,11000,National Grid Electricity Distribution,50.4574961,-4.4646503
Polmeere Road,11000,,50.129003,-5.5430614
Polmennor Drive,11000,,50.1906584,-5.4669899
Polperro Car Park Substation,11000,National Grid Electricity Distribution,50.3329236,-4.5221905
Polperro Harbour Substation,11000,National Grid Electricity Distribution,50.3311017,-4.5173461
Poltair Terrace,11000,,50.1288816,-5.5559875
Polteana Substation,11000,National Grid Electricity Distribution,50.3730261,-4.4870538
Polventon Close,11000,,50.1268143,-5.554936
Polzeath Substation,33000;11000,National Grid Electricity Distribution Plc,50.5698182,-4.8673685
Pomphlett Quay Substation,11000,National Grid Electricity Distribution,50.3668408,-4.1042207
Pomphlett Road 131 Substation,11000,National Grid Electricity Distribution,50.363075,-4.0926133
Pomphlett Road 54 Substation,11000,National Grid Electricity Distribution,50.364348,-4.0982018
Pondfield Road Substation,11000,National Grid Electricity Distribution,50.4124694,-4.2423041
Poniou Way,11000,,50.1298639,-5.5037862
Ponsandane Depot,11000,,50.1284301,-5.5088655
Ponsandane Industrial,11000,,50.1302835,-5.5077687
Poole Park Road Substation,11000,National Grid Electricity Distribution,50.3977259,-4.1928027
Poole Park Substation,11000,National Grid Electricity Distribution,50.3981684,-4.1873986
Popes Lane Substation,11000,National Grid Electricity Distribution,50.9498721,-4.1509797
Porlock Outfall Pumping Station Substation,11000,National Grid Electricity Distribution,51.2147341,-3.5972568
Porlock TannerySubstation,11000,National Grid Electricity Distribution,51.2100183,-3.5968546
Porsham Substation,11000,National Grid Electricity Distribution,50.4391551,-4.1320313
Port Lane Substation,11000,National Grid Electricity Distribution,50.2730882,-3.698101
Port Rouge Substation,11000,National Grid Electricity Distribution,50.3736583,-4.2003886
Porthgwidden Sewage,11000,,50.2164383,-5.4764284
Porthia Close,11000,,50.203718,-5.4894616
Porthmeor,11000,National Grid Electricity Distribution (South West) plc,50.214687,-5.4813611
Porthrepta,11000,,50.1931024,-5.4612323
Portland Avenue Substation,11000,National Grid Electricity Distribution,50.6168944,-3.402816
Portland Place,11000,,50.081962,-5.539402
Portland Road Substation,11000,National Grid Electricity Distribution,50.3784533,-4.1668513
Portland Terrace Substation,11000,National Grid Electricity Distribution,50.4608003,-4.4568698
Portledge Substation,11000,National Grid Electricity Distribution,51.0003329,-4.2907325
Portworthy Dams 33kv Solar,33000,National Grid Electricity Distribution Plc,50.4301698,-4.0252903
Portwrinkle Estate Substation,11000,National Grid Electricity Distribution,50.3622335,-4.3126189
Post Office Substation,11000,National Grid Electricity Distribution,50.4315469,-3.6836986
Potters Lane Substation,11000,National Grid Electricity Distribution,50.6854182,-4.6948163
Poughill Substation,11000,National Grid Electricity Distribution,50.8420572,-4.5267011
Pound Lane Substation,11000,National Grid Electricity Distribution,50.6356678,-3.4040029
Pound Street Substation,11000,National Grid Electricity Distribution,50.6592825,-3.765845
Poundwell Street Substation,11000,National Grid Electricity Distribution,50.3488863,-3.8872016
Powderham Castle Substation,11000,National Grid Electricity Distribution,50.6426407,-3.4607038
Power DevelopmentSubstation,11000,National Grid Electricity Distribution,50.3871456,-3.9607409
Powisland Drive Substation,11000,National Grid Electricity Distribution,50.4222111,-4.1179874
Predannack Wartha,11000;400,,50.0066134,-5.2559763
Premier Inn Exmouth Substation,11000,National Grid Electricity Distribution,50.6159728,-3.4140961
Premier Inn Minehead Substation,11000,National Grid Electricity Distribution,51.1996737,-3.4615708
Premier Lodge Substation,11000,National Grid Electricity Distribution,50.3680127,-4.1289407
Prewley Moor No 2 Substation,11000,National Grid Electricity Distribution,50.6992524,-4.0575653
Pridds Close Substation,11000,National Grid Electricity Distribution,50.6396673,-3.3997782
Prigg Lane Substation,11000,National Grid Electricity Distribution,50.9495284,-2.8075583
Primark Drake Circus Substation,11000,National Grid Electricity Distribution,50.3713887,-4.137121
Prince Philip Road Substation,11000,National Grid Electricity Distribution,50.6426757,-4.3576228
Princess Avenue Substation,11000,National Grid Electricity Distribution,50.3576115,-4.0913908
Princess Road Substation,11000,National Grid Electricity Distribution,50.7293904,-2.7631732
Princess Street Substation,11000,National Grid Electricity Distribution,51.0843542,-4.0559186
Princess Yachts Edinburgh Street Substation,11000,National Grid Electricity Distribution,50.3693471,-4.1789738
Princess Yachts Langage Substation,11000,National Grid Electricity Distribution,50.3876955,-4.0147252
Priority Site Brest Road Substation,11000,National Grid Electricity Distribution,50.4128968,-4.1173334
Priorswood Substation,33000;11000,National Grid Electricity Distribution,51.0255839,-3.0916637
Priory Close 12 Substation,11000,National Grid Electricity Distribution,50.3905233,-3.9324879
Pritchard Plastics Substation,11000,National Grid Electricity Distribution,50.8200447,-4.5331863
Probiotics Substation,11000,National Grid Electricity Distribution,50.9346295,-2.8204522
Probus Substation,33000;11000,National Grid Electricity Distribution,50.2981091,-4.9519962
Promco Substation,11000,National Grid Electricity Distribution,50.387791,-3.9591448
Prospect Cottage Substation,11000,National Grid Electricity Distribution,50.4100053,-4.2408658
Prospect Place,11000,,50.122257,-5.5396683
Prospect Road Substation,11000,National Grid Electricity Distribution,50.3969459,-3.5137175
Prustacott Turbine Launcells Substation,11000,National Grid Electricity Distribution,50.8263275,-4.4728605
Puddaven Substation,11000,National Grid Electricity Distribution,50.4412569,-3.700047
Puddletown,33000;11000,SSE Power Distribution,50.7545639,-2.3669869
Puddletown Substation,11000,National Grid Electricity Distribution,50.8940381,-2.760238
Punchards Down Substation,11000,National Grid Electricity Distribution,50.4333433,-3.7110922
Puriton Landfill 33kV Solar,33000,National Grid Electricity Distribution Plc,51.1709611,-2.9814644
Putsborough Sands Hotel Substation,11000,National Grid Electricity Distribution,51.1438627,-4.2197239
Pylle Solar Park Substation,33000,National Grid Electricity Distribution Plc,51.1474841,-2.5308944
Pylon H3 The Ride Substation,11000,National Grid Electricity Distribution,50.3688535,-4.1058527
Pynes Waterworks Substation,11000,National Grid Electricity Distribution,50.7523348,-3.5445878
Pyropress Substation,11000,National Grid Electricity Distribution,50.395817,-4.0426233
Pyworthy Substation,132000;33000,National Grid Electricity Distribution,50.7940519,-4.4081018
Quadra Foods Beechwood WaySubstation,11000,National Grid Electricity Distribution,50.3892018,-4.0172115
Quantock Close Substation,11000,National Grid Electricity Distribution Plc,51.2736272,-2.4788437
Quarry Crescent Pennygillam Substation,11000,National Grid Electricity Distribution,50.6268403,-4.3727166
Quartley Switching Station,33000,,51.0179145,-3.4488956
Quartly Solar LV Substation,11000,National Grid Electricity Distribution,51.0180514,-3.4486699
Quay Lane Substation,11000,National Grid Electricity Distribution,51.2085797,-3.4756734
Quay West Substation,11000,National Grid Electricity Distribution,51.2138393,-3.4757566
Queen Annes Battery Substation,11000,National Grid Electricity Distribution,50.3650937,-4.1264786
Queens Drive Substation,11000,National Grid Electricity Distribution,50.6123326,-3.407369
Queens Street,11000,,50.1162237,-5.5355742
R. N. H. North Substation,11000,National Grid Electricity Distribution,50.3728503,-4.1596494
R.O.F. Power House Substation,33000,,51.1724845,-2.9592229
RADSTOCK SEWAGE WORK,11000,National Grid Electricity Distribution,51.2950215,-2.4336665
RAF Chivenor Substation,11000,National Grid Electricity Distribution,51.0926485,-4.1469056
RGB Holsworthy Substation,11000,National Grid Electricity Distribution,50.8182297,-4.3556818
RMAS Turnchapel Substation,11000,National Grid Electricity Distribution,50.3599797,-4.1166034
RMC Homecare Old Mills Substation,11000,National Grid Electricity Distribution,51.2927606,-2.5012655
RNAD Ernesettle Substation,11000,National Grid Electricity Distribution,50.415628,-4.189339
Radcliffe Close Substation,11000,National Grid Electricity Distribution,50.428836,-4.1386417
Radford Oil Substation,11000,National Grid Electricity Distribution,50.3536087,-4.0998969
Radford Park Drive Substation,11000,National Grid Electricity Distribution,50.3553088,-4.0988801
Radfords Substation,11000,National Grid Electricity Distribution,51.2667826,-2.8517937
Radstock Road Substation,11000,National Grid Electricity Distribution,51.2894488,-2.4734636
Radstock Substation,132000;33000,National Grid Electricity Distribution Plc,51.2907598,-2.5085719
Ramage Close Substation,11000,National Grid Electricity Distribution,50.4117764,-4.0867903
Rame Substation,132000;33000,National Grid Electricity Distribution Plc,50.1571023,-5.1844513
Random Substation,11000,National Grid Electricity Distribution,50.4832127,-4.0980283
Rank Bush Murphy 2 Substation,11000,National Grid Electricity Distribution,50.4219457,-4.1891188
Ranscombe Substation,11000,National Grid Electricity Distribution,50.3941474,-3.5055975
Ransomes Substation,11000,National Grid Electricity Distribution,50.394583,-4.0395201
Ratherton Turbine Substation,11000,National Grid Electricity Distribution,50.7926218,-4.3479671
Rawlin Close Substation,11000,National Grid Electricity Distribution,50.399299,-4.1058323
Rectory Close Substation,11000,National Grid Electricity Distribution,51.1000396,-4.1493889
Rectory Lane Substation,11000,National Grid Electricity Distribution,50.3244415,-3.6004641
Red Hill 33kv Solar Park,33000,National Grid Electricity Distribution Plc,50.9550335,-3.2989394
Red Lane Substation,11000,National Grid Electricity Distribution,50.7607007,-2.9610152
Redbridge S/S,,SSE Power Distribution,50.694833,-2.3044117
Redcliffe St Substation,11000,National Grid Electricity Distribution,51.2763748,-2.7719486
Reddicliffe Close 60 Substation,11000,National Grid Electricity Distribution,50.3501265,-4.0953008
Reddicliffe Road Substation,11000,National Grid Electricity Distribution,50.3504754,-4.100929
Redford Meadow Substation,11000,National Grid Electricity Distribution,50.284068,-3.7827345
Redinnick Place,11000,,50.1141336,-5.5394844
Redlake Substation,11000,National Grid Electricity Distribution,50.4409388,-3.7097791
Redlands Fm 33kV Solar Pk,33000,National Grid Electricity Distribution Plc,51.1150038,-2.8168331
Redlands Substation,750,Network Rail,50.6389848,-2.4639232
Redlap Cross STW Substation,11000,National Grid Electricity Distribution,50.33495,-3.5889047
Redmoor Close Substation,11000,National Grid Electricity Distribution,50.5555679,-4.1538343
Redoubt Hill Substation,11000,National Grid Electricity Distribution,50.348783,-3.5687433
Redwing Inn Substation,11000,National Grid Electricity Distribution,50.648256,-3.4282211
Redworth Substation,11000,National Grid Electricity Distribution,50.4354503,-3.6915207
Reeve Sawmills Substation,11000,National Grid Electricity Distribution,50.7431744,-3.9997885
Reeves Saw Mill Substation,11000,National Grid Electricity Distribution,50.4463015,-4.4718514
Regent St Flats Substation,11000,National Grid Electricity Distribution,50.3731135,-4.1351141
Regent Street Substation,11000,National Grid Electricity Distribution,50.3735323,-4.1348768
Regent Terrace,11000,,50.1230718,-5.685169
Rendle Street Substation,11000,National Grid Electricity Distribution,50.3713887,-4.1498517
Renown Street Substation,11000,National Grid Electricity Distribution,50.3883199,-4.1758011
Research Way Derriford Substation,11000,National Grid Electricity Distribution,50.4158279,-4.108836
Research Way No 1 Substation,11000,National Grid Electricity Distribution,50.4174655,-4.1105459
Reservoir Road Substation,11000,National Grid Electricity Distribution,50.3607867,-4.0700107
Retreat Gardens Substation,11000,National Grid Electricity Distribution,50.6910685,-3.4770832
Rew Farm Solar Park Substation,33000,,50.4239127,-4.6916714
Rexon Cross Farm Solar Pk,33000,National Grid Electricity Distribution,50.6859202,-4.2324521
Richie Road Substation,11000,National Grid Electricity Distribution,50.9450529,-2.6801056
Richmond Engineering Substation,11000,National Grid Electricity Distribution,51.1785421,-4.1240838
Richmond Road Substation,11000,National Grid Electricity Distribution,50.4111593,-4.1264256
Richmond Walk Substation,11000,National Grid Electricity Distribution,50.3681645,-4.1668195
Rickhay Rise Substation,11000,National Grid Electricity Distribution,50.9171776,-2.7590604
Ridge Park Aveneue Substation,11000,National Grid Electricity Distribution,50.3817461,-4.1434276
Ridgeway Flats Substation,11000,National Grid Electricity Distribution,50.387453,-4.0514064
Ridgeway Substation,11000,National Grid Electricity Distribution,50.9168174,-2.76244
Rillamill Chapel Substation,11000,National Grid Electricity Distribution,50.5349963,-4.4060426
Ringmore Way 168 Substation,11000,National Grid Electricity Distribution,50.4144766,-4.1594739
Ringmore Way Substation,11000,National Grid Electricity Distribution,50.4153991,-4.1611504
Risdon Mill Substation,11000,National Grid Electricity Distribution,50.7793202,-4.0174929
Rittal CSM Substation,11000,National Grid Electricity Distribution,50.4439193,-4.1205608
River Caen HousingSubstation,11000,National Grid Electricity Distribution,51.1253596,-4.1564779
River Dart Treatment Works Substation,11000,National Grid Electricity Distribution,50.4442941,-3.6874262
River View Substation,11000,National Grid Electricity Distribution,50.2855139,-3.7773634
Riverside Care Home Substation,11000,National Grid Electricity Distribution,50.4256045,-3.6782512
Riverside Gdns MSN Substation,11000,National Grid Electricity Distribution,51.2777074,-2.496453
Riverside Pk MSN Substation,11000,National Grid Electricity Distribution,51.2810884,-2.4904849
Riverside Press Substation,11000,National Grid Electricity Distribution,51.0734992,-4.0318798
Riverside Road MSN Substation,11000,National Grid Electricity Distribution,51.2788277,-2.495516
Riverside Substation,11000,National Grid Electricity Distribution,50.7260421,-3.9113991
Riverside Substation,11000,National Grid Electricity Distribution,50.2795064,-3.7732248
Riverside Substation,11000,National Grid Electricity Distribution,50.4960993,-4.2069891
Riverside Substation,11000,National Grid Electricity Distribution,50.8090213,-2.731103
Riverside Substation,11000,National Grid Electricity Distribution,50.3139518,-4.0397042
Riverton Road Substation,11000,National Grid Electricity Distribution,51.0661067,-4.0751822
Roadford Substation,33000,National Grid Electricity Distribution,50.6875974,-4.2382818
Robins Corner Substation,11000,National Grid Electricity Distribution,51.0272973,-4.2206876
Roborough Down Substation,11000,National Grid Electricity Distribution,50.4704468,-4.1020031
Roborough Road Substation,11000,National Grid Electricity Distribution,51.0940655,-4.0544206
Rochford Crescent Substation,11000,National Grid Electricity Distribution,50.4188078,-4.170167
Rock House Substation,11000,National Grid Electricity Distribution,50.2558878,-3.8567028
Rock House Substation,11000,National Grid Electricity Distribution,50.3981219,-3.5072086
Rock Park Substation,33000;11000,National Grid Electricity Distribution,51.0675819,-4.053375
Rockfield Avenue,,National Grid Electricity Distribution,50.4270406,-4.1339797
Rockfield End Substation,11000,National Grid Electricity Distribution,51.1766673,-4.2112987
Rockhead Housing Substation,11000,National Grid Electricity Distribution,50.6278013,-4.7255365
Rocklands North Substation,11000,National Grid Electricity Distribution,50.5984125,-3.6117528
Rocklands South Substation,11000,National Grid Electricity Distribution,50.5986178,-3.6134474
Rockway Substation,11000,National Grid Electricity Distribution,50.723221,-2.7165502
Rocky Lane Substation,11000,National Grid Electricity Distribution,50.555258,-3.505307
Roddick Way Substation,11000,National Grid Electricity Distribution,50.3875606,-4.022252
Rodhill S/S,,SSE Power Distribution,50.7463308,-2.3425813
Rogers Grain Store Substation,11000,National Grid Electricity Distribution,50.2680912,-3.7458625
Rolle College Substation,11000,National Grid Electricity Distribution,50.6155885,-3.4074105
Rolle Road Substation,11000,National Grid Electricity Distribution,50.6170593,-3.4102605
Romans Field Substation,11000,National Grid Electricity Distribution,50.746633,-3.9860193
Romans Mead Pumping Station Substation,11000,National Grid Electricity Distribution,50.5990969,-3.6008817
Ropewalk Substation,11000,National Grid Electricity Distribution,50.2814379,-3.7771563
Rose Lane Substation,11000,National Grid Electricity Distribution,51.0714306,-4.0353876
Rose Park Turbine Substation,11000,National Grid Electricity Distribution,50.6855078,-4.6099667
Rosedown Substation,11000,National Grid Electricity Distribution,50.9909448,-4.4612656
Roseland Substation,33000;11000,National Grid Electricity Distribution,50.1982371,-4.9784656
Roselands Substation,11000,National Grid Electricity Distribution,50.6160975,-3.3958758
Rosemergy,11000,,50.1706763,-5.6174503
Roskrow Barton 33kv Solar,33000,National Grid Electricity Distribution,50.176811,-5.131236
Ross Young Substation,11000,National Grid Electricity Distribution,50.7472939,-3.9962022
Rosyl Avenue Substation,11000,National Grid Electricity Distribution,50.5664689,-3.4767103
Round Oak Gardens Substation,11000,National Grid Electricity Distribution,51.001475,-3.2174052
Roundhead Road Substation,11000,National Grid Electricity Distribution,50.5726136,-3.655541
Roundswell Industrial Substation,11000,National Grid Electricity Distribution,51.0660482,-4.0811339
Roundswell Local Substation,11000,National Grid Electricity Distribution,51.0628779,-4.0813432
Roundswell Retail Park Substation,11000,National Grid Electricity Distribution,51.0655783,-4.0864332
Roundswell Substation,33000;11000,National Grid Electricity Distribution,51.063161,-4.0814289
Roundswell Village Substation,11000,National Grid Electricity Distribution,51.0687203,-4.0871314
Rowes Substation,11000,National Grid Electricity Distribution,50.4072971,-3.6233687
Royal Avenue Substation,11000,National Grid Electricity Distribution,50.3523082,-3.5783994
Royal Cinema,11000,,50.2109267,-5.482305
Royal Citadel Substation,11000,National Grid Electricity Distribution,50.3657197,-4.1364696
Royal Court Substation,11000,National Grid Electricity Distribution,50.5447972,-3.496683
Royal Eye Infirmary,,,50.4147299,-4.1229121
Royal Marine Barracks Substation,11000,National Grid Electricity Distribution,50.3662523,-4.1594104
Royal Navy Avenue Substation,11000,National Grid Electricity Distribution,50.3887017,-4.1709309
Royal Oak Development Substation,11000,National Grid Electricity Distribution,50.6763332,-3.4888715
Royal Way Substation,11000,National Grid Electricity Distribution,50.6250518,-3.4476908
Royal William Yard No 1 Substation,11000,National Grid Electricity Distribution,50.3602646,-4.1664604
Royal William Yard Substation,11000,National Grid Electricity Distribution,50.3626259,-4.1637547
Ruda Farm Substation,11000,National Grid Electricity Distribution,51.1350243,-4.2364743
Ruggaton Lane Trailer Park Substation,11000,National Grid Electricity Distribution,51.1964871,-4.0613934
Russell Avenue 1 Substation,11000,National Grid Electricity Distribution,50.3960395,-4.1320749
Russell Avenue 31 Substation,11000,National Grid Electricity Distribution,50.3947383,-4.129172
Russell Court Substation,11000,National Grid Electricity Distribution,50.5541304,-4.149218
Russell Court Substation,11000,National Grid Electricity Distribution,50.430208,-3.6853049
Rutt Lane Embedded Substation,11000,National Grid Electricity Distribution,50.3910298,-3.9030423
Rydon Farm Solar Park,33000,National Grid Electricity Distribution Plc,50.5071571,-3.6323413
Rydon Road Substation,11000,National Grid Electricity Distribution,50.8128803,-4.3600779
Rydon Village Substation,11000,National Grid Electricity Distribution,50.8115953,-4.3709255
Rygors,,,51.2773477,-2.2044883
S.W.W. Phear Park Substation,11000,National Grid Electricity Distribution,50.6248662,-3.4067906
S.W.W. Weston Mill Cemetry Substation,11000,National Grid Electricity Distribution,50.3992818,-4.1722543
S/S,,Scottish and Southern Electricity Networks,50.5953452,-2.4753112
S/S,,Scottish and Southern Electricity Networks,50.6225783,-2.4985605
SEB Offices Radstock Road Substation,11000,National Grid Electricity Distribution,51.2911761,-2.4670104
SWEB Car Park Substation,11000,National Grid Electricity Distribution,50.3680599,-4.1177738
SWEB Depot Substation,11000,National Grid Electricity Distribution,50.3691357,-4.1176965
SWEB Stores Substation,11000,National Grid Electricity Distribution,50.8795164,-2.782692
SWW Bude Gate Substation,11000,National Grid Electricity Distribution,50.8292055,-4.5481688
SWW Clovelly Village Substation,11000,National Grid Electricity Distribution,51.0002744,-4.4004893
SWW Dartmouth North Embankment Substation,11000,National Grid Electricity Distribution,50.3529826,-3.5773058
SWW East Langdon Substation,11000,National Grid Electricity Distribution,51.0269065,-4.2517676
SWW Gore Lane Substation,11000,National Grid Electricity Distribution,50.6159526,-3.3701714
SWW Helebridge Substation,11000,National Grid Electricity Distribution,50.8132889,-4.5347068
SWW Sewage Pump Substation,11000,National Grid Electricity Distribution,50.7336955,-3.436814
SWW Tottiford Substation,11000,National Grid Electricity Distribution,50.6273332,-3.6875416
Safeway Pomphlett Substation,11000,National Grid Electricity Distribution,50.3664637,-4.0975135
Safeway Substation,11000,National Grid Electricity Distribution,50.4332413,-3.682719
Safeway Superstore,11000,,50.1278152,-5.51469
Sainsbury Eastern Green,11000,,50.1283672,-5.5198014
Sainsbury Marsh Mills Substation,11000,National Grid Electricity Distribution,50.3887652,-4.0882193
Sainsbury Road Substation,11000,National Grid Electricity Distribution,51.2063479,-3.4951081
Sainsbury Shutterton Bridge Substation,11000,National Grid Electricity Distribution,50.5991017,-3.4612369
Sainsbury Substation,11000,National Grid Electricity Distribution,50.373415,-4.1445544
Sainsburys Dartmouth Substation,11000,National Grid Electricity Distribution,50.3474387,-3.6025642
Sainsburys Substation,11000,National Grid Electricity Distribution,51.0675896,-4.0834973
Salamanca Street Substation,11000,National Grid Electricity Distribution,50.3744849,-4.1956139
Salcombe Substation,11000,National Grid Electricity Distribution,50.5475667,-3.5246959
Salcombe Substation,33000;11000,National Grid Electricity Distribution,50.2344778,-3.7781234
Salcombe View Substation,11000,National Grid Electricity Distribution,50.2415047,-3.805671
Salisbury Road Substation,11000,National Grid Electricity Distribution,50.6245222,-3.4136174
Saltash Busn Pk West Substation,11000,National Grid Electricity Distribution,50.4149285,-4.2427163
Saltash Dunheved Road Substation,33000;11000,National Grid Electricity Distribution,50.4081426,-4.2175865
Saltash Grammar School Substation,11000,National Grid Electricity Distribution,50.4019611,-4.2193332
Saltash Rd Pumping Stn Substation,11000,National Grid Electricity Distribution,50.3846161,-4.181091
Saltash Whity Cross Substation,33000;11000,National Grid Electricity Distribution,50.4220078,-4.2614253
Salterton Road Apartments Substation,11000,National Grid Electricity Distribution,50.617807,-3.4044784
Salthouse Quay Substation,11000,National Grid Electricity Distribution,50.3704671,-4.1315629
Saltmer Close Substation,11000,National Grid Electricity Distribution,51.193944,-4.1294185
Saltram House Substation,11000,National Grid Electricity Distribution,50.3821231,-4.0825867
Saltram Lodge Substation,11000,National Grid Electricity Distribution,50.3849264,-4.076375
Sampsons Plantation Substation,11000,National Grid Electricity Distribution,51.0679921,-4.13745
Sand Quay Substation,11000,National Grid Electricity Distribution,50.3586419,-3.5785123
Sandy Bay Chalets East Substation,11000,National Grid Electricity Distribution,50.611805,-3.3684038
Sandy Bay Field J Substation,11000,National Grid Electricity Distribution,50.6134163,-3.3627941
Sandy Bay Intake Substation,11000,National Grid Electricity Distribution,50.6163181,-3.367048
Sandy Bay North Substation,11000,National Grid Electricity Distribution,50.6162036,-3.366982
Sandy Bay South Substation,11000,National Grid Electricity Distribution,50.6120981,-3.3659669
Sandy Court Langage Substation,11000,National Grid Electricity Distribution,50.383777,-4.0248128
Sandy Park Lodge Substation,11000,National Grid Electricity Distribution,50.7073298,-3.4678311
Sandymouth Bay Holiday Park Substation,11000,National Grid Electricity Distribution,50.8659899,-4.5393481
Sarah Park Substation,11000,National Grid Electricity Distribution,50.4790656,-4.1925009
Sarum Close Substation,11000,National Grid Electricity Distribution,50.3974156,-4.1271096
Saunton Sands Hotel Substation,11000,National Grid Electricity Distribution,51.1182944,-4.2202785
Savage Road Substation,11000,National Grid Electricity Distribution,50.396607,-4.1910545
Saville Mead Substation,11000,National Grid Electricity Distribution,50.7386845,-3.9987815
Saw Mills Dartington Substation,11000,National Grid Electricity Distribution,50.445884,-3.7120985
Sawles Road Substation,33000;11000,National Grid Electricity Distribution,50.3317775,-4.7909014
Scalders Lane Substation,11000,National Grid Electricity Distribution,50.3477862,-3.8823273
Scarne Substation,11000,National Grid Electricity Distribution,50.626687,-4.3574604
School Close Pensilva Substation,11000,National Grid Electricity Distribution,50.5052618,-4.4135334
School Lane,11000;400;230,SSE Power Distribution,50.6255424,-2.2418403
School Lane,11000,,50.1661404,-5.428638
School Lane Substation,11000,National Grid Electricity Distribution,50.7339756,-3.6780951
School Lane Substation,11000,National Grid Electricity Distribution,50.9924315,-4.4766273
School Road Substation,11000,National Grid Electricity Distribution,50.325311,-3.6035701
Sconner Road Substation,11000,National Grid Electricity Distribution,50.3756049,-4.2050974
Scotleigh Substation,11000,National Grid Electricity Distribution,50.6079209,-3.5986777
Scott Road Substation,11000,National Grid Electricity Distribution,50.3876079,-4.1562912
Scotts Quarry Estate Substation,11000,National Grid Electricity Distribution,50.9856963,-3.4909906
Scout Hut Substation,11000,National Grid Electricity Distribution,51.2798645,-2.7807037
Sea King Close Substation,11000,National Grid Electricity Distribution,51.0751506,-4.1028407
Seabrook Farm Substation,11000,National Grid Electricity Distribution,50.6939654,-3.4823942
Seacroft Road Substation,11000,National Grid Electricity Distribution,50.4058402,-4.1905588
Seaside Substation,11000,National Grid Electricity Distribution,51.2051683,-4.035557
Seaton Ave Substation,11000,National Grid Electricity Distribution,50.381264,-4.13635
Seaton Lane 1 Substation,11000,National Grid Electricity Distribution,50.3821034,-4.1345267
Seaton Lane 2 Substation,11000,National Grid Electricity Distribution,50.3821068,-4.1344772
Seaton Orchard Substation,11000,National Grid Electricity Distribution,50.4015709,-3.9985625
Seaton Sewage Treatment Works Substation,11000,National Grid Electricity Distribution,50.3768016,-4.3925924
Seaton Valley Substation,11000,National Grid Electricity Distribution,50.3660901,-4.3850674
Seaward Way Hospital Substation,11000,National Grid Electricity Distribution,51.1982247,-3.4630442
Seaward Way Industrial Units Substation,11000,National Grid Electricity Distribution,51.1989632,-3.4597592
Second Avenue Substation,11000,National Grid Electricity Distribution,50.5497746,-3.5085295
Sector Lane Substation,11000,National Grid Electricity Distribution,50.7803863,-2.9888182
Sefton Close Substation,11000,National Grid Electricity Distribution,50.379993,-4.1180561
Segrave Road Substation,11000,National Grid Electricity Distribution,50.3872904,-4.1593487
Self Storage Scarne Substation,11000,National Grid Electricity Distribution,50.6246551,-4.3598485
Selkirk Substation,11000,National Grid Electricity Distribution,51.1782176,-4.1251513
Selworthy Village Substation,11000,National Grid Electricity Distribution,51.2096156,-3.5488265
Sennen Beach,11000,,50.0773806,-5.7018036
Sennen Cove,11000,,50.076816,-5.6976558
Sennen Harbourside,11000,,50.0774386,-5.7058405
Sennen Village,11000,,50.0691743,-5.6953329
Sentinel Polyolefine Substation,11000,National Grid Electricity Distribution,50.4424384,-4.1131885
Sentry Farm Substation,11000,National Grid Electricity Distribution,50.6740858,-3.4877595
Serpel Close Substation,11000,National Grid Electricity Distribution,50.4288793,-4.1367363
Severalls Park Avenue Substation,11000,National Grid Electricity Distribution,50.8789833,-2.7970044
Severn Terrace Substation,11000,National Grid Electricity Distribution,51.179755,-3.3288147
Sewage Beds Cheddar Substation,11000,National Grid Electricity Distribution,51.2699535,-2.7904798
Sewage Disposal Wks Substation,11000,National Grid Electricity Distribution,50.5375881,-3.5779834
Seymour Avenue Substation,11000,National Grid Electricity Distribution,50.3748711,-4.1241888
Seymour Road Substation,11000,National Grid Electricity Distribution,50.3856347,-4.1264199
Seymour St Substation,11000,National Grid Electricity Distribution,50.3738187,-4.1327443
Seymour Villas Substation,11000,National Grid Electricity Distribution,51.1761574,-4.1952311
Seymour Wharf Substation,11000,National Grid Electricity Distribution,50.4264619,-3.67959
Shadeycombe Substation,11000,National Grid Electricity Distribution,50.2390826,-3.7697563
Shakespreare School Butt Park Road Substation,11000,National Grid Electricity Distribution,50.410736,-4.1552053
Shaldon Substation,11000,National Grid Electricity Distribution,50.539926,-3.5094565
Shapters Way Substation,11000,National Grid Electricity Distribution,50.363773,-4.1165121
Shapwick Substation,33000,,51.1340364,-2.8368737
Sharkam Point Substation,11000,National Grid Electricity Distribution,50.38303,-3.5089771
Sharkham Village Substation,11000,National Grid Electricity Distribution,50.3854504,-3.5091774
Sharland Farm Solar Park Substation,33000,National Grid Electricity Distribution,50.8341959,-3.7759647
Sharp Rock Substation,11000,National Grid Electricity Distribution,51.1807477,-4.2120835
Shebbear Substation,33000;11000,National Grid Electricity Distribution,50.8708918,-4.1990372
Sheer Barton WT Substation,11000,National Grid Electricity Distribution,50.6194438,-4.3358417
Shell Mex No 1 Substation,11000,National Grid Electricity Distribution,50.3657317,-4.1142697
Shell Mex No 2 Substation,11000,National Grid Electricity Distribution,50.3623097,-4.1171987
Shelley Road Substation,11000,National Grid Electricity Distribution,50.6180257,-3.4254152
Sheppards Row Substation,11000,National Grid Electricity Distribution,50.6211932,-3.4121652
Shepton Mallet Substation,33000,National Grid Electricity Distribution,51.192335,-2.5455232
Sherborne Park Substation,11000,National Grid Electricity Distribution,50.6268715,-3.4509863
Sherborne Substation,33000,,50.9616796,-2.5140474
Sherford Road Substation,11000,National Grid Electricity Distribution,50.3619863,-4.053275
Sherford Substation,33000;11000,National Grid Electricity Distribution,50.3697526,-4.0528778
Sherrell Park Substation,11000,National Grid Electricity Distribution,50.4799499,-4.1956898
Shippams Longrock,11000,,50.1294161,-5.5075145
Shipton Gorge Church Substation,11000,National Grid Electricity Distribution,50.7208488,-2.7135099
Shooters Bottom Solar Park Substation,33000,National Grid Electricity Distribution Plc,51.2479732,-2.5874892
Shooters Bottom Wind Farm,33000,National Grid Electricity Distribution Plc,51.2547217,-2.5823877
Shorta Cross View Substation,11000,National Grid Electricity Distribution,50.3946176,-4.4094235
Shortwood Crescent Substation,11000,National Grid Electricity Distribution,50.3620186,-4.0778839
Shrewsbury Road Substation,11000,National Grid Electricity Distribution,50.419078,-4.1507647
Shrubbery Close Substation,11000,National Grid Electricity Distribution,51.0697631,-4.0379341
Shurton Substation,400000,National Grid,51.2032483,-3.1381955
Shute Road Substation,11000,National Grid Electricity Distribution,50.4278664,-3.6836159
Shutgate Meadow Substation,11000,National Grid Electricity Distribution,51.1619462,-3.3227032
Shutta Lane Substation,11000,National Grid Electricity Distribution,50.361797,-4.4517211
Shutta Substation,11000,National Grid Electricity Distribution,50.3589884,-4.453907
Shutterton Industrial Estate 2 Substation,11000,National Grid Electricity Distribution,50.5966214,-3.458683
Shutterton Industrial Site Substation,11000,National Grid Electricity Distribution,50.5967857,-3.4609383
Shutterton Park Substation,11000,National Grid Electricity Distribution,50.6009506,-3.4598018
Sidmouth Town Substation,33000;11000,National Grid Electricity Distribution Plc,50.6886502,-3.238616
Siebe Automotive Substation,11000,National Grid Electricity Distribution,50.397178,-4.08825
Sifam Fibre Optics Substation,11000,National Grid Electricity Distribution,50.4184841,-4.0883534
Signal Terrace Substation,11000,National Grid Electricity Distribution,51.0749541,-4.0642068
Silstone Substation,11000,National Grid Electricity Distribution,51.0674423,-4.1589999
Silver Street Substation,11000,National Grid Electricity Distribution,50.450863,-4.1711026
Silvermead Substation,11000,National Grid Electricity Distribution,51.1972285,-3.4645077
Silverwell Park Substation,11000,National Grid Electricity Distribution,50.3521319,-3.8840663
Simmons Park Substation,11000,National Grid Electricity Distribution,50.7344747,-4.0009916
Sisna Park Estover Substation,11000,National Grid Electricity Distribution,50.4216304,-4.0923051
Site A1 Millbay Docks Substation,11000,National Grid Electricity Distribution,50.3655351,-4.1513838
Skinners Lane Substation,11000,National Grid Electricity Distribution,50.9386119,-2.7497614
Slade Cottages Cutcombe Substation,11000,National Grid Electricity Distribution,51.1410589,-3.5327255
Slade Farm 33kV Solar Park,33000,National Grid Electricity Distribution,50.296454,-3.7667079
Slade Park EstateSubstation,11000,National Grid Electricity Distribution,50.5021804,-4.4044778
Slaughtebridge Slaughterhouse Substation,11000,National Grid Electricity Distribution,50.6451465,-4.667862
Smith Hill Substation,11000,National Grid Electricity Distribution,50.5542262,-3.5435951
Smugglers Inn Substation,11000,National Grid Electricity Distribution,50.5696974,-3.4737578
Snow Hill,,SSE Power Distribution,50.7546664,-2.2167745
Somerfield St. Ives,11000,,50.1981711,-5.4729485
Somerfield Westpark S/S,,National Grid Electricity Distribution,50.9808917,-3.2089288
Somerset Place Substation,11000,National Grid Electricity Distribution,50.3815966,-4.159868
Somerset Place Substation,11000,National Grid Electricity Distribution,50.5461641,-3.497664
Somerton Door Solar Park Substation,33000,National Grid Electricity Distribution,51.0692214,-2.7557136
Soper Road Substation,11000,National Grid Electricity Distribution,50.5570277,-3.5079443
South Annings Substation,11000,National Grid Electricity Distribution,50.7046405,-2.7263762
South Bay Holiday Camp Substation,11000,National Grid Electricity Distribution,50.3830831,-3.5113988
South Brent Substation,33000;11000,National Grid Electricity Distribution Plc,50.4275957,-3.8259114
South Dean Substation,11000,National Grid Electricity Distribution,51.2156258,-3.9452415
South Down Road Substation,11000,National Grid Electricity Distribution,50.3909475,-4.1575566
South Hams Business Park Substation,11000,National Grid Electricity Distribution,50.2970373,-3.8046768
South Hams Quarry Substation,11000,National Grid Electricity Distribution,50.3191861,-3.7646399
South Hill Road Substation,11000,National Grid Electricity Distribution,50.509411,-4.3153399
South Hill Substation,11000,National Grid Electricity Distribution,50.3757799,-4.1657524
South Milton St Substation,11000,National Grid Electricity Distribution,50.3669567,-4.1184368
South Molton Substation,33000;11000,National Grid Electricity Distribution,51.0263066,-3.8281473
South Petherton Hospital Substation,11000,National Grid Electricity Distribution,50.9526459,-2.7980269
South Road Substation,11000,National Grid Electricity Distribution,51.1740323,-3.3265246
South Sands Substation,11000,National Grid Electricity Distribution,50.2246973,-3.7846867
South Somerset Homes Substation,11000,National Grid Electricity Distribution,50.9414972,-2.6728612
South St S Peth Substation,11000,National Grid Electricity Distribution,50.9460855,-2.8054528
South View Terrace Substation,11000,National Grid Electricity Distribution,50.3748175,-4.1190516
South Western Farmers Substation,11000,National Grid Electricity Distribution,50.4358985,-3.6847383
Southcombe Way Substation,11000,National Grid Electricity Distribution,50.9705054,-2.7196088
Southcombes Substation,11000,National Grid Electricity Distribution,50.9543499,-2.7534453
Southern Road Substation,11000,National Grid Electricity Distribution,50.499786,-4.3099338
Southern Way Substation,11000,National Grid Electricity Distribution,50.3628837,-4.0815561
Southfield Substation,11000,National Grid Electricity Distribution,51.0388531,-3.312141
Southgate Ave Substation,11000,National Grid Electricity Distribution,50.3489886,-4.0913321
Southmead Crescent Garages Substation,11000,National Grid Electricity Distribution,50.8794926,-2.7900209
Southmead Crescent Substation,11000,National Grid Electricity Distribution,50.878755,-2.7928366
Southmead Substation,11000,National Grid Electricity Distribution,51.1038606,-4.1565022
Southover Substation,11000,National Grid Electricity Distribution,50.701313,-2.7275241
Southport Avenue Substation,11000,National Grid Electricity Distribution,50.7190396,-3.5536423
Southville Pumping Station Substation,11000,National Grid Electricity Distribution,50.2739026,-3.7699959
Southville Substation,11000,National Grid Electricity Distribution,50.2735254,-3.7656742
Southway (Fulford Cl) Substation,11000,National Grid Electricity Distribution,50.7321484,-3.6786898
Southway By No 1 Substation,11000,National Grid Electricity Distribution,50.7335291,-3.6809112
Southway Drive Substation,11000,National Grid Electricity Distribution,50.4298629,-4.1237995
Southway Lane Substation,11000,National Grid Electricity Distribution,50.4284886,-4.114115
Southway Substation,33000;11000,National Grid Electricity Distribution,50.4324753,-4.1209003
Sowton Substation,132000;33000,National Grid Electricity Distribution,50.7264695,-3.4661992
Sparke Close 2 Substation,11000,National Grid Electricity Distribution,50.3853538,-4.0304119
Sparkhayes Substation,11000,National Grid Electricity Distribution,51.2120491,-3.5950815
Sparkwell School Substation,11000,National Grid Electricity Distribution,50.4029618,-4.0007995
Sparkwell Substation,11000,National Grid Electricity Distribution,50.4041331,-3.9983066
Spenco Ltd Substation,11000,National Grid Electricity Distribution,50.7419948,-3.4249898
Spinks Foods Substation,11000,National Grid Electricity Distribution,50.7417191,-3.9819057
Spring Gardens Substation,11000,National Grid Electricity Distribution,51.0449427,-3.312003
Spring Hill Substation,11000,National Grid Electricity Distribution,50.4000456,-4.1527505
Springfield Rise Substation,11000,National Grid Electricity Distribution,50.3584709,-4.0740817
Springfield Road Substation,11000,National Grid Electricity Distribution,51.2080883,-4.1229129
Springfield Road Toilets Substation,11000,National Grid Electricity Distribution,50.3582448,-4.0675844
Springfield Substation,11000,National Grid Electricity Distribution,50.9177818,-2.7209948
Spruce Close Substation,11000,National Grid Electricity Distribution,50.6419778,-3.3932809
Squirrels Close Substation,11000,National Grid Electricity Distribution,50.9460904,-2.6750339
St Agathas St Cleer Substation,11000,National Grid Electricity Distribution,50.4867349,-4.4735834
St Agnes Substation,33000;11000,National Grid Electricity Distribution,50.2967333,-5.1999711
St Andrews Estate Substation,11000,National Grid Electricity Distribution,50.3464099,-4.2241914
St Andrews Street,11000,National Grid Electricity Distribution (South West) plc,50.2121398,-5.4797852
St Andrews Terrace Substation,11000,National Grid Electricity Distribution,50.7421129,-2.7425738
St Annes Close Substation,11000,National Grid Electricity Distribution,50.7560929,-4.4587338
St Annes No. 11 Substation,11000,National Grid Electricity Distribution,50.6389586,-3.4739721
St Austell BSP Substation,132000;33000,National Grid Electricity Distribution,50.3550688,-4.7912013
St Austell Breweries Substation,11000,National Grid Electricity Distribution,51.1771868,-4.1231128
St Austell Substation,33000;11000,National Grid Electricity Distribution,50.3497809,-4.7893576
St Barnabas Substation,11000,National Grid Electricity Distribution,50.3767663,-4.1547748
St Blazey Switching Station,33000;11000,National Grid Electricity Distribution,50.3540488,-4.722434
St Brannocks Park Substation,11000,National Grid Electricity Distribution,51.2026566,-4.1246579
St Breock Windfarm,33000,National Grid Electricity Distribution,50.4852532,-4.8569969
St Buryan,11000,,50.0749541,-5.6212785
St Buryan Substation,33000;11000,National Grid Electricity Distribution,50.0827698,-5.6298951
St Christopher Substation,11000,National Grid Electricity Distribution,50.69307,-2.6919329
St Clare Flats,11000,,50.1214813,-5.540036
St Clare Street,11000,,50.1220474,-5.5414647
St Cleer Well Estate Substation,11000,National Grid Electricity Distribution,50.4883624,-4.4705844
St Cuthberts Paper Mill Substation,11000,National Grid Electricity Distribution,51.2168849,-2.6734618
St Day Landfill,33000,National Grid Electricity Distribution,50.2293735,-5.1613758
St Day S/S No 2804,,South Western Electricity PLC,50.2384089,-5.1837094
St Dominick Holiday Camp Substation,11000,National Grid Electricity Distribution,50.5006231,-4.2603439
St Erth Church,,,50.1649102,-5.4307145
St Gabriel Farm Substation,11000,National Grid Electricity Distribution,50.7284087,-2.8504378
St Georges Court Substation,11000,National Grid Electricity Distribution,50.3486376,-4.4521484
St Georges Road Substation,11000,National Grid Electricity Distribution,51.0866067,-4.053247
St Georges Terrace Substation,11000,National Grid Electricity Distribution,50.3830644,-4.1688788
St Georges Terrace Substation,11000,National Grid Electricity Distribution,50.6804703,-3.5532459
St Germans Substation,132000;33000,National Grid Electricity Distribution,50.4179384,-4.3732261
St Ives Gs School,11000,,50.2015237,-5.4794144
St Ives Leisure Pool,11000,,50.2087007,-5.4858297
St Ives Substation,33000;11000,,50.1918637,-5.4912843
St James Park Substation,11000,National Grid Electricity Distribution,51.2084989,-4.1133448
St James Precinct Substation,11000,National Grid Electricity Distribution,50.547721,-3.4988469
St James Street Substation,11000,National Grid Electricity Distribution,50.7388479,-4.0021142
St John's Hall,11000,,50.1188556,-5.5406024
St Johns Drive Substation,11000,National Grid Electricity Distribution,50.354683,-4.1150111
St Josephs Devonport Substation,11000,National Grid Electricity Distribution,50.3730836,-4.174239
St Josephs Road Substation,11000,National Grid Electricity Distribution,50.6465798,-4.3645109
St Just Bakery,11000,,50.1257664,-5.6840727
St Just Bank Square,11000,,50.1246953,-5.6798123
St Just School Canteen,11000,,50.1248925,-5.6847392
St Keverne Substation,33000;11000,National Grid Electricity Distribution,50.0530648,-5.1278207
St Kilda Substation,11000,National Grid Electricity Distribution,50.3883166,-3.5161067
St Levan Cable & Wireless,11000,,50.0561262,-5.662958
St Levan Gas Works Substation,11000,National Grid Electricity Distribution,50.386082,-4.1633123
St Levan Road Substation,33000;11000,National Grid Electricity Distribution,50.3845982,-4.1719477
St Margarets Substation,11000,National Grid Electricity Distribution,50.9724427,-2.7153718
St Marychurch Substation,11000,National Grid Electricity Distribution,50.4827633,-3.5221549
St Marys Abbey Substation,11000,National Grid Electricity Distribution,50.4918096,-3.7749633
St Marys Bay Substation,11000,National Grid Electricity Distribution,50.3891581,-3.5057268
St Marys Close Substation,11000,National Grid Electricity Distribution,50.9473167,-4.1520764
St Marys Court Substation,11000,National Grid Electricity Distribution,50.3898542,-4.0604076
St Marys Park Substation,11000,National Grid Electricity Distribution,50.5910032,-3.6626885
St Marys Park Substation,11000,National Grid Electricity Distribution,50.4271641,-3.603957
St Marys Road Substation,11000,National Grid Electricity Distribution,50.5592814,-3.5057399
St Marys Road Substation,11000,National Grid Electricity Distribution,50.6463341,-4.3626617
St Marys Substation,11000,National Grid Electricity Distribution,50.5036152,-4.317018
St Marys Terrace,11000,,50.1174368,-5.5374849
St Maurice Road Substation,11000,National Grid Electricity Distribution,50.3806976,-4.0432291
St Mawgan Substation,33000;11000,National Grid Electricity Distribution,50.4269715,-5.0050453
St Mellion Golf Club Substation,11000,National Grid Electricity Distribution,50.4706782,-4.2775729
St Mellion Timeshare Substation,11000,National Grid Electricity Distribution,50.4672651,-4.2833492
St Michaels Garage,11000,,50.1225624,-5.5333819
St Michaels Gardens Substation,11000,National Grid Electricity Distribution,50.9499473,-2.8044204
St Michaels Mount,11000,,50.1184056,-5.4780693
St Michaels Reach,11000,,50.1237345,-5.4698551
St Neot Substation,33000;11000,National Grid Electricity Distribution,50.4781121,-4.5509145
St Olafs Road Substation,11000,National Grid Electricity Distribution,50.8264178,-4.5188413
St Peters Street,11000,National Grid Electricity Distribution (South West) plc,50.2155016,-5.4793406
St Saviours Substation,11000,National Grid Electricity Distribution,50.35053,-3.5790885
St Stephen 33kV Solar Park,33000,National Grid Electricity Distribution,50.3580951,-4.9044192
St Thomas Substation,33000;11000,National Grid Electricity Distribution,50.7194989,-3.5462
St Tudy Substation,132000;33000;11000,National Grid Electricity Distribution,50.5353369,-4.7224151
St. Cuthberts Close Substation,11000,National Grid Electricity Distribution,50.6427163,-4.36971
St. Leonards Road Substation,11000,National Grid Electricity Distribution,50.6454835,-4.3642808
St. Mary in the Willow Substation,11000,National Grid Electricity Distribution,50.711607,-3.3486462
St. Michaels Mount Substation,11000,National Grid Electricity Distribution,51.025446,-3.2552949
St. Paul Street Flats Substation,11000,National Grid Electricity Distribution,50.363602,-4.1598788
St.Margarets Road 107 Substation,11000,National Grid Electricity Distribution,50.3957663,-4.0761688
St.Margarets Road 155 Substation,11000,National Grid Electricity Distribution,50.39555,-4.073762
Staddiscombe Road No 2 Substation,11000,National Grid Electricity Distribution,50.3493072,-4.0819499
Staddiscombe Road Substation,11000,National Grid Electricity Distribution,50.3518718,-4.0770813
Staddiscombe Substation,11000,National Grid Electricity Distribution,50.3450803,-4.0853789
Staddon Park Substation,11000,National Grid Electricity Distribution,50.3537119,-4.0908897
Stafford Miller Substation,11000,National Grid Electricity Distribution,50.4174959,-4.0952099
Stag Lane Substation,11000,National Grid Electricity Distribution,50.3628318,-4.0704028
Staging Post Kenn Substation,11000,National Grid Electricity Distribution,50.6600799,-3.5375369
Stamford Close 43 Substation,11000,National Grid Electricity Distribution,50.3536582,-4.1184824
Stamford Close 81 Substation,11000,National Grid Electricity Distribution,50.3541917,-4.117363
Stanborough Road 150 Substation,11000,National Grid Electricity Distribution,50.3613172,-4.0726929
Stanborough Road 88 Substation,11000,National Grid Electricity Distribution,50.3613913,-4.075995
Stanborough Road West Substation,11000,National Grid Electricity Distribution,50.3604514,-4.0849366
Stanbury Cross Substation,11000,National Grid Electricity Distribution,50.3612128,-4.0666795
Stanhope Road Substation,11000,National Grid Electricity Distribution,50.4056323,-4.1937097
Staplake Estate Substation,11000,National Grid Electricity Distribution,50.6297317,-3.4513898
Staplake Mount Substation,11000,National Grid Electricity Distribution,50.630028,-3.4533222
Staple Close Substation,11000,National Grid Electricity Distribution,50.4388196,-4.1115692
Staplegrove Substation,33000;11000,National Grid Electricity Distribution Plc,51.0251853,-3.1206159
Stapleton Road Substation,11000,National Grid Electricity Distribution,50.9790283,-2.7661878
Starcross Substation,11000,National Grid Electricity Distribution,50.625183,-3.4498329
Start Avenue Substation,11000,National Grid Electricity Distribution,50.5592939,-3.4979258
Start Point Lighthouse Substation,11000,National Grid Electricity Distribution,50.2225571,-3.6429201
Station Rd Substation,11000,National Grid Electricity Distribution,51.0413029,-3.3077454
Station Road Substation,11000,National Grid Electricity Distribution,50.7373558,-4.0024736
Station Road Substation,11000,National Grid Electricity Distribution,50.6600956,-3.7646663
Station Road Substation,11000,National Grid Electricity Distribution,50.4512351,-4.4655058
Station Road Substation,11000,National Grid Electricity Distribution,51.203093,-4.1271455
Station Yard Substation,11000,National Grid Electricity Distribution,50.8078782,-4.3547149
Staunton Road Substation,11000,National Grid Electricity Distribution,51.1957668,-3.4712111
Staverton Bridge Mill Substation,11000,National Grid Electricity Distribution,50.4620423,-3.7119403
Staverton Jnry Works Substation,11000,National Grid Electricity Distribution,50.4629429,-3.7107117
Steam Mills Substation,11000,National Grid Electricity Distribution,51.2824936,-2.4884647
Steart Farm Substation,11000,National Grid Electricity Distribution,51.2742629,-2.7867764
Steart School Substation,11000,National Grid Electricity Distribution,50.9805921,-4.341415
Steer Park Road Substation,11000,National Grid Electricity Distribution,50.3896848,-4.0240853
Steer Point Rd Brixton Substation,11000,National Grid Electricity Distribution,50.3490528,-4.0376011
Stennack,11000,National Grid Electricity Distribution (South West) plc,50.2101424,-5.4847875
Stentaway Substation,33000;11000,National Grid Electricity Distribution,50.3641018,-4.0853154
Stentiford Substation,11000,National Grid Electricity Distribution,50.2911085,-3.776831
Steppes Meadow Substation,11000,National Grid Electricity Distribution,50.9751469,-2.7656653
Steps Orchard Substation,11000,National Grid Electricity Distribution,50.6371615,-3.3865908
Sterlings Substation,11000,National Grid Electricity Distribution,50.7425661,-3.9885026
Sticklepath Terrace Substation,11000,National Grid Electricity Distribution,51.0769204,-4.0611297
Stockham Wood Substation,11000,National Grid Electricity Distribution,51.0546018,-3.5334566
Stockingway Close Substation,11000,National Grid Electricity Distribution,50.3522461,-4.0895669
Stockmeadow Gardens Substation,11000,National Grid Electricity Distribution,50.5501189,-3.5383538
Stoke Beach Caravan Park Substation,11000,National Grid Electricity Distribution,50.3004849,-4.018127
Stoke Canon Paper Mills Substation,11000,National Grid Electricity Distribution,50.7632448,-3.5113946
Stoke Fleming Substation,11000,National Grid Electricity Distribution,50.3233461,-3.5987688
Stoke Rd South Substation,11000,National Grid Electricity Distribution,50.3103328,-4.0379236
Stoke Road Substation,11000,National Grid Electricity Distribution,50.3957526,-3.5712779
Stokenham Substation,33000;11000,National Grid Electricity Distribution Plc,50.2747557,-3.6823387
Stone Barton Substation,11000,National Grid Electricity Distribution,50.392079,-4.0647184
Stonebarrow Fm 33kV Solar,33000,National Grid Electricity Distribution Plc,50.7854875,-2.9202651
Stonecrete Substation,11000,National Grid Electricity Distribution,50.3657881,-4.1012859
Stonehill Substation,11000,National Grid Electricity Distribution,50.9547584,-2.7373928
Stonehouse Street Substation,11000,National Grid Electricity Distribution,50.3689337,-4.1581384
Stonelands Farm Substation,11000,National Grid Electricity Distribution,50.5810764,-3.4832644
Stonelands Leisure Centre Substation,11000,National Grid Electricity Distribution,50.5831995,-3.4853962
Stoneleigh Substation,11000,National Grid Electricity Distribution,51.2372244,-2.7222004
Stoneshill Solar Park Substation,33000,National Grid Electricity Distribution,50.8789246,-3.3846304
Stoney Cross Yealmptn Substation,11000,National Grid Electricity Distribution,50.356421,-3.9971908
Stoney Hill Substation,11000,National Grid Electricity Distribution,50.4948828,-3.615678
Stopford Place Substation,11000,National Grid Electricity Distribution,50.3763215,-4.1698375
Stove Road Substation,11000,National Grid Electricity Distribution,51.0920533,-4.0606171
Stowford Close Substation,11000,National Grid Electricity Distribution,50.5003764,-4.0643083
Strand Substation,11000,National Grid Electricity Distribution,50.6193445,-3.4137373
Stratton School Substation,11000,National Grid Electricity Distribution,50.8312341,-4.5200206
Stratton Substation,33000;11000,National Grid Electricity Distribution,50.8267042,-4.5066865
Stratton on the Foss Substation,11000,National Grid Electricity Distribution,51.2528108,-2.49333
Strawberry Fields Wind Turbine Substation,11000,National Grid Electricity Distribution,50.6472983,-4.2956739
Strawberry Hill Substation,11000,National Grid Electricity Distribution,50.6509153,-3.4220195
Stray Park Substation,11000,National Grid Electricity Distribution,50.3478571,-4.0026586
Street Substation,132000;33000,,51.1311715,-2.7529188
Strete Barton Substation,11000,National Grid Electricity Distribution,50.3124296,-3.630313
Strete Substation,11000,National Grid Electricity Distribution,50.3094182,-3.6297711
Strode Road Substation,11000,National Grid Electricity Distribution,50.4812097,-3.7744522
Strode Road Substation,11000,National Grid Electricity Distribution,50.3937531,-4.0479763
Stroma Close Substation,11000,National Grid Electricity Distribution,50.4308283,-4.1295485
Strubberies Estate,,,50.0829313,-5.3096453
Stuart's Substation,11000,National Grid Electricity Distribution,50.7105724,-3.4149015
Stuarts Hill Barton Substation,11000,National Grid Electricity Distribution,50.7094077,-3.4138724
Style Close Substation,11000,National Grid Electricity Distribution,51.0655121,-4.0457692
Substation,11000,National Grid Electricity Distribution,50.3847009,-4.0206141
Substation,11000,National Grid Electricity Distribution,50.4194088,-4.0927585
Substation,11000,National Grid Electricity Distribution,50.4214553,-4.0945803
Substation,11000,National Grid Electricity Distribution,50.7163956,-4.0290993
Substation,11000,National Grid Electricity Distribution,51.0652876,-4.08765
Substation,11000,National Grid Electricity Distribution,50.2366552,-3.7742669
Substation,11000,National Grid Electricity Distribution,50.5983512,-4.4386545
Substation,11000,National Grid Electricity Distribution,50.6221352,-4.3483832
Substation,11000,National Grid Electricity Distribution,50.7409113,-4.3833861
Substation,11000,National Grid Electricity Distribution,50.796045,-3.9140895
Substation,11000,National Grid Electricity Distribution,50.4379214,-4.4322244
Substation,11000,National Grid Electricity Distribution,50.885701,-2.7993031
Substation,11000,National Grid Electricity Distribution,50.727867,-2.950021
Substation,11000,National Grid Electricity Distribution,50.8367012,-2.9002253
Suffolk Road S/S,,,51.2485891,-2.2015421
Summerleaze Substation,11000,National Grid Electricity Distribution,50.8315975,-4.5480327
Summershard Substation,11000,National Grid Electricity Distribution,50.9474318,-2.8116814
Sungirt SWW Substation,11000,National Grid Electricity Distribution,50.4511411,-4.4631937
Sunrising Estate Substation,11000,National Grid Electricity Distribution,50.3629964,-4.4512873
Sunster Steep Substation,11000,National Grid Electricity Distribution,51.209909,-3.5923771
Surfshack Substation,11000,National Grid Electricity Distribution,51.1760148,-4.1243252
Sutcombe North Substation,11000,National Grid Electricity Distribution,50.8803549,-4.3507004
Sutcombe South Substation,11000,National Grid Electricity Distribution,50.8789402,-4.3510105
Sutherland Road Substation,11000,National Grid Electricity Distribution,50.3786664,-4.1392366
Sutton Bingham Pump No 2 Substation,11000,National Grid Electricity Distribution,50.9032729,-2.6310992
Sutton Court Substation,11000,National Grid Electricity Distribution,50.3691459,-4.172533
Sutton Harbour Fish Market Substation,11000,National Grid Electricity Distribution,50.3668862,-4.1317556
Sutton Road Substation,11000,National Grid Electricity Distribution,50.3692812,-4.129918
Swallowfields Substation,11000,National Grid Electricity Distribution,50.4385491,-3.6947032
Swifts Substation,11000,National Grid Electricity Distribution,50.630593,-3.396019
Swilly Hospital Substation,11000,National Grid Electricity Distribution,50.3895779,-4.1628416
Swimming Pool Substation,11000,National Grid Electricity Distribution,50.3855286,-4.1540515
Symonds Farm Substation,11000,National Grid Electricity Distribution,50.6398282,-3.4006925
Symons Way Substation,11000,National Grid Electricity Distribution,51.2741638,-2.7737747
TJ Brent Substation,11000,National Grid Electricity Distribution,50.6991481,-3.3889006
TYNING HILL,11000,National Grid Electricity Distribution,51.2953774,-2.4376961
Talbot Gardens No 1 Substation,11000,National Grid Electricity Distribution,50.3959176,-4.1887413
Talbot Gardens No 2 Substation,11000,National Grid Electricity Distribution,50.3962486,-4.1880635
Tamar Community College Substation,11000,National Grid Electricity Distribution,50.4065246,-4.176631
Tamar House Substation,11000,National Grid Electricity Distribution,50.4203495,-4.0965489
Tamar Pumping Station Substation,33000,National Grid Electricity Distribution,50.5296151,-4.2081942
Tamar Science Park Substation,11000,National Grid Electricity Distribution,50.4180212,-4.1066105
Tamar View Business Park Substation,11000,National Grid Electricity Distribution,50.4170978,-4.1865361
Tamar View Industrial Estate Substation,11000,National Grid Electricity Distribution,50.4206551,-4.234434
Tamerton Bridge STOR Substation,33000,,50.4216584,-4.1871469
Tanpits Cross Substation,11000,National Grid Electricity Distribution,50.2720941,-3.6961387
Tanyard Greenhouses Substation,11000,National Grid Electricity Distribution,51.2764193,-2.8561259
Tappers Knapp Substation,11000,National Grid Electricity Distribution,50.7336393,-2.9509083
Tarka Tennis Centre Substation,11000,National Grid Electricity Distribution,51.0721511,-4.0583611
Tarnock Substation,11000,National Grid Electricity Distribution,51.2693577,-2.8934069
Taroveor,11000,,50.1215483,-5.5361947
Tarratt Road Substation,11000,National Grid Electricity Distribution,50.9269587,-2.6456431
Taunton Local Substation,33000;11000,National Grid Electricity Distribution,51.0171421,-3.1010216
Taunton Substation,400000;132000,National Grid,51.0170656,-3.154274
Tavistock Council OfficesSubstation,11000,National Grid Electricity Distribution,50.5529463,-4.143528
Tavistock Place Substation,11000,National Grid Electricity Distribution,50.3746231,-4.1372164
Taw Heights Substation,11000,National Grid Electricity Distribution,51.0562695,-4.0493059
Taw Park Substation,11000,National Grid Electricity Distribution,51.0780753,-4.0669672
Taw View Substation,11000,National Grid Electricity Distribution,51.0729997,-4.1174741
Taylors Cross Turbine Substation,11000,National Grid Electricity Distribution,50.8873676,-4.4676567
Taylors Road Substation,11000,National Grid Electricity Distribution,50.4140224,-4.2344432
Teal Road Substation,11000,National Grid Electricity Distribution,51.1963413,-3.4579413
Teats Hill Flats Substation,11000,National Grid Electricity Distribution,50.36627,-4.1280235
Tecalemit Substation,11000,National Grid Electricity Distribution,50.4175659,-4.0890682
Tecamec Substation,11000,National Grid Electricity Distribution,50.3972071,-4.0876894
Tedburn St Mary Substation,11000,National Grid Electricity Distribution,50.7350735,-3.6813425
Teign Lawn Substation,11000,National Grid Electricity Distribution,50.5842441,-3.6305479
Teign Road Substation,11000,National Grid Electricity Distribution,50.3906405,-4.1141196
Teign Street Substation,11000,National Grid Electricity Distribution,50.5466268,-3.4987038
Teign Village Substation,11000,National Grid Electricity Distribution,50.6169336,-3.6436592
Teignhaven Park Substation,11000,National Grid Electricity Distribution,50.540897,-3.510172
Teignmouth Gasworks Substation,33000;11000,National Grid Electricity Distribution,50.5469232,-3.5160145
Teignmouth Grammer School Substation,11000,National Grid Electricity Distribution,50.549845,-3.4994924
Teignmouth Road Substation,11000,National Grid Electricity Distribution,50.5600926,-3.4806657
Telephone Exchange,11000,,50.1181002,-5.5363788
Telephone Exchange Ilf Substation,11000,National Grid Electricity Distribution,51.2070481,-4.1229155
Telephone Exchange Substation,11000,National Grid Electricity Distribution,51.1073666,-4.1595487
Television South West Substation,11000,National Grid Electricity Distribution,50.3685987,-4.146338
Television Transmitter RMU2 Substation,11000,National Grid Electricity Distribution,50.4464069,-3.6108469
Ten Acre Field Substation,11000,National Grid Electricity Distribution,50.6103817,-3.4586475
Tencreek Substation,11000,National Grid Electricity Distribution,50.3466,-4.4828262
Tengore Lane Solar Park Substation,33000,National Grid Electricity Distribution Plc,51.0433658,-2.7902442
Tern Gardens Substation,11000,National Grid Electricity Distribution,50.3891234,-4.0463698
Tesco Branwell Lane,11000,,50.1283899,-5.5258155
Tesco Seven Brethren Substation,11000,National Grid Electricity Distribution,51.0727634,-4.0597653
Tesco Store Lee Mill Substation,11000,National Grid Electricity Distribution,50.3861038,-3.9660435
Tesco Substation,11000,National Grid Electricity Distribution,51.0728898,-4.035266
Tesco Substation,11000,National Grid Electricity Distribution,50.6278923,-3.3852381
Tesco Tavistock Rd Callington Substation,11000,National Grid Electricity Distribution,50.5059652,-4.3068671
Tesco Thicket Mead Substation,11000,National Grid Electricity Distribution,51.2927149,-2.4997145
Tesco Warehouse (W Wilts Industrial Estate) S/S,,,51.2739935,-2.2051074
Tesco Woolwell,,,50.4360316,-4.1092654
Tesco's Ilfracombe Substation,11000,National Grid Electricity Distribution,51.1979137,-4.1080662
Tetcott Turbine East Curry Substation,11000,National Grid Electricity Distribution,50.7447741,-4.3253139
Tewkesbury Close Substation,11000,National Grid Electricity Distribution,50.397979,-4.166816
Tews Lane Bickington Substation,11000,National Grid Electricity Distribution,51.0709582,-4.0979581
Texas DIY Substation,11000,National Grid Electricity Distribution,51.0721296,-4.0345811
Texas Homecare Substation,11000,National Grid Electricity Distribution,50.3819389,-4.1279811
Thanckes Park Substation,11000,National Grid Electricity Distribution,50.3783675,-4.2046775
Thanckes Substation,11000,National Grid Electricity Distribution,50.3851479,-4.2069777
The Arcade Substation,11000,National Grid Electricity Distribution,51.2094074,-4.1210165
The Ball Substation,11000,National Grid Electricity Distribution,51.1856132,-3.4432995
The Beach Substation,11000,National Grid Electricity Distribution,51.1819984,-3.4026806
The Boatyard Temp Substation,11000,National Grid Electricity Distribution,50.3695883,-4.1304547
The Brittons Substation,11000,National Grid Electricity Distribution,51.1062646,-4.1570791
The Burrells Substation,11000,National Grid Electricity Distribution,50.9162565,-2.6815345
The Chase SW STN S/S,,SSE Power Distribution,50.6870803,-2.2968296
The Clease Substation,11000,National Grid Electricity Distribution,50.6203377,-4.6817773
The Close Substation,11000,National Grid Electricity Distribution,50.3978904,-3.5222346
The Conifers No 2 Substation,11000,National Grid Electricity Distribution,50.5682339,-3.6521598
The Conifers Substation,11000,National Grid Electricity Distribution,50.568285,-3.6551211
The Cottage Substation,11000,National Grid Electricity Distribution,50.7459407,-2.8921615
The Crescent Gooseberry Lane Substation,11000,National Grid Electricity Distribution,50.3680265,-4.1475092
The Dene Substation,11000,National Grid Electricity Distribution,51.1944009,-3.4629049
The Dockey Flats Substation,11000,National Grid Electricity Distribution,50.6361086,-4.3616656
The Docks Substation,11000,National Grid Electricity Distribution,50.6184112,-3.4221522
The Elms Substation,11000,National Grid Electricity Distribution,50.7384096,-2.9030015
The Esplanade Substation,11000,National Grid Electricity Distribution,51.2066224,-3.4677027
The Gaia Centre Substation,11000,National Grid Electricity Distribution,50.6371917,-4.7046017
The George Junction Substation,11000,National Grid Electricity Distribution,50.4270837,-4.1116621
The Gew,11000,,50.1266079,-5.4762318
The Glovers Substation,11000,National Grid Electricity Distribution,50.9504675,-2.6824877
The Grange Solar Farm Substation,11000,National Grid Electricity Distribution,50.7114804,-4.4227697
The Grange TurbineSubstation,11000,National Grid Electricity Distribution,50.7115345,-4.4297173
The Green Fairmead Substation,11000,National Grid Electricity Distribution,50.4092323,-4.2367982
The Green Substation,11000,National Grid Electricity Distribution,50.6253347,-3.3794783
The Hall Substation,11000,National Grid Electricity Distribution,51.2774888,-2.7721186
The Hoe Substation,11000,National Grid Electricity Distribution,51.2325064,-3.83776
The Island,11000,,50.2166998,-5.4783655
The Link Substation,11000,National Grid Electricity Distribution,51.2816602,-2.7828122
The Market Substation,11000,National Grid Electricity Distribution,50.3516869,-3.5802715
The Marles Rear of No 130 Substation,11000,National Grid Electricity Distribution,50.6355606,-3.3951629
The Marles Substation,11000,National Grid Electricity Distribution,50.6350483,-3.4003041
The Mead Substation,11000,National Grid Electricity Distribution,50.3961713,-4.0635892
The Meadows Substation,11000,National Grid Electricity Distribution,51.2108377,-3.5933476
The Mount Substation,11000,National Grid Electricity Distribution,51.0396651,-3.5520201
The Mount Substation,11000,National Grid Electricity Distribution,51.0271054,-3.2583594
The Old Mill Substation,11000,National Grid Electricity Distribution,50.8747967,-2.7766897
The Onion Collective Substation,11000,National Grid Electricity Distribution,51.1792478,-3.3384139
The Parks Substation,11000,National Grid Electricity Distribution,51.2053624,-3.4825452
The Quay Substation,11000,National Grid Electricity Distribution,51.2108169,-4.1162661
The Ravine Substation,11000,National Grid Electricity Distribution,50.3204067,-4.1116285
The Ride Substation,11000,National Grid Electricity Distribution,50.3774105,-4.0997055
The Ridge Substation,11000,National Grid Electricity Distribution,51.2107368,-3.5870563
The Ropewalk,11000,,50.1115931,-5.5515996
The Sand Pit Lee Moor Substation,11000,National Grid Electricity Distribution,50.4408696,-4.0165154
The Shields Substation,11000,National Grid Electricity Distribution,51.2019779,-4.118241
The Square Substation,11000,National Grid Electricity Distribution,51.2868075,-2.8171538
The Strand,11000,,50.1045683,-5.5495726
The Strand Substation,11000,National Grid Electricity Distribution,50.6274052,-3.4479947
The Strand Substation,11000,National Grid Electricity Distribution,50.6784493,-3.4625313
The Street Substation,11000,National Grid Electricity Distribution,50.7388808,-2.9070864
The Vicarage Substation,11000,National Grid Electricity Distribution,50.9684187,-2.7688008
The Warren Polperro Substation,11000,National Grid Electricity Distribution,50.3311017,-4.5147354
The Warren Substation,11000,National Grid Electricity Distribution,50.282959,-3.8951268
Theatre Royal Substation,11000,National Grid Electricity Distribution,50.3696608,-4.1451269
Therlow Road Substation,11000,National Grid Electricity Distribution,50.3901612,-4.1174637
Thorn Cross Substation,11000,National Grid Electricity Distribution,50.5825733,-3.6823171
Thorn Park Substation,11000,National Grid Electricity Distribution,50.3890137,-4.1315463
Thornberry Terrace,11000,,50.1243949,-5.5334569
Thornhill Drove Substation,11000,National Grid Electricity Distribution,50.994392,-2.7359599
Thorpe Avenue Substation,11000,National Grid Electricity Distribution,50.6403265,-3.4049617
Three Acres Substation,11000,National Grid Electricity Distribution,51.0212177,-3.5391421
Thurlestone Walk Substation,11000,National Grid Electricity Distribution,50.4027046,-4.0975121
Thurlocks Substation,11000,National Grid Electricity Distribution,50.9701273,-2.7174812
Ticketwood Substation,11000,National Grid Electricity Distribution,50.279154,-3.7789001
Till House Solar Park Substation,33000,National Grid Electricity Distribution Plc,50.762885,-3.4006997
Timaru Gardens Substation,11000,National Grid Electricity Distribution,50.5931736,-3.4522281
Timber Close,,National Grid,50.3397445,-4.8005771
Timberscombe Substation,11000,National Grid Electricity Distribution,51.1698713,-3.4954749
Tinkers Cross Substation,33000;11000,National Grid Electricity Distribution Plc,50.8809646,-3.9265864
Tinners Way 452857Substation,11000,National Grid Electricity Distribution,50.5073537,-4.3022041
Tinside Pool Substation,11000,National Grid Electricity Distribution,50.3636595,-4.1417834
Tintern Avenue Substation,11000,National Grid Electricity Distribution,50.3690344,-4.1219087
Tir Gwel Carbis Bay,11000,,50.1963488,-5.4660255
Tiverton Junction Substation,132000;33000;11000,National Grid Electricity Distribution,50.8958858,-3.3811826
Tiverton Moorhayes Substation,33000;11000,National Grid Electricity Distribution,50.9169108,-3.4800259
Tiverton South Substation,33000;11000,National Grid Electricity Distribution,50.8987525,-3.4864174
Tolcarne,11000,,50.107468,-5.5508081
Toltuff Road,11000,,50.1145913,-5.5504111
Tonedale Farm Solar Park Substation,33000,National Grid Electricity Distribution Plc,50.9807856,-3.2522353
Topsham Rd (Naval Camp) Substation,11000,National Grid Electricity Distribution,50.6963948,-3.4847454
Topsham Substation,33000;11000,National Grid Electricity Distribution,50.6844498,-3.4644201
Tor Quarry Indust Substation,11000,National Grid Electricity Distribution,50.3181528,-3.7663748
Tor View Tregadillet Substation,11000,National Grid Electricity Distribution,50.6301042,-4.4074594
Torbay Sewage Treatment Works Substation,11000,National Grid Electricity Distribution,50.3964878,-3.5527747
Torbridge Park Substation,11000,National Grid Electricity Distribution,50.3478389,-3.9959763
Torbridge Substation,11000,National Grid Electricity Distribution,50.3951889,-4.0502144
Torcross Hotel Substation,11000,National Grid Electricity Distribution,50.2660231,-3.6530125
Tornado House Substation,11000,National Grid Electricity Distribution,50.6286756,-4.3768565
Torpoint Antony Substation,33000;11000,National Grid Electricity Distribution Plc,50.3656804,-4.258558
Torpoint No 2 Substation,11000,National Grid Electricity Distribution,50.3767683,-4.205776
Torpoint Town Substation,33000;11000,National Grid Electricity Distribution Plc,50.3769609,-4.2142482
Torquay Road Substation,11000,National Grid Electricity Distribution,50.5154985,-3.5881586
Torquay Substation,132000;33000,National Grid Electricity Distribution,50.4876059,-3.5450114
Torre Close Substation,11000,National Grid Electricity Distribution,50.3887864,-3.9051489
Torridge Way Substation,11000,National Grid Electricity Distribution,50.3887245,-4.1087456
Torrs Park Substation,11000,National Grid Electricity Distribution,51.2045336,-4.133254
Torrs Walk Avenue Substation,11000,National Grid Electricity Distribution,51.2081101,-4.1298491
Tors Bridge Substation,11000,National Grid Electricity Distribution,51.2290558,-3.8271416
Tors Park Apartments Substation,11000,National Grid Electricity Distribution,51.2307806,-3.8267495
Tortube Substation,11000,National Grid Electricity Distribution,50.417406,-4.2388722
Torwood Substation,33000;11000,National Grid Electricity Distribution,50.4611951,-3.5206513
Torybrook Substation,11000,National Grid Electricity Distribution,50.3903025,-4.0543321
Torycombe Substation,33000;11000,National Grid Electricity Distribution Plc,50.4329032,-4.0251116
Toshiba 1 Substation,11000,National Grid Electricity Distribution,50.4399633,-4.1176078
Toshiba 2 Substation,11000,National Grid Electricity Distribution,50.4388703,-4.1200852
Totnes BSP Substation,132000;33000,National Grid Electricity Distribution Plc,50.4439304,-3.727532
Totnes Cross Transmitting Site Substation,11000,National Grid Electricity Distribution,50.3629905,-3.7142711
Totnes Down Hill Substation,11000,National Grid Electricity Distribution,50.4257175,-3.6843658
Totnes Pumping Station Substation,11000,National Grid Electricity Distribution,50.4261244,-3.6813712
Totnes Sewage Works Substation,11000,National Grid Electricity Distribution,50.4373821,-3.6804867
Totnes Substation,33000;11000,National Grid Electricity Distribution,50.4334314,-3.6884542
Tower View East Substation,11000,National Grid Electricity Distribution,51.0690105,-4.0690607
Tower View North Substation,11000,National Grid Electricity Distribution,51.0702226,-4.0719838
Tower View South Substation,11000,National Grid Electricity Distribution,51.0681101,-4.0730302
Tower View West Substation,11000,National Grid Electricity Distribution,51.069198,-4.0744382
Town Farm Bridestowe Substation,11000,National Grid Electricity Distribution,50.6837094,-4.1068889
Town Hall Substation,11000,National Grid Electricity Distribution,51.2308653,-3.8361072
Town Hall Substation,11000,National Grid Electricity Distribution,50.6056001,-3.6007368
Towns Lane Substation,11000,National Grid Electricity Distribution,50.3195606,-3.8010047
Townsend Road Substation,11000,National Grid Electricity Distribution,50.2800323,-3.792305
Townstal Industrial SiteSubstation,11000,National Grid Electricity Distribution,50.3512676,-3.5973559
Toys R Us Substation,11000,National Grid Electricity Distribution,50.3710124,-4.1495999
Tradesmans Arms Substation,11000,National Grid Electricity Distribution,50.274077,-3.6744232
Trafalgar Road Substation,11000,National Grid Electricity Distribution,50.6513605,-3.4262328
Transit Way Substation,11000,National Grid Electricity Distribution,50.4111226,-4.1504719
Treatment Works Looe Substation,11000,National Grid Electricity Distribution,50.3551312,-4.4717218
Trebah Gardens,,,50.1059208,-5.1218302
Trebartha Hydro Substation,11000,National Grid Electricity Distribution,50.569271,-4.4582864
Treborough Generator Substation,11000,National Grid Electricity Distribution,51.1100623,-3.4123985
Trebursye House Substation,11000,National Grid Electricity Distribution,50.6259514,-4.3919857
Tredarvah Estate,11000,,50.1187134,-5.549988
Treen Zennor,11000,,50.1830696,-5.5941439
Trefinnick Farm Solar Farm,33000,National Grid Electricity Distribution,50.5425298,-4.3479936
Trefrew Road Substation,11000,National Grid Electricity Distribution,50.6257347,-4.6759589
Tregaller Lane Substation,11000,National Grid Electricity Distribution,50.6218134,-4.3844351
Tregassow 33kV Solar Farm,33000,National Grid Electricity Distribution Plc,50.3044927,-5.0153567
Tregenna Lodges,11000,,50.2051008,-5.4734115
Tregenna St Ives,11000,,50.2052281,-5.4805724
Tregeseal,11000,,50.1283533,-5.677264
Tregona,11000,,50.0738784,-5.5742835
Tregonhawke Chalets Substation,11000,National Grid Electricity Distribution,50.3409248,-4.2388595
Tregonwell Road Substation,11000,National Grid Electricity Distribution,51.206163,-3.4721487
Treguddick Wind Turbine Substation,11000,National Grid Electricity Distribution,50.6201205,-4.435868
Tregurno Cliffs,11000,,50.0635986,-5.5681814
Trehawke Farm Substation,33000,,50.4343285,-4.3802594
Trehayes Meadows,11000,,50.1654181,-5.4358955
Trekenning Farm 33kV Solar,33000,National Grid Electricity Distribution,50.4237857,-4.9249946
Trela Farm Padmount WT No 2 Substation,11000,National Grid Electricity Distribution,50.6498413,-4.6605101
Trelawne Camp Substation,11000,National Grid Electricity Distribution,50.3571335,-4.5006965
Trelawne Manor Substation,11000,National Grid Electricity Distribution,50.3582671,-4.504166
Trelawney Estate,11000,,50.1320606,-5.5665718
Trelawney Lynstone Road Substation,11000,National Grid Electricity Distribution,50.8229745,-4.5474562
Trelawney road substation,11000,National Grid Electricity Distribution,50.3846202,-4.140871
Trelevan Road Substation,11000,National Grid Electricity Distribution,50.8236794,-4.5327362
Treligga Downs Road Substation,11000,National Grid Electricity Distribution,50.6223027,-4.7360039
Trelyon,11000,,50.2005584,-5.4747655
Tremar Lane Estate Substation,11000,National Grid Electricity Distribution,50.4874932,-4.4664112
Trencrom Lane,11000,,50.1909131,-5.462941
Treneere,11000,,50.1281028,-5.5409675
Treneere Manor,11000,,50.1273076,-5.5456858
Trengune Turbine Substation,11000,National Grid Electricity Distribution,50.7168254,-4.5731923
Treningle Switching Station,33000,National Grid Electricity Distribution,50.4564847,-4.7565751
Trennack Terrace,11000,,50.1271085,-5.5359969
Trenouth Farm 33kv Solar,33000,National Grid Electricity Distribution,50.4945698,-4.9489465
Trenoweth Road,11000,,50.1156855,-5.5544804
Trenwith,11000,,50.206867,-5.4914262
Trequite Solar Farm Substation,33000,National Grid Electricity Distribution,50.4253109,-4.3698911
Trereive Estate Substation,11000,National Grid Electricity Distribution,50.364645,-4.3713166
Trerice Place,11000,,50.2104739,-5.4884543
Trerose Coombe Substation,11000,National Grid Electricity Distribution,50.3634477,-4.365331
Trerule 33kv Solar Park,33000,National Grid Electricity Distribution,50.4007759,-4.3582021
Trethewey GardensSubstation,11000,National Grid Electricity Distribution,50.438272,-4.0322007
Trethinnick,11000,,50.0694713,-5.5754542
Trethorne Industrial Substation,11000,National Grid Electricity Distribution,50.6256568,-4.4188299
Trethorne WT Substation,11000,National Grid Electricity Distribution,50.6236158,-4.4398744
Tretower Close Substation,11000,National Grid Electricity Distribution,50.4218123,-4.1308494
Trevecca Estate Substation,11000,National Grid Electricity Distribution,50.4633245,-4.4623047
Trevethan Meadows Substation,11000,National Grid Electricity Distribution,50.4635089,-4.4603976
Trevethoe,11000,,50.1818462,-5.4535221
Trevillis Park Substation,11000,National Grid Electricity Distribution,50.445621,-4.4704008
Trevol Estate Substation,11000,National Grid Electricity Distribution,50.3734245,-4.2152065
Trevol Ratings Substation,11000,National Grid Electricity Distribution,50.372042,-4.2110024
Trevol Road South Substation,11000,National Grid Electricity Distribution,50.3749345,-4.2086862
Trevorian Level 3,11000,,50.0803946,-5.6775519
Trevorian Tyco SSI,11000,,50.0804194,-5.6749856
Trevozah Barton Wind Turbine Substation,11000,National Grid Electricity Distribution,50.6089365,-4.3617118
Trewartha Terrace,11000,,50.1238878,-5.53589
Trewellard Road,11000,,50.1449972,-5.6725335
Trewidden Estate,11000,,50.1100711,-5.5500477
Trewidden Road St Ives,11000,,50.2083102,-5.4824598
Trewidland Farm 33kV Solar,33000,National Grid Electricity Distribution Plc,50.4085107,-4.4482921
Trewyn Substation,11000,National Grid Electricity Distribution,50.8144461,-4.3590279
Tricky Warren 33kV Solar,33000,National Grid Electricity Distribution Plc,50.9348906,-3.1226424
Tricky Warren Switching Station,33000,National Grid Electricity Distribution Plc,50.934724,-3.1208682
Trinity Way Substation,11000,National Grid Electricity Distribution,51.2063898,-3.4653728
Tripos Receptor Substation,11000,National Grid Electricity Distribution,50.8202692,-4.528419
Troods Mill Substation,11000,National Grid Electricity Distribution,50.6406079,-4.3658874
Truro Drive Substation,11000,National Grid Electricity Distribution,50.6436845,-3.3867251
Truro Shortlanesend Substation,33000;11000,National Grid Electricity Distribution,50.2780841,-5.0700604
Truro Substation,132000;33000,National Grid Electricity Distribution Plc,50.2842703,-5.0855344
Truro Treyew Road Substation,33000;11000,National Grid Electricity Distribution,50.2572943,-5.0655727
Tulip,33000,National Grid Electricity Distribution,50.4703556,-4.6987943
Tuly Street Substation,11000,National Grid Electricity Distribution,51.0819966,-4.0622012
Turlake Farm Substation,11000,National Grid Electricity Distribution,50.7542373,-3.55444
Turnchapel Rn Substation,11000,National Grid Electricity Distribution,50.3587942,-4.1175107
Turners Barn Lane Substation,11000,National Grid Electricity Distribution,50.9289147,-2.6466642
Turnpike Crescent Substation,11000,National Grid Electricity Distribution,50.3853452,-3.9058623
Turnspeed Substation,11000,National Grid Electricity Distribution,50.948769,-2.6803881
Tweentown Substation,11000,National Grid Electricity Distribution,51.2792954,-2.774847
Twelveheads Substation,33000;11000,National Grid Electricity Distribution,50.2369329,-5.1345709
Twitchen House Substation,11000,National Grid Electricity Distribution,51.1826554,-4.1969091
Twitchen Road Substation,11000,National Grid Electricity Distribution,51.1748964,-4.2104696
Twitchens Lane Substation,11000,National Grid Electricity Distribution,51.2539769,-2.7515374
Two Four TV Bush Park Substation,11000,National Grid Electricity Distribution,50.4138993,-4.0890809
Two Mile Oak Substation,11000,National Grid Electricity Distribution,50.500999,-3.6280415
Tythings Court No 1 Substation,11000,National Grid Electricity Distribution,51.2059392,-3.4792695
UHF Transmitter Plympton Substation,11000,National Grid Electricity Distribution,50.3812697,-4.0679706
UKAEA Wireless Station,,,50.6335303,-2.2469921
Under Road Substation,11000,National Grid Electricity Distribution,50.5226892,-4.2121498
Undercliff Substation,11000,National Grid Electricity Distribution,50.5396674,-3.5043304
Underhill Substation,11000,National Grid Electricity Distribution,50.6472444,-3.4300009
Underlane 28 Substation,11000,National Grid Electricity Distribution,50.3861489,-4.0648443
Underlane Substation,11000,National Grid Electricity Distribution,50.8068764,-4.3544785
Underwood Road Substation,11000,National Grid Electricity Distribution,50.3841821,-4.0520252
Unicorn Substation,11000,National Grid Electricity Distribution,50.3913006,-4.0711491
Union Hill Substation,11000,National Grid Electricity Distribution,50.8292618,-4.516647
Unit 8 Stuart Way Substation,11000,National Grid Electricity Distribution,50.7112398,-3.412487
Unit Build Lanage South Substation,11000,National Grid Electricity Distribution,50.3827873,-4.0143884
Unity Park Efford Road Substation,11000,National Grid Electricity Distribution,50.3901361,-4.1115774
UoP Substation,11000,National Grid Electricity Distribution,50.3749032,-4.1387389
Upcott Hill Substation,11000,National Grid Electricity Distribution,50.7429769,-4.0086333
Upland Drive Substation,11000,National Grid Electricity Distribution,50.4235528,-4.1274886
Uplyme Road Substation,11000,National Grid Electricity Distribution,50.7297627,-2.9456516
Upper Chapple Substation,11000,National Grid Electricity Distribution,50.6316047,-4.373895
Upper New Road Cheddar Substation,11000,National Grid Electricity Distribution,51.2817592,-2.7894662
Upton Farm Substation,11000,National Grid Electricity Distribution,50.3834171,-3.5157154
Upton Valley Substation,33000;11000,National Grid Electricity Distribution,50.4691159,-3.5325524
VI-Spring Substation,11000,National Grid Electricity Distribution,50.4212923,-4.1884378
Vaglefield Turbine Substation,11000,National Grid Electricity Distribution,50.8352152,-4.3123652
Valco Veneers Substation,11000,National Grid Electricity Distribution,50.4384279,-4.1201093
Vallards Lane Estate Substation,11000,National Grid Electricity Distribution,50.4351551,-4.2614304
Valletort Road Housing Substation,11000,National Grid Electricity Distribution,50.3768736,-4.1618211
Valley Road Gas GeneratorSubstation,11000,National Grid Electricity Distribution,50.3883898,-4.0661164
Valley of Rocks Substation,11000,National Grid Electricity Distribution,51.2300436,-3.8348879
Van Heusans Substation,11000,National Grid Electricity Distribution,50.8827237,-2.7910918
Vapron Road Substation,11000,National Grid Electricity Distribution,50.3910304,-4.1319057
Vauxhall St Substation,11000,National Grid Electricity Distribution,50.3697794,-4.134699
Velator Close Substation,11000,National Grid Electricity Distribution,51.1010314,-4.1599025
Velator Sewage Pump Substation,11000,National Grid Electricity Distribution,51.0985658,-4.1620072
Velator Way Substation,11000,National Grid Electricity Distribution,51.1031129,-4.1653729
Venford WTW Substation,11000,National Grid Electricity Distribution,50.5268922,-3.8535947
Venn Farm Substation,11000,National Grid Electricity Distribution,50.5653456,-3.5185175
Venn Lane Substation,11000,National Grid Electricity Distribution,51.0599279,-4.166958
Venn Lane Substation,11000,National Grid Electricity Distribution,50.3287232,-3.5999677
Venn Quarry Substation,11000,National Grid Electricity Distribution,51.0566386,-4.0227475
Venns Estate,11000,,50.1966983,-5.4740949
Venton Road,11000,,50.2014924,-5.4719686
Vermont Gardens 9 Substation,11000,National Grid Electricity Distribution,50.3951411,-4.1690518
Vicarage Field Substation,11000,National Grid Electricity Distribution,50.5946837,-3.6666558
Vicarage Gardens Substation,11000,National Grid Electricity Distribution,50.4041622,-4.1975887
Vicarage Gate,11000,,50.1651705,-5.4278556
Vicarage Road Substation,11000,National Grid Electricity Distribution,50.3910458,-4.061096
Vicarage Road Substation,11000,National Grid Electricity Distribution,50.4087792,-3.6256616
Victoria 33kV Wind Farm,33000,National Grid Electricity Distribution,50.4235357,-4.8182935
Victoria Close Substation,11000,National Grid Electricity Distribution,50.6407079,-3.4730675
Victoria Hall Substation,11000,National Grid Electricity Distribution,50.8128485,-4.3556084
Victoria Road Substation,11000,National Grid Electricity Distribution,50.4003707,-3.4996723
Victoria Road Substation,11000,National Grid Electricity Distribution,50.61709,-3.4222179
Victoria Road Substation,11000,National Grid Electricity Distribution,50.8256741,-4.5475223
Victoria Road Substation,11000,National Grid Electricity Distribution,51.2067462,-4.1248959
Victoria Street Substation,11000,National Grid Electricity Distribution,50.3746621,-4.199255
Victoria Way Substation,11000,National Grid Electricity Distribution,50.6194232,-3.4168726
Victoria Wharves Substation,11000,National Grid Electricity Distribution,50.3652752,-4.1248248
Victory Road Substation,11000,National Grid Electricity Distribution,50.3522486,-3.5954949
Village Hall Substation,11000,National Grid Electricity Distribution,50.3112733,-3.6309847
Village Hall Substation,11000,National Grid Electricity Distribution,50.5652986,-3.4806663
Viney Bridge Substation,11000,National Grid Electricity Distribution,50.8797359,-2.7845331
Viridor Composting Plant Substation,11000,National Grid Electricity Distribution,50.5772493,-3.6183363
Vivid Approach Substation,11000,National Grid Electricity Distribution,50.3714941,-4.1804302
Volunteer St Annes Substation,11000,National Grid Electricity Distribution,50.5163866,-4.2362899
Voskelly Switching Station,,National Grid,50.1686707,-5.0160387
Vospers Substation,11000,National Grid Electricity Distribution,50.3935377,-4.0885638
WMN City Centre Substation,11000,National Grid Electricity Distribution,50.3709484,-4.1439878
WPD Elliott Road Substation,11000,National Grid Electricity Distribution,50.3688811,-4.1175506
WWTP MCC1 Substation,11000,National Grid Electricity Distribution,50.6492379,-4.620957
Waddon Close 58Substation,11000,National Grid Electricity Distribution,50.3974618,-4.0493247
Waddon Farm Substation,11000,National Grid Electricity Distribution,50.7453137,-2.7170638
Wadebridge Substation,33000;11000,National Grid Electricity Distribution,50.5220168,-4.8137368
Wadham Estate Substation,11000,National Grid Electricity Distribution,50.4519677,-4.4579393
Wadham School Substation,11000,National Grid Electricity Distribution,50.8884514,-2.7872825
Waitrose Crewkerne Substation,11000,National Grid Electricity Distribution,50.8832144,-2.7941864
Waitrose Foodstore Substation,11000,National Grid Electricity Distribution,50.7405735,-4.0045364
Wakehams Quarry Substation,11000,National Grid Electricity Distribution,50.3689464,-4.1051706
Waldon Way Substation,11000,National Grid Electricity Distribution,50.8195677,-4.3572837
Walker Terrace Substation,11000,National Grid Electricity Distribution,50.3653355,-4.1505031
Walkham park Industrial Estate Substation,11000,National Grid Electricity Distribution,50.4043495,-4.1593449
Walkhampton Walk 100 Substation,11000,National Grid Electricity Distribution,50.4035098,-4.0965465
Wall Park Close Substation,11000,National Grid Electricity Distribution,50.3970182,-4.0450213
Wall Park No 1 Substation,11000,National Grid Electricity Distribution,50.3962487,-3.5035335
Wall Park No 2 Substation,11000,National Grid Electricity Distribution,50.3981393,-3.5008826
Wall Park No 3 Substation,11000,National Grid Electricity Distribution,50.3976745,-3.5025814
Wall Park Substation,11000,National Grid Electricity Distribution,50.4339851,-3.7092092
Wallaford Road Substation,11000,National Grid Electricity Distribution,50.4795847,-3.7859688
Walland Farm 33kv Solar Pk,33000,National Grid Electricity Distribution,50.974021,-4.3474276
Walnut Drive Substation,11000,National Grid Electricity Distribution,50.388197,-4.0221306
Waltacre Substation,11000,National Grid Electricity Distribution,50.3431232,-4.0018852
Wansbrough Paper Mills Substation,33000,,51.1778082,-3.3413075
Ward Close Substation,11000,National Grid Electricity Distribution,50.8304086,-4.5185941
Wareham Cross Substation,11000,National Grid Electricity Distribution,50.7841905,-2.930602
Wareham Road Married Quarters,11000;400;230,SSE Power Distribution,50.634008,-2.2316727
Warfield Villas Substation,11000,National Grid Electricity Distribution,51.2065336,-4.1124993
Warfleet Substation,11000,National Grid Electricity Distribution,50.3415818,-3.5744984
Waring Road Substation,11000,National Grid Electricity Distribution,50.4305144,-4.1413552
Warlands Substation,11000,National Grid Electricity Distribution,50.4291412,-3.6838951
Warleigh Barton Solar Park Substation,33000,National Grid Electricity Distribution,50.4271581,-4.1761856
Warneford Gardens Substation,11000,National Grid Electricity Distribution,50.6365176,-3.3831497
Warren Road Substation,11000,National Grid Electricity Distribution,50.2749875,-3.7701623
Warren View Substation,11000,National Grid Electricity Distribution,50.6299652,-3.4150108
Warwick Avenue Substation,11000,National Grid Electricity Distribution,50.4153907,-4.1454425
Watchet Bridge Substation,11000,National Grid Electricity Distribution,51.1797234,-3.3309944
Watchet Treatment Works Substation,11000,National Grid Electricity Distribution,51.1776309,-3.3415748
Watchfield Lawn 33kV Solar,33000,National Grid Electricity Distribution Plc,51.2256949,-2.9437619
Watchfield Substation,33000,National Grid Electricity Distribution Plc,51.2190181,-2.9323325
Water Lane STOR Generation Substation,33000,National Grid Electricity Distribution,50.7077029,-3.5229582
Water Park Road Substation,11000,National Grid Electricity Distribution,51.0186701,-4.230419
Waterford Park Substation,11000,National Grid Electricity Distribution,51.2867155,-2.457678
Watergate Substation,11000,National Grid Electricity Distribution,50.3642771,-4.4850979
Waterlake Substation,33000;11000,National Grid Electricity Distribution Plc,50.8471081,-2.9508174
Waterloo Close Substation,11000,National Grid Electricity Distribution,50.3705552,-4.1617384
Watermouth Road Substation,11000,National Grid Electricity Distribution,51.208984,-4.0981714
Waterside Park Substation,11000,National Grid Electricity Distribution,50.2790516,-3.7710619
Watersmeet Turn Substation,11000,National Grid Electricity Distribution,51.178948,-4.2095818
Waterworks Liskeard Substation,11000,National Grid Electricity Distribution,50.4812209,-4.4619596
Watkins Egg Factory Substation,11000,National Grid Electricity Distribution,50.85191,-4.3316664
Watton Park Development Substation,11000,National Grid Electricity Distribution,50.7257569,-2.7659928
Wear Barton Road Substation,11000,National Grid Electricity Distribution,50.6956624,-3.4911439
Weatherdon Drive Substation,11000,National Grid Electricity Distribution,50.3918736,-3.9063079
Wedmore Road Substation,11000,National Grid Electricity Distribution,51.2738845,-2.7840888
Week Farm 33kV Solar Park,33000,National Grid Electricity Distribution,50.9532336,-4.1176103
Week Green Substation,11000,National Grid Electricity Distribution,50.7474273,-4.4999562
Weir Close Substation,11000,National Grid Electricity Distribution,50.4105577,-4.0874019
Weir Road Substation,11000,National Grid Electricity Distribution,50.4119337,-4.0891265
Welcome Stranger Substation,11000,National Grid Electricity Distribution,50.6006368,-3.4464267
Weld Arms,,SSE Power Distribution,50.6373498,-2.2016808
Well Park Road Substation,11000,National Grid Electricity Distribution,50.3770265,-4.2015032
Wellhay Close 7 Substation,11000,National Grid Electricity Distribution,50.358023,-4.0623591
Wellington Substation,33000;11000,National Grid Electricity Distribution,50.9913475,-3.2477834
Wellington Town Substation,33000;11000,National Grid Electricity Distribution,50.9785519,-3.2255319
Wells Sewage Substation,11000,National Grid Electricity Distribution,51.2043417,-2.6671824
Welltown Road Substation,11000,National Grid Electricity Distribution,50.6831739,-4.6964111
Welton Grove Substation,11000,National Grid Electricity Distribution,51.2941885,-2.4805853
Welton Methodist Church Substation,11000,National Grid Electricity Distribution,51.2934975,-2.4773479
Wembury Almshouses Substation,11000,National Grid Electricity Distribution,50.3271749,-4.0633882
Wembury House Substation,11000,National Grid Electricity Distribution,50.3231592,-4.0653682
Wembury Road 90 Substation,11000,National Grid Electricity Distribution,50.3567806,-4.0716051
Wentwood Gardens No 4 Substation,11000,National Grid Electricity Distribution,50.4146581,-4.0966674
Wentworth Road Substation,11000,National Grid Electricity Distribution,50.5717604,-3.6593764
Wesleys Close Substation,11000,National Grid Electricity Distribution,50.738098,-2.8977628
Wessex Close Substation,11000,National Grid Electricity Distribution,50.689251,-3.4732112
West Alvington Vicar Substation,11000,National Grid Electricity Distribution,50.2780597,-3.7969663
West Bay Road Substation,11000,National Grid Electricity Distribution,50.7176204,-2.7566303
West Bridge Substation,11000,National Grid Electricity Distribution,50.7394082,-4.0040691
West Buckeridge Substation,11000,National Grid Electricity Distribution,50.5528629,-3.4994787
West Carclaze 33kv Solar P,33000,National Grid Electricity Distribution,50.3605097,-4.7864195
West Cliff Road Substation,11000,National Grid Electricity Distribution,50.736815,-2.9104238
West Cornwall Hospital,11000,,50.1214259,-5.5433871
West Country TV Substation,11000,National Grid Electricity Distribution,50.3895834,-4.0202505
West Down Lane Est. Substation,11000,National Grid Electricity Distribution,50.6219991,-3.371982
West Downs Estate Substation,11000,National Grid Electricity Distribution,50.3544725,-4.4618097
West End Stoke Substation,11000,National Grid Electricity Distribution,50.9503692,-2.7559881
West Hill Seaton Substation,11000,National Grid Electricity Distribution,50.3690117,-4.3896691
West Hill Solar Farm Substation,33000,National Grid Electricity Distribution Plc,51.1450932,-4.1414905
West Kingsmill PV Farm Substation,11000,National Grid Electricity Distribution,50.4441588,-4.2456093
West Looe Chapel Substation,11000,National Grid Electricity Distribution,50.3526716,-4.4578236
West Looe Hill Substation,11000,National Grid Electricity Distribution,50.35154,-4.4622997
West Looe Quay Substation,11000,National Grid Electricity Distribution,50.3536813,-4.456345
West Looe School Substation,11000,National Grid Electricity Distribution,50.3565429,-4.4581333
West Lulworth,11000;400;230,SSE Power Distribution,50.6259666,-2.2486222
West Lulworth Bore Hole,11000;400;230,SSE Power Distribution,50.6264596,-2.2524099
West Lulworth Farm,,SSE Power Distribution,50.6273539,-2.2427926
West Lynch Substation,11000,National Grid Electricity Distribution,51.2172532,-3.5752789
West Mead Park Substation,11000,National Grid Electricity Distribution,50.7356856,-2.7713513
West Mill Cross Substation,11000,National Grid Electricity Distribution,50.4783992,-3.7818037
West Peeke Milking Parlour Substation,11000,National Grid Electricity Distribution,50.7184887,-4.3491041
West Porlock Substation,11000,National Grid Electricity Distribution,51.2119639,-3.6168189
West Street Stoke Substation,11000,National Grid Electricity Distribution,50.9524758,-2.7522352
West Street Substation,11000,National Grid Electricity Distribution,51.2030943,-3.483145
West Street Substation,11000,National Grid Electricity Distribution,51.1819286,-3.3357628
West malling Avenue Substation,11000,National Grid Electricity Distribution,50.4212676,-4.1777568
Westacre Substation,11000,National Grid Electricity Distribution,51.2802778,-2.7768425
Westaway Close Substation,11000,National Grid Electricity Distribution,51.0691118,-4.1254697
Westbrook Avenue Substation,11000,National Grid Electricity Distribution,50.5491492,-3.5068335
Westbury Sub Mendip Substation,11000,National Grid Electricity Distribution,51.2370356,-2.7151469
Westcountry Glass Substation,11000,National Grid Electricity Distribution,50.3898873,-4.0194991
Westcroft Substation,11000,National Grid Electricity Distribution,50.8096425,-4.3577386
Westdown Cottage Substation,11000,National Grid Electricity Distribution,50.382383,-4.2229611
Wester-Moor Way Substation,11000,National Grid Electricity Distribution,51.0663972,-4.0944377
Western Credit Substation,11000,National Grid Electricity Distribution,50.3732765,-4.1401174
Western Morning News Substation,11000,National Grid Electricity Distribution,50.4137986,-4.1186826
Western Portal Substation,11000,National Grid Electricity Distribution,50.4133741,-4.2168295
Western Road Substation,11000,National Grid Electricity Distribution,50.8114712,-4.3532717
Western Road Substation,11000,National Grid Electricity Distribution,50.6344874,-4.3645481
Western Wood Way Substation,11000,National Grid Electricity Distribution,50.3900921,-4.019525
Westfield 110 Substation,11000,National Grid Electricity Distribution,50.3906892,-4.0412788
Westlakes Way Substation,11000,National Grid Electricity Distribution,50.9526881,-2.6828317
Westleigh Substation,11000,National Grid Electricity Distribution,50.6384723,-3.4034911
Westminster House Substation,11000,National Grid Electricity Distribution,50.6270936,-4.3586808
Weston Mill Local Substation,11000,National Grid Electricity Distribution,50.4023664,-4.1713014
Weston Mill Substation,33000;11000,National Grid Electricity Distribution,50.4021931,-4.1715612
Westonfields Substation,11000,National Grid Electricity Distribution,50.4308303,-3.6724228
Westover Estate Substation,11000,National Grid Electricity Distribution,50.4990881,-4.318488
Westover View Substation,11000,National Grid Electricity Distribution,50.8872421,-2.7957962
Westpoint Exhib Cen Substation,11000,National Grid Electricity Distribution,50.7123434,-3.4405143
Westward Airways,11000,,50.1021746,-5.6676401
Westward Reach Substation,11000,National Grid Electricity Distribution,51.0194508,-4.1895619
Westwood Automation No2 Substation,11000,National Grid Electricity Distribution,50.3961587,-4.0402751
Westwood Automtn No 1 Substation,11000,National Grid Electricity Distribution,50.3949537,-4.0402579
Weymouth Park Substation,11000,National Grid Electricity Distribution,50.2484087,-3.8538422
Wharf Road,11000,,50.1199065,-5.5336922
Wharnecliffe Substation,11000,National Grid Electricity Distribution,50.663372,-4.7493401
Whatley Quarry Substation,33000;11000,National Grid Electricity Distribution Plc,51.228867,-2.3884144
Wheddon Market Substation,11000,National Grid Electricity Distribution,51.1397056,-3.5409467
Whiddon Down Local Substation,11000,National Grid Electricity Distribution,50.7177175,-3.8676516
Whiddon Down Substation,33000,National Grid Electricity Distribution,50.7177539,-3.8678554
Whiddon Drive Substation,11000,National Grid Electricity Distribution,51.0784619,-4.0232754
Whinbank Road 7 Substation,11000,National Grid Electricity Distribution,50.4110871,-4.1408247
Whipton Substation,11000,National Grid Electricity Distribution,50.7341116,-3.4990515
Whitchurch Solar Farm Substation,33000,National Grid Electricity Distribution Plc,51.2682219,-2.5234678
White Cleaves Quarry Substation,11000,National Grid Electricity Distribution,50.4770624,-3.7822178
White Cottage Substation,11000,National Grid Electricity Distribution,50.4224914,-4.1016504
White Gates Substation,11000,National Grid Electricity Distribution,50.352538,-3.5691458
White Hill Lane Substation,11000,National Grid Electricity Distribution,50.6933119,-3.4683755
White Oaks Substation,11000,National Grid Electricity Distribution,50.3895427,-3.8956129
Whitegate Close Substation,11000,National Grid Electricity Distribution,51.1991862,-3.4739296
Whitegate Road Substation,11000,National Grid Electricity Distribution,51.2008079,-3.4784926
Whitehill Farm Substation,11000,National Grid Electricity Distribution,50.4160665,-3.6079328
Whitehouse Substation,11000,National Grid Electricity Distribution,51.0563287,-4.1803094
Whiteley Avenue Substation,11000,National Grid Electricity Distribution,50.4338318,-3.7128759
Whitleigh Campus Substation,11000,National Grid Electricity Distribution,50.4185237,-4.1444043
Whitleigh Hall Substation,11000,National Grid Electricity Distribution,50.4179633,-4.1467623
Whitley Farm 33kV Solar Fm,33000,National Grid Electricity Distribution Plc,51.1296466,-2.7933062
Whitsand Bay Battery Substation,11000,National Grid Electricity Distribution,50.3422277,-4.2369565
Whitson Cross Substation,11000,National Grid Electricity Distribution,50.4338107,-4.1537086
Whittingham Road Substation,11000,National Grid Electricity Distribution,51.2055125,-4.1178207
Whittington Street Substation,11000,National Grid Electricity Distribution,50.3778144,-4.1499832
Wick Farm 33kv Solar Park,33000,National Grid Electricity Distribution Plc,51.2829289,-2.9821853
Wick Farm West 33kv Solar,33000,National Grid Electricity Distribution Plc,51.2828824,-2.9820585
Wicketts Substation,11000,National Grid Electricity Distribution,50.6410468,-4.3622288
Widdicombe Garage Substation,11000,National Grid Electricity Distribution,50.350954,-4.075948
Wide Sea Downderry Substation,11000,National Grid Electricity Distribution,50.361264,-4.3686629
Wideatts Road Substation,11000,National Grid Electricity Distribution,51.2782706,-2.786385
Widecombe in the Moor Substation,11000,National Grid Electricity Distribution,50.5772546,-3.8104191
Widemouth Estate Substation,11000,National Grid Electricity Distribution,50.7914391,-4.5525504
Widewell Lane Substation,11000,National Grid Electricity Distribution,50.4340104,-4.1120432
Widey View Substation,11000,National Grid Electricity Distribution,50.392979,-4.1260296
Wilcove Village Hall Substation,11000,National Grid Electricity Distribution,50.3880838,-4.2070516
Wilder Road Substation,11000,National Grid Electricity Distribution,51.2059683,-4.1266977
Wilderbank Meavybourne Substation,11000,National Grid Electricity Distribution,50.490333,-4.0802225
Williams Close Substation,11000,National Grid Electricity Distribution,51.1004156,-4.1531774
Willingcott Chalets Substation,11000,National Grid Electricity Distribution,51.166676,-4.1642674
Williton Substation,11000,National Grid Electricity Distribution,51.1615305,-3.3206759
Willow Close Substation,11000,National Grid Electricity Distribution,50.388687,-4.0904433
Wills Close Substation,11000,National Grid Electricity Distribution,50.4303511,-4.137735
Willsland 33kV Solar Park,33000,National Grid Electricity Distribution Plc,50.8160105,-4.1193956
Willsworthy Firing Range Substation,11000,National Grid Electricity Distribution,50.6320457,-4.0795181
Wilton Farm 33kv Solar Pk,33000,National Grid Electricity Distribution,50.4027916,-4.3746614
Wilton Farm Wind Farm Substation,33000,National Grid Electricity Distribution,50.4035771,-4.3788993
Wilton St Substation,11000,National Grid Electricity Distribution,50.3756487,-4.1593398
Wimbleball Padmount Substation,11000,National Grid Electricity Distribution,51.065701,-3.4776028
Wimbleball Reservoir Metering OCB Substation,11000,National Grid Electricity Distribution,51.0534373,-3.4796002
Winchester Gardens Substation,11000,National Grid Electricity Distribution,50.4214881,-4.1640385
Windmill Hill Substation,11000,National Grid Electricity Distribution,50.3923666,-3.5127748
Windmill Hill Substation,11000,National Grid Electricity Distribution,50.6353856,-4.3609145
Windsor Road Substation,11000,National Grid Electricity Distribution,50.394147,-4.1157263
Windsor Square Substation,11000,National Grid Electricity Distribution,50.6218179,-3.4085056
Windward Lane Substation,11000,National Grid Electricity Distribution,50.5637515,-3.4728579
Winnards Perch 33kv Solar,33000,National Grid Electricity Distribution Plc,50.4638876,-4.9264656
Winslade Close Substation,11000,National Grid Electricity Distribution,50.2704355,-3.7191442
Winslade Manor Substation,11000,National Grid Electricity Distribution,50.7029942,-3.4485431
Winslake Foot Substation,33000;11000,National Grid Electricity Distribution,50.7304874,-3.6748503
Winstone Lane Substation,11000,National Grid Electricity Distribution,50.3492253,-4.0321025
Winswood Substation,11000,National Grid Electricity Distribution,50.8729529,-4.4872372
Winterborne Kingston 33/11kV,33000;11000,,50.7823508,-2.2193262
Winterbourne Road Substation,11000,National Grid Electricity Distribution,50.5492667,-3.4973928
Winyards View Substation,11000,National Grid Electricity Distribution,50.8774837,-2.7871233
Witheridge Substation,33000;11000,National Grid Electricity Distribution Plc,50.903602,-3.7055093
Withies Pk MSN Substation,11000,National Grid Electricity Distribution,51.2808735,-2.4938511
Withy Drove 33kv Solar Pk,33000,National Grid Electricity Distribution Plc,51.1858572,-2.9660223
Withycombe House School Substation,11000,National Grid Electricity Distribution,50.6337596,-3.386635
Withycombe Park Drive Substation,11000,National Grid Electricity Distribution,50.6382927,-3.3828162
Withycombe Raleigh Substation,33000;11000,National Grid Electricity Distribution Plc,50.6324022,-3.3938865
Withycombe Village Substation,11000,National Grid Electricity Distribution,50.6298762,-3.397852
Wiveliscombe Embedded Substation,11000,National Grid Electricity Distribution,51.0464641,-3.3093237
Wiveliscombe Enterprise Park Substation,11000,National Grid Electricity Distribution,51.0406996,-3.304993
Wiveliscombe Substation,33000;11000,National Grid Electricity Distribution Plc,51.0354336,-3.3090446
Wolrige Way Substation,11000,National Grid Electricity Distribution,50.3873085,-4.0344173
Wolseley Rd. Ind. Est. Substation,11000,National Grid Electricity Distribution,50.3879962,-4.1665408
Wolseley Road 706 Substation,11000,National Grid Electricity Distribution,50.4027342,-4.1919667
Wolseley Road 795 Substation,11000,National Grid Electricity Distribution,50.402921,-4.1967279
Wolseley Road 800 Substation,11000,National Grid Electricity Distribution,50.4036682,-4.1992649
Wolseley Road 891 Substation,11000,National Grid Electricity Distribution,50.4048588,-4.2015753
Wooda Farm Caravan Park Substation,11000,National Grid Electricity Distribution,50.8438523,-4.5148949
Wooda Substation,11000,National Grid Electricity Distribution,50.844804,-4.5143333
Woodbury Substation,33000;11000,National Grid Electricity Distribution Plc,50.6669683,-3.415475
Woodcock Park Substation,11000,National Grid Electricity Distribution,50.8181122,-4.3572925
Woodcombe Substation,11000,National Grid Electricity Distribution,51.2075541,-3.4984279
Woodcote Substation,132000;33000,UK Power Networks,50.787007,-2.9216435
Woodcourt Road Substation,11000,National Grid Electricity Distribution,50.392235,-3.7129441
Woodend Road Substation,11000,National Grid Electricity Distribution,50.4330475,-4.1003995
Woodfield Close Substation,11000,National Grid Electricity Distribution,50.6350457,-3.380591
Woodford Avenue Substation,11000,National Grid Electricity Distribution,50.3953782,-4.0789824
Woodford Road Substation,11000,National Grid Electricity Distribution,50.4275136,-4.1043042
Woodhayes Close Substation,11000,National Grid Electricity Distribution,50.4247371,-3.8323049
Woodland Avenue Substation,11000,National Grid Electricity Distribution,50.3642001,-4.075562
Woodland Barton Solar Pk,33000,National Grid Electricity Distribution,50.4229854,-4.8072253
Woodland Close Substation,11000,National Grid Electricity Distribution,51.0759522,-4.0236126
Woodland Drive Substation,11000,National Grid Electricity Distribution,50.3849593,-4.0722509
Woodland Farm Substation,11000,National Grid Electricity Distribution,50.3891962,-3.936714
Woodland Farm Substation,11000,National Grid Electricity Distribution,50.4824791,-4.223357
Woodland Leisure Park Substation,11000,National Grid Electricity Distribution,50.3555972,-3.6719654
Woodland Road No 2 Substation,11000,National Grid Electricity Distribution,50.3915987,-3.9402716
Woodland Road Substation,11000,National Grid Electricity Distribution,51.175812,-3.3279508
Woodland Way Substation,11000,National Grid Electricity Distribution,50.3775826,-4.2105232
Woodlands Close Substation,11000,National Grid Electricity Distribution,50.3886636,-3.9298027
Woodlands Close Substation,11000,National Grid Electricity Distribution,50.551743,-3.496468
Woodlands Langham Substation,11000,National Grid Electricity Distribution,50.3937061,-3.9373116
Woodlands Nursing Home Substation,11000,National Grid Electricity Distribution,50.6481217,-3.5474029
Woodlands Road No 3 Substation,11000,National Grid Electricity Distribution,50.3924491,-3.9386573
Woodlands Substation,11000,National Grid Electricity Distribution,51.2047203,-3.496046
Woodlands Substation,11000,National Grid Electricity Distribution,51.2049985,-4.0395264
Woodlands View Substation,11000,National Grid Electricity Distribution,50.3564296,-4.4640539
Woodley Close Substation,11000,National Grid Electricity Distribution,50.8286221,-4.519151
Woodside Court Substation,11000,National Grid Electricity Distribution,50.3848789,-4.0547664
Woodside Crapstone Substation,11000,National Grid Electricity Distribution,50.491059,-4.1114793
Woodside Substation,11000,National Grid Electricity Distribution,50.3765035,-4.1274349
Woodswater Lane Substation,11000,National Grid Electricity Distribution,50.8102505,-2.7340362
Woodville Avenue Substation,11000,National Grid Electricity Distribution,50.5462366,-3.9979996
Woodville Close Substation,11000,National Grid Electricity Distribution,50.3930059,-4.168713
Woodville Close Substation,11000,National Grid Electricity Distribution,51.0738805,-4.0811262
Woodway Road Substation,11000,National Grid Electricity Distribution,50.5581418,-3.4944273
Woolacombe Barton East Substation,11000,National Grid Electricity Distribution,51.1712286,-4.2026141
Woolacombe Barton Substation,11000,National Grid Electricity Distribution,51.1718718,-4.204733
Woolacombe Bay Hotel Substation,11000,National Grid Electricity Distribution,51.1706813,-4.2052542
Woolacombe Pump Station Substation,11000,National Grid Electricity Distribution,51.1741743,-4.2122249
Woolacombe Treatment WorksSubstation,11000,National Grid Electricity Distribution,51.1685689,-4.2052331
Woolacome NTL Substation,11000,National Grid Electricity Distribution,51.1634705,-4.1966417
Woolaton Substation,11000,National Grid Electricity Distribution,50.4691437,-4.2823674
Woolavington 33kV Solar Pk,33000,National Grid Electricity Distribution Plc,51.1809101,-2.9267111
Woolcombe Avenue 5 Substation,11000,National Grid Electricity Distribution,50.3816957,-4.0419628
Woolcombe Substation,11000,National Grid Electricity Distribution,50.3861221,-3.9171802
Woolley West Substation,11000,National Grid Electricity Distribution,50.3993868,-3.4993458
Woolster St Substation,11000,National Grid Electricity Distribution,50.3684921,-4.1351875
Woolston Green Substation,11000,National Grid Electricity Distribution,50.4825234,-3.7243129
Woolwell Rd Nursery No 1 Substation,11000,National Grid Electricity Distribution,50.4339856,-4.1037087
Woolwell Rd Nursery No 2 Substation,11000,National Grid Electricity Distribution,50.4339958,-4.1037077
Woolworths Substation,11000,National Grid Electricity Distribution,50.3720816,-4.1442132
Woolworths Substation,11000,National Grid Electricity Distribution,50.3946342,-3.5149782
Works Substation,11000,National Grid Electricity Distribution,50.2842621,-3.7801233
Works Substation,11000,National Grid Electricity Distribution,51.079697,-4.062254
Worth Lane Substation,11000,National Grid Electricity Distribution,51.20717,-4.1153059
Worth Road Chalets Substation,11000,National Grid Electricity Distribution,51.2023597,-4.1140614
Wortham Farm Wind Turbine Substation,11000,National Grid Electricity Distribution,50.6627056,-4.2838139
Wrafton South West Substation,11000,National Grid Electricity Distribution,51.0986468,-4.1567933
Wrafton Village Substation,11000,National Grid Electricity Distribution,51.0990548,-4.1552505
Wrangaton R.N.V.D. Substation,11000,National Grid Electricity Distribution,50.4018571,-3.8599238
Wraxhill Road Substation,11000,National Grid Electricity Distribution,50.9259089,-2.6504165
Wrigleys Substation,11000,National Grid Electricity Distribution,50.4162535,-4.0857068
Wristland Road Substation,11000,National Grid Electricity Distribution,51.1793465,-3.3249303
Wych Farm Sewage Treatment Works Substation,11000,National Grid Electricity Distribution,50.7131018,-2.7511975
Wyld Meadow 33kv Solar Pk,33000,National Grid Electricity Distribution Plc,50.7820818,-2.9301209
Wyndham St West Substation,11000,National Grid Electricity Distribution,50.3735844,-4.1530486
Wythburn Gardens 1 Substation,11000,National Grid Electricity Distribution,50.4118682,-4.1023832
YMCA Substation,11000,National Grid Electricity Distribution,50.3743506,-4.1417
Yacht Haven Quay Substation,11000,National Grid Electricity Distribution,50.3635751,-4.1076086
Yannon Drive Substation,11000,National Grid Electricity Distribution,50.5511239,-3.5050048
Yarn Barton Substation,11000,National Grid Electricity Distribution,50.8222198,-2.80255
Yealm Park Substation,11000,National Grid Electricity Distribution,50.3456314,-4.0057519
Yealm Rd Substation,11000,National Grid Electricity Distribution,50.3136608,-4.0449203
Yealmbridge Substation,11000,National Grid Electricity Distribution,50.3515154,-3.9821577
Yealmbury Hill Substation,11000,National Grid Electricity Distribution,50.3503922,-3.9990586
Yealmpton Housing Substation,11000,National Grid Electricity Distribution,50.3470962,-4.0090856
Yealmpton Village Substation,11000,National Grid Electricity Distribution,50.3478851,-3.9985217
Yelland Cross Substation,11000,National Grid Electricity Distribution,51.0687304,-4.151029
Yelland Manor Substation,11000,National Grid Electricity Distribution,51.0672846,-4.1510843
Yelland Sewage Substation,11000,National Grid Electricity Distribution,51.0669867,-4.1652509
Yelland Shell Mex Substation,11000,National Grid Electricity Distribution,51.0685989,-4.1660227
Yelland Substation,11000,National Grid Electricity Distribution,51.0639389,-4.1629321
Yellaton Complex Substation,11000,National Grid Electricity Distribution,51.1850352,-4.0084321
Yelverton Substation,33000;11000,National Grid Electricity Distribution,50.4945186,-4.0814999
Yelverton Terrace Substation,11000,National Grid Electricity Distribution,50.5531737,-4.1358647
Yenworthy Lodge Pad Substation,11000,National Grid Electricity Distribution,51.224415,-3.7174814
Yeo Bros Paull Substation,11000,National Grid Electricity Distribution,50.9731504,-2.766001
Yeo Building Substation,11000,National Grid Electricity Distribution,50.3707644,-4.1411276
Yeo Vale Substation,11000,National Grid Electricity Distribution,51.0846868,-4.0577735
Yeomans Way 2 Substation,11000,National Grid Electricity Distribution,50.3831692,-4.0387862
Yeovil Substation,132000;33000,National Grid Electricity Distribution,50.949816,-2.6052836
Yonder Meadow Substation,11000,National Grid Electricity Distribution,50.407941,-3.6206428
Yonder Park 33kV Solar Pk,33000,National Grid Electricity Distribution Plc,50.3583287,-3.6455472
York Close Substation,11000,National Grid Electricity Distribution,50.6359211,-3.3859794
York Road Substation,11000,National Grid Electricity Distribution,50.397825,-4.1779782
York Road Substation,11000,National Grid Electricity Distribution,50.3757256,-4.2007857
Zaggy Lane Substation,11000,National Grid Electricity Distribution,50.5043702,-4.318768
Zero Four The Crescent Substation,11000,National Grid Electricity Distribution,50.3690873,-4.1477268
Zion St Substation,11000,National Grid Electricity Distribution,50.3674727,-4.140259
hannafore Tennis Court Substation,11000,National Grid Electricity Distribution,50.345068,-4.4539981
langage One Western Wood Way Substation,11000,National Grid Electricity Distribution,50.3914449,-4.017683
westcombe Crescent Substation,11000,National Grid Electricity Distribution,50.3515545,-4.1012841
(unnamed),,,51.2533817,-2.200281
(unnamed),,,50.6709887,-3.4424733
(unnamed),,,50.9334478,-2.3003674
(unnamed),,National Grid Electricity Distribution Plc,50.9348882,-3.1204093
(unnamed),,SSE Power Distribution,50.6940284,-2.2250188
(unnamed),,,50.3284681,-4.7676765
(unnamed),,,50.7174422,-3.4993192
(unnamed),,,51.1270872,-2.7408678
(unnamed),,National Grid Electricity Distribution Plc,51.0441485,-3.2273929
(unnamed),,,50.9343418,-2.2968073
(unnamed),,,50.927904,-2.305262
(unnamed),,,50.6685044,-3.6136022
(unnamed),,,50.9236662,-2.3063346
(unnamed),,,50.4272583,-3.674434
(unnamed),,,50.4548862,-4.4813892
(unnamed),,,50.2560378,-5.1942563
(unnamed),,,50.318331,-5.2083032
(unnamed),,National Grid Electricity Distribution Plc,50.7615508,-3.4396038
(unnamed),,National Grid Electricity Distribution Plc,50.7612513,-3.4416453
(unnamed),,National Grid Electricity Distribution Plc,50.7628512,-3.4404997
(unnamed),,National Grid Electricity Distribution Plc,50.7643637,-3.4443876
(unnamed),,National Grid Electricity Distribution Plc,50.7482337,-3.4619466
(unnamed),,,50.7848882,-3.6416949
(unnamed),,,50.9935214,-3.1180433
(unnamed),,,51.2769062,-2.7760883
(unnamed),,,51.2699725,-2.7761556
(unnamed),,,50.0456868,-5.2176612
(unnamed),,,50.2264215,-5.2594156
(unnamed),,,50.2230263,-5.2903032
(unnamed),,,51.0361662,-2.7364118
(unnamed),,,50.2207499,-5.2942162
(unnamed),,,50.7183546,-3.2210626
(unnamed),,,50.4084615,-4.1424604
(unnamed),,,50.4018845,-4.113788
(unnamed),,,50.4035226,-4.1363026
(unnamed),,,50.4014737,-4.1439585
(unnamed),,,50.4043428,-4.1500642
(unnamed),,,50.4003579,-4.1443931
(unnamed),,,50.1860993,-5.0950808
(unnamed),,,50.4008371,-4.1293052
(unnamed),,,50.4012825,-4.1322085
(unnamed),,,50.4309941,-3.5545449
(unnamed),,,50.4404531,-3.5586824
(unnamed),,,50.4428377,-3.5647537
(unnamed),,,50.3709924,-4.1576371
(unnamed),,,50.3951769,-4.1433336
(unnamed),,,50.4112868,-4.1165269
(unnamed),,,50.4075632,-4.1260834
(unnamed),11000,,50.0469363,-5.6554149
(unnamed),11000,,50.0492426,-5.6582661
(unnamed),11000,,50.0423235,-5.6550998
(unnamed),11000,,50.1027589,-5.5833466
(unnamed),,,50.4274217,-4.1173827
(unnamed),11000,,50.1275392,-5.5663569
(unnamed),11000,,50.1726049,-5.6125887
(unnamed),,,50.4081747,-4.1273865
(unnamed),,,50.4089796,-4.1298601
(unnamed),,,50.7909256,-3.6490192
(unnamed),,,50.1503693,-5.0507352
(unnamed),,National Grid Electricity Distribution,50.3400251,-4.7906484
(unnamed),,,50.3655329,-4.0906415
(unnamed),,,50.6036084,-2.466031
(unnamed),,,50.3700163,-4.0961406
(unnamed),,,50.4066338,-4.2280627
(unnamed),,,50.4098139,-5.0946893
(unnamed),,,50.4118071,-4.210415
(unnamed),,,50.429268,-4.1539363
(unnamed),,,50.3470214,-4.7280272
(unnamed),,,50.3341152,-4.7776597
(unnamed),,,50.418068,-4.2317159
(unnamed),,,50.3934705,-4.0821328
(unnamed),,,50.4124721,-4.1341655
(unnamed),,,50.4197228,-4.0957106
(unnamed),,,50.3749393,-4.0699915
(unnamed),,,50.3313732,-4.1032986
(unnamed),,,51.2870337,-2.8130765
(unnamed),,,51.0932466,-2.5233741
(unnamed),,,51.1132797,-2.4499242
(unnamed),,,50.411397,-4.1354486
(unnamed),,,50.3588137,-4.4440402
(unnamed),,,50.3097719,-5.2036675
(unnamed),,,50.3133646,-5.1987651
(unnamed),,,50.4093974,-4.1258756
(unnamed),,,50.4743187,-4.7291074
(unnamed),,,50.3750656,-4.7800351
(unnamed),,,50.4650033,-4.7153414
(unnamed),,,50.3396269,-4.789714
(unnamed),,,50.477661,-4.703952
(unnamed),,,50.7138614,-2.7694381
(unnamed),,,51.2863526,-2.8202161
(unnamed),,,50.618924,-2.4939479
(unnamed),,,50.6261413,-2.5115868
(unnamed),,,50.3869047,-4.016797
(unnamed),,,50.3383081,-4.6360297
(unnamed),,,50.415145,-4.1239333
(unnamed),,,50.3683515,-4.1508488
(unnamed),,,50.348805,-3.598055
(unnamed),,,50.3509831,-3.5942916
(unnamed),,,50.4144359,-4.1259164
(unnamed),,,50.4104291,-5.0850965
(unnamed),,,51.2004452,-2.2021446
(unnamed),,,51.2469516,-2.2250303
(unnamed),,,50.4609244,-3.5147305
(unnamed),,,50.3893557,-4.0679887
(unnamed),,,51.0495225,-4.1919683
(unnamed),,,51.041415,-4.2131196
(unnamed),,,51.0379371,-4.2294047
(unnamed),,,51.2851056,-2.9505247
(unnamed),,,50.3116511,-3.6307477
(unnamed),,,50.4692834,-4.7293337
(unnamed),,,50.4736998,-4.7195391
(unnamed),,,50.4690847,-4.7199071
(unnamed),,,50.404056,-4.1321427
(unnamed),,,50.5646133,-2.4522203
(unnamed),,,50.1456286,-5.0835562
(unnamed),,,50.1500233,-5.0595779
(unnamed),,National Grid Electricity Distribution,50.3348211,-4.7834288
(unnamed),,,50.3493221,-4.7281116
(unnamed),,,50.7131459,-3.5244657
(unnamed),,,50.3414331,-4.8018673
(unnamed),,,50.3374544,-4.7951122
(unnamed),,,50.3332268,-4.7920608
(unnamed),11000,National Grid Electricity Distribution,50.3736697,-4.1008351
(unnamed),,,50.3217142,-4.1122483
(unnamed),,,50.3501529,-4.0766527
(unnamed),11000,National Grid Electricity Distribution,50.4034477,-4.1575602
(unnamed),,,50.1500981,-5.055916
(unnamed),,,50.3376514,-4.7999931
(unnamed),,,50.7252512,-3.7393784
(unnamed),,,50.7242897,-3.7380838
(unnamed),,,50.156964,-5.0907341
(unnamed),,National Grid Electricity Distribution,50.3672664,-4.7831753
(unnamed),,,51.0889897,-2.5213821
(unnamed),,,50.7876218,-3.6477468
(unnamed),,,50.5346252,-4.138518
(unnamed),,,50.5487546,-4.1485415
(unnamed),,,50.513014,-4.1015874
(unnamed),,,51.0537902,-2.4130345
(unnamed),11000,National Grid Electricity Distribution,50.4512824,-4.4889139
(unnamed),,,50.9802381,-2.4290688
(unnamed),,,50.9799443,-2.4291832
(unnamed),,,50.365449,-4.0997333
(unnamed),,,50.3654522,-4.0996688
(unnamed),,,51.0567509,-2.4182457
(unnamed),,,51.232003,-2.3072358
(unnamed),,National Grid Electricity Distribution,50.2704459,-5.0389226
(unnamed),,,50.7278924,-3.5239509
(unnamed),,,50.6371335,-3.3233524
(unnamed),,National Grid Electricity Distribution,50.6373405,-3.3321234
(unnamed),132000,,50.6781992,-2.2738271
(unnamed),33000,,51.0013687,-3.1218785
(unnamed),33000,,50.9975528,-2.3192066
(unnamed),132000;33000,,51.2310587,-2.3048756
(unnamed),33000;11000,,50.9139063,-2.6651302
(unnamed),33000,,51.2294292,-2.8071816
(unnamed),,,51.1287641,-2.9905752
(unnamed),,,51.1284876,-2.9903838
(unnamed),,,51.0310972,-3.0782751
(unnamed),33000;11000,,50.7132037,-2.5304849
(unnamed),33000,,50.6901702,-2.2291399
(unnamed),132000,,50.9132736,-2.5712938
(unnamed),132000;33000,,51.013362,-2.2087692
(unnamed),33000;11000,,50.922118,-2.2093989
(unnamed),33000,,50.8838914,-2.4048419
(unnamed),11000;400;230,SSE Power Distribution,50.6206385,-2.2534066
(unnamed),33000;11000,,50.8897783,-2.5661349
(unnamed),33000;11000,,50.8078677,-2.4817699
(unnamed),33000;11000,,50.7371897,-2.464616
(unnamed),,,51.1274812,-3.0169609
(unnamed),33000;11000,,50.956655,-4.1328602
(unnamed),,,51.030908,-2.2839588
(unnamed),,,51.2288214,-2.3085977
(unnamed),,,51.1329883,-3.0136444
(unnamed),,,51.1347587,-3.007941
(unnamed),,,51.1347376,-3.0045914
(unnamed),33000;11000,National Grid Electricity Distribution,50.6289747,-4.3560122
(unnamed),,,51.1361288,-3.0113205
(unnamed),,,51.1233473,-2.9978125
(unnamed),,,51.1383944,-3.003967
(unnamed),,,51.1372813,-3.0035706
(unnamed),,,51.1377092,-3.0066485
(unnamed),,,51.0381,-3.0597372
(unnamed),,,51.1297802,-3.0163718
(unnamed),,,51.136915,-2.9939596
(unnamed),,,50.6731086,-3.4478942
(unnamed),,,51.1396359,-3.006387
(unnamed),,,51.1406354,-3.0044172
(unnamed),,,51.1393927,-3.0115402
(unnamed),,,51.1417591,-2.9912659
(unnamed),,,51.1312914,-2.9918807
(unnamed),,,51.1216419,-2.9991743
(unnamed),,,51.1201193,-2.9981856
(unnamed),,,51.1186718,-2.9972101
(unnamed),11000;400;230,,50.6360643,-2.2219521
(unnamed),,National Grid Electricity Distribution Plc,50.7469574,-3.4671188
(unnamed),,,51.1306041,-3.0251322
(unnamed),33000;11000,,50.7970189,-2.4242712
(unnamed),,,50.6949288,-2.2442935
(unnamed),,,50.6337087,-2.2347285
(unnamed),,,51.1314927,-3.0272108
(unnamed),,,50.6808241,-2.2215339
(unnamed),,,51.1321646,-3.0239719
(unnamed),,West Somerset Railway Association,51.0254211,-3.1465521
(unnamed),,,50.1175562,-5.5324677
(unnamed),,,51.0287121,-3.1040326
(unnamed),,,50.6351748,-3.3259518
(unnamed),33000,,50.8048871,-4.3570429
(unnamed),,,50.4281098,-4.9471014
(unnamed),33000,,50.6442634,-4.5300516
(unnamed),,,50.7712527,-4.2287875
(unnamed),,,50.9337952,-2.3039825
(unnamed),,,51.1336596,-3.019675
(unnamed),,,51.1293715,-3.020742
(unnamed),,,51.1342087,-3.0271532
(unnamed),,,51.1267812,-3.0154379
(unnamed),,,51.1248415,-3.0139662
(unnamed),,,51.1251998,-3.0108431
(unnamed),,,51.1222407,-3.0020326
(unnamed),,,51.1182471,-3.0045697
(unnamed),,,51.1178186,-2.9999285
(unnamed),,,51.1160274,-2.9973017
(unnamed),,,51.1155929,-3.000344
(unnamed),,,51.1155522,-3.0015755
(unnamed),,,51.1129185,-2.9948893
(unnamed),,,51.1140456,-2.9969526
(unnamed),,,50.6096001,-2.4595966
(unnamed),,,50.4811319,-3.7744592
(unnamed),,,51.1173098,-3.0090931
(unnamed),,,51.1193866,-3.009418
(unnamed),,National Grid Electricity Distribution Plc,51.0281964,-3.1354153
(unnamed),,,51.0059418,-3.1236207
(unnamed),,,51.1161913,-3.0155665
(unnamed),,,51.0197986,-3.0483869
(unnamed),,,51.1152751,-3.0082536
(unnamed),,National Grid Electricity Distribution Plc,51.029981,-3.0402791
(unnamed),,,51.1147794,-3.0128975
(unnamed),,,51.1152312,-3.0095681
(unnamed),,,51.1174859,-2.9852565
(unnamed),,,51.1168521,-2.9852169
(unnamed),,,51.1349293,-2.9881724
(unnamed),,,51.1247791,-2.9861958
(unnamed),,,51.1233542,-2.9866898
(unnamed),33000,,51.0366336,-3.9293921
(unnamed),,,51.1192822,-2.9612809
(unnamed),,,50.7181179,-3.3680969
(unnamed),,,50.7221923,-3.3670615
(unnamed),,,51.1210305,-2.9868685
(unnamed),,,51.122408,-2.984301
(unnamed),,,51.0132432,-3.1224274
(unnamed),,National Grid Electricity Distribution,51.0182632,-3.0733798
(unnamed),33000,,51.0579712,-2.741433
(unnamed),33000,,51.077664,-2.5074604
(unnamed),,National Grid Electricity Distribution,50.9837668,-3.2193261
(unnamed),33000,National Grid Electricity Distribution,50.2134654,-5.2904639
(unnamed),33000,,50.9923262,-2.6008435
(unnamed),33000,National Grid Electricity Distribution,50.9546878,-2.6971706
(unnamed),33000,,50.9678662,-2.7733861
(unnamed),33000;11000,,51.2067513,-2.6497173
(unnamed),,National Grid Electricity Distribution Plc,51.061846,-3.2030975
(unnamed),,National Grid Electricity Distribution Plc,51.0538455,-3.1951824
(unnamed),33000,,51.0487311,-2.4107055
(unnamed),33000,,51.0713822,-2.3245966
(unnamed),,National Grid Electricity Distribution Plc,51.039834,-3.1908562
(unnamed),,National Grid Electricity Distribution Plc,51.0292901,-3.1377549
(unnamed),,,51.1233136,-2.9827254
(unnamed),,,51.1240128,-2.9795633
(unnamed),,National Grid Electricity Distribution Plc,51.0376832,-3.0532182
(unnamed),,National Grid Electricity Distribution Plc,51.0337687,-3.067973
(unnamed),,National Grid Electricity Distribution Plc,51.0320584,-3.0582101
(unnamed),,National Grid Electricity Distribution Plc,51.0338536,-3.0528951
(unnamed),,National Grid Electricity Distribution Plc,51.0278654,-3.1402919
(unnamed),,,50.4220337,-4.1141073
(unnamed),33000;11000,,50.9720511,-2.3902425
(unnamed),33000;11000,,50.9761951,-2.4578748
(unnamed),33000;11000,National Grid Electricity Distribution,50.346414,-4.4825036
(unnamed),33000,Western Power Distribution,51.0273205,-2.5607107
(unnamed),,,51.1227148,-2.9807811
(unnamed),,,51.1267074,-2.9881889
(unnamed),,National Grid Electricity Distribution Plc,51.0558036,-3.1976802
(unnamed),,,50.6059898,-2.4558613
(unnamed),,,51.1304089,-2.983644
(unnamed),,,51.1289984,-2.9842337
(unnamed),,,51.1312629,-2.9862861
(unnamed),33000;11000,SSE Power Distribution,50.7124766,-2.4386606
(unnamed),,National Grid Electricity Distribution,51.0208946,-3.094497
(unnamed),,National Grid Electricity Distribution,51.0225774,-3.0935982
(unnamed),,National Grid Electricity Distribution,51.0228094,-3.0945291
(unnamed),,,51.0247957,-3.1095463
(unnamed),,National Grid Electricity Distribution Plc,51.0118682,-3.1384796
(unnamed),,,51.1321459,-3.0094654
(unnamed),,National Grid Electricity Distribution Plc,51.0366579,-3.0573287
(unnamed),33000;11000,,50.8011029,-3.453821
(unnamed),,National Grid Electricity Distribution,51.0204627,-3.0635736
(unnamed),,,51.0308502,-3.0867978
(unnamed),,National Grid Electricity Distribution,51.0002898,-3.0925573
(unnamed),,,51.1356509,-2.9855084
(unnamed),,National Grid Electricity Distribution,50.9804369,-3.2193579
(unnamed),,National Grid Electricity Distribution,50.9820215,-3.2156802
(unnamed),,National Grid Electricity Distribution,50.9844621,-3.2173644
(unnamed),,,50.4370639,-4.1094235
(unnamed),33000,,50.949901,-2.6606559
(unnamed),,National Grid Electricity Distribution,50.227195,-5.2278263
(unnamed),,,50.2291038,-5.2262937
(unnamed),,National Grid Electricity Distribution,50.7255917,-2.9335106
(unnamed),,,50.732807,-2.7552506
(unnamed),,National Grid Electricity Distribution,51.0267371,-3.0908586
(unnamed),,National Grid Electricity Distribution,50.7323061,-3.447204
(unnamed),,National Grid Electricity Distribution,50.9806329,-3.2059184
(unnamed),,National Grid Electricity Distribution,50.9700018,-3.2456777
(unnamed),,National Grid Electricity Distribution,50.9746868,-3.2459547
(unnamed),,National Grid Electricity Distribution,50.9707784,-3.2500161
(unnamed),,National Grid Electricity Distribution,50.9747116,-3.2459581
(unnamed),,National Grid Electricity Distribution,50.7327043,-3.4612858
(unnamed),,National Grid Electricity Distribution Plc,50.7498715,-3.4030136
(unnamed),,National Grid Electricity Distribution Plc,50.7452507,-3.4166077
(unnamed),,National Grid Electricity Distribution Plc,50.7475268,-3.415938
(unnamed),,National Grid Electricity Distribution Plc,50.7483287,-3.4157068
(unnamed),,National Grid Electricity Distribution Plc,50.7482624,-3.4157475
(unnamed),,National Grid Electricity Distribution Plc,50.7485296,-3.4122857
(unnamed),,National Grid Electricity Distribution Plc,50.7492779,-3.4119549
(unnamed),,,50.8255827,-3.4212298
(unnamed),,National Grid Electricity Distribution,51.0227032,-3.0989479
(unnamed),,,50.9366465,-2.6415374
(unnamed),,National Grid Electricity Distribution,50.7534581,-3.4001777
(unnamed),,National Grid Electricity Distribution,50.7520421,-3.4044708
(unnamed),,National Grid Electricity Distribution Plc,50.7523484,-3.3842111
(unnamed),,National Grid Electricity Distribution Plc,50.7506301,-3.3990662
(unnamed),,National Grid Electricity Distribution Plc,50.7516624,-3.3961045
(unnamed),,,50.2429862,-5.2320775
(unnamed),,National Grid Electricity Distribution Plc,51.0337373,-3.0826383
(unnamed),,National Grid Electricity Distribution,50.9990854,-3.088825
(unnamed),,National Grid Electricity Distribution,50.9796684,-3.2054202
(unnamed),,National Grid Electricity Distribution,50.9862312,-3.2306682
(unnamed),33000,,50.9154848,-2.725866
(unnamed),33000;11000,National Grid,50.8116036,-2.761122
(unnamed),33000,,50.8815916,-2.785234
(unnamed),,,50.2417245,-3.8086687
(unnamed),,,50.084434,-5.3138631
(unnamed),,,51.1306549,-3.0124291
(unnamed),,National Grid Electricity Distribution Plc,51.0539455,-3.1848687
(unnamed),,,50.4459904,-3.5903796
(unnamed),,National Grid Electricity Distribution Plc,51.0553288,-3.1844727
(unnamed),,National Grid Electricity Distribution Plc,51.0556846,-3.1881806
(unnamed),,,50.4352788,-3.5856949
(unnamed),,,50.4389067,-3.5899438
(unnamed),,National Grid Electricity Distribution Plc,51.0591664,-3.1854125
(unnamed),,National Grid Electricity Distribution Plc,51.057854,-3.1860517
(unnamed),33000;11000,National Grid Electricity Distribution,50.2467348,-5.2306985
(unnamed),,,51.1322083,-2.985965
(unnamed),,National Grid Electricity Distribution Plc,51.0621759,-3.1873797
(unnamed),,National Grid Electricity Distribution Plc,51.0638039,-3.1858316
(unnamed),,National Grid Electricity Distribution Plc,51.0637721,-3.1858211
(unnamed),,National Grid Electricity Distribution Plc,51.0648779,-3.1843423
(unnamed),,,50.0966497,-5.2060322
(unnamed),,,51.2081914,-2.6460188
(unnamed),33000,,51.1191779,-2.9886981
(unnamed),,MS Power Projects Ltd.,50.7628618,-3.4008964
(unnamed),,NextEnergy Solar Fund Ltd.,50.765934,-3.407875
(unnamed),,NextEnergy Solar Fund Ltd.,50.7659947,-3.4080439
(unnamed),,MS Power Projects Ltd.,50.7628736,-3.4007941
(unnamed),,,50.5255033,-3.5924452
(unnamed),,,50.5399266,-3.509461
(unnamed),,,50.3717065,-4.1520195
(unnamed),,,50.4054728,-4.1190954
(unnamed),,,50.4017917,-4.1379882
(unnamed),33000;11000,,50.7780023,-2.5803677
(unnamed),33000;11000,,51.2001433,-2.216986
(unnamed),,,50.4119161,-4.13786
(unnamed),,National Grid Electricity Distribution,51.011607,-3.1046893
(unnamed),,Hive Energy,50.8244994,-3.3961019
(unnamed),,,50.2607653,-5.052403
(unnamed),,National Grid Electricity Distribution Plc,51.0259907,-3.1364507
(unnamed),,,50.4425612,-3.7110045
(unnamed),,Anesco,50.9340555,-3.1218926
(unnamed),33000,,50.8725201,-2.9581808
(unnamed),33000,,51.2000209,-2.3995345
(unnamed),33000;11000,,50.914958,-2.9148182
(unnamed),33000,,50.8097564,-2.6452146
(unnamed),33000,,50.8078052,-2.63992
(unnamed),33000;11000,,51.014455,-3.5289449
(unnamed),,,51.0999433,-4.1190667
(unnamed),132000;33000,,50.4428209,-4.2420614
(unnamed),33000,,50.5529579,-4.1613333
(unnamed),,National Grid Electricity Distribution Plc,50.7493409,-3.4634506
(unnamed),,National Grid Electricity Distribution Plc,50.7468551,-3.4647569
(unnamed),,National Grid Electricity Distribution Plc,50.7464628,-3.4614443
(unnamed),,Lightsource BP,50.7719517,-3.4676912
(unnamed),,,51.2954304,-2.4885147
(unnamed),,,50.9779799,-3.2223626
(unnamed),,,51.055178,-2.7421892
(unnamed),,Green Energy International,50.8788566,-3.3845243
(unnamed),,National Grid Electricity Distribution,50.8573733,-3.4086064
(unnamed),,National Grid Electricity Distribution,50.8571913,-3.4035421
(unnamed),,National Grid Electricity Distribution,50.859188,-3.4030565
(unnamed),,,50.4649485,-4.4564578
(unnamed),33000;11000,,50.1260712,-5.372179
(unnamed),33000;11000,National Grid Electricity Distribution,50.4738227,-4.7342605
(unnamed),33000;11000,National Grid Electricity Distribution,50.5136022,-4.9521812
(unnamed),33000,,50.7037511,-4.4082934
(unnamed),33000;11000,National Grid Electricity Distribution Plc,50.7120789,-4.4220286
(unnamed),33000;11000,National Grid Electricity Distribution,50.9290534,-4.0571066
(unnamed),,,50.7029517,-3.4730279
(unnamed),,National Grid Electricity Distribution Plc,51.0255887,-3.1401086
(unnamed),132000,,50.738885,-3.4500525
(unnamed),,,50.7091511,-2.4369071
(unnamed),,,50.7090007,-2.4322178
(unnamed),,National Grid Electricity Distribution Plc,51.0362234,-3.1538107
(unnamed),,National Grid Electricity Distribution Plc,51.0390055,-3.1530264
(unnamed),,National Grid Electricity Distribution Plc,51.0366831,-3.1552401
(unnamed),,National Grid Electricity Distribution Plc,51.0357243,-3.1557537
(unnamed),,National Grid Electricity Distribution Plc,51.0376186,-3.1591813
(unnamed),,National Grid Electricity Distribution Plc,51.0392265,-3.1564702
(unnamed),,,50.3875485,-4.136719
(unnamed),33000;11000,National Grid Electricity Distribution,50.2232833,-5.3231811
(unnamed),,National Grid Electricity Distribution Plc,50.7536556,-3.3940672
(unnamed),,National Grid Electricity Distribution Plc,50.7392334,-3.4274493
(unnamed),,,51.0225136,-2.6668366
(unnamed),,National Grid Electricity Distribution Plc,50.7526736,-3.3918387
(unnamed),,,50.772796,-4.1226262
(unnamed),,National Grid Electricity Distribution,51.0147343,-3.1048817
(unnamed),,,50.7518422,-3.2795683
(unnamed),,,50.7525591,-3.2630486
(unnamed),,National Grid Electricity Distribution,50.7277558,-3.5239483
(unnamed),,,50.4143497,-3.720587
(unnamed),,,50.9123338,-3.5029613
(unnamed),11000,SSE Distribution,50.959101,-2.372593
(unnamed),11000;400;230,,50.9606509,-2.3751084
(unnamed),,National Grid Electricity Distribution,51.0209878,-3.1027844
(unnamed),,,50.5455121,-3.6580579
(unnamed),,,50.9542875,-2.5069875
(unnamed),33000,,50.5066317,-4.8915608
(unnamed),33000;11000,,50.4375406,-4.9196434
(unnamed),,,50.4178414,-4.9310069
(unnamed),33000,,50.3523267,-5.0360419
(unnamed),33000;11000,,50.347373,-3.6822039
(unnamed),,,50.689892,-2.2232088
(unnamed),,,50.6934711,-2.3096761
(unnamed),,,50.6934744,-2.3098708
(unnamed),,,50.9438275,-2.5326802
(unnamed),,,50.923251,-3.4928925
(unnamed),,,50.8475764,-2.4711377
(unnamed),,,50.872693,-2.9543514
(unnamed),,,50.9330268,-2.3028237
(unnamed),33000;11000,,50.9867364,-2.9448643
(unnamed),,,51.0238736,-2.861834
(unnamed),,,50.8967765,-2.2778301
(unnamed),,,50.3515318,-4.8542901
(unnamed),,,50.7149496,-2.7563041
(unnamed),,,50.4047465,-4.2246064
(unnamed),33000;11000,,50.7122204,-3.4112972
(unnamed),,,50.4105251,-4.224702
(unnamed),,,50.77592,-2.3918384
(unnamed),33000;11000,,50.3408099,-4.648321
(unnamed),33000;11000,,50.37457,-4.7617746
(unnamed),33000,,50.1780305,-5.3850143
(unnamed),,,50.4055509,-4.2316924
(unnamed),,,50.4065472,-4.2299662
(unnamed),,,50.4075194,-4.2074568
(unnamed),,,50.4109727,-4.2290573
(unnamed),,,51.2093133,-3.5992213
(unnamed),,,50.4092383,-4.2303009
(unnamed),,,51.2108342,-3.5933563
(unnamed),,,51.2137568,-3.5931052
(unnamed),,,50.4130118,-4.2226504
(unnamed),,,50.4142471,-4.2309336
(unnamed),33000,,50.3736899,-4.1007125
(unnamed),,,50.6354644,-2.2250654
(unnamed),,,51.1843852,-2.9821329
(unnamed),,,50.5596879,-2.4468357
(unnamed),,,50.3571541,-4.4567907
(unnamed),,,50.3570424,-4.4554061
(unnamed),,SSE Power Distribution,50.6798368,-2.2894707
(unnamed),,SSE Power Distribution,50.6798294,-2.2895509
(unnamed),,SSE Power Distribution,50.6798134,-2.2896308
(unnamed),,,51.2108097,-4.1163915
(unnamed),,National Grid Electricity Distribution Plc,50.7556175,-3.3898586
(unnamed),,National Grid Electricity Distribution Plc,50.7514637,-3.3875364
(unnamed),,,50.2711263,-4.7890776
(unnamed),,,50.7428409,-3.4720123
(unnamed),,,50.3899113,-4.1421309
(unnamed),,,50.7420757,-3.4748923
(unnamed),,,50.7275269,-3.4724534
(unnamed),,National Grid Electricity Distribution Plc,50.7500461,-3.4680308
(unnamed),,,50.2198125,-5.2946073
(unnamed),,,50.2622551,-5.1090279
(unnamed),,National Grid Electricity Distribution,50.2622439,-5.0522956
(unnamed),,,50.2611466,-5.0491693
(unnamed),,National Grid Electricity Distribution,50.2651525,-5.0543582
(unnamed),,,50.2593138,-5.0473298
(unnamed),,National Grid Electricity Distribution,50.2608786,-5.0549329
(unnamed),,,50.2620515,-5.04648
(unnamed),400000,,51.2865427,-2.899964
(unnamed),,,50.2594362,-5.0495596
(unnamed),,National Grid Electricity Distribution,50.2636583,-5.1200951
(unnamed),,SSE Power Distribution,50.692859,-2.3314051
(unnamed),,,50.5284829,-4.6786683
(unnamed),,,50.8359865,-3.0731719
(unnamed),,,50.8603595,-3.3882528
(unnamed),,National Grid Electricity Distribution,50.9742267,-3.2156251
(unnamed),,,50.7332221,-3.4707992
(unnamed),,,50.3111615,-5.0297689
(unnamed),,,51.1146805,-2.4425805
(unnamed),,,50.6265408,-2.2690807
(unnamed),,,50.6798082,-2.2201023
(unnamed),,,50.7560945,-2.2115585
(unnamed),,,51.0143969,-2.6455412
(unnamed),,,51.0148076,-2.6408566
(unnamed),,,50.7348033,-3.4770652
(unnamed),,,50.4024752,-4.1549997
(unnamed),,,50.4005948,-4.1483153
(unnamed),,,50.4003081,-4.1444084
(unnamed),,,50.4034803,-4.1231246
(unnamed),,,50.4052029,-4.1261161
(unnamed),,National Grid Electricity Distribution,51.0038845,-3.1047019
(unnamed),,National Grid Electricity Distribution Plc,50.996162,-3.0922759
(unnamed),,,50.4018928,-4.1506652
(unnamed),,,50.8997868,-2.2799902
(unnamed),,,51.0888587,-4.0687568
(unnamed),11000,,50.1298819,-5.503368
(unnamed),,,50.7266744,-3.4800455
(unnamed),,,51.0529521,-4.1914589
(unnamed),,National Grid Electricity Distribution Plc,51.0031767,-3.1440391
(unnamed),,National Grid Electricity Distribution Plc,51.0053022,-3.1392178
(unnamed),,,51.0188036,-4.2041544
(unnamed),,National Grid Electricity Distribution,51.0169472,-4.2046684
(unnamed),,,51.024033,-4.2098243
(unnamed),,,50.297381,-4.8979108
(unnamed),,National Grid Electricity Distribution,50.7522618,-3.399368
(unnamed),,National Grid Electricity Distribution,50.7518246,-3.4010564
(unnamed),,,50.6981946,-2.2292223
(unnamed),,,50.6990205,-2.2428953
(unnamed),,,50.4809201,-4.6814539
(unnamed),,National Grid Electricity Distribution,50.9786424,-3.2086546
(unnamed),,National Grid Electricity Distribution,50.9794786,-3.2068757
(unnamed),,,51.1502707,-2.7209962
(unnamed),,,50.4016318,-4.1463291
(unnamed),,,50.3384808,-4.7948194
(unnamed),,,50.5404311,-4.937878
(unnamed),,National Grid Electricity Distribution,50.9850399,-3.2033256
(unnamed),,National Grid Electricity Distribution,50.9846245,-3.2022028
(unnamed),,,50.8057138,-4.3658202
(unnamed),,,50.6123914,-2.4547739
(unnamed),,National Grid Electricity Distribution Plc,51.0000953,-3.1316546
(unnamed),,,50.3930346,-4.1910717
(unnamed),,,50.3926154,-4.1930573
(unnamed),,,50.3944005,-4.1846485
(unnamed),,National Grid Electricity Distribution,50.7513622,-3.3999672
(unnamed),,National Grid Electricity Distribution,50.7942964,-3.1980302
(unnamed),,,50.4644233,-4.465433
(unnamed),,,50.3936266,-4.1814943
(unnamed),,,50.3915183,-4.1879354
(unnamed),,,50.3913101,-4.1890101
(unnamed),,,50.3901624,-4.1882918
(unnamed),,Scottish and Southern Electricity Networks,50.6144463,-2.4544482
(unnamed),,,50.6083979,-2.4564651
(unnamed),,,50.3900943,-4.1857909
(unnamed),,,50.749386,-2.3479572
(unnamed),,Scottish and Southern Electricity Networks,50.7491453,-2.3435033
(unnamed),,,50.7454577,-2.3463813
(unnamed),,,50.3847893,-4.1834998
(unnamed),,,50.3807003,-4.1833259
(unnamed),,,50.3821818,-4.1866335
(unnamed),,National Grid Electricity Distribution Plc,50.7420057,-3.462653
(unnamed),,Scottish and Southern Electricity Networks,50.6164855,-2.4529691
(unnamed),,Scottish and Southern Electricity Networks,50.617408,-2.4525653
(unnamed),,,50.3432109,-4.8262975
(unnamed),,Scottish and Southern Electricity Networks,50.5881897,-2.4712247
(unnamed),,Scottish and Southern Electricity Networks,50.5985935,-2.4707463
(unnamed),,Scottish and Southern Electricity Networks,50.5969702,-2.4642079
(unnamed),,Scottish and Southern Electricity Networks,50.5903408,-2.4711775
(unnamed),,Scottish and Southern Electricity Networks,50.5931118,-2.4674991
(unnamed),,,50.4736097,-4.7041774
(unnamed),,,50.2277322,-5.2335048
(unnamed),,Scottish and Southern Electricity Networks,50.5927517,-2.4750727
(unnamed),,Scottish and Southern Electricity Networks,50.5967292,-2.4782473
(unnamed),,Scottish and Southern Electricity Networks,50.5908322,-2.4763954
(unnamed),,Scottish and Southern Electricity Networks,50.6175944,-2.501867
(unnamed),,Scottish and Southern Electricity Networks,50.623607,-2.5050086
(unnamed),,Scottish and Southern Electricity Networks,50.6227415,-2.4935712
(unnamed),,Scottish and Southern Electricity Networks,50.6216541,-2.4954539
(unnamed),,Scottish and Southern Electricity Networks,50.6207151,-2.4944321
(unnamed),,Scottish and Southern Electricity Networks,50.627515,-2.4996702
(unnamed),,,50.2284631,-5.2377095
(unnamed),,,50.7954811,-2.3154728
(unnamed),,Scottish and Southern Electricity Networks,50.6070372,-2.4785253
(unnamed),,SSE,51.0567434,-2.4164906
(unnamed),,National Grid Electricity Distribution,50.4656948,-4.7126137
(unnamed),,,50.2887179,-4.9445274
(unnamed),,,50.2880636,-4.9437027
(unnamed),,Network Rail,50.481739,-4.2046788
(unnamed),,Network Rail,50.4818089,-4.2046875
(unnamed),,,50.3881791,-3.8608334
(unnamed),132000,,51.0456495,-4.1223836
(unnamed),,National Grid,50.2324026,-5.2324136
(unnamed),,,51.2292831,-2.3358784
(unnamed),,,50.2310471,-5.2363148
(unnamed),,Scottish and Southern Electricity Networks,50.6267732,-2.4598074
(unnamed),,,50.2341253,-5.2420231
(unnamed),,,50.3865834,-3.8632615
(unnamed),,,50.6237055,-2.472157
(unnamed),,,50.6103293,-2.4742703
(unnamed),,,50.6964375,-3.2443837
(unnamed),,,50.6965606,-3.2473751
(unnamed),,,50.6962432,-3.2502592
(unnamed),,,50.6981597,-3.2482188
(unnamed),,,50.6992216,-3.246647
(unnamed),,,50.6994938,-3.2437341
(unnamed),,,50.6993142,-3.2493989
(unnamed),,,50.6974259,-3.2411046
(unnamed),,,50.0923983,-5.3187386
(unnamed),,,51.05578,-2.4103106
(unnamed),,,51.2447095,-2.3269631
(unnamed),,,50.4110974,-5.0766316
(unnamed),,,50.4796514,-4.7000148
(unnamed),,,51.2039788,-2.204247
(unnamed),,National Grid,50.712728,-3.5178725
(unnamed),,National Grid Electricity Distribution,50.339732,-4.7825977
(unnamed),,,50.7537305,-3.2685863
(unnamed),,,50.7163876,-3.5183545
(unnamed),,National Grid Electricity Distribution,50.7140169,-3.4695466
(unnamed),,,50.7103594,-3.5166061
(unnamed),,,50.3596611,-4.783072
(unnamed),400000,NGET,51.1526169,-2.974852
(unnamed),400000,NGET,51.1521811,-2.9698047
(unnamed),400000,,50.7198907,-2.5576494
(unnamed),,National Grid Electricity Distribution Plc,50.8509804,-3.4038723
(unnamed),,National Grid Electricity Distribution Plc,51.0521075,-3.1839885
(unnamed),,,50.1466803,-5.0627368
(unnamed),,National Grid Electricity Distribution,50.3404914,-4.7619961
(unnamed),,,51.2849749,-2.8130874
(unnamed),,,50.7029191,-2.2466449
(unnamed),400000,,50.6602981,-2.5105541
(unnamed),400000,,51.2032724,-3.1385689
(unnamed),,,50.3659012,-4.1823972
(unnamed),,,51.0030958,-3.1446851
(unnamed),,,51.0937633,-2.5214872
(unnamed),,National Grid,50.1662558,-5.1147082
(unnamed),,National Grid,50.1689375,-5.1092221
(unnamed),,National Grid,50.2130457,-5.3118982
(unnamed),,,50.7836274,-2.2799742
(unnamed),,,50.7797973,-2.281367
(unnamed),132000,,50.8173069,-3.361331
(unnamed),132000,,50.817764,-3.3616555
(unnamed),132000,,51.1191348,-2.9692564
(unnamed),,,50.7346938,-3.4516792
(unnamed),,National Grid Electricity Distribution Plc,50.7536046,-3.3821806
(unnamed),,,51.2348799,-2.9940512
(unnamed),,National Grid,50.2212433,-5.2817482
(unnamed),,,50.3563341,-4.7828237
(unnamed),,National Grid Electricity Distribution,50.2768695,-5.0423336
(unnamed),33000;11000,,50.1110192,-5.2689932
