Project Name,Customer Name,Connection Site,Stage,MW Connected,MW Increase / Decrease,Cumulative Total Capacity (MW),MW Effective From,Project Status,Agreement Type,HOST TO,Plant Type,Project ID,Project Number,Gate
012 NEP Coventry West,NEW ENERGY PARTNERSHIP LIMITED,Berkswell GSP,,0.00,92.40,92.40,2034-10-31,Scoping,Embedded,NGET,Energy Storage System,a0l8e000000f3zXAAQ,PRO-003804,
014 NEP Bransholme,NEW ENERGY PARTNERSHIP LIMITED,North Humber Connection Node C 132kV Substation,,0.00,40.00,40.00,2035-10-30,Scoping,Embedded,NGET,Energy Storage System,a0l8e000001HntMAAS,PRO-004043,
17 Acres and BESS,AEUK BATTERY PROJECT II LTD,17 ACRES BESS 275KV SUBSTATION,,0.00,95.76,95.76,2032-06-30,Scoping,Direct Connection,SHET,Energy Storage System,a0l8e0000012ezRAAQ,PRO-004392,1
50MW BESS Connagill,Cerulisia Ltd,New Connagill 275/132kV Substation,,0.00,50.00,50.00,2031-10-31,Scoping,Direct Connection,SHET,Energy Storage System,a0lJ9000000blmDIAQ,PRO-004938,1
Abedare,UK POWER RESERVE LIMITED,Upperboat 132kV Substation,,10.00,0.00,10.00,,Built,Embedded,NGET,CCGT (Combined Cycle Gas Turbine),a0l4L0000005iWRQAY,PRO-000001,
Aberarder Extension Wind Farm,Renewable Energy Systems Limited,Aberarder Extension Wind Farm 132/33kV Substation,,0.00,138.00,138.00,2031-04-30,Scoping,Direct Connection,SHET,Energy Storage System;Wind Onshore,a0l8e0000010wQ0AAI,PRO-002589,1
Aberarder Wind Farm,ABERARDER WIND FARM LLP,Aberarder Wind Farm 132/33kV Substation,,0.00,49.99,49.99,2026-08-31,Consents Approved,Direct Connection,SHET,Wind Onshore,a0l4L0000005ilHQAQ,PRO-000368,
Aberdeen Offshore Wind Farm,ABERDEEN OFFSHORE WIND FARM LIMITED,Aberdeen Bay 132kV Substation,,95.50,0.00,95.50,,Built,Direct Connection,SHET,Wind Offshore,a0l4L0000005itBQAQ,PRO-000002,
Aberthaw (Tertiary),Aberthaw Green Limited,Aberthaw 275kV Substation,,0.00,57.00,57.00,2029-10-31,Scoping,Direct Connection,NGET,Energy Storage System;PV Array (Photo Voltaic/solar),a0l4L0000005ixjQAA,PRO-000376,1
Aberthaw BESS,REWE 7 LIMITED,Aberthaw B 275/132kV Substation,,0.00,240.00,240.00,2037-10-15,Scoping,Direct Connection,NGET,Energy Storage System,a0l8e000000f65FAAQ,PRO-003954,1
Aberthaw Energy,ABERTHAW ENERGY LIMITED,Aberthaw 275kV Substation,,0.00,249.00,249.00,2028-10-30,Scoping,Direct Connection,NGET,Energy Storage System,a0l4L0000005ietQAA,PRO-001697,1
Aberthaw PV & BESS Generation,REWE 12 Limited,Aberthaw 275kV Substation,,0.00,200.00,200.00,2029-06-30,Scoping,Direct Connection,NGET,Energy Storage System,a0l4L0000005ikSQAQ,PRO-001815,
Abhainn Dubh Wind Farm,E Power Limited,Abhainn Dubh Wind Farm 132kV Substation,,0.00,75.00,75.00,2029-05-31,Scoping,Direct Connection,SHET,Wind Onshore,a0l4L0000005ivFQAQ,PRO-002272,1
Achanalt Battery Storage,ADTEK LIMITED,Grudie Bridge GSP,,0.00,49.90,49.90,2027-10-31,Scoping,Embedded,SHET,Energy Storage System,a0l8e000001HrmUAAS,PRO-004221,1
Achany Extension Wind Farm,SSE GENERATION LIMITED,ACHANY EXTENSION WIND FARM 132/33KV Substation,,0.00,105.00,105.00,2028-03-30,Scoping,Direct Connection,SHET,Wind Onshore,a0l4L0000005iiYQAQ,PRO-001555,
Acheilidh Wind Farm,ENERGYFARM UK ACHEILIDH LTD,Acheilidh Wind farm 132kV Substation,,0.00,84.20,84.20,2033-10-31,Scoping,Direct Connection,SHET,Energy Storage System;Wind Onshore,a0lJ9000000PDsuIAG,PRO-005042,
Achies BESS,IGP ENERGY STORAGE 5 LIMITED,New Spittal 275kV Substation,,0.00,200.00,200.00,2037-10-31,Scoping,Direct Connection,SHET,Energy Storage System,a0lJ9000000POVhIAO,PRO-006050,1
A'Chruach Wind Farm,A'CHRUACH WIND FARM LIMITED,A'Chruach Wind Farm 275kV Substation,,43.00,0.00,43.00,,Built,Direct Connection,SHET,Wind Onshore,a0l4L0000005itEQAQ,PRO-000005,
Achrugan Wind Farm,Statkraft Windco 1 Limited,Achrugan 132kV Substation,,0.00,149.00,149.00,2030-07-31,Scoping,Direct Connection,SHET,Energy Storage System;Wind Onshore,a0l4L0000005ivEQAQ,PRO-002267,1
Acton Reynald,SOLAR 2 LIMITED,Staffordshire Connection Node D 132kV Substation,,0.00,150.00,150.00,2037-10-31,Scoping,Embedded,NGET,Energy Storage System;PV Array (Photo Voltaic/solar),a0l8e0000012gbtAAA,PRO-004437,1
Afan Wind Farm and BESS,TRYDAN GWYRDD CYMRU (Welsh Government) Ltd,SOUTH WALES WEST CONNECTION NODE A 132KV SUBSTATION,,0.00,150.00,150.00,2036-12-06,Scoping,Embedded,NGET,Energy Storage System;Wind Onshore,a0l8e0000012i2aAAA,PRO-004588,
Afon Ddaw,LIGHTSOURCE SPV 214 LIMITED,Aberthaw 275kV Substation,,0.00,249.00,249.00,2029-10-31,Scoping,Direct Connection,NGET,Energy Storage System;PV Array (Photo Voltaic/solar),a0l4L0000005ikYQAQ,PRO-001775,
Afton Wind Farm,AFTON WIND FARM LIMITED,Blackhill 132/33kV,,50.00,0.00,50.00,,Built,Direct Connection,SPT,Wind Onshore,a0l4L0000005ipiQAA,PRO-000558,
AGS Calderside Battery Energy Storage System,Advance Grid Solutions Limited,AGS CALDERSIDE 275KV  SUBSTATION,1.00,0.00,300.00,300.00,2029-10-31,Scoping,Direct Connection,SPT,Energy Storage System,a0l8e0000010wexAAA,PRO-002752-1,1
AGS Calderside Battery Energy Storage System,Advance Grid Solutions Limited,AGS CALDERSIDE 275KV  SUBSTATION,2.00,0.00,200.00,500.00,2033-10-31,Scoping,Direct Connection,SPT,Energy Storage System,a0l8e0000010wexAAA,PRO-002752-2,
AGS Calderside PV Solar,Advance Grid Solutions Limited,Clydesmill 275/33kV,,0.00,63.00,63.00,2027-05-31,Scoping,Embedded,SPT,PV Array (Photo Voltaic/solar),a0l8e000001Hrv4AAC,PRO-004225,
AGS Coatbridge,Advance Grid Solutions Limited,Coatbridge GSP,,0.00,60.00,60.00,2033-04-30,Scoping,Embedded,SPT,Energy Storage System,a0l8e0000012hpwAAA,PRO-004544,
AGS Harestonhill BESS,AGS Harestonhill Ltd,AGS Harestonhill BESS 400kV Substation,,0.00,500.00,500.00,2030-10-31,Scoping,Direct Connection,SPT,Energy Storage System,a0l8e000000ewOTAAY,PRO-003656,1
AGS Inverclyde BESS,SLATE ISLAND DEVELOPMENTS LIMITED,Braeside IDNO 132/33kV substation,,0.00,99.00,99.00,2031-10-31,Scoping,Embedded,SPT,Energy Storage System,a0l8e000000f4OeAAI,PRO-003840,1
AGS Nerston 2 BESS,Advance Grid Solutions Limited,East Kilbride B 275/33kV Substation,,0.00,55.00,55.00,2033-10-31,Scoping,Embedded,SPT,Energy Storage System,a0l8e000001Hrv9AAC,PRO-004226,1
AGS Nerston 3 BESS,Advance Grid Solutions Limited,East Kilbride B 275/33kV Substation,,0.00,55.00,55.00,2033-10-31,Scoping,Embedded,SPT,Energy Storage System,a0l8e000001HrvEAAS,PRO-004227,1
AGS Nerston BESS,Advance Grid Solutions Limited,East Kilbride B 275/33kV Substation,,0.00,50.00,50.00,2033-10-31,Scoping,Embedded,SPT,Energy Storage System,a0l8e000001HrhsAAC,PRO-004216,
Aigas (part of the Beauly Cascade),SSE GENERATION LIMITED,Aigas Hydro 132kV Substation,,20.00,0.00,20.00,,Built,Direct Connection,SHET,Hydro,a0l4L0000005itFQAQ,PRO-000006,
Aikengall II Windfarm,AIKENGALL II COMMUNITY WIND COMPANY LIMITED,Wester Dod 132kV,,63.80,0.00,63.80,,Built,Direct Connection,SPT,Wind Onshore,a0l4L0000005itGQAQ,PRO-000007,
Aikengall IIA Wind Farm,AIK2A SUSTAINABLE ENERGY LTD,Wester Dod 132kV,,81.20,0.00,81.20,,Built,Direct Connection,SPT,Wind Onshore,a0l4L0000005iphQAA,PRO-000559,
Airds Hill Wind Farm,ONPATH ENERGY LIMITED,Airds Hill WindFarm 132kV Substation,,0.00,80.00,80.00,2031-05-30,Scoping,Direct Connection,SPT,Energy Storage System;Wind Onshore,a0l8e0000011ymbAAA,PRO-003545,1
Airies Wind Farm,AIRIES WINDFARM LIMITED,Newton Stewart 132/33kV,,35.00,0.00,35.00,,Built,Embedded,SPT,Wind Onshore,a0l4L0000005iWSQAY,PRO-000008,
Airtnoch BESS,TURBINE MARKETING SPV LIMITED,Whitelee Extension 275/33kV,,0.00,89.00,89.00,2027-09-29,Awaiting Consents,Direct Connection,SPT,Energy Storage System,a0l8e000000eygIAAQ,PRO-003769,1
Aitkenhead Farm BESS,Aitkenhead Storage Facility Limited,Clydesmill 275/33kV,,0.00,300.00,300.00,2028-10-31,Scoping,Direct Connection,SPT,Demand;Energy Storage System,a0l8e0000010wPWAAY,PRO-002585,1
Akku Tealing Battery Storage,Akku Tealing Limited,Tealing 275/33kV Substation,,0.00,500.00,500.00,2033-10-31,Scoping,Direct Connection,SHET,Energy Storage System,a0l8e0000010xi1AAA,PRO-003092,
Al Boum Photo (Norton),AL BOUM PHOTO LTD,Norton 400kV Substation,,0.00,275.00,275.00,2031-10-31,Consents Approved,Direct Connection,NGET,Energy Storage System,a0l4L0000005ixrQAA,PRO-001651,
Alcemi  Ridham Docks BESF,Alcemi Storage Developments 23 Ltd,North Kent Connection Node A 400kV Substation,,0.00,280.00,280.00,2033-10-31,Scoping,Direct Connection,NGET,Energy Storage System,a0l8e000000TPEFAA4,PRO-003211,1
Alcemi Armadale BESS,ALCEMI STORAGE DEVELOPMENTS 8 LTD,Whitburn 400kV substation,,0.00,280.00,280.00,2030-10-31,Scoping,Direct Connection,SPT,Energy Storage System,a0l8e000000f7gRAAQ,PRO-004011,1
Alcemi Bramford Battery Energy Storage Facility,ALCEMI STORAGE DEVELOPMENTS 1 LIMITED,Bramford 400kV Substation,,0.00,500.00,500.00,2030-10-30,Scoping,Direct Connection,NGET,Energy Storage System,a0l4L0000005iaqQAA,PRO-001416,1
Alcemi Bramford Battery Energy Storage Facility Phase 2,ALCEMI STORAGE DEVELOPMENTS 1 LIMITED,South Anglia Connection Node A 400kV Substation,,0.00,1000.00,1000.00,2034-10-31,Scoping,Direct Connection,NGET,Energy Storage System,a0l8e000000TPHYAA4,PRO-003235,1
Alcemi Devilla Battery Energy Storage Facility,ALCEMI STORAGE DEVELOPMENTS 3 LIMITED,Devilla Battery Storage 275kV substation,,0.00,500.00,500.00,2027-10-30,Scoping,Direct Connection,SPT,Energy Storage System,a0l4L0000005icyQAA,PRO-001453,2
Alcemi Midmill BESS,ALCEMI STORAGE DEVELOPMENTS 2 LIMITED,Kintore 275kV,,0.00,300.00,300.00,2029-12-31,Scoping,Direct Connection,SHET,Energy Storage System,a0l4L0000005iaAQAQ,PRO-002014,
Alcemi Score 2 Battery Energy Storage Facility,ALCEMI STORAGE DEVELOPMENTS 5 LIMITED,Alcemi Score Battery 400kV Substation,,0.00,500.00,500.00,2029-10-31,Scoping,Direct Connection,SHET,Energy Storage System,a0l4L0000005ikEQAQ,PRO-001790,1
Alcemi Score Battery Energy Storage Facility,ALCEMI STORAGE DEVELOPMENTS 5 LIMITED,ALCEMI SCORE BATTERY ENERGY STORAGE FACILITY 400KV SUBSTATION,,0.00,500.00,500.00,2029-10-31,Scoping,Direct Connection,SHET,Energy Storage System,a0l4L0000005izQQAQ,PRO-001575,1
Alderton PV & BESS Station,BNRG ALBION LIMITED,East Claydon 400kV Substation,,0.00,450.00,450.00,2037-10-31,Scoping,Direct Connection,NGET,Energy Storage System;PV Array (Photo Voltaic/solar),a0l8e0000010wg5AAA,PRO-002764,1
Allt an Tuir Renewable Energy Park,ALLT AN TUIR RENEWABLE ENERGY PARK LIMITED,Shin 1 GSP,,0.00,50.00,50.00,2031-06-30,Scoping,Embedded,SHET,Energy Storage System;PV Array (Photo Voltaic/solar);Wind Onshore,a0l4L0000005iNjQAI,PRO-001819,
Allt Domhain Wind Farm,ENERGYFARM ALLT DOMHAIN LTD,CARRADALE 3 132/33KV GRID SUPPLY POINT SUBSTATION,,0.00,64.80,64.80,2035-10-31,Scoping,Embedded,SHET,Wind Onshore,a0lJ9000000POFuIAO,PRO-006015,1
Almondell Lodge BESS & Solar Development,BROXBURN ENERGY STORAGE LIMITED,Broxburn 132/33kV,,0.00,50.00,50.00,2024-04-30,Built,Embedded,SPT,Energy Storage System,a0l4L0000005iTtQAI,PRO-001667,2
Altnabreac Windfarm,ALTNABREAC WIND FARM LIMITED,Connagill 275kV Substation,,0.00,130.00,130.00,2032-10-31,Scoping,Direct Connection,SHET,Energy Storage System;Wind Onshore,a0lJ9000000blmcIAA,PRO-004941,
Alverdiscott,PIVOTED POWER LLP,Alverdiscott 400kV Substation,1.00,0.00,49.90,49.90,2029-10-31,Scoping,Direct Connection,NGET,Energy Storage System,a0l4L0000005ieSQAQ,PRO-001136-1,1
Alverdiscott,PIVOTED POWER LLP,Alverdiscott 400kV Substation,2.00,0.00,50.10,100.00,2036-10-31,Scoping,Direct Connection,NGET,Energy Storage System,a0l4L0000005ieSQAQ,PRO-001136-2,1
Alverdiscott,XLINKS 1 LTD,Alverdiscott 400kV Substation,,0.00,1800.00,1800.00,2030-08-30,Scoping,Direct Connection,NGET,Interconnector,a0l4L0000005iwaQAA,PRO-001344,
Alverdiscott 2,XLINKS 1 LTD,Alverdiscott 400kV Substation,,0.00,1800.00,1800.00,2032-08-30,Scoping,Direct Connection,NGET,Interconnector,a0l4L0000005iwbQAA,PRO-001345,
Alverdiscott Farm,Alverdiscott 10 Renewables Ltd,Alverdiscott 400kV Substation,,0.00,1000.00,1000.00,2037-04-24,Scoping,Direct Connection,NGET,Energy Storage System;PV Array (Photo Voltaic/solar),a0l4L000002yQZtQAM,PRO-002554,
Alyth,ECODEV (ALYTH) LTD,Alyth Solar and Battery 400/132kV,1.00,0.00,450.00,450.00,2029-10-31,Scoping,Direct Connection,SHET,Energy Storage System;PV Array (Photo Voltaic/solar),a0l4L0000005iZLQAY,PRO-001978-1,
Alyth,ECODEV (ALYTH) LTD,Alyth Solar and Battery 400/132kV,2.00,0.00,450.00,900.00,2033-10-31,Scoping,Direct Connection,SHET,Energy Storage System;PV Array (Photo Voltaic/solar),a0l4L0000005iZLQAY,PRO-001978-2,
Alyth BESS Station,IGP INTERNATIONAL PROSPECTING LIMITED,ALYTH BESS STATION 400KV SUBSTATION,,0.00,500.00,500.00,2033-10-31,Scoping,Direct Connection,SHET,Energy Storage System,a0l4L0000005j14QAA,PRO-002466,1
ALYTH ENERGY STORAGE AND SOLAR,PRIVATE ENERGY PARTNERS (UK) LTD,Alyth 400kV Substation,,0.00,400.00,400.00,2033-10-31,Scoping,Direct Connection,SHET,Energy Storage System;PV Array (Photo Voltaic/solar),a0l8e0000012jUGAAY,PRO-004680,1
Amersham BESS & Substation,O&G Solar (SPV 31) Limited,Amersham Main 400kV Substation,,0.00,249.90,249.90,2034-10-31,Scoping,Direct Connection,NGET,Energy Storage System,a0l4L0000005iyBQAQ,PRO-002354,
Amersham Main,Amersham 10 Renewables Limited,London North West Connection Node A 400kV Substation,,0.00,1000.00,1000.00,2037-10-31,Scoping,Direct Connection,NGET,Energy Storage System;PV Array (Photo Voltaic/solar),a0l8e000000TPQWAA4,PRO-003404,
Amersham Substation,Sandbrook Capital BES Ltd,London North West Connection Node A 132kV Substation,,0.00,200.00,200.00,2037-10-31,Scoping,Embedded,NGET,Energy Storage System,a0l8e0000012i3YAAQ,PRO-004598,1
AMP Eccles BESS,Eccles Grid Stability Limited,Eccles 400/132kV,,0.00,49.90,49.90,2029-10-31,Scoping,Direct Connection,SPT,Energy Storage System,a0l8e000000f4AmAAI,PRO-003836,
An Suidhe Wind Farm - Argyll (SRO),AN SUIDHE WIND FARM LIMITED,Eredine GSP,,19.30,0.00,19.30,,Built,Direct Connection,SHET,Wind Onshore,a0l4L0000005itHQAQ,PRO-000009,
Andershaw Wind Farm,ANDERSHAW WIND POWER LIMITED,Linnmill 132/33kV,,35.00,0.00,35.00,,Built,Embedded,SPT,Wind Onshore,a0l4L0000005iWTQAY,PRO-000010,
Andrew BESS,Apatura Battery Ltd,Andrew BESS 132kV Substation,,0.00,100.00,100.00,2030-07-31,Scoping,Direct Connection,SPT,Energy Storage System,a0l8e000000eybqAAA,PRO-003766,1
Apley Head Farm,Queequeg Renewables Ltd,Trent Valley South Connection Node B 400kV Substation,,0.00,240.00,240.00,2035-10-30,Scoping,Direct Connection,NGET,Energy Storage System;PV Array (Photo Voltaic/solar),a0l8e000000f6EdAAI,PRO-003968,
Appin Wind Farm,Appin Wind Farm Limited,Appin Wind Farm 132kV Substation,,0.00,66.00,66.00,2031-10-31,Scoping,Direct Connection,SPT,Wind Onshore,a0l8e0000010wXBAAY,PRO-002661,1
Arbroath Battery Substation,ARBROATH LIMITED,Arbroath GSP,,0.00,35.00,35.00,2022-02-21,Consents Approved,Embedded,SHET,Energy Storage System,a0l4L0000005iSwQAI,PRO-000950,
Ardkinglas,SCOTTISHPOWER RENEWABLES (UK) LIMITED,Ardkinglas GSP,,19.25,0.00,19.25,,Built,Embedded,SHET,Wind Onshore,a0l4L0000005iWVQAY,PRO-000013,
Ardleigh Solar & BESS,Nembus BESS Limited,Hadleigh 400kV Substation,,0.00,600.00,600.00,2032-10-31,Scoping,Direct Connection,NGET,Energy Storage System;PV Array (Photo Voltaic/solar),a0l8e0000010wVFAAY,PRO-002644,
Ardoch Farm Battery Storage,CAPBAL (KILWINNING) LIMITED,Kilwinning 132/33kV,,0.00,27.00,27.00,2026-04-30,Scoping,Embedded,SPT,Energy Storage System,a0l4L0000005iUVQAY,PRO-002431,
Ardonald Wind Farm,Ardonald Renewables Limited,New North East 275kV Substation,,0.00,200.00,200.00,2033-10-31,Scoping,Direct Connection,SHET,Energy Storage System;PV Array (Photo Voltaic/solar);Wind Onshore,a0l8e0000011xxpAAA,PRO-003491,
Arecleoch,SCOTTISHPOWER RENEWABLES (UK) LIMITED,Arecleoch 132/33kV,1.00,114.00,0.00,114.00,,Built,Direct Connection,SPT,Wind Onshore,a0l4L0000005itIQAQ,PRO-000012-1,
Arecleoch,SCOTTISHPOWER RENEWABLES (UK) LIMITED,Arecleoch 132/33kV,2.00,0.00,216.00,330.00,2032-06-15,Scoping,Direct Connection,SPT,Wind Onshore,a0l4L0000005itIQAQ,PRO-000012-2,
Arecleoch Extension Windfarm,SCOTTISHPOWER RENEWABLES (UK) LIMITED,Arecleoch 132/33kV,,0.00,72.80,72.80,2026-08-31,Scoping,Direct Connection,SPT,Wind Onshore,a0l4L0000005ixHQAQ,PRO-001111,
Arkwright,ARLINGTON (GROUP SERVICES) LIMITED,Chesterfield 400kV Substation (Not yet constructed),,0.00,57.00,57.00,2034-10-30,Scoping,Direct Connection,NGET,Energy Storage System,a0l8e000000TPIbAAO,PRO-003248,
Arresgill Energy Storage 1,Arresgill Energy Storage 1 Limited,Arresgill 132kV Substation,,0.00,49.00,49.00,2031-10-31,Scoping,Direct Connection,SPT,Energy Storage System,a0l8e000000TPIRAA4,PRO-003246,1
Arresgill Wind Farm,ARRESGILL ENERGY LIMITED,Arresgill 132kV Substation,,0.00,150.00,150.00,2031-10-31,Scoping,Direct Connection,SPT,Wind Onshore,a0l4L0000005ikZQAQ,PRO-002409,1
Artfield Forest Wind Farm,ARTFIELD FOREST WIND FARM LTD,Artfield Forest Wind Farm 132kV Substation,,0.00,85.80,85.80,2030-06-28,Consents Approved,Direct Connection,SPT,Wind Onshore,a0l8e0000011zPNAAY,PRO-003578,
ARVEN OFFSHORE WIND FARM,ARVEN OFFSHORE WIND FARM LIMITED,Northern Shetland 400kV Substation,,0.00,1800.00,1800.00,2033-10-31,Scoping,Direct Connection,SHET,Wind Offshore,a0l8e000000TPOFAA4,PRO-003288,
Arven South Offshore Wind Farm,ARVEN SOUTH LIMITED,Northern Shetland 400kV Substation,,0.00,500.00,500.00,2033-10-31,Scoping,Direct Connection,SHET,Wind Offshore,a0l8e000001HxQ5AAK,PRO-004242,
Ashbrook Lane BESS,Downing Renewable Developments LLP,WEST ANGLIA CONNECTION NODE B 400KV SUBSTATION,,0.00,249.90,249.90,2031-10-31,Scoping,Direct Connection,NGET,Energy Storage System,a0l8e0000011yd6AAA,PRO-003534,
Assel Valley Extension Wind Farm,Renantis UK Limited,Maybole GSP,1.00,0.00,88.00,88.00,2032-10-31,Scoping,Direct Connection,SPT,Energy Storage System;Wind Onshore,a0l8e0000010wU7AAI,PRO-002632-1,1
Assel Valley Extension Wind Farm,Renantis UK Limited,Maybole GSP,2.00,0.00,87.00,175.00,2037-10-30,Scoping,Direct Connection,SPT,Energy Storage System;Wind Onshore,a0l8e0000010wU7AAI,PRO-002632-2,1
Assel Valley Wind Farm,ASSEL VALLEY WIND ENERGY LIMITED,Maybole 132/33kV,,29.95,0.00,29.95,,Built,Embedded,SPT,Wind Onshore,a0l4L0000005iWWQAY,PRO-000014,
Astwood  Solar Farm GEC,ASTWOOD GREEN ENERGY LTD,West Anglia Connection Node G 400kV Substation,,0.00,520.00,520.00,2034-10-31,Scoping,Direct Connection,NGET,Energy Storage System;PV Array (Photo Voltaic/solar),a0lJ9000000blKHIAY,PRO-004799,1
Auchentiber Farm 700MW BESS,GPC 700 Ltd,Auchentiber Farm BESS 400kV Substation,,0.00,700.00,700.00,2029-10-17,Scoping,Direct Connection,SPT,Energy Storage System,a0l8e0000011zs9AAA,PRO-003601,
Auchrobert Wind Farm,AUCHROBERT WIND ENERGY LIMITED,Linnmill 132/33kV,,36.00,0.00,36.00,,Built,Embedded,SPT,Wind Onshore,a0l4L0000005iUpQAI,PRO-000016,
Auldhouse 200MW BESS,Apatura Project 29 Ltd,Auldhouse 400kV Substation,,0.00,200.00,200.00,2031-10-31,Scoping,Direct Connection,SPT,Demand;Energy Storage System,a0l8e000000f41dAAA,PRO-003825,
AULTCRAGGIE BESS,OPDE UK LIMITED,Brora GSP,,0.00,50.00,50.00,2034-10-31,Scoping,Embedded,SHET,Energy Storage System,a0l8e000000TPFmAAO,PRO-003228,1
Aultmore Wind Farm (2023),VATTENFALL WIND POWER LTD,Aultmore Wind Farm 132/33kV Substation,,0.00,105.00,105.00,2030-09-30,Scoping,Direct Connection,SHET,Energy Storage System;Wind Onshore,a0l8e000000f6JjAAI,PRO-003975,1
Awel Y Mor,AWEL Y MOR OFFSHORE WIND FARM LIMITED,Bodelwyddan 400kV Substation,,0.00,1100.00,1100.00,2030-03-01,Scoping,Direct Connection,NGET,Wind Offshore,a0l4L0000005ipBQAQ,PRO-000529,
Axminster,HB825AXM LTD,Axminster 132kV Substation,,0.00,120.00,120.00,2024-10-31,Awaiting Consents,Direct Connection,NGET,Energy Storage System,a0l4L0000005ixvQAA,PRO-001017,1
Axminster,PIVOTED POWER LLP,Axminster 400kV Substation,,0.00,49.90,49.90,2027-10-31,Scoping,Direct Connection,NGET,Energy Storage System,a0l4L0000005iufQAA,PRO-001143,1
Axminster - New Connection,ENSO GREEN HOLDINGS B LIMITED,Axminster 132kV Substation,,0.00,120.00,120.00,2029-06-30,Scoping,Direct Connection,NGET,Energy Storage System,a0l4L0000005ixwQAA,PRO-001356,1
Axminster BESS,CSE25 LIMITED,Axminster 132kV Substation,,0.00,150.00,150.00,2028-10-31,Scoping,Direct Connection,NGET,Energy Storage System,a0l4L0000005ixiQAA,PRO-001740,1
Ayr Energy Storage,KXP ALPHA I LIMITED,Ayr 275/33kV Substation,,0.00,150.00,150.00,2028-10-30,Consents Approved,Direct Connection,SPT,Energy Storage System,a0l8e000000f3zIAAQ,PRO-003801,2
Ayr Farm,Braston New Energy Limited,Ayr Farm Collector Substation,,0.00,500.00,500.00,2028-05-26,Scoping,Direct Connection,SPT,Energy Storage System,a0l8e0000011zmYAAQ,PRO-003596,
Ayr Flexpower,Ayr Flexpower Limited,AYR DBB 275KV SUBSTATION,,0.00,450.00,450.00,2037-10-30,Scoping,Direct Connection,SPT,Energy Storage System;PV Array (Photo Voltaic/solar),a0l8e0000012gtkAAA,PRO-004489,1
Ayre (ex Cluaran Ear - Thuath) Offshore Wind Farm,AYRE OFFSHORE WIND FARM LIMITED,Banniskirk 400kV Substation,,0.00,1008.00,1008.00,2033-10-31,Scoping,Direct Connection,SHET,Wind Offshore,a0l4L0000005ix0QAA,PRO-002100,
Ayrshire Grid Services Facility,HUNTERSTON GRID 3 LTD,Ayrshire Grid 400kV Collector Substation,,0.00,0.00,0.00,2028-03-24,Consents Approved,Direct Connection,SPT,Reactive Compensation,a0l4L0000005ibcQAA,PRO-001090,2
Bad a Cheo Wind Farm,RWE RENEWABLES UK SWINDON LIMITED,Mybster 3 33kV Substation,,26.65,0.00,26.65,,Built,Direct Connection,SHET,Wind Onshore,a0l4L0000005ilUQAQ,PRO-000018,
Baglan BESS IPC,IPC GRID CONNECTION TWO LIMITED,South Wales West Connection Node B 400kV Substation,,0.00,500.00,500.00,2036-10-31,Scoping,Direct Connection,NGET,Energy Storage System,a0lJ9000000blLjIAI,PRO-004816,1
Baillie Greener Grid Park,Statkraft UK Ltd,Baillie 275KV Substation,,0.00,48.00,48.00,2030-09-30,Scoping,Direct Connection,SHET,Energy Storage System;Reactive Compensation,a0l4L0000005ig3QAA,PRO-001701,1
Baillie Wind Farm,BAILLIE WINDFARM LIMITED,Dounreay GSP,,52.50,0.00,52.50,,Built,Embedded,SHET,Wind Onshore,a0l4L0000005iUqQAI,PRO-000020,
Balbougie Energy Centre,Balbougie Energy Centre II Limited,Inverkeithing 132/33kV,,0.00,42.00,42.00,2026-07-31,Consents Approved,Embedded,SPT,Energy Storage System,a0l4L0000005iTpQAI,PRO-002065,2
Balgray Wind Farm,FRED OLSEN RENEWABLES LIMITED,Dumfries North 400/132kV substation,,0.00,43.20,43.20,2037-10-31,Scoping,Direct Connection,NGET,Energy Storage System;Wind Onshore,a0lJ9000000PEjSIAW,PRO-005816,1
Balinoe Wind Farm,RWE Renewables UK Onshore Wind Limited,Balinoe 132kV substation,,0.00,160.60,160.60,2034-10-31,Scoping,Direct Connection,SHET,Energy Storage System;Wind Onshore,a0l8e0000012kqNAAQ,PRO-004776,1
Ballach,ENERGYFARM UK BALLACH LTD,New North West 132kV Substation,,0.00,149.00,149.00,2037-10-31,Scoping,Direct Connection,SHET,Energy Storage System;Wind Onshore,a0lJ9000000PNJcIAO,PRO-005977,
Balliemeanoch PSH,ILI (Borders PSH) Ltd,Balliemeanoch 275kV Substation,,0.00,900.00,900.00,2034-10-31,Scoping,Direct Connection,SHET,Pump Storage,a0l4L0000005iROQAY,PRO-001901,
Ballygroggan Wind Farm,DALRIADA RENEWABLES LIMITED,BALLYGROGGAN 132/33KV SUBSTATION,,0.00,96.00,96.00,2034-10-31,Scoping,Direct Connection,SHET,Wind Onshore,a0l8e000000exU0AAI,PRO-003733,1
Balnespick Wind Farm,FRED OLSEN RENEWABLES LIMITED,Balnespick Wind Farm 132kV/33kV Substation,,0.00,58.00,58.00,2032-10-31,Scoping,Direct Connection,SHET,Energy Storage System;Wind Onshore,a0lJ9000000PDv0IAG,PRO-005066,
Balrobert Farm BESS,ELGIN ENERGY ES CO LIMITED,Knocknagael 132kV Substation,,0.00,150.00,150.00,2032-10-31,Scoping,Direct Connection,SHET,Energy Storage System,a0l8e000001HpUOAA0,PRO-004118,1
Balvedavist 162 Battery Storage,S4N SPITTAL LTD,Spittal 132kV Substation,,0.00,162.00,162.00,2030-10-31,Scoping,Direct Connection,SHET,Energy Storage System;PV Array (Photo Voltaic/solar),a0l4L0000005iaJQAQ,PRO-002024,
Banc y Celyn Energy Park,PARC YNNI BANC Y CELYN CYF,Rassau GSP,,0.00,165.00,165.00,2037-10-31,Scoping,Embedded,NGET,Energy Storage System;PV Array (Photo Voltaic/solar);Wind Onshore,a0l8e0000012f3tAAA,PRO-004395,
Banc y Celyn Energy Park,Wind 2 Project 2 Limited,Future Swansea North 132kV,,0.00,165.00,165.00,2033-07-01,Scoping,Direct Connection,NGET,Energy Storage System;PV Array (Photo Voltaic/solar);Wind Onshore,a0l4L0000005ia8QAA,PRO-002011,
Bankend Rig III Wind Farm,WILSON RENEWABLES III LLP,Bankend Rig III Windfarm 132/33kV Substation,,0.00,78.00,78.00,2030-04-30,Scoping,Direct Connection,SPT,Wind Onshore,a0l8e000000TPcZAAW,PRO-003451,
Bankhead 25MW BESS,GPC 1169 Ltd,Devonside 132/33kV,,0.00,25.00,25.00,2030-04-30,Scoping,Embedded,SPT,Energy Storage System,a0l8e0000011zKlAAI,PRO-003574,
Bankhead BESS,Apatura Project 21 Ltd,Bankhead 400kV Substation,,0.00,500.00,500.00,2033-10-30,Scoping,Direct Connection,SPT,Demand;Energy Storage System,a0l8e000000TPHdAAO,PRO-003236,
Bankside BESS,FALKIRK POWER LTD,Bainsford 132/33kV,,0.00,43.00,43.00,2025-11-24,Consents Approved,Embedded,SPT,Energy Storage System,a0l4L0000005iWYQAY,PRO-002151,2
Bargatton Farm BESS,Lightsource Renewable UK Development Limited,Bargatton Farm BESS 132kV Substation,,0.00,100.00,100.00,2036-10-31,Scoping,Direct Connection,SPT,Energy Storage System,a0lJ9000000PDmGIAW,PRO-005009,1
Barge Way 120MW BESS,FPC ELECTRIC LAND LIMITED,Kemsley GSP,,0.00,99.90,99.90,2033-10-31,Scoping,Embedded,NGET,Energy Storage System,a0l4L0000005iX2QAI,PRO-002144,
Barking BESS,O&G Solar (SPV 52) Limited,Barking West GSP,,0.00,99.90,99.90,2028-10-31,Consents Approved,Direct Connection,NGET,Energy Storage System,a0l8e0000011yTTAAY,PRO-003518,
Barnby Solar Farm,KS SPV 75 LIMITED,Trent Valley South Connection Node C 400kV Substation,,0.00,249.90,249.90,2034-10-31,Scoping,Direct Connection,NGET,Energy Storage System;PV Array (Photo Voltaic/solar),a0l8e000001201CAAQ,PRO-003607,
Barns of Wedderburn (ABEI ENERGY GREEN VI),ABEI ENERGY LIMITED,Milton of Craigie GSP,,0.00,18.00,18.00,2033-10-31,Scoping,Embedded,SHET,Energy Storage System;PV Array (Photo Voltaic/solar),a0lJ9000000PDysIAG,PRO-005108,
Barrow,NEW ENERGY PARTNERSHIP LIMITED,Harker 132kV Substation,,0.00,30.00,30.00,2037-10-31,Scoping,Embedded,NGET,Energy Storage System,a0l8e000001Hxm7AAC,PRO-004297,
Barrow Offshore Wind Farm,BARROW OFFSHORE WIND LIMITED,Barrow 132/33kV Offshore Substation,,90.00,0.00,90.00,,Built,Direct Connection,OFTO,Wind Offshore,a0l4L0000005ilXQAQ,PRO-000022,
Barry Road Storage,BSR APPLICATIONS LIMITED,Severn Connection Node A 132kV Substation,,0.00,110.00,110.00,2037-10-31,Scoping,Embedded,NGET,Energy Storage System,a0l8e000001Hxa9AAC,PRO-004261,1
Barton Hill,VIRIDIS 178 LIMITED,Abham GSP,,20.88,0.00,20.88,,Built,Embedded,NGET,CHP (Combined Heat and Power),a0l4L0000005iUsQAI,PRO-000024,
Battery Point BESS,Point and Sandwick Power Limited,Stornoway GSP,,0.00,25.00,25.00,2030-10-31,Scoping,Embedded,SHET,Energy Storage System,a0l4L0000005iMMQAY,PRO-002335,
Beanacre 2 BESS,Grenergy Renewables UK Limited,Severn Connection Node B 400kV Substation,,0.00,249.00,249.00,2037-10-31,Scoping,Direct Connection,NGET,Energy Storage System,a0lJ9000000PMNbIAO,PRO-005945,1
Beanacre BESS,Grenergy Renewables UK Limited,Melksham B 400kV Substation,,0.00,200.00,200.00,2037-09-15,Scoping,Direct Connection,NGET,Energy Storage System,a0l4L0000005iwoQAA,PRO-002452,1
Beatrice Sync Comp,TINZ PROGRAMME 1 PROJECTCO 3 LIMITED,Beatrice 400kV Substation,,0.00,0.00,0.00,,Built,Direct Connection,SHET,Reactive Compensation,a0l4L0000005ihiQAA,PRO-001757,
Beatrice Wind Farm,BEATRICE OFFSHORE WINDFARM LIMITED,Beatrice 400kV Substation,,588.00,0.00,588.00,,Built,Direct Connection,SHET,Wind Offshore,a0l4L0000005ilYQAQ,PRO-000025,
Beauly 02 BESS,FIELD BEAULY LTD,BEAULY 02 BESS 132kV SUBSTATION,,0.00,100.00,100.00,2028-12-31,Scoping,Direct Connection,SHET,Energy Storage System,a0l8e000000exTqAAI,PRO-003731,
Beaw Field Wind Farm,BEAW FIELD SHETLAND LIMITED,Beaw Field 132/33kV Substation,,0.00,102.00,102.00,2032-10-29,Consents Approved,Direct Connection,SHET,Wind Onshore,a0l4L0000005iyaQAA,PRO-000026,
Beddington 1 BESS,Bluestone Beddington 1 Ltd,London South Connection Node A 132kV Substation,,0.00,240.00,240.00,2037-10-31,Scoping,Embedded,NGET,Energy Storage System,a0l8e000000TPAXAA4,PRO-003170,1
Beddington 2 BESS,Bluestone Energy Ltd,London South Connection Node A 132kV Substation,,0.00,240.00,240.00,2037-10-31,Scoping,Embedded,NGET,Energy Storage System,a0l8e0000011zPIAAY,PRO-003577,1
Beech Street/City Road,CITIGEN (LONDON) LIMITED,Beech Street/City Road Substation,,30.00,0.00,30.00,,Built,Embedded,NGET,CHP (Combined Heat and Power),a0l4L0000005iUtQAI,PRO-000027,
Beechgreen Energyfarm,BEECHGREEN ENERGYFARM LIMITED,Burwell Main 400kV Substation,,50.00,0.00,50.00,,Built,Direct Connection,NGET,PV Array (Photo Voltaic/solar),a0l4L0000005ixnQAA,PRO-001018,
Beinn an Tuirc 1,SCOTTISHPOWER RENEWABLES (UK) LIMITED,Beinn an Tuirc Substation,,0.00,95.20,95.20,2034-10-31,Scoping,Direct Connection,SHET,Wind Onshore,a0l8e000000f5BiAAI,PRO-003918,
Beinn an Tuirc 2,SCOTTISHPOWER RENEWABLES (UK) LIMITED,Carradale 1 GSP,,43.70,0.00,43.70,,Built,Embedded,SHET,Wind Onshore,a0l4L0000005iUuQAI,PRO-000028,
Beinn an Tuirc 3,SCOTTISHPOWER RENEWABLES (UK) LIMITED,Carradale 1 GSP,,50.00,0.00,50.00,,Built,Embedded,SHET,Wind Onshore,a0l4L0000005iUvQAI,PRO-000029,
Beinn Dearg,GALILEO 19 LIMITED,NEW TAYNUILT 132 KV SUBSTATION,,0.00,290.00,290.00,2031-10-31,Scoping,Direct Connection,SHET,Energy Storage System;PV Array (Photo Voltaic/solar);Wind Onshore,a0lJ9000000PM5NIAW,PRO-005936,1
Beinn Ghlas,HEADWIND DEVELOPMENT SERVICES LIMITED,Taynuilt GSP,,0.00,57.60,57.60,2034-10-31,Awaiting Consents,Embedded,SHET,Wind Onshore,a0l8e000001HoL3AAK,PRO-004073,
Beinn Tharsuinn,SCOTTISHPOWER RENEWABLES (UK) LIMITED,Alness GSP,,29.00,0.00,29.00,,Built,Embedded,SHET,Wind Onshore,a0l4L0000005iUwQAI,PRO-000030,
Beinn Tharsuinn Repower,SCOTTISHPOWER RENEWABLES (UK) LIMITED,BEINN THURSUNN REPOWER 275/33KV,,0.00,84.00,84.00,2029-10-31,Scoping,Direct Connection,SHET,Wind Onshore,a0l4L0000005iaNQAQ,PRO-001035,1
Beinneun 2 Windfarm,BEINNEUN 2 LIMITED,Beinneun Windfarm 2,,0.00,144.00,144.00,2037-10-31,Scoping,Direct Connection,SHET,Wind Onshore,a0lJ9000000POVwIAO,PRO-006053,1
Beinneun Wind Farm,BEINNEUN WIND FARM LTD,Beinneun 132kV Substation,,109.00,0.00,109.00,,Built,Direct Connection,SHET,Wind Onshore,a0l4L0000005ilZQAQ,PRO-000031,
Bellbroughton Energy Park,ELGIN ENERGY ES CO LIMITED,Warwickshire Connection Node A 400kV Substation,,0.00,500.00,500.00,2037-10-30,Scoping,Direct Connection,NGET,Energy Storage System;PV Array (Photo Voltaic/solar),a0l8e0000010wloAAA,PRO-002826,
Bellrock Offshore Wind Farm,Bellrock Offshore Wind Farm Limited,Hurlie 400kV substation,1.00,0.00,1200.00,1200.00,2032-10-31,Scoping,Direct Connection,SHET,Wind Offshore,a0l4L0000005izEQAQ,PRO-001496-1,
Bellrock Offshore Wind Farm,Bellrock Offshore Wind Farm Limited,Hurlie 400kV substation,2.00,0.00,600.00,1800.00,2035-10-31,Scoping,Direct Connection,SHET,Wind Offshore,a0l4L0000005izEQAQ,PRO-001496-2,
Benbrack Wind Farm,BENBRACK WIND FARM LIMITED,Benbrack Wind Farm 132/33kV Substation,,72.00,0.00,72.00,,Built,Direct Connection,SPT,Wind Onshore,a0l4L0000005ilaQAA,PRO-000032,
Bendle Farm,Balance Power Projects Limited,Bendle Farm 132kV Substation,,0.00,228.00,228.00,2031-10-31,Scoping,Direct Connection,SPT,Energy Storage System,a0l4L0000005ikkQAA,PRO-002243,
Bendle Farm 2.0,Balance Power Projects Limited,BENDLE FARM 2.0 132KV SUBSTATION,,0.00,228.00,228.00,2031-10-31,Scoping,Direct Connection,SPT,Energy Storage System,a0l8e0000010waRAAQ,PRO-002700,1
Bendsmoor BESS,Apatura Battery Ltd,Bendsmoor BESS 400Kv Substation,,0.00,500.00,500.00,2032-06-30,Scoping,Direct Connection,SPT,Energy Storage System,a0l8e0000011zPmAAI,PRO-003582,1
Benthead Solar,BENTHEAD SOLAR LIMITED,Kilwinning 132/33kV,,0.00,63.00,63.00,2025-04-03,Scoping,Embedded,SPT,Energy Storage System;PV Array (Photo Voltaic/solar),a0l4L0000005iQPQAY,PRO-001881,
Berkswell (Tertiary),ENSO GREEN HOLDINGS P  LIMITED,Berkswell 275kV Substation,,0.00,57.00,57.00,2028-05-30,Consents Approved,Direct Connection,NGET,Energy Storage System;PV Array (Photo Voltaic/solar),a0l4L0000005iy3QAA,PRO-000516,
Berkswell BESS,BERKSWELL ENERGY PARK LIMITED,Berkswell B 275kV Substation,,0.00,249.90,249.90,2033-10-31,Scoping,Direct Connection,NGET,Energy Storage System,a0l8e000000f4n0AAA,PRO-003868,
Berkswell Energy Storage,BERKSWELL BATTERY STORAGE LIMITED,Berkswell 275kV Substation,,0.00,200.00,200.00,2027-10-31,Consents Approved,Direct Connection,NGET,Energy Storage System,a0l4L0000005ixbQAA,PRO-001788,2
Bernicia Energy Park,BAYWA R.E. UK LIMITED,Stella West 400kV Substation,,0.00,350.00,350.00,2035-10-30,Scoping,Direct Connection,NGET,Energy Storage System;PV Array (Photo Voltaic/solar),a0l8e0000012hphAAA,PRO-004541,1
Berry Burn Wind Farm,BERRY BURN WIND FARM LIMITED,Berry Burn GSP,,67.00,0.00,67.00,,Built,Embedded,SHET,Wind Onshore,a0l4L0000005iUxQAI,PRO-000033,
Berryburn Extension Wind Farm,BB2 WIND FARM LIMITED,Berryburn 275/33kV GSP Substation,,0.00,43.20,43.20,2027-10-31,Consents Approved,Embedded,SHET,Wind Onshore,a0l4L0000005iUGQAY,PRO-001558,2
Berwick Bank Offshore Wind Farm A,BERWICK BANK A LIMITED,Branxton 400kV Substation,1.00,0.00,1150.00,1150.00,2028-10-31,Scoping,Direct Connection,SPT,Wind Offshore,a0l8e0000010wTnAAI,PRO-002627-1,
Berwick Bank Offshore Wind Farm A,BERWICK BANK A LIMITED,Branxton 400kV Substation,2.00,0.00,230.00,1380.00,2029-10-31,Scoping,Direct Connection,SPT,Wind Offshore,a0l8e0000010wTnAAI,PRO-002627-2,
Berwick Bank Offshore Wind Farm B,Berwick Bank B Limited,Branxton 400kV Substation,1.00,0.00,1150.00,1150.00,2029-10-31,Scoping,Direct Connection,SPT,Wind Offshore,a0l8e000000snsQAAQ,PRO-002628-1,
Berwick Bank Offshore Wind Farm B,Berwick Bank B Limited,Branxton 400kV Substation,2.00,0.00,230.00,1380.00,2031-06-30,Scoping,Direct Connection,SPT,Wind Offshore,a0l8e000000snsQAAQ,PRO-002628-2,
Berwick Bank Offshore Wind Farm C,BERWICK BANK C LIMITED,Blyth 400kV Substation,,0.00,1800.00,1800.00,2029-11-30,Scoping,Direct Connection,NGET,Wind Offshore,a0l4L0000005io7QAA,PRO-000513,
Berwick Solar Wind and Battery Storage,BERWICK RENEWABLES TX LIMITED,Berwick 132/33kV,,0.00,100.00,100.00,2031-10-31,Scoping,Direct Connection,SPT,Energy Storage System;PV Array (Photo Voltaic/solar);Wind Onshore,a0l8e0000011xxoAAA,PRO-003490,
BESS Cilfynydd,REWE 2 LIMITED,Cilfynydd 400kV Substation,,0.00,200.00,200.00,2029-07-12,Scoping,Direct Connection,NGET,Energy Storage System,a0l4L0000005iz1QAA,PRO-002008,
BESS Harker,REWE 4 LIMITED,Harker 400kV Substation,,0.00,200.00,200.00,2031-05-30,Consents Approved,Direct Connection,NGET,Energy Storage System,a0l4L0000005ia7QAA,PRO-002010,
BESS North Farm,REWE 5 LIMITED,Chickerell 400kV Substation,,0.00,150.00,150.00,2031-11-01,Scoping,Direct Connection,NGET,Energy Storage System,a0l4L0000005ic6QAA,PRO-002060,1
BESS Swan,REWE 3 LIMITED,Swansea North 400kV Substation,,0.00,200.00,200.00,2028-10-31,Scoping,Direct Connection,NGET,Energy Storage System,a0l4L0000005ia6QAA,PRO-002009,
Bewley BESS,Apatura Project 35 Ltd,Wearside Connection Node C 400kV Substation,,0.00,249.00,249.00,2035-10-30,Scoping,Direct Connection,NGET,Energy Storage System,a0l8e000000f6uBAAQ,PRO-003993,
Bexley GEC - Hurst Grid Park  2,BEXLEY GREEN ENERGY CENTRE LTD,Hurst 275kV Substation,,0.00,228.00,228.00,2037-10-31,Scoping,Direct Connection,NGET,Energy Storage System;PV Array (Photo Voltaic/solar),a0l8e0000012hq6AAA,PRO-004546,1
BF88 Oakley,BLUEFIELD RENEWABLE DEVELOPMENTS LIMITED,Chiltern Connection Node C 400kV Substation,,0.00,1000.00,1000.00,2038-11-01,Scoping,Direct Connection,NGET,Energy Storage System;PV Array (Photo Voltaic/solar),a0l8e000001Hy11AAC,PRO-004319,
Bhlaraidh Extension Wind Farm,SSE GENERATION LIMITED,Bhlaraidh 132/33kV Substation,,0.00,100.80,100.80,2029-08-17,Scoping,Direct Connection,SHET,Wind Onshore,a0l4L0000005ilnQAA,PRO-000383,
Bhlaraidh Wind Farm,SSE GENERATION LIMITED,Bhlaraidh 132/33kV Substation,,108.00,0.00,108.00,,Built,Direct Connection,SHET,Wind Onshore,a0l4L0000005ilbQAA,PRO-000034,
Bicker Drove,REWE 1 LIMITED,Navenby 400kV Substation,,0.00,400.00,400.00,2034-05-30,Scoping,Direct Connection,NGET,Energy Storage System,a0l8e000000f4nZAAQ,PRO-003874,1
Bicker Fen,IB VOGT UK LTD,Trent Valley South Connection Node C 400kV Substation,,0.00,400.00,400.00,2034-10-31,Scoping,Direct Connection,NGET,Energy Storage System;PV Array (Photo Voltaic/solar),a0l8e000001HxlxAAC,PRO-004295,1
Bicker Fen 1 Solar,AGR SOLAR 2 LIMITED,Bicker Fen 400kV Substation,1.00,0.00,50.00,50.00,2025-09-26,Awaiting Consents,Direct Connection,NGET,Energy Storage System;PV Array (Photo Voltaic/solar),a0l4L0000005iaOQAQ,PRO-001034-1,
Bicker Fen 1 Solar,AGR SOLAR 2 LIMITED,Bicker Fen 400kV Substation,2.00,0.00,7.01,57.00,2035-04-01,Scoping,Direct Connection,NGET,Energy Storage System;PV Array (Photo Voltaic/solar),a0l4L0000005iaOQAQ,PRO-001034-2,
Bicker Fen 2 Solar,AGR SOLAR 3 LIMITED,Bicker Fen 400kV Substation,1.00,0.00,50.00,50.00,2026-07-27,Awaiting Consents,Direct Connection,NGET,Energy Storage System;PV Array (Photo Voltaic/solar),a0l4L0000005itRQAQ,PRO-001046-1,
Bicker Fen 2 Solar,AGR SOLAR 3 LIMITED,Bicker Fen 400kV Substation,2.00,0.00,7.01,57.00,2033-04-01,Scoping,Direct Connection,NGET,Energy Storage System;PV Array (Photo Voltaic/solar),a0l4L0000005itRQAQ,PRO-001046-2,
Bicker Fen BESS,O&G Solar (SPV 40) Limited,Navenby 400kV Substation,,0.00,249.90,249.90,2034-10-30,Scoping,Direct Connection,NGET,Energy Storage System;PV Array (Photo Voltaic/solar),a0l8e0000010wOiAAI,PRO-002575,
Bicker Fenn Energy Park,BEACON FEN ENERGY PARK LIMITED,Bicker Fen 400kV Substation,,0.00,600.00,600.00,2029-06-01,Scoping,Direct Connection,NGET,Energy Storage System;PV Array (Photo Voltaic/solar),a0l4L0000005iZPQAY,PRO-001984,
Biggleswade,Biggleswade 10 Renewables Limited,Biggleswade 400kV Substation,,0.00,1000.00,1000.00,2034-10-31,Scoping,Direct Connection,NGET,Demand;Energy Storage System;PV Array (Photo Voltaic/solar),a0l8e000000TPRKAA4,PRO-003415,1
Biggleswade BESS,Central Bedfordshire Council,Biggleswade 400kV Substation,,0.00,57.00,57.00,2029-10-31,Scoping,Direct Connection,NGET,Energy Storage System,a0l4L0000005iyjQAA,PRO-002165,1
Biggleswade BESS,HARMONY BW LTD,Biggleswade 400kV Substation,,0.00,200.00,200.00,2034-10-31,Scoping,Direct Connection,NGET,Energy Storage System,a0l8e000001HxbqAAC,PRO-004279,
Biggleswade High Impact Green Energy Hub,TELIS ENERGY UK LIMITED,Biggleswade 400kV Substation,,0.00,1000.00,1000.00,2034-10-31,Scoping,Direct Connection,NGET,Demand;Energy Storage System;Nuclear;PV Array (Photo Voltaic/solar);Wind Onshore,a0l8e0000012gscAAA,PRO-004477,
Biggleswade PV,CSE38 LIMITED,Biggleswade 400kV Substation,,0.00,49.90,49.90,2031-10-31,Awaiting Consents,Direct Connection,NGET,Energy Storage System;PV Array (Photo Voltaic/solar),a0l4L0000005itqQAA,PRO-002226,1
Bilbo Farm,LEL BILBO SOLAR LIMITED,Strichen 132/33kV GSP Substation,1.00,0.00,25.00,25.00,2024-10-31,Scoping,Embedded,SHET,Energy Storage System;PV Array (Photo Voltaic/solar),a0l4L0000005iXhQAI,PRO-001301-1,2
Bilbo Farm,LEL BILBO SOLAR LIMITED,Strichen 132/33kV GSP Substation,2.00,0.00,42.10,67.10,2033-10-31,Scoping,Embedded,SHET,Energy Storage System;PV Array (Photo Voltaic/solar),a0l4L0000005iXhQAI,PRO-001301-2,2
Bishopbriggs 500MW BESS,GPC Project 16 Ltd,Bishopbriggs BESS 400/275kV Substation,,0.00,500.00,500.00,2029-05-28,Scoping,Direct Connection,SPT,Demand;Energy Storage System,a0l8e0000011zPwAAI,PRO-003583,
Bishops Dal Energy Park,Renewable Energy Systems Limited,BISHOPS DAL ENERGY PARK 132kV SUBSTATION,,0.00,150.00,150.00,2030-10-29,Scoping,Direct Connection,SPT,Energy Storage System,a0l4L0000005iyJQAQ,PRO-002361,1
Bispham BEGA,CONRAD (BISPHAM) LIMITED,Penwortham 400kV Substation,,20.00,0.00,20.00,,Built,Embedded,NGET,Gas Reciprocating,a0l4L0000005iT1QAI,PRO-000945,
Blackbraes PV+BESS,CHINT SOLAR UK MANAGEMENT LTD,Blackbraes IDNO GSP,,0.00,50.00,50.00,2031-10-31,Scoping,Embedded,SPT,Energy Storage System;PV Array (Photo Voltaic/solar),a0lJ9000000PDlwIAG,PRO-005005,
Blackcraig Wind Farm,BLACKCRAIG WIND FARM (SCOTLAND) LIMITED,Blackcraig 132/33kV,,52.90,0.00,52.90,,Built,Direct Connection,SPT,Wind Onshore,a0l4L0000005ilcQAA,PRO-000035,
BlackDyke BESS,ANESCO LIMITED,Leeds North Connection Node D 400kV Substation,,0.00,250.00,250.00,2035-10-31,Scoping,Direct Connection,NGET,Energy Storage System,a0l8e0000012jPIAAY,PRO-004671,1
Blackhillock Battery,BLACKHILLOCK FLEXPOWER LTD,Blackhillock 400kV Substation,,0.00,349.00,349.00,2028-10-31,Consents Approved,Direct Connection,SHET,Energy Storage System,a0l4L0000005iZ0QAI,PRO-001970,2
Blacklaw,SCOTTISHPOWER RENEWABLES (UK) LIMITED,Blacklaw 132/33kV,1.00,118.00,0.00,118.00,,Built,Direct Connection,SPT,Energy Storage System;Wind Onshore,a0l4L0000005ildQAA,PRO-000036-1,
Blacklaw,SCOTTISHPOWER RENEWABLES (UK) LIMITED,Blacklaw 132/33kV,2.00,0.00,222.00,340.00,2032-10-08,Scoping,Direct Connection,SPT,Energy Storage System;Wind Onshore,a0l4L0000005ildQAA,PRO-000036-2,
Blacklaw Extension,SCOTTISHPOWER RENEWABLES (UK) LIMITED,Blacklaw Extension 132/33kV,,60.00,0.00,60.00,,Built,Direct Connection,SPT,Energy Storage System;Wind Onshore,a0l4L0000005ilzQAA,PRO-000037,
Blackpool BESS,Conrad (Blackpool) Limited,Bispham Primary 33kV Substation,,25.30,0.00,25.30,,Built,Embedded,NGET,Energy Storage System,a0l8e0000010xgoAAA,PRO-003080,
Blaen y Glyn,BANC DU ENERGY PARK LIMITED,Chirk GSP,,0.00,46.00,46.00,2027-02-04,Scoping,Embedded,NGET,Wind Onshore,a0l4L0000005ik1QAA,PRO-001589,
BlaenCothi Energy Park,BLAENCOTHI ENERGY PARK LIMITED,Pont Abraham GSP,,0.00,145.00,145.00,2028-10-31,Scoping,Embedded,NGET,Wind Onshore,a0l4L0000005iRaQAI,PRO-001920,
Blair Hill Wind Farm,Renewable Energy Systems Limited,BLAIR HILL WIND FARM 132KV SUBSTATION,,0.00,99.00,99.00,2036-10-31,Scoping,Direct Connection,SPT,Wind Onshore,a0lJ9000000PDkoIAG,PRO-004994,1
Blanket’s Farm,Noventum Power Solar 9 Limited,Warley 275kV Substation,,0.00,200.00,200.00,2038-10-31,Scoping,Direct Connection,NGET,Energy Storage System,a0l8e0000012gs3AAA,PRO-004469,1
Blarghour Wind,BLARGHOUR WIND FARM LIMITED,Blarghour Substation,,0.00,67.20,67.20,2029-04-01,Consents Approved,Direct Connection,SHET,Wind Onshore,a0l4L0000005itaQAA,PRO-000398,
Blary Hill Wind Farm,BLARY HILL ENERGY LIMITED,Carradale 1 GSP,,35.00,0.00,35.00,,Built,Embedded,SHET,Wind Onshore,a0l4L0000005iUzQAI,PRO-000038,
Bloch Energy Park,Renewable Energy Systems Limited,Bloch Energy Park 132kV Substation,,0.00,126.00,126.00,2031-10-31,Scoping,Direct Connection,SPT,Energy Storage System;Wind Onshore,a0l4L0000005ivPQAQ,PRO-002447,1
Bloxwich,BLOXWICH ENERGY STORAGE LIMITED,Bustleholm 132kV Substation,,41.00,0.00,41.00,,Built,Embedded,NGET,Energy Storage System,a0l4L0000005iOiQAI,PRO-001243,
BLUE PLANET SOLAR,BLUE PLANET SOLAR LIMITED,Dungeness 400kV Substation,,0.00,500.00,500.00,2031-08-31,Scoping,Direct Connection,NGET,Energy Storage System;PV Array (Photo Voltaic/solar),a0l4L0000005ig5QAA,PRO-001703,
Blyth BESS,SSE RENEWABLES SOLAR & BATTERY HOLDINGS LIMITED,Blyth 275kV Substation,,0.00,450.00,450.00,2036-10-31,Scoping,Direct Connection,NGET,Energy Storage System,a0l8e0000010wl0AAA,PRO-002817,1
Bodelwyddan BESS and PV,Bodelwyddan Solar & Energy Storage Limited,Bodelwyddan 400kV Substation,,0.00,110.00,110.00,2029-10-31,Scoping,Direct Connection,NGET,Energy Storage System;PV Array (Photo Voltaic/solar),a0l4L0000005iPCQAY,PRO-001657,
Bodinglee Wind Farm,Bodinglee Wind Farm Limited,Bodinglee Wind Farm 132kV,,0.00,280.00,280.00,2029-04-30,Awaiting Consents,Direct Connection,SPT,Energy Storage System;Wind Onshore,a0l4L0000005iZQQAY,PRO-001985,
Bolney,PIVOTED POWER LLP,Bolney 400kV Substation,,0.00,47.50,47.50,2031-01-31,Scoping,Direct Connection,NGET,Energy Storage System;PV Array (Photo Voltaic/solar),a0l4L0000005iaRQAQ,PRO-001031,
Bolney (tertiary),BOLNEY GREEN LIMITED,Bolney 400kV Substation,,0.00,57.00,57.00,2028-05-29,Scoping,Direct Connection,NGET,Energy Storage System;PV Array (Photo Voltaic/solar),a0l4L0000005ilrQAA,PRO-000380,1
Bolney BESS,CSE45 LIMITED,DRAGON GREEN 400kV SUBSTATION,,0.00,49.90,49.90,2037-09-11,Scoping,Direct Connection,NGET,Energy Storage System,a0l8e000000f8NWAAY,PRO-004026,1
Bolney Farm,Dragon Green 2 Renewables Ltd,Bolney 400kV Substation,,0.00,200.00,200.00,2037-10-30,Scoping,Direct Connection,NGET,Energy Storage System;PV Array (Photo Voltaic/solar),a0l8e0000010wYEAAY,PRO-002674,1
Bolney Farm 2,DRAGON GREEN 7 RENEWABLES LTD,DRAGON GREEN 400kV SUBSTATION,,0.00,700.00,700.00,2037-11-30,Scoping,Direct Connection,NGET,Energy Storage System;PV Array (Photo Voltaic/solar),a0l8e0000010wdQAAQ,PRO-002733,1
Bolney Grid Stability Services,WP GRID SERVICES 13 LIMITED,Bolney 400kV Substation,,0.00,0.00,0.00,2031-10-31,Scoping,Direct Connection,NGET,Reactive Compensation,a0l8e000000f6ALAAY,PRO-003966,
Boom Power Feckenham Generation Hub,Wheaten Hill BESS Limited,Feckenham 400kV Substation,,0.00,400.00,400.00,2033-10-31,Scoping,Direct Connection,NGET,Energy Storage System;PV Array (Photo Voltaic/solar),a0l4L0000005iv8QAA,PRO-002312,1
BOOM Power Llanbabo Generation,Carrog Storage Facility Limited,Wylfa 400kV Substation,,0.00,300.00,300.00,2028-10-31,Awaiting Consents,Direct Connection,NGET,Energy Storage System,a0l4L0000005ihHQAQ,PRO-001540,
Boom Power Seaton Hill Generation HUB,Seatonhill Storage Facility Limited,Cockenzie 400/275kV,,0.00,300.00,300.00,2033-10-31,Scoping,Direct Connection,SPT,Energy Storage System,a0l8e000000f650AAA,PRO-003951,1
Borders Solar,"BUCCLEUCH ESTATES, LTD. (THE)",BORDERS SOLAR 132/33KV SUBSTATION,,0.00,228.00,228.00,2036-10-31,Scoping,Direct Connection,SPT,Energy Storage System;PV Array (Photo Voltaic/solar),a0l8e0000012gtGAAQ,PRO-004484,1
Borders Wind Farm,EDF ENERGY RENEWABLES LIMITED,Borders Windfarm 132kV,,0.00,400.00,400.00,2033-05-30,Scoping,Direct Connection,SPT,Wind Onshore,a0l4L0000005iZKQAY,PRO-001977,1
Boreham,LONGFIELD SOLAR ENERGY FARM LIMITED,Bulls Lodge 400kV Substation,,0.00,500.00,500.00,2034-10-31,Scoping,Direct Connection,NGET,Energy Storage System;PV Array (Photo Voltaic/solar),a0lJ9000000PDtTIAW,PRO-005048,
Boreland BESS,BORELAND ENERGY LTD,Killin GSP,,0.00,43.00,43.00,2031-10-31,Scoping,Embedded,SHET,Energy Storage System,a0l8e000001HxRcAAK,PRO-004259,
Botley GEC (Ethos Green),BOTLEY GREEN ENERGY CENTRE LTD,Botley 400kV Substation,,0.00,800.00,800.00,2033-10-31,Awaiting Consents,Direct Connection,NGET,Energy Storage System;PV Array (Photo Voltaic/solar),a0l8e0000010wP7AAI,PRO-002580,1
Botley West - Cote Solar Power Station,SOLARFIVE LTD,Botley West 400kV Substation,,0.00,840.00,840.00,2026-10-30,Scoping,Direct Connection,NGET,PV Array (Photo Voltaic/solar),a0l4L0000005ijzQAA,PRO-001587,
Bowdun (ex Cluaran Deas Ear) Offshore Wind Farm,BOWDUN OFFSHORE WIND FARM LIMITED,Hurlie 400kV substation,,0.00,1008.00,1008.00,2035-12-31,Scoping,Direct Connection,SHET,Wind Offshore,a0l4L0000005idoQAA,PRO-002091,
Bowsheil Solar and Battery,VOLTALIA UK LTD,Bowsheils 132kV Substation,,0.00,166.61,166.61,2031-10-31,Scoping,Direct Connection,SPT,Energy Storage System;PV Array (Photo Voltaic/solar),a0l8e0000010wXGAAY,PRO-002662,
Bradenham - Thetford (Necton) GEC (Ethos Green),NECTON GREEN ENERGY CENTRE LTD,Necton 400kV Substation,,0.00,850.00,850.00,2033-10-01,Scoping,Direct Connection,NGET,Demand;Energy Storage System;PV Array (Photo Voltaic/solar);Reactive Compensation,a0l8e000000ViFJAA0,PRO-004346,1
Bradford Solar Farm,SolarFour Ltd,Staffordshire Connection Node A 400kV Substation,,0.00,960.00,960.00,2033-10-31,Scoping,Direct Connection,NGET,PV Array (Photo Voltaic/solar),a0l8e0000011yCAAAY,PRO-003511,1
Bradford West 100MW,OLD ALLEN ROAD BESS LIMITED,Bradford West 275kV Substation,,0.00,100.00,100.00,2027-05-31,Consents Approved,Direct Connection,NGET,Energy Storage System,a0l4L0000005iQLQAY,PRO-001874,
Bradford West BESS Substation,O&G Solar (SPV 36) Limited,Bradford West 275kV Substation,,0.00,249.00,249.00,2036-10-26,Scoping,Direct Connection,NGET,Energy Storage System,a0l4L000002yQWuQAM,PRO-002544,
Bradwell Energy Park,LOW CARBON SOLAR PARK 28 LIMITED,Rayleigh 400kV Substation,1.00,0.00,499.00,499.00,2032-10-31,Scoping,Direct Connection,NGET,Energy Storage System;PV Array (Photo Voltaic/solar);Wind Onshore,a0l8e000000f7CIAAY,PRO-004004-1,
Bradwell Energy Park,LOW CARBON SOLAR PARK 28 LIMITED,Rayleigh 400kV Substation,2.00,0.00,551.00,1050.00,2034-10-31,Scoping,Direct Connection,NGET,Energy Storage System;PV Array (Photo Voltaic/solar);Wind Onshore,a0l8e000000f7CIAAY,PRO-004004-2,
Brae House Farm,QAIR RENEWABLES UK LIMITED,DOUNREAY 2 275 kV SUBSTATION,,0.00,500.00,500.00,2032-07-31,Scoping,Direct Connection,SHET,Energy Storage System,a0l8e000001HxliAAC,PRO-004292,1
Brae WF,WIND 2 LIMITED,Linnmill GSP,,0.00,20.00,20.00,2032-08-30,Scoping,Embedded,SPT,Energy Storage System;Wind Onshore,a0l8e0000012j9FAAQ,PRO-004633,
Braegrundie Farm,AEUK BATTERY PROJECT III LTD,Braegrundie Farm 132kV Substation,,0.00,95.00,95.00,2030-06-30,Awaiting Consents,Direct Connection,SHET,Energy Storage System,a0l8e0000012jPXAAY,PRO-004674,1
Braes of Doune,BRAES OF DOUNE WIND FARM (SCOTLAND) LIMITED,Braco West GSP,,74.00,0.00,74.00,,Built,Embedded,SHET,Wind Onshore,a0l4L0000005iV9QAI,PRO-000084,
Braidfield Battery Storage,BRAIDFIELD BATTERY STORAGE LIMITED,Braidfield Battery Storage 132kV Substation,,0.00,100.00,100.00,2027-09-27,Scoping,Direct Connection,SPT,Demand;Energy Storage System,a0l4L0000005iyFQAQ,PRO-002357,1
Braintree,Braintree 10 Renewables Limited,Braintree 400kV Substation,,0.00,1000.00,1000.00,2034-10-31,Scoping,Direct Connection,NGET,Energy Storage System;PV Array (Photo Voltaic/solar),a0l8e000000TPQgAAO,PRO-003406,
Braintree,PIVOTED POWER LLP,Braintree 400kV Substation,1.00,0.00,49.90,49.90,2024-10-30,Awaiting Consents,Direct Connection,NGET,Energy Storage System;PV Array (Photo Voltaic/solar),a0l4L0000005iZfQAI,PRO-001042-1,
Braintree,PIVOTED POWER LLP,Braintree 400kV Substation,2.00,0.00,7.10,57.00,2026-10-30,Scoping,Direct Connection,NGET,Energy Storage System;PV Array (Photo Voltaic/solar),a0l4L0000005iZfQAI,PRO-001042-2,
Braintree (Tertiary),CSE22 LIMITED,Braintree 400kV Substation,,0.00,49.90,49.90,2026-10-30,Consents Approved,Direct Connection,NGET,Energy Storage System;PV Array (Photo Voltaic/solar),a0l4L0000005iZeQAI,PRO-001043,
Bramford (Tertiary),DAMSONGREEN ENERGYFARM LIMITED,Bramford 400kV Substation,,57.00,0.00,57.00,,Built,Direct Connection,NGET,Energy Storage System;PV Array (Photo Voltaic/solar),a0l4L0000005iy5QAA,PRO-001016,
Bramford 2 GEC (Ethos Green),BRAMFORD 2 GREEN ENERGY CENTRE LTD,Bramford 400kV Substation,,0.00,57.00,57.00,2032-07-01,Awaiting Consents,Direct Connection,NGET,Energy Storage System;PV Array (Photo Voltaic/solar),a0l8e0000010wO9AAI,PRO-002568,
Bramford BESS,CSE33 LIMITED,Bramford 400kV Substation,,0.00,300.00,300.00,2029-11-30,Consents Approved,Direct Connection,NGET,Energy Storage System,a0l4L0000005icDQAQ,PRO-002071,
Bramford GEC (Ethos Green),BRAMFORD GREEN ENERGY CENTRE LTD,Bramford B 400kV Substation,,0.00,650.00,650.00,2033-10-30,Awaiting Consents,Direct Connection,NGET,Energy Storage System;PV Array (Photo Voltaic/solar),a0l8e000000f8NgAAI,PRO-004027,1
Bramford Tertiary,BRAMFORD GREEN LIMITED,Bramford 400kV Substation,1.00,0.00,49.90,49.90,2026-07-16,Consents Approved,Direct Connection,NGET,Energy Storage System;PV Array (Photo Voltaic/solar),a0l4L0000005ilNQAQ,PRO-000397-1,
Bramford Tertiary,BRAMFORD GREEN LIMITED,Bramford 400kV Substation,2.00,0.00,7.10,57.00,2029-10-01,Consents Approved,Direct Connection,NGET,Energy Storage System;PV Array (Photo Voltaic/solar),a0l4L0000005ilNQAQ,PRO-000397-2,
Bramley (tertiary),BRAMLEY SOLAR  LIMITED,Bramley 400kV Substation,,0.00,57.00,57.00,2027-10-30,Scoping,Direct Connection,NGET,Energy Storage System;PV Array (Photo Voltaic/solar),a0l4L0000005ilOQAQ,PRO-000396,2
Bramley BESS,BRAMLEY BESS LIMITED,Bramley 400kV Substation,1.00,0.00,50.00,50.00,2027-10-30,Consents Approved,Direct Connection,NGET,Energy Storage System,a0l4L0000005igrQAA,PRO-001104-1,2
Bramley BESS,BRAMLEY BESS LIMITED,Bramley 400kV Substation,2.00,0.00,7.01,57.00,2037-10-31,Consents Approved,Direct Connection,NGET,Energy Storage System,a0l4L0000005igrQAA,PRO-001104-2,2
Bramley Farm,BRAMLEY 2 RENEWABLES LTD,Basingstoke East 400kV Substation,,0.00,200.00,200.00,2038-03-30,Scoping,Direct Connection,NGET,Energy Storage System;PV Array (Photo Voltaic/solar),a0l8e0000010wYJAAY,PRO-002675,1
Bramley Farm 2,BRAMLEY 7 RENEWABLES LTD,Basingstoke East 400kV Substation,,0.00,700.00,700.00,2038-05-30,Scoping,Direct Connection,NGET,Energy Storage System;PV Array (Photo Voltaic/solar),a0l8e0000010wdaAAA,PRO-002735,1
Branxton Energy Storage Facility,EastCoastGridServices Ltd,Branxton 400kV Substation,,0.00,750.00,750.00,2029-05-13,Scoping,Direct Connection,SPT,Energy Storage System,a0l4L0000005idaQAA,PRO-002076,
Branxton PV & BESS Station,IGP Solar 26 Limited,Branxton 400/132kV,,0.00,1000.00,1000.00,2028-10-31,Scoping,Direct Connection,SPT,Energy Storage System,a0l4L0000005itPQAQ,PRO-002122,1
Braxbess Branxton BESS,BRAXBESS LTD,Braxbess 400/132kV Collector Substation,,0.00,480.00,480.00,2028-04-30,Scoping,Direct Connection,SPT,Energy Storage System,a0l4L0000005iuuQAA,PRO-002208,
Braybrooke,SSE DE SOLAR HOLDCO LIMITED,Market Harborough 400kV Substation,,0.00,600.00,600.00,2032-07-31,Scoping,Direct Connection,NGET,Energy Storage System,a0l8e000000TPSSAA4,PRO-003429,1
Braybrooke Solar and Battery Connection,Irena BESS LIMITED,Braybrooke (Network Rail) GSP,,0.00,500.00,500.00,2031-10-31,Scoping,Direct Connection,NGET,Energy Storage System;PV Array (Photo Voltaic/solar),a0l4L0000005itZQAQ,PRO-002207,
Breach Solar Farm,Burwell 11 Solar Limited,Burwell 400kV Substation,,49.90,0.00,49.90,,Built,Direct Connection,NGET,Energy Storage System;PV Array (Photo Voltaic/solar),a0l4L0000005ixlQAA,PRO-001019,
Breackerie  wind farm,ENERGYFARM UK BREACKERIE LTD,Breackerie 132kV Substation,,0.00,90.80,90.80,2037-10-31,Scoping,Direct Connection,SHET,Energy Storage System;Wind Onshore,a0lJ9000000PN5RIAW,PRO-005965,
Breakish Windfarm,Asuk Holdco 2 Limited,Breakish 132kV Substation,1.00,0.00,50.00,50.00,2029-05-31,Scoping,Direct Connection,SHET,Wind Onshore,a0l4L0000005ikhQAA,PRO-002170-1,
Breakish Windfarm,Asuk Holdco 2 Limited,Breakish 132kV Substation,2.00,0.00,49.80,99.80,2034-04-30,Scoping,Direct Connection,SHET,Wind Onshore,a0l4L0000005ikhQAA,PRO-002170-2,
Brechfa Dau Wind Farm,TRYDAN GWYRDD CYMRU (Welsh Government) Ltd,Llandyfaelog 132kV Substation,,0.00,110.80,110.80,2036-12-06,Scoping,Embedded,NGET,Energy Storage System;Wind Onshore,a0l8e000000f4YqAAI,PRO-003847,
Bredbury,PIVOTED POWER LLP,Bredbury 275kV Substation,,49.90,0.00,49.90,,Built,Direct Connection,NGET,Energy Storage System,a0l4L0000005iZgQAI,PRO-001041,
Breezy Hill Wind Farm,BROCKWELL ENERGY LIMITED,New Cumnock A 132kV,,0.00,80.00,80.00,2028-04-30,Scoping,Direct Connection,SPT,Wind Onshore,a0l4L0000005intQAA,PRO-000475,
Brentford (SSEN-FBT624) -120MW BESS,Lightsource Renewable UK Development Limited,West London Connection Node B 132kV substation,,0.00,120.00,120.00,2038-10-31,Scoping,Embedded,NGET,Energy Storage System,a0lJ9000000POV3IAO,PRO-006042,1
Bridge BESS,Apatura Battery Ltd,Torness 400/132kV,,0.00,150.00,150.00,2031-10-31,Scoping,Direct Connection,SPT,Energy Storage System,a0l8e000000f41iAAA,PRO-003826,
Bridgwater (tertiary),ENSO GREEN HOLDINGS H LIMITED,Bridgwater 400/132kV Substation,,0.00,57.00,57.00,2028-08-31,Scoping,Direct Connection,NGET,Energy Storage System;PV Array (Photo Voltaic/solar),a0l4L0000005ilPQAQ,PRO-000375,
Bridgwater 2 (tertiary) - New Conn,BRIDGWATER GREEN LIMITED,Bridgewater 400kV Substation,,0.00,57.00,57.00,2029-08-31,Scoping,Direct Connection,NGET,Energy Storage System;PV Array (Photo Voltaic/solar),a0l4L0000005iYjQAI,PRO-001347,1
Bridgwater Energy Park,EXAGEN GROUP LIMITED,Bridgwater GSP,,0.00,249.99,249.99,2037-10-31,Scoping,Direct Connection,NGET,Energy Storage System,a0l8e000001HrhnAAC,PRO-004215,
Brigg,CBS ENERGY STORAGE ASSETS UK LIMITED,Keadby 400kV Substation,,99.00,0.00,99.00,,Built,Embedded,NGET,CCGT (Combined Cycle Gas Turbine),a0l4L0000005iUyQAI,PRO-000039,
Brigton of Ruthven BESS,MORRIS LESLIE LIMITED,Alyth 400kV Substation,,0.00,500.00,500.00,2033-10-31,Scoping,Direct Connection,SHET,Energy Storage System,a0lJ9000000blm8IAA,PRO-004937,
Brinsworth,SSE RENEWABLES SOLAR & BATTERY HOLDINGS LIMITED,Brinsworth B 400kV Substation,,0.00,600.00,600.00,2032-10-30,Scoping,Direct Connection,NGET,Energy Storage System,a0l8e000000f41JAAQ,PRO-003821,1
Broadditch BESS,Harmony BD Ltd,Northfleet East 132kV,,11.58,0.00,11.58,,Built,Embedded,NGET,Energy Storage System,a0l4L0000005iTbQAI,PRO-002000,
Broadford BESS,FIELD DEVCO LTD,Broadford 132kV Substation,,0.00,200.00,200.00,2034-10-31,Scoping,Direct Connection,SHET,Energy Storage System,a0l8e0000012kjsAAA,PRO-004756,1
Broadshore Offshore Wind Farm,Broadshore Offshore Wind Farm Limited,Longside 400kV Substation,,0.00,900.00,900.00,2033-10-31,Scoping,Direct Connection,SHET,Wind Offshore,a0l4L0000005itdQAA,PRO-002171,
Brodsworth High Impact Green Energy Hub (Brodsworth HIGEH),TELIS ENERGY UK LIMITED,Leeds North Connection Node C 400kV Substation,,0.00,1000.00,1000.00,2035-10-30,Scoping,Direct Connection,NGET,Energy Storage System;Nuclear;PV Array (Photo Voltaic/solar);Wind Onshore,a0l8e0000012hmnAAA,PRO-004506,1
Broken Cross Windfarm,BROKEN CROSS WIND FARM LIMITED,Broken Cross 132/33kV,,43.20,4.80,48.00,2026-04-01,Built,Direct Connection,SPT,Wind Onshore,a0l4L0000005ilQQAQ,PRO-000395,
Brook Farm BESS,CARE POWER (BROOK FARM) LIMITED,Bramford 132kV,,49.90,0.00,49.90,,Built,Embedded,NGET,Energy Storage System,a0l4L0000005iWeQAI,PRO-002201,
Brown Rig Wind Farm,SSE Renewables Services (UK) Limited,Hawick 132kV Substation,,0.00,114.00,114.00,2033-10-31,Scoping,Direct Connection,SPT,Wind Onshore,a0l8e000001HoYjAAK,PRO-004083,1
Brownieleys,BROWNIELEYS RENEWABLES LLP,Fiddes GSP,,7.50,0.00,7.50,,Built,Embedded,SHET,Wind Onshore,a0l4L0000005iVBQAY,PRO-000086,
Brunt Hill Wind Farm,Brunt Hill Limited,Westfield 132/33kV,,0.00,99.00,99.00,2031-10-31,Scoping,Direct Connection,SHET,Energy Storage System;Wind Onshore,a0l8e000001Hy5OAAS,PRO-004322,
Bryn Glas Energy Park,BRYN RHUDD ENERGY PARK LIMITED,Pont Abraham GSP,,0.00,159.00,159.00,2028-10-31,Scoping,Embedded,NGET,Wind Onshore,a0l4L0000005iRYQAY,PRO-001918,
Bryn Tilti,RHIWLAS ENERGY PARK LIMITED,Chirk GSP,,0.00,106.00,106.00,2028-07-19,Scoping,Embedded,NGET,Wind Onshore,a0l4L0000005iXXQAY,PRO-001586,
BrynGwyn Energy Park,BRYNGWYN ENERGY PARK LIMITED,Pont Abraham GSP,,0.00,250.00,250.00,2028-10-31,Scoping,Embedded,NGET,Wind Onshore,a0l4L0000005iRbQAI,PRO-001921,1
BTGBBIK01 - BICKER FEN 400MW BESS,Field Bicker Fen Ltd,Trent Valley South Connection Node A 400k,,0.00,400.00,400.00,2039-10-30,Scoping,Direct Connection,NGET,Energy Storage System,a0lJ9000000PEB7IAO,PRO-005116,1
Buchan 01 Offshore Wind Farm,BUCHAN OFFSHORE WIND LIMITED,Peterhead 400kV Substation,,0.00,960.00,960.00,2033-10-31,Scoping,Direct Connection,SHET,Wind Offshore,a0l4L0000005izLQAQ,PRO-001528,
Buckland Marsh Solar Park,Arise Renewable Energy UK Limited,Botley West 400kV Substation,,0.00,280.00,280.00,2033-10-31,Scoping,Direct Connection,NGET,Energy Storage System;PV Array (Photo Voltaic/solar),a0l8e000000ewwxAAA,PRO-003695,
Builth Wells,ABEREDW ENERGY PARK LIMITED,Pont Abraham GSP,,0.00,133.00,133.00,2026-10-31,Scoping,Embedded,NGET,Wind Onshore,a0l4L0000005iUHQAY,PRO-001564,
Bumpers Farm BESS phase 1,Harmony BF Ltd,Amersham Main 132kV Substation,,49.50,0.00,49.50,,Built,Embedded,NGET,Energy Storage System,a0l4L0000005iXcQAI,PRO-002103,
Bumpers Farm BESS phase 2,Harmony BF Ltd,Amersham Main 132kV Substation,,49.50,0.00,49.50,,Built,Embedded,NGET,Energy Storage System,a0l4L0000005iXdQAI,PRO-002104,
Buntington GEC,BUNTINGTON GREEN ENERGY CENTRE LTD,Cottered 400kV Substation,,0.00,850.00,850.00,2032-07-01,Awaiting Consents,Direct Connection,NGET,Demand;Energy Storage System;PV Array (Photo Voltaic/solar);Reactive Compensation,a0l8e0000010wOnAAI,PRO-002576,
Burbo Bank Extension Offshore Wind Farm,BURBO EXTENSION LTD,BURBO BANK EXTENSION OFFSHORE Substation,,258.00,0.00,258.00,,Built,Direct Connection,NGET,Wind Offshore,a0l4L0000005ilRQAQ,PRO-000394,
Burbo Bank Offshore Wind Farm,ORSTED BURBO (UK) LIMITED,Birkenhead 275kV Substation,,90.00,0.00,90.00,,Built,Embedded,NGET,Energy Storage System;Wind Offshore,a0l4L0000005iS4QAI,PRO-001298,
Burdiehouse BESS,IBV Burdiehouse Energy Park Limited,SHAWFAIR 400KV SUBSTATION,,0.00,240.00,240.00,2034-04-30,Scoping,Direct Connection,SPT,Energy Storage System,a0lJ9000000blKbIAI,PRO-004803,1
Burghfield,SSE GENERATION LIMITED,Bramley 400kV Substation,,47.00,0.00,47.00,,Built,Embedded,NGET,Thermal,a0l4L0000005iXnQAI,PRO-000870,
Burn of Whilk Wind Farm,ENECO BURN OF WHILK LIMITED,Mybster 1 GSP,,22.50,0.00,22.50,,Built,Embedded,SHET,Wind Onshore,a0l4L0000005iVCQAY,PRO-000087,
Burwell,ENERGY POWER RESOURCES LIMITED,Burwell GSP,,38.00,0.00,38.00,,Built,Embedded,NGET,Biomass,a0l4L0000005iVDQAY,PRO-000088,
Burwell (Tertiary),PIVOTED POWER LLP,Burwell Main 400kV Substation,,0.00,57.00,57.00,2029-06-30,Awaiting Consents,Direct Connection,NGET,Energy Storage System,a0l4L0000005ixmQAA,PRO-001109,
Burwell BESS,O&G Solar (SPV 38) Limited,Burwell South 400kV Substation,,0.00,249.90,249.90,2034-10-30,Scoping,Direct Connection,NGET,Energy Storage System;PV Array (Photo Voltaic/solar),a0l8e000000f4n5AAA,PRO-003869,
Burwell GEC (Ethos Green),BURWELL GREEN ENERGY CENTRE LTD,Burwell 400kV Substation,,0.00,480.00,480.00,2032-10-31,Scoping,Direct Connection,NGET,Demand;Energy Storage System;PV Array (Photo Voltaic/solar);Reactive Compensation,a0l8e000000f5cWAAQ,PRO-003937,1
Bushbury,Bushbury 10 Renewables Limited,Staffordshire Connection Node A 400kV Substation,,0.00,1000.00,1000.00,2037-10-30,Scoping,Direct Connection,NGET,Demand;PV Array (Photo Voltaic/solar),a0l8e000000TPQvAAO,PRO-003409,1
Bushbury Green Energy Centre,BUSHBURY GREEN NG LIMITED,Bushbury 275kV Substation,,0.00,480.00,480.00,2028-10-30,Scoping,Direct Connection,NGET,Energy Storage System;PV Array (Photo Voltaic/solar),a0l4L0000005iRTQAY,PRO-001907,
Bustleholme,PIVOTED POWER LLP,Bustleholm GSP,,57.00,0.00,57.00,,Built,Direct Connection,NGET,Energy Storage System,a0l4L0000005iZiQAI,PRO-001039,
Bute Hydrogen Project 1,HALDANE ENERGY PROJECT 1 LIMITED,Trent Valley South Connection Node D 400kV Substation,,0.00,4800.00,4800.00,2035-10-31,Scoping,Direct Connection,NGET,CCGT (Combined Cycle Gas Turbine),a0l8e000001HpdKAAS,PRO-004124,1
Bute Hydrogen Project 2,HALDANE ENERGY PROJECT 2 LIMITED,Creyke Beck 400kV Substation,,0.00,3600.00,3600.00,2035-10-31,Scoping,Direct Connection,NGET,CCGT (Combined Cycle Gas Turbine),a0l8e000001HpdPAAS,PRO-004125,1
Bute Hydrogen Project 3,HALDANE ENERGY PROJECT 3 LIMITED,Grimsby West 400kV Substation,,0.00,3600.00,3600.00,2035-10-31,Scoping,Direct Connection,NGET,CCGT (Combined Cycle Gas Turbine),a0l8e000001HpdUAAS,PRO-004126,1
Bute Hydrogen Project 4,HALDANE ENERGY PROJECT 4 LIMITED,Teeside Connection Node 2 C 132/400kV Substation,,0.00,2400.00,2400.00,2035-10-31,Scoping,Direct Connection,NGET,CCGT (Combined Cycle Gas Turbine),a0l8e000001HpdZAAS,PRO-004127,1
Bute Hydrogen Project 5,HALDANE ENERGY PROJECT 5 LIMITED,Teeside Connection Node B,,0.00,3600.00,3600.00,2035-10-31,Scoping,Direct Connection,NGET,CCGT (Combined Cycle Gas Turbine),a0l8e000001HpdeAAC,PRO-004128,1
Bute Hydrogen Project 6,Haldane Energy Project 6 Limited,Cheshire Connection Node A 400kV Substation,,0.00,3600.00,3600.00,2037-10-31,Scoping,Direct Connection,NGET,CCGT (Combined Cycle Gas Turbine),a0l8e000001HpdjAAC,PRO-004129,1
Bute Hydrogen Project 7.1,HALDANE ENERGY PROJECT 7 LIMITED,Solent Connection Node C 400kV,,0.00,2400.00,2400.00,2038-10-31,Scoping,Direct Connection,NGET,Energy Storage System,a0l8e0000012jKlAAI,PRO-004666,1
Butlers Energy Project,IG RENEWABLES SPV 1 LTD,South Anglia Connection Node B 400kV Substation,,0.00,480.00,480.00,2034-10-31,Scoping,Direct Connection,NGET,Energy Storage System;PV Array (Photo Voltaic/solar),a0l8e000000f64WAAQ,PRO-003946,1
Butlers Wood Green Energy Centre,BUTLERS WOOD NG LIMITED,Butlers Wood 400kV Substation,,0.00,1025.00,1025.00,2031-10-30,Awaiting Consents,Direct Connection,NGET,Energy Storage System;PV Array (Photo Voltaic/solar),a0l4L0000005ixpQAA,PRO-002416,
Butlers Wood PV & BESS Station,IB VOGT UK LTD,South Anglia Connection Node B 400kV Substation,,0.00,240.00,240.00,2034-10-31,Scoping,Direct Connection,NGET,Energy Storage System;PV Array (Photo Voltaic/solar),a0l8e0000012grtAAA,PRO-004467,1
Butt Lane - Grimsby BESS,Bluestone Butt Lane 1 Ltd,SOUTH HUMBER CONNECTION NODE A 132kV,,0.00,240.00,240.00,2035-10-30,Scoping,Embedded,NGET,Energy Storage System,a0l8e0000012gtuAAA,PRO-004491,1
Caegarw Farm,Downing Renewable Developments LLP,Margam B 400kV Substation,,0.00,350.00,350.00,2037-03-10,Scoping,Direct Connection,NGET,Energy Storage System;PV Array (Photo Voltaic/solar),a0l8e0000010wRwAAI,PRO-002605,1
Cairn Duhie Wind Farm,Cairn Duhie Energy Limited,Berryburn 275/33kV GSP Substation,,0.00,67.20,67.20,2028-10-31,Scoping,Embedded,SHET,Wind Onshore,a0l4L0000005iU6QAI,PRO-001743,2
Cairnborrow Wind Energy Hub,BPUWL 29 LIMITED,Cairnford GSP,,0.00,43.20,43.20,2031-10-31,Scoping,Embedded,SHET,Energy Storage System;Wind Onshore,a0l8e0000012eoKAAQ,PRO-004377,1
Cairnmore Hill Wind Farm,Cairnmore Hill Energy Limited,Thurso South 132/33kV GSP Substation,,0.00,36.00,36.00,2028-05-31,Awaiting Consents,Embedded,SHET,Wind Onshore,a0l4L0000005iRLQAY,PRO-001304,
Caithness Energy Storage,BAYWA R.E. UK LIMITED,CAITHNESS ENERGY STORAGE 400KV SUBSTATION,,0.00,456.00,456.00,2034-10-31,Scoping,Direct Connection,SHET,Energy Storage System,a0lJ9000000blibIAA,PRO-004933,1
Calderdale Wind Farm 240 MW,CALDERDALE WIND FARM LTD,Rochdale GSP,,0.00,170.00,170.00,2037-10-30,Scoping,Embedded,NGET,Wind Onshore,a0l8e0000012eIpAAI,PRO-004365,
Calderdale Wind Farm 312MW,CALDERDALE WIND FARM LTD,Leeds North Connection Node B 400kV Substation,,0.00,312.00,312.00,2035-10-30,Scoping,Direct Connection,NGET,Wind Onshore,a0l8e0000012kcnAAA,PRO-004714,
Caldwell Road,TAGENERGY DEVELOPMENT UK LIMITED,Drakelow 400kV Substation,,0.00,249.00,249.00,2028-10-30,Scoping,Direct Connection,NGET,Energy Storage System,a0l8e0000010wbKAAQ,PRO-002710,1
Caledonia Offshore Wind Farm,CALEDONIA OFFSHORE WIND FARM LIMITED,Greens 400kV Substation,1.00,0.00,600.00,600.00,2031-03-31,Scoping,Direct Connection,SHET,Wind Offshore,a0l4L0000005ibmQAA,PRO-001436-1,
Caledonia Offshore Wind Farm,CALEDONIA OFFSHORE WIND FARM LIMITED,Greens 400kV Substation,2.00,0.00,1400.00,2000.00,2032-10-31,Scoping,Direct Connection,SHET,Wind Offshore,a0l4L0000005ibmQAA,PRO-001436-2,
Caledonian Paper Mill (Meadowhead),UPM-KYMMENE (UK) LIMITED,Meadowhead GSP,,20.00,0.00,20.00,,Built,Embedded,SPT,CCGT (Combined Cycle Gas Turbine),a0l4L0000005iRGQAY,PRO-001308,
Callisterhall Wind Farm,E Power Limited,Callisterhall 132kV,,0.00,45.50,45.50,2029-04-27,Scoping,Direct Connection,SPT,Wind Onshore,a0l4L0000005iYxQAI,PRO-001965,
Calon y Gwynt,Wind 2 Project 3 Limited,Mid Wales Connection Node A,,0.00,72.00,72.00,2037-10-31,Scoping,Direct Connection,NGET,Energy Storage System;PV Array (Photo Voltaic/solar);Wind Onshore,a0lJ9000000bla3IAA,PRO-004896,
Cambridgeshire Energy Storage Centre,Hydrostor UK Ltd,South Anglia Connection Node D 400kV Substation,,0.00,500.00,500.00,2037-10-31,Scoping,Direct Connection,NGET,Energy Storage System;Pump Storage;Thermal,a0lJ9000000POjeIAG,PRO-006115,1
Camp Farm,CHINT SOLAR UK MANAGEMENT LTD,Derbyshire Connection Node B 400kV Substation,,0.00,249.90,249.90,2037-10-30,Scoping,Direct Connection,NGET,Energy Storage System,a0lJ900000000XVIAY,PRO-004990,1
Canterbury North,Canterbury North 10 Renewables Limited,East Kent Connection Node B 400kV Substation,,0.00,1000.00,1000.00,2030-10-31,Scoping,Direct Connection,NGET,Energy Storage System;PV Array (Photo Voltaic/solar),a0l8e000000TPRFAA4,PRO-003414,1
Canterbury Tertiary,ENSO GREEN HOLDINGS L LIMITED,Canterbury North 400kV Substation,,0.00,57.00,57.00,2031-10-31,Scoping,Direct Connection,NGET,Energy Storage System;PV Array (Photo Voltaic/solar),a0l4L0000005iaTQAQ,PRO-001029,
Caorach,Invenergy Development UK Ltd,Caorach 132 KV Substation,,0.00,81.00,81.00,2033-10-31,Scoping,Direct Connection,SHET,Energy Storage System;Wind Onshore,a0lJ9000000PDqZIAW,PRO-005026,1
Capenhurst,ENSO GREEN HOLDINGS Q LIMITED,Capenhurst 275kV Substation,,0.00,400.00,400.00,2033-09-30,Scoping,Direct Connection,NGET,Energy Storage System;PV Array (Photo Voltaic/solar),a0l4L0000005ioiQAA,PRO-000540,1
Capenhurst 275KV Substation,ZENOBE CAPENHURST LIMITED,Capenhurst 275kV Substation,,100.00,0.00,100.00,,Built,Direct Connection,NGET,Energy Storage System,a0l4L0000005iwGQAQ,PRO-001349,
Capenhurst Tertiary,ENSO GREEN HOLDINGS Q LIMITED,Capenhurst 400kV Substation,,0.00,57.00,57.00,2029-10-30,Scoping,Direct Connection,NGET,Energy Storage System;PV Array (Photo Voltaic/solar),a0l4L0000005ikTQAQ,PRO-002162,1
Capenhurst Tertiary Connection,HD888CAP LIMITED,Capenhurst 275kV Substation,,57.00,0.00,57.00,,Built,Direct Connection,NGET,Energy Storage System,a0l4L0000005iaUQAQ,PRO-001028,
Caple Rig [formerly Faw Side Community Wind Farm],Community Windpower Limited,Caple Rig 132kV Substation,,0.00,250.00,250.00,2029-09-07,Scoping,Direct Connection,SPT,Wind Onshore,a0l4L0000005isGQAQ,PRO-000297,1
Car Duibh Wind Farm,CAR DUIBH WIND FARM LIMITED,Car Duibh 275kV Substation,,0.00,99.00,99.00,2034-10-31,Awaiting Consents,Direct Connection,SHET,Wind Onshore,a0l4L0000005iMQQAY,PRO-002342,1
Carberry BESS  (was Smeaton BESS),HARMONY CBR LTD,Dalkeith 400kV Substation,,0.00,200.00,200.00,2031-06-30,Scoping,Direct Connection,SPT,Energy Storage System,a0l8e0000010xIgAAI,PRO-003053,1
Carbon Free 2030,CARBON FREE 2030 ENERGY LIMITED,Grimsby West 400kV Substation,,0.00,500.00,500.00,2034-06-30,Scoping,Direct Connection,NGET,Energy Storage System;PV Array (Photo Voltaic/solar),a0l8e0000010x1NAAQ,PRO-003047,
Care Erskine BEGA,CARE POWER (ERSKINE) LIMITED,Erskine 132/33kV,,29.90,0.00,29.90,,Built,Embedded,SPT,Energy Storage System,a0lJ9000000PeRpIAK,PRO-006782,
Carlisle Road,MERCIA POWER RESPONSE LIMITED,Pitsmoor GSP,,0.00,40.00,40.00,2033-10-31,Scoping,Embedded,NGET,Energy Storage System,a0l8e000000ew2EAAQ,PRO-003642,
Carn Fearna Wind Farm,Carn Fearna Wind Farm Limited,Carn Fearna Wind Farm 132/33kV Substation,,0.00,85.00,85.00,2030-06-30,Scoping,Direct Connection,SHET,Wind Onshore,a0l4L0000005ivTQAQ,PRO-002231,1
Carnedd Wen Wind Farm,CARNEDD WEN WIND FARM LIMITED,Mid Wales West 132kV Substation,,0.00,150.00,150.00,2030-10-31,Scoping,Embedded,NGET,Wind Onshore,a0l4L0000005iVEQAY,PRO-000090,
Carraig Gheal Wind Farm,GREENPOWER (CARRAIG GHEAL) LIMITED,Carraig Gheal 132/33kV Substation,,46.00,0.00,46.00,,Built,Direct Connection,SHET,Wind Onshore,a0l4L0000005inAQAQ,PRO-000091,
Carrick Wind Farm,SCOTTISHPOWER RENEWABLES (UK) LIMITED,Carrick Wind Farm Substation,,0.00,84.00,84.00,2030-04-01,Scoping,Direct Connection,SPT,Wind Onshore,a0l4L0000005iaWQAQ,PRO-001026,
Carrington,CARRINGTON STORAGE LIMITED,Carrington 400KV Substation,,0.00,680.00,680.00,2027-10-31,Consents Approved,Direct Connection,NGET,Energy Storage System,a0l4L0000005iziQAA,PRO-000276,
Carrington,PIVOTED POWER LLP,Carrington 275kV Substation,,0.00,57.00,57.00,2028-10-31,Awaiting Consents,Direct Connection,NGET,Energy Storage System,a0l4L0000005iaXQAQ,PRO-001025,1
Carrington Lane BESS,Apatura Battery Ltd,Daines 400kV Substation,,0.00,1800.00,1800.00,2037-10-30,Scoping,Direct Connection,NGET,Energy Storage System,a0l8e000000TPEeAAO,PRO-003215,1
Carrington Power Station,CARRINGTON POWER LIMITED,Carrington GSP (SP Manweb),,910.00,0.00,910.00,,Built,Direct Connection,NGET,CCGT (Combined Cycle Gas Turbine),a0l4L0000005ivuQAA,PRO-000092,
Carseview Road BESS,Vital Energi Solutions Limited,Lunanhead 2 GSP,,0.00,49.90,49.90,2032-10-31,Scoping,Embedded,SHET,Energy Storage System,a0l8e000000TPASAA4,PRO-003169,
Cashlie (Part of Killin Cascade Hydro Scheme),SSE GENERATION LIMITED,Cashlie GSP,,11.00,0.00,11.00,,Built,Embedded,SHET,Hydro,a0l4L0000005iV6QAI,PRO-000069,
Castlemilk 1,Queequeg Renewables Ltd,Castlemilk 400kV Substation,,0.00,300.00,300.00,2036-10-31,Scoping,Direct Connection,SPT,PV Array (Photo Voltaic/solar),a0l8e000000f5XxAAI,PRO-003932,
Catsfield,MAS 001 Limited,Ninfield GSP,,0.00,240.00,240.00,2037-11-09,Scoping,Embedded,NGET,Energy Storage System,a0l8e000001HpewAAC,PRO-004143,
Causeymire 2 Wind Farm,HEADWIND DEVELOPMENT SERVICES LIMITED,Mybster 4 132/33kV GSP Substation,,0.00,39.60,39.60,2034-10-31,Scoping,Embedded,SHET,Wind Onshore,a0l8e0000012kqcAAA,PRO-004778,1
CDCL,Uniper UK Limited,Cottam 400kV Substation,,445.00,0.00,445.00,,Built,Direct Connection,NGET,CCGT (Combined Cycle Gas Turbine),a0l4L0000005inBQAQ,PRO-000093,
Ceannacroc (part of the Moriston Cascade),SSE GENERATION LIMITED,Ceannacroc GSP,,20.00,0.00,20.00,,Built,Embedded,SHET,Hydro,a0l4L0000005iV7QAI,PRO-000070,
Ceislein Wind Farm,RWE Renewables UK Onshore Wind Limited,Ceislien Wind Farm,,0.00,85.80,85.80,2031-10-31,Scoping,Direct Connection,SHET,Wind Onshore,a0l8e000000TPK3AAO,PRO-003256,1
Cellarhead,ENSO GREEN HOLDINGS X LIMITED,Cellarhead 400kV Substation,,0.00,400.00,400.00,2033-10-31,Scoping,Direct Connection,NGET,Energy Storage System;PV Array (Photo Voltaic/solar),a0l4L0000005ikWQAQ,PRO-002161,1
Cellarhead 400kV Energy Storage,C & S ENERGY LIMITED,Cellarhead 400kV Substation,,0.00,300.00,300.00,2027-07-16,Awaiting Consents,Direct Connection,NGET,Energy Storage System,a0l4L0000005iemQAA,PRO-001685,
Cellarhead Green Energy Centre,S & C ENERGY LIMITED,Cellarhead 400kV Substation,,0.00,400.00,400.00,2028-10-30,Awaiting Consents,Direct Connection,NGET,Energy Storage System;PV Array (Photo Voltaic/solar),a0l4L0000005ihjQAA,PRO-001758,
Cellarhead Home Farm,CELLARHEAD BESS LTD,Cellarhead 132kV Substation,,0.00,280.00,280.00,2028-10-31,Scoping,Embedded,NGET,Energy Storage System,a0l4L0000005iU7QAI,PRO-001715,
Cellarhead PV & BESS Station,IB VOGT UK LTD,Manchester South Connection Node B 400kV Substation,,0.00,400.00,400.00,2037-10-30,Scoping,Direct Connection,NGET,Energy Storage System;PV Array (Photo Voltaic/solar),a0l8e000000TPHxAAO,PRO-003240,
Celtic 2 Offshore Wind Farm,RWE Offshore Wind,Alverdiscott 400kV Substation,,0.00,1000.00,1000.00,2031-10-31,Scoping,Direct Connection,NGET,Wind Offshore,a0l4L0000005ia5QAA,PRO-002007,1
Celtic Offshore Wind Farm,RWE Offshore Wind,RWE CELTIC OFFSHORE SUBSTATION,,0.00,400.00,400.00,2031-10-31,Scoping,Direct Connection,NGET,Wind Offshore,a0l4L0000005ihkQAA,PRO-001760,1
Celtic Sea Offshore Wind Farm (ESB),ESB ASSET DEVELOPMENT UK LIMITED,CELTIC SEA 275/66KV OFFSHORE SUBSTATION,,0.00,1000.00,1000.00,2031-10-31,Scoping,Direct Connection,NGET,Wind Offshore,a0l4L0000005iurQAA,PRO-002219,1
CENOS,FLOTATION ENERGY LIMITED,Peterhead 400kV Substation,,0.00,1350.00,1350.00,2035-10-31,Scoping,Direct Connection,SHET,Demand;Wind Offshore,a0l4L0000005iPEQAY,PRO-001847,
Cerulean Winds INTOG 1,CERULEAN WINDS LIMITED,Hurlie 400kV substation,,0.00,600.00,600.00,2033-10-31,Awaiting Consents,Direct Connection,SHET,Demand;Wind Offshore,a0l8e000001I31aAAC,PRO-004330,
Chalmerston Windfarm,BROCKWELL ENERGY LIMITED,CHALMERSTON WINDFARM 132kV SUBSTATION,,0.00,75.00,75.00,2033-10-31,Scoping,Direct Connection,SPT,Wind Onshore,a0l8e000001Ho2yAAC,PRO-004057,1
Chapel Farm Battery Storage Project,HARMONY CF LIMITED,Sundon GSP,,49.50,0.00,49.50,,Built,Embedded,NGET,Energy Storage System,a0l4L0000005iUIQAY,PRO-001786,
Chapel Rush Solar,RWE Renewables UK Solar and Storage Limited,North Humber Connection Node A 400kV Substation,,0.00,600.00,600.00,2035-10-30,Scoping,Direct Connection,NGET,Energy Storage System;PV Array (Photo Voltaic/solar),a0l8e0000012hpXAAQ,PRO-004538,1
Chapelcross Solar PV and Storage,EEB68 LIMITED,Chapelcross 132/33kV,,0.00,150.88,150.88,2027-10-29,Scoping,Direct Connection,SPT,Energy Storage System;PV Array (Photo Voltaic/solar),a0l4L0000005ib6QAA,PRO-002031,
Chatterley,CONRAD (CHATTERLEY) LIMITED,Cellarhead 132kV Substation,,20.00,0.00,20.00,,Built,Embedded,NGET,Gas Reciprocating,a0l4L0000005iSPQAY,PRO-000915,
Cheshire,RWE GENERATION UK PLC,Capenhurst GSP,,90.00,0.00,90.00,,Built,Embedded,NGET,Gas Reciprocating,a0l4L0000005iRCQAY,PRO-001312,
Chessington Estate,Chessington BESS Ltd,Chessington 132kV,,0.00,240.00,240.00,2037-11-16,Scoping,Embedded,NGET,Energy Storage System,a0l8e0000012gZ9AAI,PRO-004420,1
Chesterfield,SSE RENEWABLES SOLAR & BATTERY HOLDINGS LIMITED,Chesterfield 400kV Substation (Not yet constructed),,0.00,600.00,600.00,2032-10-30,Scoping,Direct Connection,NGET,Energy Storage System;PV Array (Photo Voltaic/solar),a0l8e000000f4iJAAQ,PRO-003861,1
Chesters,Queequeg Renewables Ltd,Teviot 400/132kV Substation,,0.00,80.00,80.00,2033-10-29,Scoping,Direct Connection,SPT,Energy Storage System;Wind Onshore,a0lJ9000000blKlIAI,PRO-004805,
Chickerell,ENSO GREEN HOLDINGS X LIMITED,Chickerell 400kV Substation,1.00,0.00,200.00,200.00,2036-12-06,Awaiting Consents,Direct Connection,NGET,Energy Storage System;PV Array (Photo Voltaic/solar),a0l4L0000005ikqQAA,PRO-002186-1,1
Chickerell,ENSO GREEN HOLDINGS X LIMITED,Chickerell 400kV Substation,2.00,0.00,100.00,300.00,2037-10-31,Awaiting Consents,Direct Connection,NGET,Energy Storage System;PV Array (Photo Voltaic/solar),a0l4L0000005ikqQAA,PRO-002186-2,1
Chickerell,ENSO GREEN HOLDINGS X LIMITED,Chickerell 400kV Substation,3.00,0.00,100.00,400.00,2038-10-31,Awaiting Consents,Direct Connection,NGET,Energy Storage System;PV Array (Photo Voltaic/solar),a0l4L0000005ikqQAA,PRO-002186-3,1
Chickerell,SSE GENERATION LIMITED,Chickerell 400kV Substation,,47.00,0.00,47.00,,Built,Embedded,NGET,CHP (Combined Heat and Power),a0l4L0000005iQ1QAI,PRO-001279,
Chickerell Solar PV & BESS,CHICKERELL STORAGE LIMITED,Chickerell 400kV Substation,,0.00,400.00,400.00,2028-10-31,Consents Approved,Direct Connection,NGET,Energy Storage System,a0l4L0000005iw2QAA,PRO-001598,2
Chirmorie Wind Farm,CHIRMORIE WIND FARM LIMITED,Chirmorie Wind Farm substation,,0.00,91.00,91.00,2027-04-30,Consents Approved,Direct Connection,SPT,Wind Onshore,a0l4L0000005inCQAQ,PRO-000094,2
Chirton Grange,ELAWAN ENERGY UK LIMITED,Tynemouth GSP (NPG),,0.00,49.90,49.90,2035-10-30,Scoping,Embedded,NGET,Energy Storage System;PV Array (Photo Voltaic/solar),a0lJ9000000blnBIAQ,PRO-004948,
Chleansaid Wind Farm,ESB ASSET DEVELOPMENT UK LIMITED,Chleansaid Wind Farm 132kV Substation,,0.00,96.00,96.00,2028-09-10,Scoping,Direct Connection,SHET,Wind Onshore,a0l4L0000005iY6QAI,PRO-001608,2
Church Road Farm,QAIR RENEWABLES UK LIMITED,South Anglia Connection Node D 132kV Substation,,0.00,400.00,400.00,2034-10-31,Scoping,Embedded,NGET,Energy Storage System,a0lJ9000000PDvoIAG,PRO-005074,
Cilfynydd,ENSO GREEN HOLDINGS X LIMITED,Cilfynydd 400kV Substation,,0.00,400.00,400.00,2030-10-31,Awaiting Consents,Direct Connection,NGET,Energy Storage System;PV Array (Photo Voltaic/solar);Wind Onshore,a0l4L0000005idlQAA,PRO-002088,1
Cilfynydd 2,REWE 8 LIMITED,Cilfynydd 400kV Substation,,0.00,240.00,240.00,2037-10-15,Scoping,Direct Connection,NGET,Energy Storage System,a0l8e000000f6A1AAI,PRO-003962,
Cilfynydd BESS,Cilfynydd BESS Limited,Cilfynydd 400kV Substation,,0.00,349.90,349.90,2037-10-15,Scoping,Direct Connection,NGET,Energy Storage System,a0l8e0000010wfHAAQ,PRO-002756,1
Cilfynydd Green Energy Centre,CILFYNYDD NG LIMITED,Cilfynydd 400kV Substation,1.00,0.00,400.00,400.00,2028-10-30,Awaiting Consents,Direct Connection,NGET,Demand;Energy Storage System;PV Array (Photo Voltaic/solar);Wind Onshore,a0l4L0000005idMQAQ,PRO-001663-1,1
Cilfynydd Green Energy Centre,CILFYNYDD NG LIMITED,Cilfynydd 400kV Substation,2.00,0.00,625.00,1025.00,2033-10-31,Awaiting Consents,Direct Connection,NGET,Demand;Energy Storage System;PV Array (Photo Voltaic/solar);Wind Onshore,a0l4L0000005idMQAQ,PRO-001663-2,1
Cilfynydd Grid Stability Services,CILFYNYDD GRID SERVICES LIMITED,Cilfynydd 400kV Substation,,0.00,0.00,0.00,2027-03-31,Consents Approved,Direct Connection,NGET,Reactive Compensation,a0l4L000002yQWWQA2,PRO-002540,2
Clash Gour,CLASH GOUR WINDFARM HOLDINGS LIMITED,Clash Gour Wind Farm 132kV Substation,,0.00,210.00,210.00,2029-10-30,Awaiting Consents,Direct Connection,SHET,Energy Storage System;Wind Onshore,a0l4L0000005iaaQAA,PRO-001022,
Clashindarroch,CLASHINDARROCH WIND FARM LIMITED,Clashindarroch Substation,,37.00,0.00,37.00,,Built,Embedded,SHET,Wind Onshore,a0l4L0000005iV0QAI,PRO-000040,
Clashindarroch 2,VATTENFALL WIND POWER LTD,Cairnford GSP,,0.00,63.00,63.00,2027-06-04,Scoping,Embedded,SHET,Wind Onshore,a0l4L0000005iV1QAI,PRO-000041,2
Clashindarroch Windfarm Extension,CLASHINDARROCH WINDFARM EXTENSION LIMITED,Clashindarroch Windfarm Extension 132kV Substation,,0.00,145.20,145.20,2033-10-31,Scoping,Direct Connection,SHET,Wind Onshore,a0l8e0000012kkvAAA,PRO-004769,1
Clauchrie Windfarm,SCOTTISHPOWER RENEWABLES (UK) LIMITED,Clauchrie 132/33KV Substation,,0.00,108.00,108.00,2033-05-31,Scoping,Direct Connection,SPT,Energy Storage System;Wind Onshore,a0l4L0000005iabQAA,PRO-001021,1
Clay Tye Farm Phase 1,HARMONY CTF LIMITED,Warley 132kV Substation,,49.50,0.00,49.50,,Built,Embedded,NGET,Energy Storage System,a0l4L0000005iPNQAY,PRO-001857,
Clay Tye Farm Phase 2,Harmony CTF 2 Limited,Warley 132kV Substation,,49.50,0.00,49.50,,Built,Embedded,NGET,Energy Storage System,a0l4L0000005iPKQAY,PRO-001854,
Claydon Solar B (A033),RWE Renewables UK Solar and Storage Limited,Port Ham GSP,,0.00,45.00,45.00,2025-04-11,Scoping,Embedded,NGET,Energy Storage System;PV Array (Photo Voltaic/solar),a0l8e0000012kk7AAA,PRO-004759,
Clayhill Farm,ARL O09 LIMITED,Sundon GSP,,40.00,0.00,40.00,,Built,Embedded,NGET,Energy Storage System,a0l4L0000005iQAQAY,PRO-001270,
Clean Planet Solar,Clean Planet Solar Farm Limited,Frodsham 400kV Substation,,0.00,500.00,500.00,2037-11-01,Scoping,Direct Connection,NGET,Energy Storage System;PV Array (Photo Voltaic/solar);Reactive Compensation,a0l8e0000011yXgAAI,PRO-003519,1
Cleve Hill Solar Park,CLEVE HILL SOLAR PARK LIMITED,Cleve Hill 400kV Substation,,350.00,200.00,550.00,2036-06-02,Built,Direct Connection,NGET,Demand;Energy Storage System;PV Array (Photo Voltaic/solar),a0l4L0000005iwHQAQ,PRO-001097,
Cleveden Road BESS,Vital Energi Solutions Limited,Killermont 132/33kV,,0.00,43.00,43.00,2031-06-30,Scoping,Embedded,SPT,Energy Storage System,a0l8e000000TPArAAO,PRO-003174,
Cliff Hill Energy Farm,Cairn Duhie Energy Limited,Navenby 400kV Substation,,0.00,800.00,800.00,2034-10-30,Scoping,Direct Connection,NGET,Energy Storage System;PV Array (Photo Voltaic/solar),a0l8e000000f4xRAAQ,PRO-003896,1
Cliffhope,Invenergy Development UK Ltd,Teviot 400/132kV Substation,,0.00,205.00,205.00,2034-10-31,Scoping,Direct Connection,SPT,Energy Storage System;Wind Onshore,a0lJ9000000POVrIAO,PRO-006052,1
Clifton Lane 150MW BSS,RENEWABLES NORTH WEST LTD,Frodsham 132kV,,0.00,150.00,150.00,2037-10-31,Scoping,Embedded,NGET,Energy Storage System,a0l8e000000f4P3AAI,PRO-003842,
Cloich Forest Wind Farm,EDF ENERGY RENEWABLES LIMITED,Cloich 132kV Substation,,0.00,67.20,67.20,2029-07-31,Scoping,Direct Connection,SPT,Wind Onshore,a0l4L0000005iZoQAI,PRO-001387,
Cloiche Wind Farm,SSE GENERATION LIMITED,Cloich 132kV Substation,,0.00,200.00,200.00,2028-02-01,Scoping,Direct Connection,SHET,Wind Onshore,a0l4L0000005ilxQAA,PRO-000425,
Clonmacate Farm BESS,GPC Project 11 Ltd,Ayr 275/33kV,,0.00,200.00,200.00,2030-10-31,Scoping,Direct Connection,SPT,Energy Storage System,a0l8e000000TPRtAAO,PRO-003421,
Cloud Hill Windfarm,Cloud Hill Windfarm Limited,Glenglass 132/33kV,1.00,0.00,50.00,50.00,2030-05-31,Awaiting Consents,Direct Connection,SPT,Energy Storage System;Wind Onshore,a0l4L0000005iYOQAY,PRO-001938-1,
Cloud Hill Windfarm,Cloud Hill Windfarm Limited,Glenglass 132/33kV,2.00,0.00,10.00,60.00,2036-10-31,Scoping,Direct Connection,SPT,Energy Storage System;Wind Onshore,a0l4L0000005iYOQAY,PRO-001938-2,
Clune Wind Farm,Renewable Energy Systems Limited,Clune 132/33 kV Substation,,0.00,187.20,187.20,2030-04-30,Scoping,Direct Connection,SHET,Energy Storage System;Wind Onshore,a0l8e0000012j2rAAA,PRO-004620,1
Clunie (part of the Clunie Cascade),SSE GENERATION LIMITED,Clunie GSP,,61.20,0.00,61.20,,Built,Direct Connection,SHET,Hydro,a0l4L0000005imgQAA,PRO-000072,
Clyde North,CLYDE WINDFARM (SCOTLAND) LIMITED,Clyde North 275/33kV,,374.50,0.00,374.50,,Built,Direct Connection,SPT,Wind Onshore,a0l4L0000005inDQAQ,PRO-000095,
Clyde South,CLYDE WINDFARM (SCOTLAND) LIMITED,Clyde South 275/33kV,,128.80,0.00,128.80,,Built,Direct Connection,SPT,Wind Onshore,a0l4L0000005inEQAQ,PRO-000096,
Clyde South Energy Park,RENEWCO POWER LIMITED,Redshaw 132kV Substation.,,0.00,120.00,120.00,2037-10-31,Scoping,Direct Connection,SPT,Energy Storage System;PV Array (Photo Voltaic/solar);Wind Onshore,a0lJ9000000POi1IAG,PRO-006096,
Cnoc Buidhe Wind Farm,CNOC BUIDHE WIND ENERGY HUB LIMITED,Cnoc Buidhe 132kV/33kV Substation,1.00,0.00,150.00,150.00,2030-04-02,Scoping,Direct Connection,SHET,Energy Storage System;Wind Onshore,a0l4L0000005idTQAQ,PRO-001672-1,
Cnoc Buidhe Wind Farm,CNOC BUIDHE WIND ENERGY HUB LIMITED,Cnoc Buidhe 132kV/33kV Substation,2.00,0.00,70.00,220.00,2034-10-31,Scoping,Direct Connection,SHET,Energy Storage System;Wind Onshore,a0l4L0000005idTQAQ,PRO-001672-2,
Coachford 400MW BESS,Field Woodhead Ltd,Coachford 400kV Substation,,0.00,400.00,400.00,2033-10-31,Scoping,Direct Connection,SHET,Energy Storage System,a0lJ9000000PDxzIAG,PRO-005097,1
Coalburn Battery Energy Storage Facility,ALCEMI STORAGE DEVELOPMENTS 4 LIMITED,Coalburn 400kV Substation,,500.00,0.00,500.00,,Built,Direct Connection,SPT,Energy Storage System,a0l4L0000005id4QAA,PRO-001459,2
Cockenzie BESS,COCKENZIE STORAGE B LTD,Meadowmill 400/132kV Substation,,0.00,102.00,102.00,2027-07-31,Scoping,Direct Connection,SPT,Energy Storage System,a0l8e000001Hrm5AAC,PRO-004217,2
Coddington,STARLIGHT ENERGY UK LIMITED,Trent Valley South Connection Node C 400kV Substation,,0.00,240.00,240.00,2034-10-30,Scoping,Direct Connection,NGET,Energy Storage System,a0l8e000000ey6vAAA,PRO-003750,1
CODDINGTON BESS,SHAW-ENERGI LTD,Trent Valley South Connection Node A 400kV,,0.00,300.00,300.00,2034-10-31,Scoping,Direct Connection,NGET,Energy Storage System,a0l8e000000ewXhAAI,PRO-003666,1
Codham Hall BESS,Pulse Clean Energy Limited,Warley 275kV Substation,,0.00,249.00,249.00,2037-10-31,Scoping,Direct Connection,NGET,Energy Storage System,a0l8e000000f6JAAAY,PRO-003972,1
Cogle Moss Wind Farm,COGLE MOSS RENEWABLES LLP,Mybster 2 132/33kV Substation,,0.00,36.00,36.00,2025-08-31,Consents Approved,Embedded,SHET,Wind Onshore,a0l4L0000005iWrQAI,PRO-000973,1
Coille Beith Wind Farm,COILLE BEITH WIND FARM LIMITED,Oykel Wind Farm 132kV Substation,,0.00,79.20,79.20,2032-10-31,Scoping,Direct Connection,SHET,Wind Onshore,a0l8e0000010wbPAAQ,PRO-002711,1
Coille Linne,ENERGYFARM UK COILLE LINNE LTD,Coille Linne 132kV Substation,,0.00,113.00,113.00,2037-10-31,Scoping,Direct Connection,SHET,Energy Storage System;Wind Onshore,a0lJ9000000PNK6IAO,PRO-005983,
Coire Glas Pumped Storage,COIRE GLAS HYDRO PUMPED STORAGE LIMITED,Coire Glas GSP,1.00,0.00,612.00,612.00,2029-10-31,Consents Approved,Direct Connection,SHET,Pump Storage,a0l4L0000005imhQAA,PRO-000073-1,
Coire Glas Pumped Storage,COIRE GLAS HYDRO PUMPED STORAGE LIMITED,Coire Glas GSP,2.00,0.00,684.00,1296.00,2029-10-31,Scoping,Direct Connection,SHET,Pump Storage,a0l4L0000005imhQAA,PRO-000073-2,
Coire Na Cloiche,COIRE NA CLOICHE WINDFARM LLP,Alness GSP,,30.00,0.00,30.00,,Built,Embedded,SHET,Wind Onshore,a0l4L0000005iVFQAY,PRO-000099,
Cold Norton,BSR APPLICATIONS LIMITED,South Anglia Connection Node C 400kV Substation,,0.00,1250.00,1250.00,2036-10-31,Scoping,Direct Connection,NGET,Energy Storage System;PV Array (Photo Voltaic/solar);Wind Onshore,a0l8e0000011yYUAAY,PRO-003528,1
Coldstream BESS,IGP ENERGY STORAGE 4 LIMITED,Eccles 400/132kV,,0.00,50.00,50.00,2030-10-31,Scoping,Direct Connection,SPT,Energy Storage System,a0l8e0000011zGTAAY,PRO-003572,1
Coldstream Solar PV Plant,Conrad Energy (Developments) II Limited,Eccles GSP,,0.00,40.56,40.56,2031-07-31,Scoping,Embedded,SPT,PV Array (Photo Voltaic/solar),a0l8e000000evgLAAQ,PRO-003635,
Colmealie Wind - Solar - BESS Farm,Galileo 21 Limited,Fetteresso 132kV substation,,0.00,112.00,112.00,2037-10-31,Scoping,Direct Connection,SHET,Energy Storage System;PV Array (Photo Voltaic/solar);Wind Onshore,a0lJ9000000POtpIAG,PRO-006136,
Connah's Quay,Uniper UK Limited,Connah's Quay 400kV Substation,,1380.00,0.00,1380.00,,Built,Direct Connection,NGET,CCGT (Combined Cycle Gas Turbine),a0l4L0000005imCQAQ,PRO-000058,
Conrad (Basingstoke) Limited,CONRAD (BASINGSTOKE) LIMITED,Bramley GSP,,20.00,0.00,20.00,,Built,Embedded,NGET,Energy Storage System,a0l8e0000012etVAAQ,PRO-004384,
Conrad (Swindon) Limited,CONRAD (SWINDON) LIMITED,Minety GSP,,19.00,0.00,19.00,,Built,Embedded,NGET,Energy Storage System,a0l8e0000012etfAAA,PRO-004385,
Conrad (Torquay) Limited,CONRAD (TORQUAY) LIMITED,Abham GSP,,22.00,0.00,22.00,,Built,Embedded,NGET,Energy Storage System,a0l8e0000012euEAAQ,PRO-004386,
Conrad (Winchester) Limited,CONRAD (WINCHESTER) LIMITED,Nursling GSP,,19.00,0.00,19.00,,Built,Embedded,NGET,Energy Storage System;Gas Reciprocating,a0l8e000000f8AeAAI,PRO-004022,
CONTEGO  Battery Storage Project,Harmony CS Ltd,Bolney 132kV Substation,,35.80,0.00,35.80,,Built,Embedded,NGET,Energy Storage System,a0l4L0000005iUNQAY,PRO-001591,
Contullich BESS,Contullich Energy Storage Limited,Alness 2 275/33 kV GSP Substation,,0.00,45.00,45.00,2030-10-31,Scoping,Embedded,SHET,Energy Storage System,a0l8e000001HxmMAAS,PRO-004300,
Copper Nose BESS,Copper Nose Energy Ltd,Fawley 132kV Substation,,0.00,150.00,150.00,2036-10-24,Scoping,Direct Connection,NGET,Energy Storage System,a0l4L0000005iyCQAQ,PRO-002356,1
Corby,CORBY POWER LIMITED,Corby 132kV Substation,,401.00,0.00,401.00,,Built,Embedded,NGET,CCGT (Combined Cycle Gas Turbine),a0l4L0000005iVGQAY,PRO-000100,
Cormoran Offshore Wind Farm,South West Wind Holdco Limited,Alverdiscott 400kV Substation,,0.00,1008.00,1008.00,2036-12-06,Scoping,Direct Connection,NGET,Wind Offshore,a0l4L0000005iyQQAQ,PRO-002390,
Cornharrow Wind Farm,ENERGYFARM UK CORNHARROW LLP,Quantans Hill 132kV Substation,,0.00,50.00,50.00,2030-10-31,Scoping,Direct Connection,SPT,Wind Onshore,a0l4L0000005if2QAA,PRO-001741,
Cornwall Energy Park,GREEN ENERGY MAB LTD,Tideford 400kV Substation,,0.00,500.00,500.00,2036-12-06,Scoping,Direct Connection,NGET,Energy Storage System;PV Array (Photo Voltaic/solar),a0l4L0000005iyVQAQ,PRO-002379,
Correen Hills Wind Farm,EDF ENERGY RENEWABLES LIMITED,Correen Hills Wind Farm 132kV Substation,,0.00,68.40,68.40,2031-09-30,Scoping,Direct Connection,SHET,Wind Onshore,a0l4L0000005iNoQAI,PRO-001825,1
Corriegarth,CORRIEGARTH WIND ENERGY LIMITED,Corriegarth 132/33kV substation,,69.00,0.00,69.00,,Built,Direct Connection,SHET,Wind Onshore,a0l4L0000005inHQAQ,PRO-000101,
Corriegarth  2 Wind Farm,CORRIEGARTH 2 WIND FARM LIMITED,Corriegarth 132/33kV substation,,0.00,70.00,70.00,2027-07-31,Scoping,Direct Connection,SHET,Wind Onshore,a0l4L0000005imGQAQ,PRO-000420,
Corriemoillie BESS,FIELD CORRIEMOILLIE LTD,Corriemoillie 132kV Substation,,0.00,200.00,200.00,2029-09-30,Scoping,Direct Connection,SHET,Energy Storage System,a0l8e000000f6u6AAA,PRO-003992,1
Corriemoillie Wind Farm,ROWAN ONSHORE WINDFARMS LIMITED,Corriemoillie 132/33kV Substation,,47.50,0.00,47.50,,Built,Direct Connection,SHET,Wind Onshore,a0l4L0000005inIQAQ,PRO-000102,
Corshellach Battery Energy Storage System,Corshellach Energy Storage Limited,Berryburn 275/33kV GSP Substation,,0.00,49.90,49.90,2028-10-31,Scoping,Embedded,SHET,Energy Storage System,a0l4L0000005iXzQAI,PRO-002328,2
Coryton,Coryton 10 Renewables Limited,South Anglia Connection Node C 400kV Substation,,0.00,1000.00,1000.00,2034-10-31,Scoping,Direct Connection,NGET,Demand;PV Array (Photo Voltaic/solar),a0l8e000000TPQlAAO,PRO-003407,1
Coryton,"CORYTON ENERGY COMPANY, LTD.",Coryton South 400kV Substation,,800.00,50.00,850.00,2029-10-30,Built,Direct Connection,NGET,CCGT (Combined Cycle Gas Turbine),a0l4L0000005inJQAQ,PRO-000103,
Costa Head,COSTA HEAD WIND FARM LIMITED,Finstown GSP,,0.00,16.32,16.32,2029-04-06,Scoping,Embedded,SHET,Wind Onshore,a0lJ9000000PDyOIAW,PRO-005102,
Cottam,GATE BURTON ENERGY PARK LIMITED,Cottam 400kV Substation,1.00,0.00,250.00,250.00,2029-10-31,Consents Approved,Direct Connection,NGET,Energy Storage System;PV Array (Photo Voltaic/solar),a0l4L0000005ielQAA,PRO-001502-1,
Cottam,GATE BURTON ENERGY PARK LIMITED,Cottam 400kV Substation,2.00,0.00,250.00,500.00,2030-07-30,Consents Approved,Direct Connection,NGET,Energy Storage System;PV Array (Photo Voltaic/solar),a0l4L0000005ielQAA,PRO-001502-2,
Cottam PV & BESS,O&G Solar (SPV 44) Limited,Cottam 400kV Substation,,0.00,500.00,500.00,2033-10-31,Scoping,Direct Connection,NGET,Energy Storage System;PV Array (Photo Voltaic/solar),a0l4L000002yQWpQAM,PRO-002543,
Cottam Solar PV + BESS,COTTAM SOLAR PROJECT LIMITED,Cottam 400kV Substation,,0.00,600.00,600.00,2029-09-01,Consents Approved,Direct Connection,NGET,Energy Storage System;PV Array (Photo Voltaic/solar),a0l4L0000005iz0QAA,PRO-001401,
Cottam-Ryhall Solar & BESS,CRH RENEWABLES LIMITED,Trent Valley South Connection Node B 400kV Substation,,0.00,400.00,400.00,2034-10-31,Scoping,Direct Connection,NGET,Energy Storage System;PV Array (Photo Voltaic/solar),a0l8e000001HozEAAS,PRO-004100,1
Cottered,SSE COTTERED SOLAR LIMITED,West Anglia Connection Node D 400kV Substation,,0.00,600.00,600.00,2030-10-30,Scoping,Direct Connection,NGET,Energy Storage System;PV Array (Photo Voltaic/solar),a0l4L0000005ivhQAA,PRO-002173,
Cottered - PVDP,SolarNine Ltd,West Anglia Connection Node D 400kV Substation,,0.00,520.00,520.00,2034-10-31,Scoping,Direct Connection,NGET,Energy Storage System;PV Array (Photo Voltaic/solar),a0l8e000000f7BjAAI,PRO-003999,
Cott's Farm,BORALEX LIMITED,Cott's Farm 132kV Substation,,0.00,100.00,100.00,2034-10-31,Scoping,Direct Connection,SHET,Energy Storage System;PV Array (Photo Voltaic/solar),a0lJ9000000PDmzIAG,PRO-005017,
Coupar Angus Battery,COUPAR LIMITED,Coupar Angus 132/33kV GSP,,0.00,40.00,40.00,2022-02-21,Consents Approved,Embedded,SHET,Energy Storage System,a0l4L0000005iPxQAI,PRO-000905,
Coupar Solar Farm,COUPAR TWO LIMITED,Coupar Angus 132/33kV GSP,,0.00,49.90,49.90,2027-04-30,Scoping,Embedded,SHET,PV Array (Photo Voltaic/solar),a0l4L0000005iPSQAY,PRO-001862,
Cour Wind Farm,COUR WIND FARM (SCOTLAND ) LIMITED,Crossaig 132kV Substation,,20.50,0.00,20.50,,Built,Direct Connection,SHET,Wind Onshore,a0l4L0000005infQAA,PRO-000106,
Coventry,PIVOTED POWER LLP,Coventry 275kV Substation,,49.90,0.00,49.90,,Built,Direct Connection,NGET,Energy Storage System;PV Array (Photo Voltaic/solar),a0l4L0000005iadQAA,PRO-001005,
Cowes,RWE GENERATION UK PLC,Fawley 400kV Substation,,140.00,0.00,140.00,,Built,Embedded,NGET,OCGT (Open Cycle Gas Turbine),a0l4L0000005iVHQAY,PRO-000107,
Cowley,PIVOTED POWER LLP,Cowley 400kV Substation,,49.90,0.00,49.90,,Built,Direct Connection,NGET,Energy Storage System,a0l4L0000005ibMQAQ,PRO-001015,
Cowley (Tertiary),COWLEY BALDON GREEN LIMITED,Cowley 400kV Substation,,0.00,57.00,57.00,2025-11-14,Scoping,Direct Connection,NGET,Energy Storage System;PV Array (Photo Voltaic/solar),a0l4L0000005ixTQAQ,PRO-000407,
Cowley Energy Storage,BW ESS DEVELOPMENT UK LIMITED,Cowley 400kV Substation,1.00,0.00,200.00,200.00,2029-10-31,Scoping,Direct Connection,NGET,Energy Storage System,a0l4L0000005ic8QAA,PRO-002066-1,
Cowley Energy Storage,BW ESS DEVELOPMENT UK LIMITED,Cowley 400kV Substation,2.00,0.00,100.00,300.00,2036-12-06,Scoping,Direct Connection,NGET,Energy Storage System,a0l4L0000005ic8QAA,PRO-002066-2,
Cowley Farm,COWLEY 2 RENEWABLES LTD,Cowley 400kV Substation,,0.00,200.00,200.00,2038-10-01,Scoping,Direct Connection,NGET,Energy Storage System;PV Array (Photo Voltaic/solar),a0l8e0000010wYTAAY,PRO-002677,1
Cowley Farm 2,COWLEY 7 RENEWABLES LTD,Cowley 400kV Substation,,0.00,700.00,700.00,2038-11-30,Scoping,Direct Connection,NGET,Energy Storage System;PV Array (Photo Voltaic/solar),a0l8e0000010wdpAAA,PRO-002738,1
Coylton 275kV Greener Grid Park,COYLTON ENERGY LIMITED,Coylton 275kV substation,1.00,0.00,50.00,50.00,2026-05-18,Consents Approved,Direct Connection,SPT,Energy Storage System,a0l4L0000005ihQQAQ,PRO-001551-1,2
Coylton 275kV Greener Grid Park,COYLTON ENERGY LIMITED,Coylton 275kV substation,2.00,0.00,100.00,150.00,2026-04-30,Scoping,Direct Connection,SPT,Energy Storage System,a0l4L0000005ihQQAQ,PRO-001551-2,
Coylton 275kV Greener Grid Park,COYLTON ENERGY LIMITED,Coylton 275kV substation,3.00,0.00,300.00,450.00,2037-10-30,Scoping,Direct Connection,SPT,Energy Storage System,a0l4L0000005ihQQAQ,PRO-001551-3,
Coylton Farm,NEW ENERGY PARTNERSHIP LIMITED,Coylton 275/33kV Substation,,0.00,300.00,300.00,2037-10-30,Awaiting Consents,Direct Connection,SPT,Energy Storage System,a0l8e000001HwvEAAS,PRO-004230,
Craig II Wind Farm,CRAIG WIND FARM LIMITED,Chapelcross 132/33kV,,4.70,0.00,4.70,,Built,Embedded,SPT,Wind Onshore,a0l4L0000005iVIQAY,PRO-000108,
Craig Moss Farm,QAIR RENEWABLES UK LIMITED,Craig Moss Farm 132kV Substation,,0.00,300.00,300.00,2036-10-31,Scoping,Direct Connection,SPT,Energy Storage System,a0l8e0000011y2hAAA,PRO-003498,1
Craig Nab Wind Energy Hub,Craig Nab Wind Energy Hub Limited,Ladyburn 132kV Substation,,0.00,36.00,36.00,2031-08-29,Scoping,Embedded,SPT,Energy Storage System;Wind Onshore,a0l4L0000005iUeQAI,PRO-002450,1
Craig Watch Wind Farm,Craig Watch Wind Farm Limited,CRAIG WATCH WIND FARM 132KV SUBSTATION,,0.00,72.60,72.60,2031-05-15,Awaiting Consents,Direct Connection,SHET,Wind Onshore,a0l4L0000005iyhQAA,PRO-001877,
Craigdarroch Hybrid Wind and BESS,VOLTALIA UK LTD,Craigdarroch Hybrid Wind & BESS 132kV Substation,,0.00,159.20,159.20,2037-06-30,Scoping,Direct Connection,SPT,Energy Storage System;Wind Onshore,a0lJ9000000PDmaIAG,PRO-005012,1
Craigdow Hill Wind Farm,ABEI ENERGY LIMITED,Maybole GSP,,0.00,38.40,38.40,2032-10-31,Scoping,Embedded,SPT,Wind Onshore,a0lJ9000000POQKIA4,PRO-006036,1
Craigend,Renewable Energy Systems Limited,Arbroath GSP,,0.00,49.90,49.90,2032-06-30,Scoping,Embedded,SHET,PV Array (Photo Voltaic/solar),a0l8e0000010wNzAAI,PRO-002567,
Craighead Wind Farm,GALILEO 02 LIMITED,CRAIGHEAD WIND FARM 132kV SUBSTATION,,0.00,77.00,77.00,2032-10-29,Scoping,Direct Connection,SPT,Wind Onshore,a0l8e0000010wlKAAQ,PRO-002821,
Craiginmoddie Wind Farm,ENERGYFARM UK CRAIGINMODDIE LLP,Maybole 132/33kV,,0.00,92.40,92.40,2031-09-30,Scoping,Direct Connection,SPT,Wind Onshore,a0l8e000000f41xAAA,PRO-003829,1
Craiglarie Wind Farm,Invenergy Development UK Ltd,Ladyburn 132kV Substation,,0.00,170.00,170.00,2037-10-31,Scoping,Direct Connection,SPT,Energy Storage System;Wind Onshore,a0lJ9000000PNEjIAO,PRO-005971,
Craigneil Wind Farm,ESB ASSET DEVELOPMENT UK LIMITED,Fetteresso 132/33kV GSP Substation,,0.00,42.00,42.00,2030-10-31,Scoping,Embedded,SHET,Wind Onshore,a0l8e0000012jL5AAI,PRO-004670,
Craigneuk 250MW BESS,Apatura Project 23 Ltd,Craigneuk 250MW BESS 275kV Substation,,0.00,250.00,250.00,2034-10-31,Scoping,Direct Connection,SPT,Demand;Energy Storage System,a0l8e0000011zPXAAY,PRO-003579,
Crakaig Wind Energy Hub,CRAKAIG WIND ENERGY HUB LIMITED,BRORA 132/33KV GRID SUPPLY POINT SUBSTATION,,0.00,60.00,60.00,2034-10-31,Scoping,Embedded,SHET,Energy Storage System;Wind Onshore,a0l8e000000exYDAAY,PRO-003734,1
Cranwell Solar & BESS Farm,TRIO POWER LIMITED,Trent Valley South Connection Node C 400kV Substation,,0.00,300.00,300.00,2034-10-30,Scoping,Direct Connection,NGET,Energy Storage System;PV Array (Photo Voltaic/solar),a0lJ9000000blnVIAQ,PRO-004952,
Crathorne Estate BESS and Solar Farm,Exagen Development Limited,Lackenby 400kV Substation,,0.00,600.00,600.00,2035-10-30,Scoping,Direct Connection,NGET,Energy Storage System;PV Array (Photo Voltaic/solar),a0l8e000000f427AAA,PRO-003831,1
Crawcroft Lane Solar and Storage,BSR APPLICATIONS LIMITED,South Humber Connection Node A 400kV,,0.00,240.00,240.00,2039-10-30,Scoping,Direct Connection,NGET,Energy Storage System;PV Array (Photo Voltaic/solar),a0lJ9000000PFJeIAO,PRO-005897,1
Creachan Wind Farm,RWE Renewables UK Onshore Wind Limited,Creachan Wind Farm 132/33kV Substation,,0.00,79.20,79.20,2030-10-31,Scoping,Direct Connection,SHET,Wind Onshore,a0l8e000000f4yFAAQ,PRO-003906,1
Creag Dhubh,MUIRDEN ENERGY LLP,Clachan 2 132/33kV GSP Substation,,0.00,38.34,38.34,2030-10-31,Scoping,Embedded,SHET,Wind Onshore,a0l8e000001HrDhAAK,PRO-004206,
Creag Dhubh Windfarm,Invenergy Development UK Ltd,Creag Dhubh Wind Farm and BESS 132kV Substation,,0.00,171.00,171.00,2033-10-31,Scoping,Direct Connection,SHET,Energy Storage System;Wind Onshore,a0lJ9000000PDmkIAG,PRO-005014,1
Creag Riabhach Wind Farm,CREAG RIABHACH WIND FARM LTD,Creag Riabhach 132/33kV Substation,1.00,92.40,0.00,92.40,,Built,Direct Connection,SHET,Wind Onshore,a0l4L0000005ingQAA,PRO-000109-1,
Creag Riabhach Wind Farm,CREAG RIABHACH WIND FARM LTD,Creag Riabhach 132/33kV Substation,2.00,0.00,12.60,105.00,2027-07-31,Consents Approved,Direct Connection,SHET,Wind Onshore,a0l4L0000005ingQAA,PRO-000109-2,
CREYKE BECK,CLEAN AIR RENEWABLES LIMITED,Creyke Beck 400kV Substation,,0.00,500.00,500.00,2033-05-31,Scoping,Direct Connection,NGET,Energy Storage System;PV Array (Photo Voltaic/solar),a0l4L0000005iZ2QAI,PRO-001972,
Creyke Beck Battery 2,CBB SPV LIMITED,Creyke Beck 400kV Substation,,0.00,28.50,28.50,2028-06-30,Consents Approved,Direct Connection,NGET,Energy Storage System,a0l8e000001Ho7SAAS,PRO-004060,
Creyke Beck PV & BESS Sub,BEFERLEAH ENERGY PARK LIMITED,Creyke Beck 400kV Substation,,0.00,249.90,249.90,2035-05-30,Scoping,Direct Connection,NGET,Energy Storage System;PV Array (Photo Voltaic/solar),a0l8e0000010wY4AAI,PRO-002672,
Creyke Beck Solar Farm,RWE Renewables UK Solar and Storage Limited,Creyke Beck GSP,,0.00,320.00,320.00,2033-05-31,Scoping,Embedded,NGET,PV Array (Photo Voltaic/solar),a0l4L0000005iTnQAI,PRO-002062,
Crookedstone PV,Enviromena Project Management UK Limited,Strathaven GSP 33kV,,0.00,49.90,49.90,2032-10-31,Scoping,Embedded,SPT,PV Array (Photo Voltaic/solar),a0lJ9000000POjyIAG,PRO-006119,
Crossdykes,CROSSDYKES WF LIMITED,Crossdykes 33kV,,46.00,0.00,46.00,,Built,Direct Connection,SPT,Wind Onshore,a0l4L0000005injQAA,PRO-000112,
Crossgatehall BESS,DE 001 LIMITED,Smeaton 400/275kV,,0.00,300.00,300.00,2033-10-28,Scoping,Direct Connection,SPT,Energy Storage System,a0l8e0000012jKvAAI,PRO-004668,1
CRT Keadby 2,Bluestone Energy Ltd,Trent Valley North Connection Node B 132kV Substation,,0.00,240.00,240.00,2039-10-30,Scoping,Embedded,NGET,Energy Storage System,a0lJ9000000PExwIAG,PRO-005846,1
Cruach Bhreac Wind Farm,Statkraft UK Ltd,Craig Murrail 275kV Substation,,0.00,100.80,100.80,2034-10-31,Scoping,Direct Connection,SHET,Wind Onshore,a0l8e000000f4w9AAA,PRO-003879,1
Cruachan Expansion,Drax Cruachan Expansion Limited,Cruachan 275kV Substation,,0.00,600.00,600.00,2030-10-31,Scoping,Direct Connection,SPT,Pump Storage,a0l4L0000005iQWQAY,PRO-001889,
Cruachan U3&4 Replacement,DRAX PUMPED STORAGE LIMITED,Cruachan 275kV Substation,1.00,440.00,0.00,440.00,,Built,Direct Connection,SPT,Pump Storage,a0l4L0000005inkQAA,PRO-000113-1,
Cruachan U3&4 Replacement,DRAX PUMPED STORAGE LIMITED,Cruachan 275kV Substation,2.00,0.00,40.00,480.00,2029-04-04,Scoping,Direct Connection,SPT,Pump Storage,a0l4L0000005inkQAA,PRO-000113-2,
Cryogenic Battery System (Synchronous),CRYOBATTERY ONE LIMITED,Carrington 400KV Substation,1.00,0.00,0.00,0.00,2026-05-08,Under Construction/Commissioning,Direct Connection,NGET,Energy Storage System;Reactive Compensation,a0l4L0000005iprQAA,PRO-000549-1,
Cryogenic Battery System (Synchronous),CRYOBATTERY ONE LIMITED,Carrington 400KV Substation,2.00,0.00,49.90,49.90,2026-11-08,Under Construction/Commissioning,Direct Connection,NGET,Energy Storage System;Reactive Compensation,a0l4L0000005iprQAA,PRO-000549-2,
Crystal Rig II Wind Farm,CRYSTAL RIG II LIMITED,Crystal Rig 132/33kV,,138.00,0.00,138.00,,Built,Direct Connection,SPT,Wind Onshore,a0l4L0000005imMQAQ,PRO-000414,
Crystal Rig III Wind Farm,CRYSTAL RIG III LIMITED,Crystal Rig 132/33kV,,13.80,0.00,13.80,,Built,Direct Connection,SPT,Wind Onshore,a0l4L0000005ifVQAQ,PRO-001127,
Crystal Rig IV Wind Farm,CRYSTAL RIG IV LIMITED,Crystal Rig 400kV substation,,48.20,0.00,48.20,,Built,Direct Connection,SPT,Wind Onshore,a0l4L0000005ipMQAQ,PRO-000520,
Culachy Wind Farm,FRED OLSEN RENEWABLES LIMITED,Fort Augustus 2 400kV Substation,,0.00,115.00,115.00,2037-10-31,Scoping,Direct Connection,SHET,Energy Storage System;Wind Onshore,a0lJ9000000PEEsIAO,PRO-005184,1
Culham Storage,CULHAM STORAGE LIMITED,Culham Jet 400kV Substation,,0.00,500.00,500.00,2029-10-31,Scoping,Direct Connection,NGET,Energy Storage System,a0l4L0000005iwLQAQ,PRO-001946,
Culligran (part of the Beauly Cascade),SSE GENERATION LIMITED,Culligran GSP,,19.10,0.00,19.10,,Built,Direct Connection,SHET,Hydro,a0l4L0000005imiQAA,PRO-000074,
Cumberhead,CUMBERHEAD WIND ENERGY LIMITED,Cumberhead 33kV,,50.00,0.00,50.00,,Built,Direct Connection,SPT,Wind Onshore,a0l4L0000005inlQAA,PRO-000114,
Cumberhead West Wind Farm,CUMBERHEAD WEST WIND FARM LTD.,Cumberhead 33kV,,114.00,0.00,114.00,,Built,Direct Connection,SPT,Wind Onshore,a0l4L0000005ix7QAA,PRO-000423,
Cuxton 49.5MW BESS,Cuxton Energy Storage Limited,Kingsnorth 400kV Substation,,0.00,49.50,49.50,2023-05-31,Consents Approved,Embedded,NGET,Energy Storage System,a0l4L0000005iXwQAI,PRO-002373,
Cwm Dyli,RWE GENERATION UK PLC,Trawsfynydd 275kV Substation,,10.00,0.00,10.00,,Built,Embedded,NGET,Hydro,a0l4L0000005iVJQAY,PRO-000115,
Cwm Rheidol,STATKRAFT ENERGY LTD.,Cwm Rheidol,,50.00,0.00,50.00,,Built,Embedded,NGET,Hydro,a0l4L0000005iVKQAY,PRO-000116,
D&G 2,Greyland Energy Park Limited,Glenluce 132/33kV,,0.00,60.00,60.00,2031-08-29,Scoping,Embedded,SPT,Wind Onshore,a0l8e0000012kpUAAQ,PRO-004772,
Daer Wind Farm,RWE Renewables UK Onshore Wind Limited,Daer Wind Farm 132/33kV,,0.00,96.00,96.00,2028-08-01,Scoping,Direct Connection,SPT,Wind Onshore,a0l4L0000005iqVQAQ,PRO-000565,
Daines BESS,DAINES ENERGY PARK LIMITED,Daines 400kV Substation,,0.00,249.90,249.90,2037-11-30,Scoping,Direct Connection,NGET,Energy Storage System,a0l8e0000010wSkAAI,PRO-002614,1
Daines BESS,SSE DAINES BESS LIMITED,Daines 400kV Substation,,0.00,600.00,600.00,2028-10-27,Scoping,Direct Connection,NGET,Energy Storage System,a0l4L0000005ibyQAA,PRO-002050,
Daines Green Energy Centre,DAINES GREEN NG LIMITED,Daines 400kV Substation,,0.00,480.00,480.00,2030-10-31,Scoping,Direct Connection,NGET,Demand;Energy Storage System;PV Array (Photo Voltaic/solar),a0l4L0000005iRPQAY,PRO-001902,
Daines NP BESS,Daines Flexpower Limited,Manchester South connection node A 400kv,,0.00,500.00,500.00,2037-10-31,Scoping,Direct Connection,NGET,Energy Storage System,a0l8e000000TPCdAAO,PRO-003194,1
Dalchork Farm,QAIR RENEWABLES UK LIMITED,Dalchork 132kV Substation,,0.00,200.00,200.00,2032-10-31,Scoping,Direct Connection,SHET,Energy Storage System,a0l8e0000010wk2AAA,PRO-002807,1
Dalmarnock Road BESS,DALMARNOCK BESS LTD,DALMARNOCK 132/33KV SUBSTATION,,0.00,40.00,40.00,2024-02-23,Scoping,Embedded,SPT,Energy Storage System,a0l4L0000005idKQAQ,PRO-001660,2
Dalmarnock Storage BESS,VIRIDISIA LTD,Dalmarnock Storage BESS 132kV Substation,,0.00,42.00,42.00,2030-04-30,Scoping,Direct Connection,SPT,Energy Storage System,a0l8e000000exgsAAA,PRO-003737,1
Dalquhandy Wind Farm,DALQUHANDY WIND FARM LIMITED,Cumberhead Collector 132/33kV,,42.00,0.00,42.00,,Built,Direct Connection,SPT,Wind Onshore,a0l4L0000005inmQAA,PRO-000117,
Dalswinton,DALSWINTON WINDFARM (SCOTLAND) LIMITED,Dumfries 132/33kV,,30.00,0.00,30.00,,Built,Embedded,SPT,Wind Onshore,a0l4L0000005iVLQAY,PRO-000118,
Damhead Creek,VPI Power Limited,Kingsnorth GSP,,812.00,0.00,812.00,,Built,Direct Connection,NGET,CCGT (Combined Cycle Gas Turbine),a0l4L0000005innQAA,PRO-000119,
Damhead Creek 2,VPI Power Limited,Kingsnorth 400kV Substation,,0.00,1800.00,1800.00,2030-10-31,Consents Approved,Direct Connection,NGET,CCGT (Combined Cycle Gas Turbine);Energy Storage System;OCGT (Open Cycle Gas Turbine),a0l4L0000005ieKQAQ,PRO-001056,
Danks Way BESS,OCKER HILL BESS LIMITED,Ocker Hill C 132kV GSP,,0.00,99.40,99.40,2026-10-31,Under Construction/Commissioning,Embedded,NGET,Energy Storage System,a0lJ9000000MMn0IAG,PRO-006863,
Darnall Road,MERCIA POWER RESPONSE LIMITED,West Melton GSP,,0.00,40.00,40.00,2034-10-30,Scoping,Embedded,NGET,Energy Storage System,a0l8e000000evlRAAQ,PRO-003641,
Daventry High Impact Green Energy Hub (HIGEH) 1,TELIS ENERGY UK LIMITED,Derbyshire Connection Node A 400kV Substation,,0.00,1000.00,1000.00,2033-10-31,Scoping,Direct Connection,NGET,Energy Storage System;Nuclear;PV Array (Photo Voltaic/solar);Wind Onshore,a0l8e000000ewvzAAA,PRO-003686,
Daviot Windfarm BEGA,CUBICO UK DEVELOPMENT LIMITED,INVERNESS 132/33KV GRID SUPPLY POINT SUBSTATION,,0.00,45.00,45.00,2030-10-31,Scoping,Embedded,SHET,Energy Storage System;Wind Onshore,a0lJ9000000blQPIAY,PRO-004874,1
Dealanach WLC WF,DEALANACH LIMITED,Hopsrig Collector 132/33kV Substation,,0.00,12.00,12.00,2026-12-15,Scoping,Direct Connection,SPT,Wind Onshore,a0l4L0000005igLQAQ,PRO-001722,
Deanie (part of the Beauly Cascade),SSE GENERATION LIMITED,Deanie GSP,,38.00,0.00,38.00,,Built,Direct Connection,SHET,Hydro,a0l4L0000005imjQAA,PRO-000075,
Deeside Power Station,DEESIDE POWER (UK) LIMITED,Connah's Quay 400kV Substation,,1.00,189.00,190.00,2026-10-25,Consents Approved,Direct Connection,NGET,Energy Storage System;Reactive Compensation,a0l4L0000005ieEQAQ,PRO-001062,
Dell Wind Farm,DELL WIND FARM LIMITED,Dell 132kV Substation,,0.00,49.80,49.80,2030-04-01,Consents Approved,Direct Connection,SHET,Wind Onshore,a0l4L0000005ibPQAQ,PRO-001012,
Denny BESS,IGP ENERGY STORAGE 3 LIMITED,Denny North,,0.00,350.00,350.00,2030-10-30,Scoping,Direct Connection,SPT,Energy Storage System,a0l8e0000011zGOAAY,PRO-003571,1
Denton Estate Solar PV and BESS,ELGIN ENERGY ES CO LIMITED,Navenby 132kV Substation,,0.00,129.00,129.00,2033-10-30,Scoping,Embedded,NGET,Energy Storage System;PV Array (Photo Voltaic/solar),a0l8e0000012gYuAAI,PRO-004417,1
Dersalloch Wind Farm,SCOTTISHPOWER RENEWABLES (UK) LIMITED,Dersalloch 132/33kV,,69.00,0.00,69.00,,Built,Direct Connection,SPT,Wind Onshore,a0l4L0000005imEQAQ,PRO-000060,
Dersalloch Wind Farm Extension,SCOTTISHPOWER RENEWABLES (UK) LIMITED,Dersalloch 132/33kV,,69.00,16.00,85.00,2027-10-31,Consents Approved,Direct Connection,SPT,Energy Storage System;Wind Onshore,a0l4L0000005imOQAQ,PRO-000412,
Derwent,UK UTILITY RESERVE LIMITED,Willington 132kV Substation,,0.00,162.00,162.00,2024-04-01,Built,Embedded,NGET,CHP (Combined Heat and Power),a0l4L0000005iVMQAY,PRO-000120,
Derwent Solar 2,Derwent Solar 2 Limited,Osbaldwick (North Humber Connection Node E) 132kv Substation,,0.00,200.00,200.00,2039-10-31,Scoping,Embedded,NGET,PV Array (Photo Voltaic/solar),a0lJ9000000PFobIAG,PRO-005908,1
Derwent Solar PV Array,ANESCO LIMITED,Thornton 400kV Substation,,0.00,160.00,160.00,2032-05-31,Scoping,Direct Connection,NGET,PV Array (Photo Voltaic/solar),a0l4L0000005iOsQAI,PRO-001648,
Derwydd Bach Energy Park,CONSTANTINE WIND ENERGY LIMITED,Gwyddelwern 400kV Substation,,0.00,85.00,85.00,2037-10-31,Scoping,Direct Connection,NGET,PV Array (Photo Voltaic/solar);Wind Onshore,a0lJ9000000PDt4IAG,PRO-005044,1
Deucheran Hill 2 Wind Farm,RWE Renewables UK Onshore Wind Limited,DEUCHERAN HILL 2 132KV SUBSTATION,,0.00,165.00,165.00,2034-10-31,Scoping,Direct Connection,SHET,Energy Storage System;Wind Onshore,a0l8e000001HrYyAAK,PRO-004208,1
Devol Moor Battery & Solar Project,Sunshine Project 03 Limited,Devol Moor 400/132kV,,0.00,400.00,400.00,2029-10-17,Scoping,Direct Connection,SPT,Energy Storage System,a0l8e000001HoYoAAK,PRO-004084,
Devonhill,CBS ENERGY STORAGE ASSETS UK LIMITED,Strathaven 400/275kV,,0.00,500.00,500.00,2033-10-28,Scoping,Direct Connection,SPT,Energy Storage System,a0l8e0000012gtzAAA,PRO-004492,
Devonside BESS,CARLTON POWER LIMITED,Devonside 132/33kV,,0.00,49.50,49.50,2028-08-18,Scoping,Direct Connection,SPT,Energy Storage System,a0l4L0000005iaBQAQ,PRO-002015,
Dewley Hill PV and BESS,Northumberland Estates Limited,DEWLEY HILL EHV,,0.00,149.90,149.90,2036-10-31,Scoping,Embedded,NGET,Energy Storage System;PV Array (Photo Voltaic/solar),a0l4L000002yQaDQAU,PRO-002558,1
Didcot A GTs,RWE GENERATION UK PLC,Didcot 400kV Substation,,100.00,0.00,100.00,,Built,Embedded,NGET,OCGT (Open Cycle Gas Turbine),a0l4L0000005iVNQAY,PRO-000121,
Didcot B,RWE GENERATION UK PLC,Didcot 400kV Substation,,1475.00,230.00,1705.00,2037-10-31,Built,Direct Connection,NGET,CCGT (Combined Cycle Gas Turbine);Energy Storage System,a0l4L0000005inoQAA,PRO-000122,1
Didcot Battery,DIDCOT BATTERY LIMITED,DIDCOT 400/132KV SUBSTATION,,0.00,100.00,100.00,2027-03-30,Scoping,Direct Connection,NGET,Demand;Energy Storage System,a0l4L0000005idCQAQ,PRO-001468,1
Didcot BESS 1,Downing Renewable Developments LLP,Chiltern Connection Node A 400kV Substation,,0.00,750.00,750.00,2037-10-31,Scoping,Direct Connection,NGET,Energy Storage System,a0l8e000000TPcAAAW,PRO-003446,1
Didcot BESS 2,Downing Renewable Developments LLP,Didcot 132kV GIS Substation,,0.00,99.90,99.90,2037-10-31,Scoping,Direct Connection,NGET,Energy Storage System,a0l8e000000TPcFAAW,PRO-003447,1
Didcot Energy Park,BROCKWELL STORAGE & SOLAR LIMITED,Didcot 400kV Substation,,0.00,300.00,300.00,2027-10-31,Awaiting Consents,Direct Connection,NGET,Energy Storage System,a0l4L0000005ivKQAQ,PRO-002382,
Didcot Farm,APPLEFORD 2 RENEWABLES LTD,APPLEFORD 400kV SUBSTATION,,0.00,200.00,200.00,2037-10-31,Scoping,Direct Connection,NGET,Energy Storage System;PV Array (Photo Voltaic/solar),a0l8e0000010wYxAAI,PRO-002683,
Didcot Farm 2,Appleford 7 Renewables Limited,APPLEFORD 400kV SUBSTATION,,0.00,700.00,700.00,2037-10-31,Scoping,Direct Connection,NGET,Energy Storage System;PV Array (Photo Voltaic/solar),a0l8e000000exN3AAI,PRO-003709,1
Didcot High Impact Green Energy Hub (HIGEH) 1,TELIS ENERGY UK LIMITED,Appleford 400kV,,0.00,1000.00,1000.00,2037-10-31,Scoping,Direct Connection,NGET,CCGT (Combined Cycle Gas Turbine);Energy Storage System;PV Array (Photo Voltaic/solar);Wind Onshore,a0l8e0000010wVoAAI,PRO-002649,1
Didcot Road,TBC 001 LIMITED,Didcot 400kV Substation,,0.00,300.00,300.00,2027-10-31,Scoping,Direct Connection,NGET,Energy Storage System,a0l4L0000005iMPQAY,PRO-002336,
Dinorwig,First Hydro Company,Dinorwig 400kV Substation,,1644.00,0.00,1644.00,,Built,Direct Connection,NGET,Pump Storage,a0l4L0000005im8QAA,PRO-000054,
Ditcher Law,E Power Limited,Dunlaw Extension 132/33kV,,0.00,53.00,53.00,2031-10-31,Scoping,Direct Connection,SPT,Energy Storage System;Wind Onshore,a0lJ9000000POiVIAW,PRO-006102,
Divot Hill Wind Farm,ENERGYFARM DIVOT HILL LTD,Divot Hill 132/33 kV Substation,,0.00,63.00,63.00,2036-10-31,Scoping,Direct Connection,SPT,Energy Storage System;Wind Onshore,a0l8e0000012jKWAAY,PRO-004664,
Dog Trap Lane,HB411MIN Limited,Minety 400kV Substation,,0.00,47.50,47.50,2028-10-31,Consents Approved,Direct Connection,NGET,Energy Storage System,a0l4L0000005ixxQAA,PRO-001626,
Dogger Bank D Offshore Wind Farm,Doggerbank Offshore Wind Farm Project 4 Projco Limited,Birkhill Wood 400kV Substation,,0.00,1450.00,1450.00,2031-10-31,Scoping,Direct Connection,NGET,Wind Offshore,a0l4L0000005idWQAQ,PRO-001675,
Dogger Bank Project 4 (Dogger Bank B),DOGGERBANK OFFSHORE WIND FARM PROJECT 2 PROJCO LIMITED,Dogger Bank 220kV Offshores,,1200.00,0.00,1200.00,,Built,Direct Connection,NGET,Wind Offshore,a0l4L0000005imQQAQ,PRO-000410,
Dogger Bank Project A,DOGGERBANK OFFSHORE WIND FARM PROJECT 1 PROJCO LIMITED,Dogger Bank 220kV Offshores,,1200.00,0.00,1200.00,,Built,Direct Connection,NGET,Wind Offshore,a0l4L0000005imPQAQ,PRO-000411,
Dogger Bank Project C,DOGGERBANK OFFSHORE WIND FARM PROJECT 3 PROJCO LIMITED,Lackenby 400kV Substation,,0.00,1200.00,1200.00,2025-04-01,Consents Approved,Direct Connection,NGET,Wind Offshore,a0l4L0000005imRQAQ,PRO-000409,
Dogger Bank South East,RWE Renewables UK Dogger Bank South (East) Limited,Birkhill Wood 400kV Substation,1.00,0.00,400.00,400.00,2030-10-30,Scoping,Direct Connection,NGET,Wind Offshore,a0l4L0000005iZFQAY,PRO-001375-1,
Dogger Bank South East,RWE Renewables UK Dogger Bank South (East) Limited,Birkhill Wood 400kV Substation,2.00,0.00,1050.00,1450.00,2031-11-30,Scoping,Direct Connection,NGET,Wind Offshore,a0l4L0000005iZFQAY,PRO-001375-2,
Dogger Bank South West,RWE RENEWABLES UK DOGGER BANK SOUTH (WEST) LIMITED,Birkhill Wood 400kV Substation,1.00,0.00,400.00,400.00,2030-10-30,Scoping,Direct Connection,NGET,Wind Offshore,a0l4L0000005iZnQAI,PRO-001386-1,
Dogger Bank South West,RWE RENEWABLES UK DOGGER BANK SOUTH (WEST) LIMITED,Birkhill Wood 400kV Substation,2.00,0.00,1050.00,1450.00,2031-11-30,Scoping,Direct Connection,NGET,Wind Offshore,a0l4L0000005iZnQAI,PRO-001386-2,
Dolgarrog,RWE GENERATION UK PLC,Pentir GSP,,39.00,0.00,39.00,,Built,Embedded,NGET,Hydro,a0l4L0000005iVPQAY,PRO-000123,
Dollymans Storage,Dollymans Storage Limited,Rayleigh Main 132kV Substation,,0.00,99.80,99.80,2023-01-12,Scoping,Embedded,NGET,Energy Storage System,a0l4L0000005iXUQAY,PRO-002261,
Dolphingstone Farm,BSSL EAST LOTHIAN 1 LTD,Cockenzie 275/33kV Substation,,0.00,63.00,63.00,2028-10-31,Scoping,Embedded,SPT,Energy Storage System,a0l4L0000005iUdQAI,PRO-002451,2
Dolyfardyn,Llyn Lort Energy Park Limited,Chirk GSP,,0.00,165.00,165.00,2027-02-04,Scoping,Embedded,NGET,Wind Onshore,a0l4L0000005iULQAY,PRO-001584,
Don Cossack,Don Cossack Ltd,Tynemouth 275kV Substation,,0.00,70.00,70.00,2034-06-15,Scoping,Direct Connection,NGET,Energy Storage System,a0l8e000000f4neAAA,PRO-003875,
Dorenell Battery,CLASHINDARROCH WINDFARM EXTENSION LIMITED,Dorenell BESS 132KV substation,,0.00,37.50,37.50,2023-10-31,Scoping,Direct Connection,SHET,Wind Onshore,a0l4L0000005ilvQAA,PRO-000427,1
Dorenell Windfarm,DORENELL WINDFARM LIMITED,Dorenell 132/33kV Substation,,177.00,0.00,177.00,,Built,Direct Connection,SHET,Wind Onshore,a0l4L0000005ipKQAQ,PRO-000522,
Dorenell Windfarm Extension,DORENELL WINDFARM EXTENSION LIMITED,Dorenell Extension Wind Farm 400kV Substation,,0.00,610.00,610.00,2033-10-31,Scoping,Direct Connection,SHET,Wind Onshore,a0l4L0000005iuPQAQ,PRO-002415,1
Douglas West,DOUGLAS WEST WIND FARM LTD,Coalburn 400/132kV,,45.00,0.00,45.00,,Built,Direct Connection,SPT,Wind Onshore,a0l4L0000005inrQAA,PRO-000128,
Douglas West Extension,DOUGLAS WEST EXTENSION LTD,Douglas West Extension Windfarm,,60.00,0.00,60.00,,Built,Direct Connection,SPT,Wind Onshore,a0l4L0000005ixIQAQ,PRO-000422,
Dougliehill BESS,Bluestone Energy Ltd,DEVOL MOOR 132/33KV GRID SUPPLY POINT SUBSTATION,,0.00,49.00,49.00,2026-10-31,Scoping,Embedded,SPT,Energy Storage System,a0l4L0000005iycQAA,PRO-002411,
Dounreay BESS,FIELD DEVCO LTD,New Dounreay 400kV substation,,0.00,200.00,200.00,2034-10-31,Scoping,Direct Connection,SHET,Energy Storage System,a0l8e0000012kjJAAQ,PRO-004749,1
Dove Solar,RWE Renewables UK Solar and Storage Limited,North Anglia Connection Node E 400kV Substation,,0.00,500.00,500.00,2034-10-31,Scoping,Direct Connection,NGET,Energy Storage System;PV Array (Photo Voltaic/solar),a0l8e000001Hq1lAAC,PRO-004166,1
Dowlais,VIRIDIS 178 LIMITED,Upperboat 132kV Substation,,21.00,0.00,21.00,,Built,Embedded,NGET,Thermal,a0l4L0000005iSyQAI,PRO-000948,
Downiebrae BESS,DOWNIEBRAE BESS LTD,Dalmarnock Storage BESS 132kV Substation,,0.00,150.00,150.00,2028-04-30,Scoping,Direct Connection,SPT,Energy Storage System,a0l8e000000TPE0AAO,PRO-003208,1
DRAGON GREEN BESS,SHAW-ENERGI LTD,Sussex and Romney Connection Node B 400kV Substation,,0.00,300.00,300.00,2037-10-31,Scoping,Direct Connection,NGET,Energy Storage System,a0l8e000000TPHiAAO,PRO-003237,1
Drakelow,ENSO GREEN HOLDINGS V LIMITED,Drakelow 132kV Substation,,0.00,120.00,120.00,2027-12-01,Scoping,Direct Connection,NGET,Energy Storage System,a0l4L0000005iwyQAA,PRO-000428,1
Drakelow BESS,HARMONY DL LTD,Drakelow 400kV Substation,,0.00,200.00,200.00,2029-12-31,Consents Approved,Direct Connection,NGET,Energy Storage System,a0l4L0000005ib8QAA,PRO-002033,
Drakelow Green Energy Centre,DRAKELOW NG LIMITED,Drakelow 400kV Substation,1.00,0.00,400.00,400.00,2028-04-30,Awaiting Consents,Direct Connection,NGET,Demand;Energy Storage System;PV Array (Photo Voltaic/solar),a0l4L0000005ieqQAA,PRO-001693-1,
Drakelow Green Energy Centre,DRAKELOW NG LIMITED,Drakelow 400kV Substation,2.00,0.00,625.00,1025.00,2029-10-30,Awaiting Consents,Direct Connection,NGET,Demand;Energy Storage System;PV Array (Photo Voltaic/solar),a0l4L0000005ieqQAA,PRO-001693-2,
Drakelow Power Station 1 BESS,Bluestone Energy Ltd,DERBYSHIRE CONNECTION NODE E 132KV SUBSTATION,,0.00,240.00,240.00,2034-10-31,Scoping,Embedded,NGET,Energy Storage System,a0l8e000001HoFxAAK,PRO-004063,1
Drakelow Power Station 2 BESS,Bluestone Energy Ltd,DERBYSHIRE CONNECTION NODE E 132 KV SUBSTATION,,0.00,240.00,240.00,2037-10-30,Scoping,Embedded,NGET,Energy Storage System,a0l8e000001HxQKAA0,PRO-004243,1
Drakelow Power Station 3 BESS,Bluestone Energy Ltd,ERBYSHIRE CONNECTION NODE E 132kV  SUBSTATION,,0.00,240.00,240.00,2037-10-30,Under Construction/Commissioning,Embedded,NGET,Energy Storage System,a0l8e0000012kciAAA,PRO-004713,1
Drakelow Power Station 4,Bluestone Energy Ltd,DERBYSHIRE CONNECTION NODE E 132 KV SUBSTATION,,0.00,240.00,240.00,2037-10-30,Scoping,Embedded,NGET,Energy Storage System,a0lJ9000000PDmBIAW,PRO-005008,1
Drakelow PV & BESS Station,IBV Elford Park Solar Limited,Drakelow 400kV Substation,,0.00,400.00,400.00,2037-10-30,Scoping,Direct Connection,NGET,Energy Storage System;PV Array (Photo Voltaic/solar),a0l8e000000TPHnAAO,PRO-003238,1
Drax,ENSO GREEN HOLDINGS D LIMITED,Drax 132kV Substation,,0.00,190.00,190.00,2029-10-30,Scoping,Direct Connection,NGET,Energy Storage System;PV Array (Photo Voltaic/solar),a0l4L0000005ixOQAQ,PRO-001355,
Drax BECCS,Drax Power Limited,Drax 400kV Substation,,0.00,3906.00,3906.00,2035-10-30,Scoping,Direct Connection,NGET,Biomass;Demand,a0l8e0000010wTsAAI,PRO-002629,
Drax Power Station,DRAX POWER LIMITED,Drax 400kV Substation,,3906.00,0.00,3906.00,,Built,Direct Connection,NGET,Biomass,a0l4L0000005ixUQAQ,PRO-000129,
Drax Solar,East Yorkshire Solar Farm Limited,Drax 400kV Substation,,0.00,400.00,400.00,2029-09-30,Scoping,Embedded,NGET,PV Array (Photo Voltaic/solar),a0l4L0000005iUEQAY,PRO-001759,
Drinkstone Hybrid,"BUCCLEUCH ESTATES, LTD. (THE)",Drinkstone Hybrid 132/33kV substation,,0.00,55.00,55.00,2035-07-01,Scoping,Direct Connection,SPT,Energy Storage System;PV Array (Photo Voltaic/solar);Wind Onshore,a0l8e0000012hpDAAQ,PRO-004534,1
Drongan Battery Storage,Drongan Battery Storage Ltd,Coylton 275/132kV,,0.00,100.00,100.00,2027-10-31,Scoping,Direct Connection,SPT,Energy Storage System,a0l4L0000005ikaQAA,PRO-002287,1
Druim Leathann BEGA,DRUIM LEATHANN WINDFARM LIMITED,Stornoway GSP,,0.00,49.70,49.70,2027-03-31,Scoping,Embedded,SHET,Wind Onshore,a0l4L0000005iSXQAY,PRO-000966,
Drum Farm Energy Storage Facility,Field Drum Farm Ltd,Keith 2 132/33kV GSP Substation,,0.00,49.90,49.90,2028-10-31,Scoping,Embedded,SHET,Energy Storage System,a0l4L0000005iUAQAY,PRO-001726,2
Drum of Clunas Wind and Solar Park,BROADHAVEN DISTRIBUTION LIMITED,DRUM OF CLUNAS WIND 275KV SUBSTATION,,0.00,150.00,150.00,2031-10-31,Scoping,Direct Connection,SHET,Wind Onshore,a0l8e000000f6J0AAI,PRO-003970,1
Drumfad Battery Storage System,EKU ENERGY FAUNE PROJECTS (UK) LIMITED,Helensburgh 132/33kV,,0.00,39.90,39.90,2027-10-29,Scoping,Embedded,SPT,Energy Storage System,a0l4L0000005iUgQAI,PRO-002419,2
Drumlithie Battery Storage,DRUMLITHIE BATTERY LIMITED,Fetteresso GSP,,0.00,49.90,49.90,2028-10-31,Scoping,Embedded,SHET,Energy Storage System,a0l4L0000005iUUQAY,PRO-002299,
Drummarnock Wind Farm,Drummarnock Wind Farm Limited,Bonnybridge 132/33kV,,0.00,30.00,30.00,2026-10-01,Scoping,Embedded,SPT,Wind Onshore,a0l4L0000005iWaQAI,PRO-001912,
Drumore Farm,Drumore Battery Storage Limited,Alness 2 275/33 kV GSP Substation,,0.00,49.90,49.90,2030-10-31,Scoping,Embedded,SHET,Energy Storage System,a0l4L0000005iWtQAI,PRO-002397,
Dudgeon Offshore Wind Farm,DUDGEON OFFSHORE WIND LIMITED,Necton 400kV Substation,,400.00,0.00,400.00,,Built,Direct Connection,NGET,Wind Offshore,a0l4L0000005ioFQAQ,PRO-000132,
Dunach Wind Farm,GALILEO 04 LIMITED,DUNACH WIND 132KV SUBSTATION,,0.00,100.80,100.80,2034-10-31,Scoping,Direct Connection,SHET,Wind Onshore,a0l8e0000010wf7AAA,PRO-002754,1
Dunan Hill,PERIGUS ENERGY UK LIMITED,Dunan Hill 400kV substation,,0.00,249.90,249.90,2036-11-11,Scoping,Direct Connection,SHET,Energy Storage System;Wind Onshore,a0l8e0000012gbZAAQ,PRO-004433,
Dunclent Battery Storage,Firma Vogt Solar Ltd,Warwickshire Connection Node A 400kV Substation,,0.00,400.00,400.00,2037-10-30,Scoping,Direct Connection,NGET,Energy Storage System,a0l8e0000010wltAAA,PRO-002827,1
Dungeness B,EDF Energy Nuclear Generation Limited,Dungeness 275kV Substation,,0.00,0.00,0.00,,Built,Direct Connection,NGET,Nuclear,a0l4L0000005ioGQAQ,PRO-000133,
Dungeness Energy Park,SOUTH KENT ENERGY PARK LIMITED,Dungeness 400kV Substation,,0.00,500.00,500.00,2037-10-31,Scoping,Direct Connection,NGET,Energy Storage System;PV Array (Photo Voltaic/solar),a0l4L0000005iZRQAY,PRO-001986,1
Dungeness Energy Park (Dungeness 400kV),SOUTH KENT ENERGY PARK LIMITED,East Kent connection node A 400kV Substation,,0.00,500.00,500.00,2033-10-31,Scoping,Direct Connection,NGET,Energy Storage System;PV Array (Photo Voltaic/solar),a0lJ9000000PDq5IAG,PRO-005021,
Dunlaw Extension,SCOTTISHPOWER RENEWABLES (UK) LIMITED,Dunlaw Extension 132/33kV,,29.75,126.25,156.00,2032-04-01,Built,Direct Connection,SPT,Wind Onshore,a0l4L0000005imYQAQ,PRO-000061,
Dunmaglass Wind Farm,DUNMAGLASS WIND FARM LIMITED,Dunmaglass 132kV Substation,,94.00,0.00,94.00,,Built,Direct Connection,SHET,Wind Onshore,a0l4L0000005imkQAA,PRO-000076,
Dunmill Energy Storage,Dunmill Energy Storage Limited,Bridge of Dun GSP,,0.00,49.90,49.90,2032-06-30,Scoping,Embedded,SHET,Energy Storage System,a0l8e0000011xZWAAY,PRO-003470,
Dunside Wind Farm (Formally Fallago Rig 2 Wind Farm),EDF ENERGY RENEWABLES LIMITED,Fallago 400/33kV,,0.00,100.00,100.00,2029-04-30,Awaiting Consents,Direct Connection,SPT,Wind Onshore,a0l4L0000005ipGQAQ,PRO-000526,
Dunstable,Connectid 9 Limited,West Anglia Connection Node A 400kV Substation,,0.00,600.00,600.00,2034-10-30,Scoping,Direct Connection,NGET,Demand;Energy Storage System;PV Array (Photo Voltaic/solar);Reactive Compensation,a0l8e000000TPReAAO,PRO-003418,1
Earba PSH,EARBA LIMITED,Earba PSH Powerhouse Substation,1.00,0.00,600.00,600.00,2032-12-31,Consents Approved,Direct Connection,SHET,Pump Storage,a0l8e000000f8OKAAY,PRO-004030-1,
Earba PSH,EARBA LIMITED,Earba PSH Powerhouse Substation,2.00,0.00,1200.00,1800.00,2035-10-31,Consents Approved,Direct Connection,SHET,Pump Storage,a0l8e000000f8OKAAY,PRO-004030-2,
Earl Shilton BESS,Exagen Normanton Energy Reserve Limited,Earl Shilton 275kV,,0.00,500.00,500.00,2029-10-26,Scoping,Direct Connection,NGET,Energy Storage System,a0l4L0000005iYVQAY,PRO-001950,
Earraghail Renewable Energy Development (formerly Skipness & Corranbuie),SCOTTISHPOWER RENEWABLES (UK) LIMITED,Earraghail 275/33KV Substation,,0.00,105.00,105.00,2031-04-01,Scoping,Direct Connection,SHET,Energy Storage System;PV Array (Photo Voltaic/solar);Wind Onshore,a0l4L0000005iePQAQ,PRO-001139,
East Anglia One,EAST ANGLIA ONE LIMITED,Platform EA One 220/66kV Offshore Substation,,680.00,0.00,680.00,,Built,Direct Connection,NGET,Wind Offshore,a0l4L0000005irMQAQ,PRO-000268,
East Anglia One North,EAST ANGLIA ONE NORTH LIMITED,Friston 400kV Substation,1.00,0.00,860.00,860.00,2029-10-30,Awaiting Consents,Direct Connection,NGET,Wind Offshore,a0l4L0000005irNQAQ,PRO-000269-1,
East Anglia One North,EAST ANGLIA ONE NORTH LIMITED,Friston 400kV Substation,2.00,0.00,20.00,880.00,2034-10-31,Awaiting Consents,Direct Connection,NGET,Wind Offshore,a0l4L0000005irNQAQ,PRO-000269-2,
East Anglia Three,EAST ANGLIA THREE LIMITED,East Anglia Project Three Offshore Platform,1.00,0.00,1200.00,1200.00,2026-01-31,Consents Approved,Direct Connection,NGET,Wind Offshore,a0l4L0000005irOQAQ,PRO-000270-1,
East Anglia Three,EAST ANGLIA THREE LIMITED,East Anglia Project Three Offshore Platform,2.00,0.00,100.00,1300.00,2028-12-31,Consents Approved,Direct Connection,NGET,Wind Offshore,a0l4L0000005irOQAQ,PRO-000270-2,
East Anglia Two,EAST ANGLIA TWO LIMITED,EA2A and EA2B 275/66kV Offshore Platform,1.00,0.00,860.00,860.00,2028-03-31,Awaiting Consents,Direct Connection,NGET,Wind Offshore,a0l4L0000005ioHQAQ,PRO-000134-1,
East Anglia Two,EAST ANGLIA TWO LIMITED,EA2A and EA2B 275/66kV Offshore Platform,2.00,0.00,20.00,880.00,2030-12-31,Awaiting Consents,Direct Connection,NGET,Wind Offshore,a0l4L0000005ioHQAQ,PRO-000134-2,
East Claydon Green Energy Centre,EAST CLAYDON GREEN NG LIMITED,East Claydon 400kV Substation,1.00,0.00,1025.00,1025.00,2034-10-01,Awaiting Consents,Direct Connection,NGET,Demand;Energy Storage System;PV Array (Photo Voltaic/solar),a0l4L0000005ivLQAQ,PRO-002383-1,
East Claydon Green Energy Centre,EAST CLAYDON GREEN NG LIMITED,East Claydon 400kV Substation,2.00,0.00,1025.00,2050.00,2038-10-31,Awaiting Consents,Direct Connection,NGET,Demand;Energy Storage System;PV Array (Photo Voltaic/solar),a0l4L0000005ivLQAQ,PRO-002383-2,
East Claydon Greener Grid Park,East Claydon Energy Limited,East Claydon 400kV Substation,,0.00,650.00,650.00,2034-11-30,Scoping,Direct Connection,NGET,Energy Storage System,a0l4L0000005iwgQAA,PRO-002314,1
East Claydon High Impact Green Energy Hub (HIGEH) 1,EAST CLAYDON STORAGE LIMITED,East Claydon 400kV Substation,,0.00,1000.00,1000.00,2034-10-31,Scoping,Direct Connection,NGET,Energy Storage System;Nuclear;PV Array (Photo Voltaic/solar);Reactive Compensation;Wind Onshore,a0l8e0000010wW3AAI,PRO-002652,1
East Claydon Storage,EAST CLAYDON STORAGE LIMITED,East Claydon 400kV Substation,,0.00,500.00,500.00,2026-10-01,Scoping,Direct Connection,NGET,Energy Storage System,a0l4L0000005ivtQAA,PRO-001573,1
East Lincolnshire Solar,Statkraft UK Ltd,Lincolnshire Coastal Node B 400kV Substation,,0.00,800.00,800.00,2035-05-30,Scoping,Direct Connection,NGET,Energy Storage System;PV Array (Photo Voltaic/solar),a0l8e0000012khcAAA,PRO-004737,1
East Pit,CS UK HOLDINGS III LIMITED,Rhigos 400kV Substation,,0.00,750.00,750.00,2037-10-15,Scoping,Direct Connection,NGET,Energy Storage System;PV Array (Photo Voltaic/solar),a0l8e0000010wdfAAA,PRO-002736,1
Eaton Socon High Impact Green Energy Hub (HIGEH) 1,TELIS ENERGY UK LIMITED,Eaton Socon 400kV Substation,,0.00,1000.00,1000.00,2033-10-30,Scoping,Direct Connection,NGET,Energy Storage System;Nuclear;PV Array (Photo Voltaic/solar);Reactive Compensation;Wind Onshore,a0l8e0000010wWNAAY,PRO-002656,
Eaton Socon PV Storage,CSE37 Limited,Eaton Socon 400kV Substation,,0.00,49.90,49.90,2029-10-30,Scoping,Direct Connection,NGET,Energy Storage System;PV Array (Photo Voltaic/solar),a0l4L0000005ivcQAA,PRO-002218,
Eaton Socon Solar,BROCKWELL STORAGE & SOLAR LIMITED,Eaton Socon 400kV Substation,,0.00,500.00,500.00,2028-10-31,Scoping,Direct Connection,NGET,Energy Storage System;PV Array (Photo Voltaic/solar),a0l4L0000005ifsQAA,PRO-001513,
Ebstree Road BESS,Voltwise Power Holdings Limited,Staffordshire Connection Node B 132kV Substation,,0.00,150.00,150.00,2037-10-30,Scoping,Embedded,NGET,Energy Storage System,a0l8e0000012jUBAAY,PRO-004679,
Eccles BESS,Eccles Energy Centre Limited,Eccles 400kV Substation,,0.00,500.00,500.00,2026-04-12,Scoping,Direct Connection,SPT,Energy Storage System,a0l4L0000005idEQAQ,PRO-001470,
EcoGrainWest,Econergy International Limited,Grain West 400kV Substation,,0.00,249.00,249.00,2029-12-31,Awaiting Consents,Direct Connection,NGET,Energy Storage System;PV Array (Photo Voltaic/solar),a0l4L0000005iuGQAQ,PRO-002223,
EcoGrimsbyWest,Econergy International Limited,Grimsby West 400kV Substation,,0.00,249.00,249.00,2033-10-30,Scoping,Direct Connection,NGET,Energy Storage System;PV Array (Photo Voltaic/solar),a0l4L0000005iv5QAA,PRO-002251,
EcoKilwinning,Econergy International Limited,ECOKILWINNING 132KV SUBSTATION,,0.00,100.00,100.00,2031-10-31,Scoping,Direct Connection,SPT,Energy Storage System;PV Array (Photo Voltaic/solar),a0l8e0000011yxHAAQ,PRO-003559,1
EcoKincardine,Econergy International Limited,Kincardine North 400kV Substation,,0.00,249.00,249.00,2028-07-31,Scoping,Direct Connection,SPT,Energy Storage System;PV Array (Photo Voltaic/solar),a0l8e0000011yxGAAQ,PRO-003557,
EcoLovedean,Econergy International Limited,Lovedean 400kV Substation,,0.00,249.00,249.00,2031-03-31,Scoping,Direct Connection,NGET,Energy Storage System,a0l4L0000005iu2QAA,PRO-002230,1
EcoMablethorpe,Econergy International Limited,Mablethorpe 400kV Substation,,0.00,249.00,249.00,2034-08-30,Scoping,Direct Connection,NGET,Energy Storage System;PV Array (Photo Voltaic/solar),a0l8e0000010wPHAAY,PRO-002583,1
EcoMossmorran,Econergy International Limited,Ecomossmorran 400kV Substation,,0.00,249.00,249.00,2031-10-31,Scoping,Direct Connection,SPT,Energy Storage System;PV Array (Photo Voltaic/solar),a0l8e0000011xZRAAY,PRO-003469,1
EcoStocksbridge,Econergy International Limited,Stocksbridge 400kV Substation,,0.00,249.00,249.00,2036-10-30,Scoping,Direct Connection,NGET,Demand;Energy Storage System;PV Array (Photo Voltaic/solar),a0l8e000000ez6uAAA,PRO-003789,
EcoUskmouth,AW2 ENERGY STORAGE LIMITED,Uskmouth 275kV Substation,,0.00,249.00,249.00,2029-06-14,Scoping,Direct Connection,NGET,Energy Storage System,a0l4L0000005ic0QAA,PRO-002052,1
EcoWymondley,Econergy International Limited,Wymondley 2 400kV Substation,,0.00,249.00,249.00,2033-10-30,Scoping,Direct Connection,NGET,Demand;Energy Storage System;PV Array (Photo Voltaic/solar),a0l4L0000005j9sQAA,PRO-002529,1
EcoYaxley1,Econergy International Limited,Yaxley 400kV Substation,,0.00,249.00,249.00,2030-12-30,Scoping,Direct Connection,NGET,Energy Storage System;PV Array (Photo Voltaic/solar),a0l4L0000005ic1QAA,PRO-002053,
Edinbane Windfarm,VATTENFALL WIND POWER LTD,Edinbane 132/33kV Substation,1.00,41.40,0.00,41.40,,Built,Direct Connection,SHET,Energy Storage System;Wind Onshore,a0l4L0000005ioIQAQ,PRO-000135-1,
Edinbane Windfarm,VATTENFALL WIND POWER LTD,Edinbane 132/33kV Substation,2.00,0.00,48.60,90.00,2033-04-30,Scoping,Direct Connection,SHET,Energy Storage System;Wind Onshore,a0l4L0000005ioIQAQ,PRO-000135-2,
Edrom Green Energy Park,NP SPV 45 LIMITED,Kelloe Mains 400kV Substation,,0.00,400.00,400.00,2033-10-30,Scoping,Direct Connection,SPT,Energy Storage System,a0lJ9000000PEnkIAG,PRO-005818,1
Eggborough,SSE EGGBOROUGH LIMITED,Eggborough 400kV Substation,,0.00,550.00,550.00,2032-06-16,Scoping,Direct Connection,NGET,Energy Storage System,a0l4L0000005ibxQAA,PRO-002049,
Eggborough BESS,Fig Power Limited,Eggborough 400kV Substation,,0.00,200.00,200.00,2035-10-30,Scoping,Direct Connection,NGET,Energy Storage System,a0lJ9000000PDl3IAG,PRO-004997,
Eggborough CCGT - OCGT - BESS,EGGBOROUGH POWER LIMITED,Eggborough 400kV Substation,1.00,0.00,1999.00,1999.00,2026-10-01,Awaiting Consents,Direct Connection,NGET,CCGT (Combined Cycle Gas Turbine);Energy Storage System;OCGT (Open Cycle Gas Turbine),a0l4L0000005iktQAA,PRO-000136-1,
Eggborough CCGT - OCGT - BESS,EGGBOROUGH POWER LIMITED,Eggborough 400kV Substation,2.00,0.00,451.00,2450.00,2027-10-01,Awaiting Consents,Direct Connection,NGET,CCGT (Combined Cycle Gas Turbine);Energy Storage System;OCGT (Open Cycle Gas Turbine),a0l4L0000005iktQAA,PRO-000136-2,
Eggborough PV & BESS Sub,O&G Solar (SPV 47) Limited,Kellingley 400kV Substation,,0.00,249.90,249.90,2033-10-28,Scoping,Direct Connection,NGET,Energy Storage System;PV Array (Photo Voltaic/solar),a0l8e0000010wQtAAI,PRO-002597,
Elchies Wind Farm,ELCHIES WIND LIMITED,Elchies 132/33kV Substation,1.00,0.00,99.00,99.00,2028-11-30,Scoping,Direct Connection,SHET,Wind Onshore,a0l4L0000005ixhQAA,PRO-000151-1,
Elchies Wind Farm,ELCHIES WIND LIMITED,Elchies 132/33kV Substation,2.00,0.00,71.00,170.00,2028-11-30,Scoping,Direct Connection,SHET,Wind Onshore,a0l4L0000005ixhQAA,PRO-000151-2,
Elgin BESS,GPC 612 Ltd,Elgin GSP,,0.00,30.00,30.00,2028-10-31,Scoping,Embedded,SHET,Energy Storage System,a0l8e0000010wVtAAI,PRO-002650,
Elland BESS,O&G Solar (SPV 39) Limited,Elland 132kV Substation,,0.00,99.90,99.90,2036-10-30,Scoping,Direct Connection,NGET,Energy Storage System,a0l8e000000f4nAAAQ,PRO-003870,
Elland BESS,Pulse Clean Energy Limited,Leeds North Connection Node E,,0.00,249.00,249.00,2037-10-31,Scoping,Direct Connection,NGET,Energy Storage System,a0l8e0000011xZ7AAI,PRO-003465,
Elmya Braybrooke BESS,ELMYA RPC UK BRAYBROOKE LIMITED,Braybrooke 400kV Substation,,0.00,252.00,252.00,2031-10-31,Awaiting Consents,Direct Connection,NGET,Energy Storage System,a0l4L0000005ikbQAA,PRO-002427,1
Elmya Grange Road,ELMYA RPC UK GRANGE ROAD LIMITED,Elmya Grange 400kV,,0.00,300.00,300.00,2031-10-30,Awaiting Consents,Direct Connection,NGET,Energy Storage System;PV Array (Photo Voltaic/solar),a0l4L0000005il8QAA,PRO-002340,
Elmya Melbourne BESS,ELMYA RPC UK MELBOURNE LIMITED,Thornton 400kV Substation,1.00,0.00,252.00,252.00,2033-10-28,Awaiting Consents,Direct Connection,NGET,Energy Storage System,a0l4L0000005iylQAA,PRO-002424-1,
Elmya Melbourne BESS,ELMYA RPC UK MELBOURNE LIMITED,Thornton 400kV Substation,2.00,0.00,48.00,300.00,2039-10-28,Scoping,Direct Connection,NGET,Energy Storage System,a0l4L0000005iylQAA,PRO-002424-2,
ELMYA REDNAL,ELMYA RPC UK REDNAL LIMITED,Ironbridge 400kV Substation,,0.00,300.00,300.00,2034-10-30,Awaiting Consents,Direct Connection,NGET,Energy Storage System,a0l4L0000005j9YQAQ,PRO-002526,1
Elstree BESS NP,ELSTREE FLEXPOWER LTD,ELSTREE B 275KV SUBSTATION,,0.00,500.00,500.00,2037-10-31,Scoping,Direct Connection,NGET,Energy Storage System,a0l8e0000010wh8AAA,PRO-002776,1
Elstree Energy Storage,ELSTREE BATTERY STORAGE LIMITED,Letchmore Heath 132kV Substation,,0.00,170.00,170.00,2029-10-01,Scoping,Direct Connection,NGET,Energy Storage System,a0l8e000000TPDlAAO,PRO-003205,1
Elvanfoot (25MW) Energy Storage,ELVANFOOT ENERGY STORAGE 3 LIMITED,ELVANFOOT ENERGY STORAGE 132/33KV COLLECTOR SUBSTATION,,0.00,25.00,25.00,2029-10-26,Scoping,Direct Connection,SPT,Energy Storage System,a0l8e000000TPNHAA4,PRO-003278,1
Elvanfoot (50MW) Energy Storage,ELVANFOOT ENERGY STORAGE 2 LIMITED,ELVANFOOT ENERGY STORAGE 132/33KV COLLECTOR SUBSTATION,,0.00,50.00,50.00,2029-10-26,Scoping,Direct Connection,SPT,Energy Storage System,a0l8e000000TPNMAA4,PRO-003279,1
Elvanfoot (9.8 MW) Energy Storage,ELVANFOOT ENERGY STORAGE LIMITED,Elvanfoot 400/275/33kV,,0.00,9.80,9.80,2027-04-30,Scoping,Direct Connection,SPT,Energy Storage System,a0l4L0000005igKQAQ,PRO-001721,2
EMERGE Centre,Uniper UK Limited,Ratcliffe-On-Soar 132kV Substation,,0.00,49.90,49.90,2029-06-29,Consents Approved,Direct Connection,NGET,Waste,a0l4L0000005iutQAA,PRO-001462,
Enderby (Akira),ENDERBY BATTERY STORAGE LIMITED,Enderby 400kV Substation,,57.00,0.00,57.00,,Built,Direct Connection,NGET,Energy Storage System,a0l4L0000005ilwQAA,PRO-000426,
Enderby BESS,EARL SHILTON ENERGY PARK LIMITED,Earl Shilton 400kV Substation,,0.00,249.90,249.90,2033-11-30,Scoping,Direct Connection,NGET,Energy Storage System,a0l8e000000f4nKAAQ,PRO-003872,1
Enderby Green Energy Centre,ENDERBY BESS LIMITED,Enderby 400kV Substation,,0.00,1025.00,1025.00,2028-10-30,Awaiting Consents,Direct Connection,NGET,Energy Storage System;PV Array (Photo Voltaic/solar),a0l4L0000005itgQAA,PRO-002177,
Enderby Solar & BESS,GREENTECH PROJECTS HOLDING UK LIMITED,Derbyshire Connection Node H 400kV Substation,,0.00,500.00,500.00,2037-10-30,Scoping,Direct Connection,NGET,Energy Storage System;PV Array (Photo Voltaic/solar),a0l8e0000012hpcAAA,PRO-004540,1
Enderby Tertiary,CLUMP FARM SOLAR LIMITED,Enderby 400kV Substation,,0.00,57.00,57.00,2027-08-01,Scoping,Direct Connection,NGET,PV Array (Photo Voltaic/solar),a0l4L0000005izzQAA,PRO-000430,
Energy Isles,ENERGY ISLES SHETLAND LIMITED,Energy Isles 132kV Substation,,0.00,120.30,120.30,2032-10-30,Consents Approved,Direct Connection,SHET,Wind Onshore,a0l4L0000005imtQAA,PRO-000447,
Enfield,Uniper UK Limited,Brimsdown 132kV Substation,,442.00,0.00,442.00,,Built,Direct Connection,NGET,CCGT (Combined Cycle Gas Turbine),a0l4L0000005ioSQAQ,PRO-000147,
Enoch Hill,RWE Renewables UK Onshore Wind Limited,Enoch Hill 132/33kV Substation,,69.00,0.00,69.00,,Built,Direct Connection,SPT,Energy Storage System;Wind Onshore,a0l4L0000005iomQAA,PRO-000152,2
Enoch Hill 2 Wind Farm,RWE Renewables UK Onshore Wind Limited,Enoch Hill 2 Wind Farm 33kV Substation,,0.00,10.00,10.00,2027-04-30,Awaiting Consents,Direct Connection,SPT,Energy Storage System;Wind Onshore,a0l4L0000005indQAA,PRO-000478,1
EPL Hampshire,EPL NEWCO7 LIMITED,Nursling 400kV Substation,,0.00,480.00,480.00,2037-10-31,Scoping,Direct Connection,NGET,Energy Storage System;PV Array (Photo Voltaic/solar),a0l8e0000012hp8AAA,PRO-004533,1
EPL Somerset,EPL NEWCO8 LIMITED,West Country Connection Node E 400kV Substation,,0.00,480.00,480.00,2037-10-31,Scoping,Direct Connection,NGET,Energy Storage System;PV Array (Photo Voltaic/solar),a0l8e000000f4yAAAQ,PRO-003905,1
EPL Suffolk,EPL NEWCO9 LIMITED,North Anglia Connection Node E 400kV Substation,,0.00,480.00,480.00,2032-10-31,Scoping,Direct Connection,NGET,Energy Storage System;PV Array (Photo Voltaic/solar),a0l8e000000f5BYAAY,PRO-003916,1
Eppynt Common,GARREG FAWR ENERGY PARK LIMITED,Pont Abraham GSP,,0.00,189.50,189.50,2026-10-31,Scoping,Embedded,NGET,Wind Onshore,a0l4L0000005iQQQAY,PRO-001882,
Epworth PV & BESS Station,IBV KELFIELD SOLAR LTD,Trent Valley North Connection Node B 400kV Substation,,0.00,150.00,150.00,2037-10-31,Scoping,Direct Connection,NGET,Energy Storage System;PV Array (Photo Voltaic/solar),a0l8e000000ew2TAAQ,PRO-003644,1
Equinor Celtic Sea 1,EQUINOR NEW ENERGY LIMITED,Alverdiscott 400kV Substation,,0.00,1000.00,1000.00,2036-12-06,Scoping,Direct Connection,NGET,Wind Offshore,a0l8e000000f8QCAAY,PRO-004037,1
Equinor Celtic Sea 2,EQUINOR NEW ENERGY LIMITED,EQUINOR 66KV OFFSHORE SUBSTATION,,0.00,1000.00,1000.00,2036-12-06,Scoping,Direct Connection,NGET,Wind Offshore,a0l8e000000f8QHAAY,PRO-004038,1
ER BBR Energy,ER PROJECT DEVELOPMENT CO LIMITED,Er Bbr Energy 132kV Substation,,0.00,50.00,50.00,2029-10-30,Scoping,Direct Connection,SPT,Energy Storage System;PV Array (Photo Voltaic/solar),a0l8e0000011yBvAAI,PRO-003508,1
ER BR Energy,ER PROJECT DEVELOPMENT CO LIMITED,Tween Bridge 400kV,,0.00,1000.00,1000.00,2035-10-30,Scoping,Direct Connection,NGET,Energy Storage System;PV Array (Photo Voltaic/solar);Wind Onshore,a0l8e000000exSTAAY,PRO-003724,1
ER BRF 2 Energy,ER PROJECT DEVELOPMENT CO LIMITED,Bramford 400kV Substation,,0.00,249.00,249.00,2033-07-30,Scoping,Direct Connection,NGET,Energy Storage System;PV Array (Photo Voltaic/solar),a0l8e000000exSYAAY,PRO-003725,1
ER BUR Energy,ER PROJECT DEVELOPMENT CO LIMITED,Burwell South 400kV Substation,,0.00,57.00,57.00,2033-10-28,Scoping,Direct Connection,NGET,Energy Storage System;PV Array (Photo Voltaic/solar),a0l8e000000exSEAAY,PRO-003721,1
ER HTP Energy,ER PROJECT DEVELOPMENT CO LIMITED,Hawthorn Pit 400kV Substation,,0.00,57.00,57.00,2034-06-30,Scoping,Direct Connection,NGET,Energy Storage System;PV Array (Photo Voltaic/solar),a0l8e000000exSJAAY,PRO-003722,
ER LBR Energy,ER PROJECT DEVELOPMENT CO LIMITED,Littlebrook 400kV Substation,,0.00,57.00,57.00,2029-10-17,Scoping,Direct Connection,NGET,Energy Storage System;PV Array (Photo Voltaic/solar),a0l8e000000exSOAAY,PRO-003723,
ER LIL Energy,ER PROJECT DEVELOPMENT CO LIMITED,Hope 400kV Substation,,0.00,1000.00,1000.00,2036-10-31,Scoping,Direct Connection,NGET,Energy Storage System;PV Array (Photo Voltaic/solar),a0l8e000000exRzAAI,PRO-003718,1
ER MKH Energy,ER PROJECT DEVELOPMENT CO LIMITED,Market Harborough 400kV Substation,,0.00,400.00,400.00,2033-10-28,Scoping,Direct Connection,NGET,Energy Storage System;PV Array (Photo Voltaic/solar);Reactive Compensation,a0l8e0000010wTJAAY,PRO-002621,1
ER MSM Energy,ER PROJECT DEVELOPMENT CO LIMITED,Er Msm Energy 132kV Substation,,0.00,200.00,200.00,2030-10-31,Scoping,Direct Connection,SPT,Energy Storage System;PV Array (Photo Voltaic/solar);Wind Onshore,a0l8e0000011xwRAAQ,PRO-003480,
ER TWD Energy,ER PROJECT DEVELOPMENT CO LIMITED,Llanteg 400kV Substation,,0.00,700.00,700.00,2037-09-15,Scoping,Direct Connection,NGET,Energy Storage System;Wind Onshore,a0l8e000000exS4AAI,PRO-003719,1
Erebus,Blue Gem Wind Limited,Pembroke 132kV Substation,,0.00,95.25,95.25,2028-07-26,Scoping,Direct Connection,NGET,Wind Offshore,a0l4L0000005inxQAA,PRO-000471,
Eredine Wind Farm,RWE Renewables UK Onshore Wind Limited,An Suidhe 275/33kV,,0.00,105.00,105.00,2029-11-01,Scoping,Direct Connection,SHET,Energy Storage System;Wind Onshore,a0l4L0000005ia2QAA,PRO-002005,
Errochty,SSE GENERATION LIMITED,Errochty 132kV Substation,,75.00,0.00,75.00,,Built,Direct Connection,SHET,Hydro,a0l4L0000005ihIQAQ,PRO-001541,
ESB Harker BESS,ESB (HARKER) LTD,Harker 400kV Substation,,0.00,342.00,342.00,2039-10-31,Scoping,Direct Connection,NGET,Energy Storage System,a0lJ9000000PMIsIAO,PRO-005942,
Eskrigg End BESS,Energi Generation 6 Ltd,Hutton 400kV Substation,,0.00,249.00,249.00,2037-11-01,Scoping,Direct Connection,NGET,Energy Storage System,a0l8e0000010wjnAAA,PRO-002804,1
Essendine,MALLARD PASS SOLAR FARM LIMITED,Ryhall 400kV Substation,,0.00,240.00,240.00,2028-01-01,Consents Approved,Direct Connection,NGET,PV Array (Photo Voltaic/solar),a0l4L0000005iNfQAI,PRO-001643,
Euchanhead Wind Farm,SCOTTISHPOWER RENEWABLES (UK) LIMITED,Euchanhead 132kV Substation,,0.00,112.00,112.00,2030-10-29,Scoping,Direct Connection,SPT,Wind Onshore,a0l4L0000005ibQQAQ,PRO-001011,
Ewe Hill,SCOTTISHPOWER RENEWABLES (UK) LIMITED,Ewehill 132/33kV,,39.00,0.00,39.00,,Built,Direct Connection,SPT,Wind Onshore,a0l4L0000005iZAQAY,PRO-001368,
Ewerby,Leoda Solar Farm Limited,Navenby 400kV Substation,,0.00,500.00,500.00,2029-10-30,Scoping,Direct Connection,NGET,Demand;Energy Storage System;PV Array (Photo Voltaic/solar),a0l4L0000005iaDQAQ,PRO-002017,1
Exeter (Tertiary),PIVOTED POWER LLP,Exeter 400kV Substation,1.00,0.00,49.90,49.90,2028-06-16,Awaiting Consents,Direct Connection,NGET,Energy Storage System;PV Array (Photo Voltaic/solar),a0l4L0000005iz7QAA,PRO-001047-1,
Exeter (Tertiary),PIVOTED POWER LLP,Exeter 400kV Substation,2.00,0.00,7.10,57.00,2036-12-06,Scoping,Direct Connection,NGET,Energy Storage System;PV Array (Photo Voltaic/solar),a0l4L0000005iz7QAA,PRO-001047-2,
Exeter BESS,Exeter Storage Limited,Exeter 400kV Substation,1.00,0.00,290.00,290.00,2027-08-30,Awaiting Consents,Direct Connection,NGET,Energy Storage System,a0l4L0000005ivyQAA,PRO-001666-1,
Exeter BESS,Exeter Storage Limited,Exeter 400kV Substation,2.00,0.00,390.00,680.00,2037-10-31,Scoping,Direct Connection,NGET,Energy Storage System,a0l4L0000005ivyQAA,PRO-001666-2,
Exeter BESS and PV (Post-Interactivity Revised Offer),Broadclyst Energy Storage Limited,Exeter Main 400kV Substation,,0.00,249.00,249.00,2029-12-31,Scoping,Direct Connection,NGET,Energy Storage System;PV Array (Photo Voltaic/solar),a0l4L0000005iNpQAI,PRO-001827,
Exeter Main,ENSO GREEN HOLDINGS X LIMITED,Exeter 400kV Substation,,0.00,400.00,400.00,2033-10-28,Scoping,Direct Connection,NGET,Energy Storage System;PV Array (Photo Voltaic/solar),a0l4L0000005idfQAA,PRO-002082,1
Exeter Main Tertiary,EXETER MAIN BATTERY LIMITED,Exeter 400kV Substation,,0.00,57.00,57.00,2024-05-01,Scoping,Direct Connection,NGET,Thermal,a0l4L0000005izUQAQ,PRO-000452,
Eye Grid Services Facility,CONRAD (EYE) LIMITED,Yaxley 400kV Substation,,0.00,0.00,0.00,2025-12-31,Consents Approved,Direct Connection,NGET,Reactive Compensation,a0l8e000000eww9AAA,PRO-003688,
Fairburn Extension Wind Farm,SSE Renewables Services (UK) Limited,Fairburn Extension 132/33kV Substation,,0.00,90.00,90.00,2031-10-31,Scoping,Direct Connection,SHET,Wind Onshore,a0l8e000000f7klAAA,PRO-004012,1
Fairgreen Energy Storage,Renewable Energy Systems Limited,Rayleigh Main 132kV Substation,,0.00,150.00,150.00,2034-10-31,Scoping,Embedded,NGET,Energy Storage System,a0lJ9000000PFJtIAO,PRO-005899,1
Fairholme BESS,HB411MIN Limited,Minety 400kV Substation,,0.00,47.50,47.50,2025-02-28,Consents Approved,Direct Connection,NGET,Energy Storage System,a0l4L0000005ixgQAA,PRO-001625,
Fairmead and Yewtree Farm,QAIR RENEWABLES UK LIMITED,East Kent connection node A 400kV Substation,,0.00,240.00,240.00,2037-10-31,Scoping,Direct Connection,NGET,Energy Storage System,a0l8e000001HxldAAC,PRO-004291,1
Fallago Rig Wind Farm,FALLAGO RIG WINDFARM LIMITED,Fallago 400/33kV,,144.00,0.00,144.00,,Built,Direct Connection,SPT,Wind Onshore,a0l4L0000005iooQAA,PRO-000155,
Fancott,KONA ASSET 2 LIMITED,Sundon 400kV Substation,,0.00,600.00,600.00,2031-10-30,Scoping,Direct Connection,NGET,Energy Storage System,a0l4L0000005iu4QAA,PRO-002174,
Farm 100MW BESS,Apatura Battery Ltd,Thurso South 275kV Substation,,0.00,100.00,100.00,2033-10-31,Scoping,Direct Connection,SHET,Energy Storage System,a0l8e000000f6J5AAI,PRO-003971,1
Farnham BESS,Harmony FM Limited,Wrecclesham 33kV,,20.00,0.00,20.00,,Built,Embedded,NGET,Energy Storage System,a0l4L0000005iSKQAY,PRO-001939,
Farr Wind Farm - Tomatin,FARR WINDFARM LIMITED,Beauly GSP,,92.00,0.00,92.00,,Built,Direct Connection,SHET,Wind Onshore,a0l4L0000005iopQAA,PRO-000156,
Farr WindFarm,FARR WINDFARM LIMITED,FARR WIND FARM 132/33KV SUBSTATION,,0.00,144.80,144.80,2030-01-30,Scoping,Direct Connection,SHET,Wind Onshore,a0l8e0000012eoeAAA,PRO-004381,1
Fasnakyle G1 & G2,SSE GENERATION LIMITED,Fasnakyle GSP,,46.00,0.00,46.00,,Built,Direct Connection,SHET,Hydro,a0l4L0000005imlQAA,PRO-000077,
Fasnakyle G3 & G4,SSE GENERATION LIMITED,Fasnakyle GSP,,30.50,0.00,30.50,,Built,Embedded,SHET,Hydro,a0l4L0000005iV8QAI,PRO-000078,
Fasque Windfarm,SCOTTISHPOWER RENEWABLES (UK) LIMITED,Fetteresso 132kV substation,,0.00,105.00,105.00,2031-10-31,Scoping,Direct Connection,SHET,PV Array (Photo Voltaic/solar);Wind Onshore,a0l4L0000005ibSQAQ,PRO-001009,1
Fauldielaw,Cairn Duhie Energy Limited,Arbroath 2 132/33kV GSP Substation,,0.00,49.90,49.90,2032-10-31,Scoping,Embedded,SHET,PV Array (Photo Voltaic/solar),a0l8e0000012hmYAAQ,PRO-004503,
Fawley CHP,"ESSO PETROLEUM COMPANY,LIMITED",Fawley 400kV Substation,,158.00,0.00,158.00,,Built,Embedded,NGET,CHP (Combined Heat and Power),a0l4L0000005iVUQAY,PRO-000157,
FCC Thurcroft BESS,Downing Renewable Developments LLP,Leeds North Connection Node C 400kV Substation,,0.00,750.00,750.00,2033-10-31,Scoping,Direct Connection,NGET,Energy Storage System,a0l8e000000TPMJAA4,PRO-003268,1
Fearna PSH 2,FEARNA PSH LIMITED,Fearna Pump Storage Hydro 2 400/15kV Substation,,0.00,1495.00,1495.00,2036-11-11,Scoping,Direct Connection,SHET,Pump Storage,a0l8e0000012ezMAAQ,PRO-004391,
Feckenham,ENSO GREEN HOLDINGS X LIMITED,Feckenham 400kV Substation,,0.00,400.00,400.00,2036-10-31,Awaiting Consents,Direct Connection,NGET,Demand;Energy Storage System;PV Array (Photo Voltaic/solar),a0l4L0000005ikrQAA,PRO-002189,
Feckenham,IGP SOLAR 14 LIMITED,Feckenham 400kV Substation,,0.00,500.00,500.00,2029-07-21,Scoping,Direct Connection,NGET,Energy Storage System;PV Array (Photo Voltaic/solar),a0l4L0000005iOwQAI,PRO-001600,
Feckenham 100MW BESS,ENERGYCOG LTD,Feckenham GSP,,0.00,100.00,100.00,2037-10-30,Scoping,Embedded,NGET,Energy Storage System,a0lJ9000000PDz7IAG,PRO-005111,
Feckenham Energy Park,GREEN ENERGY MAB LTD,Feckenham 400kV Substation,,0.00,500.00,500.00,2033-10-31,Scoping,Direct Connection,NGET,Energy Storage System,a0l4L0000005iM7QAI,PRO-002378,
Feckenham Green Energy Centre,FECKENHAM GREEN NG LIMITED,Feckenham 400kV Substation,,0.00,1025.00,1025.00,2032-10-30,Scoping,Direct Connection,NGET,Demand;Energy Storage System;PV Array (Photo Voltaic/solar),a0l4L0000005iitQAA,PRO-001767,
Feckenham Greener Grid Park,Statkraft UK Ltd,Feckenham 400kV Substation,1.00,0.00,12.00,12.00,2028-10-31,Scoping,Direct Connection,NGET,Energy Storage System,a0l4L0000005ibTQAQ,PRO-001008-1,1
Feckenham Greener Grid Park,Statkraft UK Ltd,Feckenham 400kV Substation,2.00,0.00,138.00,150.00,2032-10-31,Scoping,Direct Connection,NGET,Energy Storage System,a0l4L0000005ibTQAQ,PRO-001008-2,1
Feckenham PV & BESS Station,IB VOGT UK LTD,Feckenham 400kV Substation,,0.00,400.00,400.00,2033-10-31,Scoping,Direct Connection,NGET,Energy Storage System;PV Array (Photo Voltaic/solar),a0l8e000000TPHOAA4,PRO-003233,1
Fell Wind Farm,ENERGYFARM UK FELL LLP,SPT Margree collector substation,,0.00,50.00,50.00,2029-10-31,Scoping,Direct Connection,SPT,Wind Onshore,a0l4L0000005izPQAQ,PRO-001755,
Fenwick Solar Project,FENWICK SOLAR PROJECT LIMITED,Thorpe Marsh 400kV Substation,,0.00,237.50,237.50,2032-04-16,Scoping,Direct Connection,NGET,Energy Storage System;PV Array (Photo Voltaic/solar),a0l4L0000005ix1QAA,PRO-001915,
Ferrybridge B - NEL Hunter,UE 4 LTD,Leeds North Connection Node C 132kV Substation,,0.00,200.00,200.00,2035-10-30,Scoping,Embedded,NGET,Energy Storage System,a0l8e000001201HAAQ,PRO-003608,
Ferrybridge B BESS & Solar Substation,O&G Solar (SPV 19) Limited,Ferrybridge B 132kV Substation,,0.00,99.90,99.90,2035-10-24,Consents Approved,Direct Connection,NGET,Energy Storage System;PV Array (Photo Voltaic/solar),a0l4L0000005j8VQAQ,PRO-002521,
Ferrybridge C PV & BESS Substation,O&G Solar (SPV 19) Limited,Ferrybridge C 275kV Substation,,0.00,249.90,249.90,2035-10-24,Scoping,Direct Connection,NGET,Energy Storage System;PV Array (Photo Voltaic/solar),a0l8e000000evg6AAA,PRO-003632,
Ferrybridge D,Keadby Generation Limited,Ferrybridge C 275kV Substation,1.00,0.00,1220.00,1220.00,2030-10-04,Scoping,Direct Connection,NGET,CCGT (Combined Cycle Gas Turbine);Demand;Energy Storage System;Hydrogen;OCGT (Open Cycle Gas Turbine),a0l4L0000005iacQAA,PRO-001020-1,
Ferrybridge D,Keadby Generation Limited,Ferrybridge C 275kV Substation,2.00,0.00,200.00,1420.00,2034-06-01,Awaiting Consents,Direct Connection,NGET,CCGT (Combined Cycle Gas Turbine);Demand;Energy Storage System;Hydrogen;OCGT (Open Cycle Gas Turbine),a0l4L0000005iacQAA,PRO-001020-2,
Fferm Solar Pentir,LIGHTSOURCE SPV 191 LIMITED,Pentir 400kV Substation,,0.00,57.00,57.00,2028-10-31,Consents Approved,Direct Connection,NGET,Energy Storage System,a0l4L0000005ixKQAQ,PRO-001049,2
Ffestiniog,First Hydro Company,Ffestiniog 275kV Substation,,360.00,0.00,360.00,,Built,Direct Connection,NGET,Pump Storage,a0l4L0000005im9QAA,PRO-000055,
Fiddes Battery Storage,FIDDES BATTERY LIMITED,Fiddes GSP,,0.00,30.00,30.00,2028-10-31,Scoping,Embedded,SHET,Energy Storage System,a0l4L0000005iNsQAI,PRO-001831,
Fiddlers Ferry BESS,FIDDLERS FERRY LTD,Fiddlers Ferry 275kV Substation,1.00,0.00,300.00,300.00,2027-10-31,Scoping,Direct Connection,NGET,Energy Storage System,a0l8e000000f4xWAAQ,PRO-003897-1,2
Fiddlers Ferry BESS,FIDDLERS FERRY LTD,Fiddlers Ferry 275kV Substation,2.00,0.00,300.00,600.00,2028-10-31,Scoping,Direct Connection,NGET,Demand;Energy Storage System,a0l8e000000f4xWAAQ,PRO-003897-2,
Fiddlers Ferry BESS,FIDDLERS FERRY LTD,Fiddlers Ferry 275kV Substation,3.00,0.00,300.00,900.00,2029-10-31,Scoping,Direct Connection,NGET,Demand;Energy Storage System,a0l8e000000f4xWAAQ,PRO-003897-3,
Field Farm,Net Zero One Ltd,Staythorpe 400kv,,0.00,249.90,249.90,2030-10-31,Scoping,Direct Connection,NGET,Energy Storage System,a0l4L0000005iRcQAI,PRO-001924,1
Field Glenniston BESS,FIELD DEVCO LTD,FIELD GLENNISTON BESS 132KV SUBSTATION,,0.00,200.00,200.00,2032-10-29,Scoping,Direct Connection,SPT,Energy Storage System,a0l8e0000012kjiAAA,PRO-004754,1
Field Kinardochy BESS,Field Kinardochy Ltd,Kinardochy Substation 400/275kV,,0.00,400.00,400.00,2035-10-31,Scoping,Direct Connection,SHET,Energy Storage System,a0lJ9000000PDyYIAW,PRO-005104,1
Fife 2 BESS,CARLTON POWER LIMITED,Westfield 132/33kV,,0.00,49.90,49.90,2028-06-14,Scoping,Direct Connection,SPT,Energy Storage System,a0l4L0000005iw1QAA,PRO-002184,
Fife Battery Storage,CARLTON POWER LIMITED,Westfield 132/33kV,,0.00,200.00,200.00,2031-10-30,Scoping,Direct Connection,SPT,Energy Storage System,a0l4L0000005iQVQAY,PRO-001888,
Fife Energy Centre,CAMBRIDGE POWER LIMITED,Fife Energy Centre 132kV substation,,0.00,100.00,100.00,2028-10-31,Scoping,Direct Connection,SPT,Energy Storage System,a0l4L0000005iPYQAY,PRO-001868,1
Fife Grid Services,KINCARDINE GRID 3 LTD,Fife Grid Services Facility 275kV Substation,,0.00,0.00,0.00,2027-07-30,Scoping,Direct Connection,SPT,Reactive Compensation,a0l4L0000005inRQAQ,PRO-000453,
Finlarig,SSE GENERATION LIMITED,Killin 132/11kV Substation,1.00,16.50,0.00,16.50,,Built,Direct Connection,SHET,Hydro,a0l4L0000005immQAA,PRO-000079-1,
Finlarig,SSE GENERATION LIMITED,Killin 132/11kV Substation,2.00,0.00,18.50,35.00,2031-11-30,Scoping,Direct Connection,SHET,Hydro,a0l4L0000005immQAA,PRO-000079-2,
Five Estuaries Offshore Wind Farm,FIVE ESTUARIES OFFSHORE WIND FARM LIMITED,Five Estuaries 220/66 kV Offshore Substation,,0.00,1080.00,1080.00,2030-10-31,Scoping,Direct Connection,NGET,Wind Offshore,a0l4L0000005izvQAA,PRO-000450,
Flash Solar Farm,ELEMENTS GREEN TRENT LTD,Staythorpe 400kV Substation,1.00,0.00,360.00,360.00,2027-05-31,Consents Approved,Direct Connection,NGET,Energy Storage System;PV Array (Photo Voltaic/solar),a0l4L0000005iNYQAY,PRO-001634-1,
Flash Solar Farm,ELEMENTS GREEN TRENT LTD,Staythorpe 400kV Substation,2.00,0.00,440.00,800.00,2028-05-01,Consents Approved,Direct Connection,NGET,Energy Storage System;PV Array (Photo Voltaic/solar),a0l4L0000005iNYQAY,PRO-001634-2,
Fleet (Tertiary),CSE23 LIMITED,Fleet 400kV Substation,,0.00,47.50,47.50,2026-10-31,Consents Approved,Direct Connection,NGET,PV Array (Photo Voltaic/solar),a0l4L0000005izAQAQ,PRO-001087,
Fleet EGH (Tertiary),FLEET GREEN LIMITED,Fleet 400kV Substation,,0.00,47.50,47.50,2027-01-13,Consents Approved,Direct Connection,NGET,Energy Storage System;PV Array (Photo Voltaic/solar),a0l4L0000005ipwQAA,PRO-000544,
Fleet Farm,BASINGSTOKE EAST 2 RENEWABLES LTD,Basingstoke East 400kV Substation,,0.00,200.00,200.00,2038-04-30,Scoping,Direct Connection,NGET,Demand;Energy Storage System;PV Array (Photo Voltaic/solar),a0l8e0000010wYYAAY,PRO-002678,1
Fleet Farm 2,Basingstoke East 7 Renewables Ltd,Basingstoke East 400kV Substation,,0.00,700.00,700.00,2038-06-30,Scoping,Direct Connection,NGET,Energy Storage System;PV Array (Photo Voltaic/solar),a0l8e0000010wduAAA,PRO-002739,1
Fleet Solar PV,FLEET SOLAR LIMITED,Fleet 400kV Substation,,0.00,57.00,57.00,2028-08-07,Awaiting Consents,Direct Connection,NGET,PV Array (Photo Voltaic/solar),a0l8e0000010wklAAA,PRO-002814,
Fleet Tertiary,FLEET SOLAR LIMITED,Fleet 400kV Substation,,0.00,47.50,47.50,2028-08-07,Scoping,Direct Connection,NGET,Thermal,a0l4L0000005j00QAA,PRO-000429,
Flemyland Battery Storage,Flemyland Battery Storage Limited,Kilwinning 132/33kV,,0.00,100.00,100.00,2029-04-27,Scoping,Direct Connection,SPT,Energy Storage System,a0l4L0000005iyIQAQ,PRO-002360,2
Flinton Road,FLINTON ROAD SOLAR LIMITED,Creyke Beck 400kV Substation,,0.00,600.00,600.00,2039-10-31,Scoping,Direct Connection,NGET,Energy Storage System;PV Array (Photo Voltaic/solar),a0lJ9000000POk8IAG,PRO-006121,
Foel Fach Wind Farm,FOEL FACH WIND FARM LIMITED,North Wales connection Node A 400kV Substation,,0.00,79.20,79.20,2037-10-31,Scoping,Direct Connection,NGET,Energy Storage System;Wind Onshore,a0l8e000001Hy9vAAC,PRO-004327,
Forepower Lincoln (250) Ltd,FOREPOWER LINCOLN (250) LIMITED,Navenby 132kV Substation,,0.00,240.00,240.00,2034-10-30,Scoping,Embedded,NGET,Energy Storage System,a0l8e0000012gmlAAA,PRO-004455,1
Forsa Energy Denny BESS,FORSA ENERGY HOLDINGS LIMITED,FORSA ENERGY DENNY BESS 132KV GRID SUPPLY POINT SUBSTATION,,0.00,99.90,99.90,2030-10-31,Scoping,Direct Connection,SPT,Energy Storage System,a0lJ9000000bltAIAQ,PRO-004971,1
Forsinain Wind Farm,Forsinain Forest Wind Farm Limited,Connagill 132kV Substation,,0.00,99.00,99.00,2037-10-31,Scoping,Direct Connection,SHET,Wind Onshore,a0lJ9000000POkIIAW,PRO-006123,1
Fort Augustus BESS,FIELD DEVCO LTD,Fort Augustus 400kV,,0.00,200.00,200.00,2035-10-31,Scoping,Direct Connection,SHET,Energy Storage System,a0l8e0000012i3dAAA,PRO-004599,1
Fort Augustus Storage,GLENDOE STORAGE LIMITED,Loch Nan Eun 275/18kV,,0.00,900.00,900.00,2029-10-31,Scoping,Direct Connection,SHET,Energy Storage System,a0l4L0000005ic7QAA,PRO-002063,1
Fort Dunlop,WHITETOWER ENERGY LIMITED,Dunlop 132kV Substation,,99.00,0.00,99.00,,Built,Embedded,NGET,OCGT (Open Cycle Gas Turbine),a0l4L0000005iVVQAY,PRO-000160,
Foyers,SSE GENERATION LIMITED,Foyers 275kV Substation,,300.00,0.00,300.00,,Built,Direct Connection,SHET,Pump Storage,a0l4L0000005imnQAA,PRO-000080,
FPE Ayr BESS,FUTURE POWER ENTERPRISES LTD,Ayr 275/33kV,,0.00,200.00,200.00,2037-10-30,Scoping,Direct Connection,SPT,Energy Storage System,a0l8e0000012hp3AAA,PRO-004532,
Freasdail,FREASDAIL ENERGY LIMITED,Crossaig 132kV Substation,,22.20,0.00,22.20,,Built,Direct Connection,SHET,Wind Onshore,a0l4L0000005im3QAA,PRO-000046,
Frodsham Solar Park,Frodsham Solar Limited,Frodsham 132kV,1.00,0.00,100.00,100.00,2029-04-30,Scoping,Embedded,NGET,Energy Storage System;PV Array (Photo Voltaic/solar),a0l4L0000005iSrQAI,PRO-001952-1,
Frodsham Solar Park,Frodsham Solar Limited,Frodsham 132kV,2.00,0.00,100.00,200.00,2037-04-30,Scoping,Embedded,NGET,Energy Storage System;PV Array (Photo Voltaic/solar),a0l4L0000005iSrQAI,PRO-001952-2,
Frome Valley Energy Park,BIOSOUTH ENERGY LIMITED,Chickerell-Mannington 400kV Substation,,0.00,43.20,43.20,2037-10-31,Scoping,Direct Connection,NGET,Demand;Energy Storage System;PV Array (Photo Voltaic/solar),a0lJ9000000Pa9MIAS,PRO-006617,1
Fron Goch,NANT MITHIL ENERGY PARK LIMITED,Pont Abraham 132KV,,0.00,252.70,252.70,2026-10-31,Scoping,Embedded,NGET,Wind Onshore,a0l4L0000005iieQAA,PRO-001563,
Fryston Lane 100MW BESS,GPC 2008 Ltd,Leeds North Connection Node C 132kV Substation,,0.00,100.00,100.00,2035-10-31,Scoping,Embedded,NGET,Energy Storage System,a0l8e00000120IqAAI,PRO-003620,1
Fyrish Battery Storage,Field Fyrish Ltd,Fyrish 132kV Substation,,0.00,200.00,200.00,2029-10-31,Scoping,Direct Connection,SHET,Energy Storage System,a0l8e0000012hngAAA,PRO-004515,1
Gaerwen Wind Farm,RWE Renewables UK Onshore Wind Limited,Gwyddelwern 400kV Substation,,0.00,67.00,67.00,2027-06-01,Awaiting Consents,Direct Connection,NGET,Wind Onshore,a0l4L0000005ihPQAQ,PRO-001550,
Galawhistle Wind Farm,GALAWHISTLE WIND FARM LIMITED,Galawhistle 132/33kV Substation,,55.20,0.00,55.20,,Built,Direct Connection,SPT,Wind Onshore,a0l4L0000005iosQAA,PRO-000161,
GALILEO 06,Galileo Empower UK Limited,Llandyfaelog 132kV Substation,,0.00,175.00,175.00,2037-10-31,Scoping,Embedded,NGET,Wind Onshore,a0l8e000000f40GAAQ,PRO-003810,
Galileo 07 Limited,GALILEO 07 LIMITED,GALILEO 07 LIMITED 132KV SUBSTATION,,0.00,150.00,150.00,2032-10-31,Scoping,Direct Connection,SHET,Energy Storage System;PV Array (Photo Voltaic/solar);Wind Onshore,a0lJ9000000PDr3IAG,PRO-005029,1
GALILEO 08 LIMITED,GALILEO 08 LIMITED,Mid Wales Connection Node A,,0.00,100.00,100.00,2037-10-31,Scoping,Embedded,NGET,Energy Storage System;PV Array (Photo Voltaic/solar);Wind Onshore,a0lJ9000000blZAIAY,PRO-004886,
Galileo 09,GALILEO 09 LIMITED,MID WALES CONNECTION NODE A 400KV SUBSTATION,,0.00,297.00,297.00,2037-10-31,Scoping,Direct Connection,NGET,Energy Storage System;PV Array (Photo Voltaic/solar);Wind Onshore,a0lJ9000000blKCIAY,PRO-004798,1
Galileo 10,GALILEO 10 LIMITED,Armadale 132kV Substation,,0.00,60.00,60.00,2031-10-31,Scoping,Direct Connection,SPT,Energy Storage System,a0l8e000000f65AAAQ,PRO-003953,
GALILEO 12 LIMITED,GALILEO 12 LIMITED,Fetteresso 132kV substation,,0.00,150.80,150.80,2033-10-31,Scoping,Direct Connection,SHET,Energy Storage System;PV Array (Photo Voltaic/solar);Wind Onshore,a0lJ9000000blKgIAI,PRO-004804,
Galileo 14 Ltd,GALILEO 14 LIMITED,Staffordshire Connection Node C 400Kv Substation,,0.00,200.00,200.00,2037-10-31,Scoping,Direct Connection,NGET,Energy Storage System,a0lJ9000000POOiIAO,PRO-006019,
Galileo 15,GALILEO 15 LIMITED,South Wales West Connection Node B 400kV Substation,,0.00,200.00,200.00,2036-12-06,Scoping,Direct Connection,NGET,Energy Storage System,a0l8e0000012hpSAAQ,PRO-004537,
GALILEO 16,GALILEO 16 LIMITED,Galileo 16 132kV Substation,,0.00,125.00,125.00,2032-10-29,Scoping,Direct Connection,SPT,Energy Storage System;PV Array (Photo Voltaic/solar);Wind Onshore,a0lJ9000000PEBCIA4,PRO-005117,1
Galloper Wind Farm,GALLOPER WIND FARM LIMITED,Galloper North 132/33kV Substation,,348.00,0.00,348.00,,Built,Direct Connection,NGET,Wind Offshore,a0l4L0000005iotQAA,PRO-000162,
Gallos,Corio Generation Limited,Alverdiscott 400kV Substation,,0.00,2000.00,2000.00,2036-12-06,Scoping,Direct Connection,NGET,Wind Offshore,a0l8e0000010wdVAAQ,PRO-002734,
Gammidge PV & BESS Park,CS UK HOLDINGS III LIMITED,Grendon 132kV Substation,,0.00,40.90,40.90,2027-10-15,Scoping,Direct Connection,NGET,Energy Storage System,a0l4L0000005iOtQAI,PRO-001649,1
Garbet Wind Farm,GARBET WIND FARM LLP,Keith 2 132/33kV GSP Substation,,0.00,46.20,46.20,2026-10-31,Consents Approved,Embedded,SHET,Wind Onshore,a0l4L0000005iXVQAY,PRO-001813,2
Garlogie B-1,GARLOGIE ENERGY CENTRE LIMITED,Garlogie Production B 275/33kV GSP,,0.00,50.00,50.00,2033-10-31,Scoping,Embedded,SHET,Energy Storage System;PV Array (Photo Voltaic/solar),a0l8e0000012jIGAAY,PRO-004640,1
Garlogie B-2,GARLOGIE ENERGY CENTRE LIMITED,Garlogie Production B 275/33kV GSP,,0.00,50.00,50.00,2033-10-31,Scoping,Embedded,SHET,Energy Storage System;PV Array (Photo Voltaic/solar),a0l8e0000012jILAAY,PRO-004641,1
Garlogie C-1,GARLOGIE ENERGY CENTRE LIMITED,Garlogie Production C 275/33kV GSP,,0.00,50.00,50.00,2033-10-31,Scoping,Embedded,SHET,Energy Storage System;PV Array (Photo Voltaic/solar),a0l8e0000012jIQAAY,PRO-004642,1
Garlogie C-2,GARLOGIE ENERGY CENTRE LIMITED,Garlogie Production C 275/33kV GSP,,0.00,50.00,50.00,2033-10-31,Scoping,Embedded,SHET,Energy Storage System;PV Array (Photo Voltaic/solar),a0l8e0000012jIVAAY,PRO-004643,
Garlogie PV and BESS A-1,GARLOGIE ENERGY CENTRE LIMITED,Garlogie Production A 275/33kV GSP,,0.00,50.00,50.00,2033-10-31,Scoping,Embedded,SHET,Energy Storage System;PV Array (Photo Voltaic/solar),a0l8e0000012jDoAAI,PRO-004636,1
Garlogie PV and BESS A-2,GARLOGIE ENERGY CENTRE LIMITED,Garlogie Production A 275/33kV GSP,,0.00,50.00,50.00,2033-10-31,Scoping,Embedded,SHET,Energy Storage System;PV Array (Photo Voltaic/solar),a0l8e0000012jDtAAI,PRO-004637,1
Garn Fach Wind Farm,EDF ENERGY RENEWABLES LIMITED,MID WALES CONNECTION NODE A 400KV SUBSTATION,,0.00,162.00,162.00,2037-10-31,Scoping,Direct Connection,NGET,Energy Storage System;Wind Onshore,a0l4L0000005iv1QAA,PRO-001157,
Garscadden Park,GARSCADDEN PARK LIMITED,Garscadden Park 275kV Substation,,0.00,200.00,200.00,2033-10-31,Scoping,Direct Connection,SPT,Energy Storage System,a0l8e000001HozdAAC,PRO-004103,1
Gartclash Farm BESS,South Plean Storage Facility Limited,Denny North 275/132kV,,0.00,200.00,200.00,2028-10-30,Scoping,Direct Connection,SPT,Energy Storage System,a0l8e000000exYNAAY,PRO-003736,1
Garvary Wind Farm,GARVARY WIND FARM LIMITED,Garvary 132kV Substation,,0.00,222.00,222.00,2028-06-30,Scoping,Direct Connection,SHET,Wind Onshore,a0l4L0000005iyqQAA,PRO-001927,
Gastard BESS,SIRIUSECODEV (GASTARD) LTD,Melksham B 132KV Substation,,0.00,200.00,200.00,2037-11-15,Scoping,Direct Connection,NGET,Energy Storage System,a0l8e0000011yrPAAQ,PRO-003552,
Gateway Energy Centre Power Station,GATEWAY ENERGY CENTRE LIMITED,Coryton South 400kV Substation,1.00,0.00,450.00,450.00,2029-06-30,Consents Approved,Direct Connection,NGET,Energy Storage System,a0l4L0000005im2QAA,PRO-000045-1,
Gateway Energy Centre Power Station,GATEWAY ENERGY CENTRE LIMITED,Coryton South 400kV Substation,2.00,0.00,550.00,1000.00,2029-10-30,Consents Approved,Direct Connection,NGET,Energy Storage System,a0l4L0000005im2QAA,PRO-000045-2,
GF Norwich BESS,GF Norwich Energy Ltd,NORTH ANGLIA CONNECTION NODE A 400kV SUBSTATION,,0.00,400.00,400.00,2032-10-31,Scoping,Direct Connection,NGET,Energy Storage System,a0l8e000000f3zmAAA,PRO-003807,1
GF SELLINDGE BESS,GF Sellindge Energy Ltd,East Kent connection node A 400kV Substation,,0.00,300.00,300.00,2036-10-31,Scoping,Direct Connection,NGET,Energy Storage System,a0l8e000001HrvJAAS,PRO-004228,1
GF Thornton Energy BESS,THORNTON ENERGY LTD,North Humber Connection Node A 400kV Substation,,0.00,400.00,400.00,2033-10-31,Scoping,Direct Connection,NGET,Energy Storage System,a0l8e000000TPcPAAW,PRO-003449,1
GF Upper Boat,PULSE CLEAN ENERGY SPV FRANKLIN LIMITED,Upper Boat 275kV Substation,1.00,0.00,0.00,0.00,2025-05-31,Scoping,Direct Connection,NGET,Energy Storage System;Reactive Compensation,a0l8e0000011zBpAAI,PRO-003568-1,
GF Upper Boat,PULSE CLEAN ENERGY SPV FRANKLIN LIMITED,Upper Boat 275kV Substation,2.00,0.00,0.00,0.00,2025-10-31,Scoping,Direct Connection,NGET,Energy Storage System;Reactive Compensation,a0l8e0000011zBpAAI,PRO-003568-2,
GF Upper Boat,PULSE CLEAN ENERGY SPV FRANKLIN LIMITED,Upper Boat 275kV Substation,3.00,0.00,200.00,200.00,2028-10-31,Scoping,Direct Connection,NGET,Energy Storage System;Reactive Compensation,a0l8e0000011zBpAAI,PRO-003568-3,
GH DEVCO Gretna Green BESS,GRETNA ENERGY STORAGE LIMITED,Gresham House Gretna 400/132kv Substation,,0.00,56.00,56.00,2032-10-30,Scoping,Direct Connection,SPT,Energy Storage System,a0l8e0000010xikAAA,PRO-003096,
GH DEVCO Kincardine BESS,Kincardine Storage Limited,GH DEVCO KINCARDINE BESS 132kV SUBSTATION,,0.00,42.00,42.00,2029-10-31,Scoping,Direct Connection,SPT,Energy Storage System,a0l8e000000TPAmAAO,PRO-003173,
Giants Burn Wind Farm,GB WIND FARM LIMITED,New Dunoon 132/33kV GSP Substation,,0.00,44.00,44.00,2030-05-31,Scoping,Embedded,SHET,Wind Onshore,a0l4L0000005iWyQAI,PRO-002232,
GIFFORDLAND 200MW FIELD BESS,VIRMATI ENERGY LTD,Giffordland 400/132kV,,0.00,200.00,200.00,2033-04-30,Scoping,Direct Connection,SPT,Energy Storage System,a0lJ9000000PNKRIA4,PRO-005986,1
Gilbertfield Farm BESS,GPC 678 LTD,Clydesmill 275/33kV,,0.00,40.00,40.00,2029-04-30,Scoping,Embedded,SPT,Energy Storage System,a0l8e0000011z1xAAA,PRO-003564,
Gladsmuir Wind Farm,WIND ESTATE (UK) LIMITED,Harburn 132/33kV Grid Supply Point Substation,,0.00,43.00,43.00,2032-10-29,Scoping,Embedded,SPT,Wind Onshore,a0lJ9000000PGEgIAO,PRO-005915,
Glanford,EPR GLANFORD LIMITED,Keadby GSP,,15.00,0.00,15.00,,Built,Embedded,NGET,Biomass,a0l4L0000005iVWQAY,PRO-000164,
Glasgow Road 40MW BESS,GPC 1137 Ltd,Giffnock 275/33kV,,0.00,40.00,40.00,2028-10-31,Scoping,Embedded,SPT,Energy Storage System,a0l8e0000011z3PAAQ,PRO-003566,
Glasvaar,E Power Limited,Craig Murrail GSP,,0.00,36.00,36.00,2037-10-31,Scoping,Direct Connection,SHET,Wind Onshore,a0lJ9000000POPHIA4,PRO-006025,
Gleann Eoghainn,Renantis UK Limited,Dunvegan 132/33kV Grid Supply Point Substation,,0.00,25.00,25.00,2029-11-30,Scoping,Embedded,SHET,Wind Onshore,a0l4L0000005iQ5QAI,PRO-001275,
Glen App Windfarm,SCOTTISHPOWER RENEWABLES (UK) LIMITED,Glen App 33kV,,32.20,0.00,32.20,,Built,Direct Connection,SPT,Wind Onshore,a0l4L0000005imaQAA,PRO-000063,
Glen Earrach PSH,GLEN EARRACH ENERGY LIMITED,Glen Earrach PSH 400kV substation,,0.00,1800.00,1800.00,2035-10-31,Scoping,Direct Connection,SHET,Pump Storage,a0lJ9000000blarIAA,PRO-004903,
Glen Kyllachy Wind Farm,GLEN KYLLACHY WIND FARM LIMITED,Glen Kyllachy Wind Farm Substation,,48.50,0.00,48.50,,Built,Direct Connection,SHET,Wind Onshore,a0l4L0000005iovQAA,PRO-000165,
Glen Lednock,Glen Lednock Wind Farm Limited,Glen Lednock 132kV Substation,,0.00,165.00,165.00,2031-10-31,Scoping,Direct Connection,SHET,Energy Storage System;Wind Onshore,a0l8e0000012ho5AAA,PRO-004520,
Glen Ullinish Extension,GLEN ULLINISH WF 2 LTD,Glen Ullinish Extension 132/33kV Substation,,0.00,240.00,240.00,2029-08-31,Scoping,Direct Connection,SHET,Wind Onshore,a0l4L0000005iYiQAI,PRO-001346,
Glen Ullinish Wind Farm,GLEN ULLINISH WF LIMITED,Glen Ullinish 132/33kV Substation,,0.00,49.90,49.90,2028-04-16,Consents Approved,Direct Connection,SHET,Wind Onshore,a0l4L0000005isHQAQ,PRO-000298,
Glenchamber Wind Farm,GLENCHAMBER WIND ENERGY LIMITED,Glenluce 132/33kV,,27.50,0.00,27.50,,Built,Embedded,SPT,Wind Onshore,a0l4L0000005iV2QAI,PRO-000043,
Glendoe,SSE GENERATION LIMITED,Fort Augustus GSP,,99.90,0.00,99.90,,Built,Direct Connection,SHET,Hydro,a0l4L0000005imoQAA,PRO-000081,
Glendye Wind Farm,GLENDYE WIND FARM LIMITED,Glendye Wind Farm Substation,1.00,0.00,124.80,124.80,2028-10-31,Scoping,Direct Connection,SHET,Wind Onshore,a0l4L0000005iyyQAA,PRO-001389-1,
Glendye Wind Farm,GLENDYE WIND FARM LIMITED,Glendye Wind Farm Substation,2.00,0.00,42.00,166.80,2034-04-30,Scoping,Direct Connection,SHET,Wind Onshore,a0l4L0000005iyyQAA,PRO-001389-2,
Glenfiddich West,BORALEX LIMITED,New North East Substation 400kV Substation,,0.00,600.00,600.00,2037-10-31,Scoping,Direct Connection,SHET,Demand;Energy Storage System;Wind Onshore,a0lJ9000000POfHIAW,PRO-006064,1
Glenmore,AEUK WIND PROJECT II LTD,Edinbane 132/33kV Substation,,0.00,39.60,39.60,2034-10-31,Scoping,Direct Connection,SHET,Wind Onshore,a0l8e0000012ggkAAA,PRO-004445,
Glenmoriston (part of the Moriston Cascade),SSE GENERATION LIMITED,Glenmoriston GSP,,40.00,0.00,40.00,,Built,Direct Connection,SHET,Hydro,a0l4L0000005imqQAA,PRO-000083,
Glenmoy Wind Solar & BESS,Galileo 20 Limited,Alyth 400kV Substation,,0.00,224.00,224.00,2037-10-31,Scoping,Direct Connection,SHET,Energy Storage System;PV Array (Photo Voltaic/solar);Wind Onshore,a0lJ9000000POtfIAG,PRO-006134,
Glenmuckloch Pumped Storage,GLENMUCKLOCH PUMPED STORAGE HYDRO LIMITED,Glenmuckloch 132kV Substation,,0.00,210.00,210.00,2029-05-18,Consents Approved,Direct Connection,SPT,Pump Storage,a0l4L0000005isIQAQ,PRO-000299,
Glenmuckloch Wind Farm,GLENMUCKLOCH RENEWABLE ENERGY LIMITED,Glenmuckloch 132/33kV,,0.00,33.60,33.60,2029-05-31,Awaiting Consents,Direct Connection,SPT,Wind Onshore,a0l4L0000005iwRQAQ,PRO-000300,
Glenmuir Windfarm,BROCKWELL ENERGY LIMITED,Glenmuir Windfarm 132kV Substation,,0.00,80.00,80.00,2036-06-30,Scoping,Direct Connection,SPT,Wind Onshore,a0l8e000001Ho33AAC,PRO-004058,1
Glennifer Road BESS,Drax BESS Neilston Limited,Glennifer Road BESS 132kV substation,,0.00,150.00,150.00,2028-07-31,Scoping,Direct Connection,SPT,Energy Storage System,a0l8e0000011zs8AAA,PRO-003600,2
Glenrothes BESS,GLENROTHES BESS LTD,Glenrothes 275/33kV,,0.00,46.00,46.00,2025-10-30,Consents Approved,Embedded,SPT,Energy Storage System,a0l4L0000005iTwQAI,PRO-002089,2
Glenrothes Hybrid BESS & Solar PV,TAGENERGY DEVELOPMENT UK LIMITED,Conland Substation,,0.00,200.00,200.00,2031-10-30,Scoping,Direct Connection,SPT,Energy Storage System;PV Array (Photo Voltaic/solar),a0l8e000000TPJUAA4,PRO-003252,1
Glens of Foudland Wind (SRO),GLENS OF FOUDLAND WIND FARM LIMITED,Keith GSP,,26.00,0.00,26.00,,Built,Embedded,SHET,Wind Onshore,a0l4L0000005iVzQAI,PRO-000258,
Glenshimmeroch Windfarm,ENERGYFARM UK GLENSHIMMEROCH LLP,SPT Margree collector substation,,0.00,45.00,45.00,2029-10-31,Consents Approved,Direct Connection,SPT,Wind Onshore,a0l4L0000005in1QAA,PRO-000440,
Glenside Farm BESS,GPC 1211 Ltd,Denny North 275/132kV,,0.00,400.00,400.00,2031-10-31,Scoping,Direct Connection,SPT,Demand;Energy Storage System,a0l8e0000012eVgAAI,PRO-004368,
Glentaggart 150MW BESS,BROCKWELL ENERGY LIMITED,GLENTAGGART 150MW BESS 132kV SUBSTATION,,0.00,150.00,150.00,2030-10-30,Scoping,Direct Connection,SPT,Energy Storage System,a0l8e000001HpfGAAS,PRO-004145,1
Glentaggart 42MW BESS,GLENTAGGART WIND LIMITED,Glentaggart WF 33kV Substation,,0.00,42.00,42.00,2027-10-31,Scoping,Direct Connection,SPT,Energy Storage System,a0l4L0000005ik6QAA,PRO-001595,1
Glentarken Wind Farm,SSE Renewables Services (UK) Limited,GLENTARKEN WIND FARM 132/33KV SUBSTATION,,0.00,104.00,104.00,2031-11-30,Scoping,Direct Connection,SHET,Wind Onshore,a0l8e00000120NhAAI,PRO-003627,1
Glenvernoch,ENERGYFARM UK GLENVERNOCH LTD,Glenvernoch 132kV,,0.00,95.80,95.80,2037-10-31,Scoping,Direct Connection,SPT,Energy Storage System;Wind Onshore,a0lJ9000000PNJrIAO,PRO-005980,
Goole Fields Wind Farm,RWE RENEWABLES UK SWINDON LIMITED,Camblesforth 66kV Substation,,32.00,0.00,32.00,,Built,Embedded,NGET,Wind Onshore,a0l4L0000005iVXQAY,PRO-000166,
Gordonbush Wind Farm,SSE GENERATION LIMITED,Gordonbush GSP,,108.00,0.00,108.00,,Built,Direct Connection,SHET,Wind Onshore,a0l4L0000005ipOQAQ,PRO-000518,
Gordonstown Hill Wind Farm,GORDONSTOWN HILL WIND FARM LIMITED,Rothienorman GSP,,12.50,0.00,12.50,,Built,Embedded,SHET,Wind Onshore,a0l4L0000005iRkQAI,PRO-000936,
Graeme Road Solar & BESS,GREENTECH PROJECTS HOLDING UK LIMITED,Ryhall 400kV Substation,,0.00,550.00,550.00,2038-10-30,Scoping,Direct Connection,NGET,Energy Storage System;PV Array (Photo Voltaic/solar),a0l8e0000012eoAAAQ,PRO-004375,
Grain,Uniper UK Limited,Grain 400kV Substation,,1517.00,0.00,1517.00,,Built,Direct Connection,NGET,CCGT (Combined Cycle Gas Turbine);Reactive Compensation,a0l4L0000005im4QAA,PRO-000049,
Grangemouth  Hybrid BESS & Solar PV,TAGENERGY DEVELOPMENT UK LIMITED,Letham 400/275kV substation,,0.00,300.00,300.00,2032-06-30,Scoping,Direct Connection,SPT,Energy Storage System;PV Array (Photo Voltaic/solar),a0l8e000000TPJeAAO,PRO-003254,1
Grangemouth CHP,GRANGEMOUTH CHP LIMITED,Grangemouth Ineos GSP,,120.00,0.00,120.00,,Built,Embedded,SPT,CHP (Combined Heat and Power),a0l4L0000005iRIQAY,PRO-001283,
Grantham Generation,Aukera Energy Limited,Trent Valley South Connection Node C 400kV Substation,,0.00,700.00,700.00,2035-10-30,Scoping,Direct Connection,NGET,Energy Storage System;PV Array (Photo Voltaic/solar),a0l8e000000TPFwAAO,PRO-003230,1
Grantham Solar Farm - RSL,SOUTH GRANTHAM ENERGY CENTRE LIMITED,Trent Valley South Connection Node C 400kV Substation,,0.00,810.00,810.00,2034-10-30,Scoping,Direct Connection,NGET,Energy Storage System;PV Array (Photo Voltaic/solar),a0lJ9000000PDt9IAG,PRO-005045,1
Grayside Wind Farm,GRAYSIDE WF LTD,REDSHAW 132kV B BOARD SUBSTATION,,0.00,108.00,108.00,2037-10-31,Scoping,Direct Connection,SPT,Wind Onshore,a0l8e0000012hwRAAQ,PRO-004563,1
Great Coates BESS,BRUTON ONE BESS LIMITED,Grimsby West 400kV Substation,,0.00,300.00,300.00,2033-10-31,Scoping,Direct Connection,NGET,Energy Storage System,a0l8e000000f69rAAA,PRO-003960,1
Great Oak Solar,RWE Renewables UK Solar and Storage Limited,South Anglia Connection Node B 400kV Substation,,0.00,700.00,700.00,2034-10-31,Scoping,Direct Connection,NGET,Energy Storage System;PV Array (Photo Voltaic/solar),a0lJ9000000PDxkIAG,PRO-005093,1
Great Yarmouth,RWE GENERATION UK PLC,Norwich Main 132kV,,420.00,0.00,420.00,,Built,Embedded,NGET,CCGT (Combined Cycle Gas Turbine),a0l4L0000005iVOQAY,PRO-000124,
Greater Gabbard Offshore Wind Farm,GREATER GABBARD OFFSHORE WINDS LIMITED,Gabbard 33/132kV Offshore Substation,,500.00,0.00,500.00,,Built,Direct Connection,OFTO,Wind Offshore,a0l4L0000005ioxQAA,PRO-000168,
Green Frog @ Alcoa,VIRIDIS 178 LIMITED,Swansea North 132kV Substation,,40.00,0.00,40.00,,Built,Embedded,NGET,OCGT (Open Cycle Gas Turbine),a0l4L0000005iypQAA,PRO-001282,
Green Frog @ Down Barn Farm,VIRIDIS 178 LIMITED,Lovedean 400kV Substation,,20.00,0.00,20.00,,Built,Embedded,NGET,CCGT (Combined Cycle Gas Turbine),a0l4L0000005iQJQAY,PRO-001261,
Green Frog @ Goose House Lane,VIRIDIS 178 LIMITED,Rochdale 132kV Substation,,21.00,0.00,21.00,,Built,Embedded,NGET,CCGT (Combined Cycle Gas Turbine),a0l4L0000005iR8QAI,PRO-001316,
Green Frog @ Letchworth,VIRIDIS 178 LIMITED,Wymondley GSP,,15.00,0.00,15.00,,Built,Embedded,NGET,OCGT (Open Cycle Gas Turbine),a0l4L0000005iVuQAI,PRO-000246,
Green Frog @ Moorfield Drive,VIRIDIS 178 LIMITED,Padiham 132kV Substation,,21.00,0.00,21.00,,Built,Embedded,NGET,CCGT (Combined Cycle Gas Turbine),a0l4L0000005iRBQAY,PRO-001313,
Green Frog @ Rake Lane,VIRIDIS 178 LIMITED,Kearsley 132kV substation,,21.00,0.00,21.00,,Built,Embedded,NGET,CCGT (Combined Cycle Gas Turbine),a0l4L0000005iQDQAY,PRO-001267,
Green frog @ The Drove,VIRIDIS 178 LIMITED,Bridgwater 400/132kV Substation,,6.00,0.00,6.00,,Built,Embedded,NGET,OCGT (Open Cycle Gas Turbine),a0l4L0000005izgQAA,PRO-000245,
Green Frog at Lester Way,VIRIDIS 178 LIMITED,Cowley GSP,,12.00,0.00,12.00,,Built,Embedded,NGET,OCGT (Open Cycle Gas Turbine),a0l4L0000005iVtQAI,PRO-000244,
Green Hydrogen Solar Farm,GREEN HYDROGEN SOLAR FARM LIMITED,Sealand 400kV Substation,,0.00,500.00,500.00,2037-11-30,Scoping,Direct Connection,NGET,Energy Storage System;PV Array (Photo Voltaic/solar),a0l8e000000ew37AAA,PRO-003652,1
Green Volt Offshore Windfarm,Green Volt Offshore Windfarm Ltd,New Deer 400kV Substation,1.00,0.00,300.00,300.00,2029-03-31,Scoping,Direct Connection,SHET,Demand;Wind Offshore,a0l4L0000005idDQAQ,PRO-001469-1,
Green Volt Offshore Windfarm,Green Volt Offshore Windfarm Ltd,New Deer 400kV Substation,2.00,0.00,260.00,560.00,2033-10-31,Scoping,Direct Connection,SHET,Demand;Wind Offshore,a0l4L0000005idDQAQ,PRO-001469-2,
Greenburn Mixed Technology,REG GREENBURN LIMITED,Greenburn Mixed Technology 132kV Substation,,0.00,90.00,90.00,2028-06-30,Scoping,Direct Connection,SPT,Wind Onshore,a0l4L0000005ibVQAQ,PRO-001006,2
Greenburn Wind & BESS,HM GB (WIND) LTD,Coupar Angus 2 GSP,,0.00,49.90,49.90,2031-10-31,Scoping,Embedded,SHET,Energy Storage System;Wind Onshore,a0l8e0000012gLdAAI,PRO-004407,
Greengage Farm,Renewable Energy Systems Limited,Biggleswade 400kV Substation,,0.00,500.00,500.00,2034-10-31,Scoping,Direct Connection,NGET,Energy Storage System;PV Array (Photo Voltaic/solar),a0l8e0000012jPcAAI,PRO-004675,1
Greengairs East Wind Farm,GREENGAIRS EAST WIND FARM LIMITED,Cumbernauld 132/33kV,,42.64,0.00,42.64,,Built,Embedded,SPT,Wind Onshore,a0l4L0000005iXfQAI,PRO-000880,
Greenock Road BESS,Pulse Clean Energy Limited,Greenock Road 275kV Substation,,0.00,250.00,250.00,2033-10-31,Scoping,Direct Connection,SPT,Energy Storage System,a0l8e0000012kkHAAQ,PRO-004761,
Grendon High Impact Green Energy Hub (HIGEH) 1,TELIS ENERGY UK LIMITED,LAVENDON 400KV SUBSTATION,,0.00,1000.00,1000.00,2033-10-31,Awaiting Consents,Direct Connection,NGET,Energy Storage System;Nuclear;PV Array (Photo Voltaic/solar);Reactive Compensation;Wind Onshore,a0l8e0000010wVyAAI,PRO-002651,1
Grendon Solar & BESS,Green Hill Solar Farm Limited,Grendon 400kV Substation,,0.00,500.00,500.00,2029-07-01,Scoping,Direct Connection,NGET,Energy Storage System;PV Array (Photo Voltaic/solar),a0l4L0000005iihQAA,PRO-001568,
Gresham House Cockenzie BESS,COCKENZIE STORAGE LIMITED,Meadowmill 400/132kV Substation,,0.00,240.00,240.00,2027-07-31,Scoping,Direct Connection,SPT,Energy Storage System,a0l4L0000005iuFQAQ,PRO-002209,2
Gresham House Connagill BESS,ENERGYHUBDEVELOPMENTS LIMITED,New Connagill 275/132kV Substation,,0.00,170.00,170.00,2031-10-31,Scoping,Direct Connection,SHET,Energy Storage System,a0l8e000000TPSrAAO,PRO-003434,1
Gresham House Dalmarnock BESS,ENERGYHUBDEVELOPMENTS LIMITED,Gresham House Dalmarnock Bess 132kv Substation,,0.00,300.00,300.00,2030-04-30,Scoping,Direct Connection,SPT,Energy Storage System,a0l8e0000010wkCAAQ,PRO-002809,
Gresham House Gretna BESS,ALBUSIA LTD,Gresham House Gretna 400/132kv Substation,,0.00,400.00,400.00,2031-10-31,Scoping,Direct Connection,SPT,Energy Storage System,a0l4L0000005il0QAA,PRO-002367,
Gresham House Kincardine BESS,FLAVUSIA LTD,Gresham House Kincardine BESS 275/132kV substation,,0.00,300.00,300.00,2029-10-31,Scoping,Direct Connection,SPT,Energy Storage System,a0l4L0000005iyMQAQ,PRO-002368,
Gresham House Mossmoran BESS,MOSSMORRAN ENERGY STORAGE LIMITED,LOCH GELLY COLLECTOR 132KV SUBSTATION,,0.00,200.00,200.00,2031-10-31,Scoping,Direct Connection,SPT,Energy Storage System,a0l4L0000005ituQAA,PRO-002395,
Gresham House Rayleigh BESS,Rayleigh Storage Limited,Rayleigh 400kV Substation,,0.00,480.00,480.00,2028-06-30,Scoping,Direct Connection,NGET,Energy Storage System,a0l4L0000005iubQAA,PRO-002115,
Greta III,TAGENERGY DEVELOPMENT UK LIMITED,Drakelow 400kV Substation,,0.00,500.00,500.00,2029-10-30,Scoping,Direct Connection,NGET,Energy Storage System;PV Array (Photo Voltaic/solar),a0l4L0000005ikMQAQ,PRO-001803,
Greta IV (b),Greta IV Limited,North Anglia Connection Node B 400kV Substation,,0.00,500.00,500.00,2034-10-31,Scoping,Direct Connection,NGET,Energy Storage System;PV Array (Photo Voltaic/solar),a0l8e0000012guYAAQ,PRO-004499,1
Greta IV (c),Greta IV Limited,North Anglia Connection Node B 400kV Substation,,0.00,500.00,500.00,2034-10-31,Scoping,Direct Connection,NGET,Energy Storage System,a0l8e0000012gudAAA,PRO-004500,1
Greta IV (d),Greta IV Limited,North Anglia Connection Node B 400kV Substation,,0.00,500.00,500.00,2034-10-31,Scoping,Direct Connection,NGET,Energy Storage System,a0l8e0000012guiAAA,PRO-004501,1
Gretna Synchronous Compensation,GRETNA GRID SERVICES LIMITED,Gretna 400/132kV,,0.00,0.00,0.00,,Built,Direct Connection,SPT,Reactive Compensation,a0l4L0000005ibsQAA,PRO-001444,
Greystone Knowe Windfarm,GREYSTONE KNOWE WINDFARM LIMITED,GALA NORTH 132KV SUBSTATION,,0.00,67.20,67.20,2033-10-31,Scoping,Direct Connection,SPT,Demand;Energy Storage System;Wind Onshore,a0l4L0000005iXvQAI,PRO-002370,1
Griffin Wind Farm,GRIFFIN WIND FARM LIMITED,Griffin 132/33kV Substation,,188.60,0.00,188.60,,Built,Direct Connection,SHET,Wind Onshore,a0l4L0000005ioyQAA,PRO-000169,
Grimsby BESS,Shama BESS Limited,Grimsby West 400kV Substation,,0.00,500.00,500.00,2035-04-30,Scoping,Direct Connection,NGET,Energy Storage System,a0l8e0000010wUCAAY,PRO-002633,
Grimshader Wind Farm,RWE Renewables UK Onshore Wind Limited,Grimshader Wind Farm Substation132 KV,,0.00,79.20,79.20,2033-10-31,Scoping,Direct Connection,SHET,Wind Onshore,a0l8e000000TPKNAA4,PRO-003258,1
Grindon Grange,STARLIGHT ENERGY UK LIMITED,Norton East 400kV Substation,,0.00,240.00,240.00,2035-10-30,Scoping,Direct Connection,NGET,Energy Storage System;PV Array (Photo Voltaic/solar),a0l8e000000f8NqAAI,PRO-004028,
Grovers Farm BESS,Bluestone Energy Ltd,West London Connection Node B 132kV substation,,0.00,240.00,240.00,2037-10-31,Scoping,Embedded,NGET,Energy Storage System,a0l8e000000TPCnAAO,PRO-003196,1
GT R4 Offshore Wind Farm,GT R4 LIMITED,Weston Marsh 400kV Substation,,0.00,1500.00,1500.00,2030-11-30,Scoping,Direct Connection,NGET,Wind Offshore,a0l4L0000005izbQAA,PRO-000563,
Gunfleet Sands II Offshore Wind Farm,Gunfleet Sands II Ltd,Gunfleet Sands 33/132kV Offshore,,64.00,0.00,64.00,,Built,Direct Connection,NGET,Wind Offshore,a0l4L0000005iqiQAA,PRO-000229,
Gunfleet Sands Offshore Wind Farm,GUNFLEET SANDS LIMITED,Gunfleet Sands 33/132kV Offshore,,99.90,0.00,99.90,,Built,Direct Connection,NGET,Wind Offshore,a0l4L0000005iqJQAQ,PRO-000224,
Gwynt Alwen WF,BWLCH GWYN WIND FARM LIMITED,North Wales connection Node A 400kV Substation,1.00,0.00,108.00,108.00,2030-06-30,Scoping,Direct Connection,NGET,Energy Storage System;PV Array (Photo Voltaic/solar);Reactive Compensation;Wind Onshore,a0l4L0000005ihMQAQ,PRO-001545-1,
Gwynt Alwen WF,BWLCH GWYN WIND FARM LIMITED,North Wales connection Node A 400kV Substation,2.00,0.00,0.00,108.00,2032-10-31,Scoping,Direct Connection,NGET,Energy Storage System;PV Array (Photo Voltaic/solar);Reactive Compensation;Wind Onshore,a0l4L0000005ihMQAQ,PRO-001545-2,
Gwynt Glas Offshore Wind Farm,GWYNT GLAS OFFSHORE WIND FARM LIMITED,Alverdiscott 400kV Substation,,0.00,300.00,300.00,2031-10-31,Scoping,Direct Connection,NGET,Wind Offshore,a0l4L0000005iiyQAA,PRO-001772,1
Gwynt Glas Offshore Wind Farm 2,GWYNT GLAS OFFSHORE WIND FARM LIMITED,Alverdiscott 400kV Substation,,0.00,1000.00,1000.00,2036-12-06,Scoping,Direct Connection,NGET,Wind Offshore,a0l4L0000005j1NQAQ,PRO-002480,
Gwynt Y Mor Offshore Wind Farm,GWYNT Y MOR OFFSHORE WIND FARM LIMITED,Gwynt y Mor 132/33kV Offshore Substation,,574.00,0.00,574.00,,Built,Direct Connection,OFTO,Wind Offshore,a0l4L0000005iq7QAA,PRO-000208,
Hadyard Hill,SSE RENEWABLES WIND FARMS (UK) LIMITED,Maybole 132/33kV,,99.90,0.00,99.90,,Built,Direct Connection,SPT,Wind Onshore,a0l4L0000005iozQAA,PRO-000170,
Hagshaw Energy Cluster Western Expansion,Spirebush Ltd,Spirebush 132kV Substation,,0.00,400.00,400.00,2028-07-01,Awaiting Consents,Direct Connection,SPT,Energy Storage System;PV Array (Photo Voltaic/solar);Wind Onshore,a0l4L0000005j1VQAQ,PRO-001692,
Hagshaw Hill Phase 1,HAGSHAW HILL REPOWERING LTD,Hagshaw Hill Wind Farm 33kV Substation,,30.00,0.00,30.00,,Built,Direct Connection,SPT,Wind Onshore,a0l4L0000005io5QAA,PRO-000490,
Hagshaw Hill Phase 2,HAGSHAW HILL REPOWERING LTD,Hagshaw Hill Wind Farm 33kV Substation,,54.00,0.00,54.00,,Built,Direct Connection,SPT,Wind Onshore,a0l4L0000005io6QAA,PRO-000514,
Hagshaw LDES,HAGSHAW LDES LTD,Redshaw 132kV Substation.,,0.00,500.00,500.00,2036-10-31,Scoping,Direct Connection,SPT,Energy Storage System,a0lJ9000000PMvuIAG,PRO-005957,
Hagshaw Repowering Phase 3,HAGSHAW REPOWERING 2 LTD,Hagshaw Repowering Phase 3 132kV,,0.00,84.00,84.00,2029-04-26,Scoping,Direct Connection,SPT,Energy Storage System;PV Array (Photo Voltaic/solar);Wind Onshore,a0l4L0000005iwUQAQ,PRO-002306,
Halbeath,HALBEATH SOLAR LTD,Halbeath 132kV Substation,,0.00,150.00,150.00,2029-07-31,Scoping,Direct Connection,SPT,Demand;Energy Storage System;PV Array (Photo Voltaic/solar);Reactive Compensation,a0l4L0000005ivDQAQ,PRO-002266,
Halfway Energy Park,DALRIADA RENEWABLES LIMITED,New East Coast 400kV Substation,,0.00,1000.29,1000.29,2035-10-31,Scoping,Direct Connection,SHET,Energy Storage System;PV Array (Photo Voltaic/solar),a0l8e000001HoBkAAK,PRO-004062,
Hall Ings Farm Substation,O&G Group Limited,Creyke Beck 132kV,,0.00,100.00,100.00,2034-10-30,Scoping,Embedded,NGET,PV Array (Photo Voltaic/solar),a0l8e000001HxbRAAS,PRO-004275,
Halsary Wind Farm,SCOTTISHPOWER RENEWABLES (UK) LIMITED,Mybster 3 33kV Substation,,28.50,0.00,28.50,,Built,Direct Connection,SHET,Wind Onshore,a0l4L0000005ipWQAQ,PRO-000189,
Hams Hall Green Energy Centre,HAMS HALL NG LIMITED,Hams Hall 400kV Substation,1.00,0.00,400.00,400.00,2028-10-30,Scoping,Direct Connection,NGET,Demand;Energy Storage System;PV Array (Photo Voltaic/solar),a0l4L0000005iirQAA,PRO-001765-1,1
Hams Hall Green Energy Centre,HAMS HALL NG LIMITED,Hams Hall 400kV Substation,2.00,0.00,625.00,1025.00,2032-10-31,Scoping,Direct Connection,NGET,Demand;Energy Storage System;PV Array (Photo Voltaic/solar),a0l4L0000005iirQAA,PRO-001765-2,1
Harburnhead Wind Farm,LDV HARBURNHEAD LIMITED,Livingston East 132/33kV,,51.70,0.00,51.70,,Built,Embedded,SPT,Wind Onshore,a0l4L0000005iVlQAI,PRO-000230,
Hare Craig Wind Farm,HARE CRAIG WINDFARM LLP,Hare Craig 33kV Substation,,0.00,46.20,46.20,2028-10-31,Awaiting Consents,Direct Connection,SPT,Wind Onshore,a0l4L0000005iysQAA,PRO-000940,
Hare Hill Extension Wind Farm,SCOTTISHPOWER RENEWABLES (UK) LIMITED,Coylton 132/33kV,,29.75,0.00,29.75,,Built,Embedded,SPT,Wind Onshore,a0l4L0000005iPmQAI,PRO-000874,
Hare Hill Repowering,SCOTTISHPOWER RENEWABLES (UK) LIMITED,Hare Hill Repowering 132/33kV Substation,,0.00,114.00,114.00,2031-10-31,Scoping,Direct Connection,SPT,Wind Onshore,a0l8e000000f6A6AAI,PRO-003963,1
Hareshaw Rig Wind Farm,HARESHAW RIG WF LIMITED,Hopsrig Collector 132/33kV Substation,,0.00,40.00,40.00,2029-10-31,Scoping,Direct Connection,SPT,Wind Onshore,a0l4L0000005ipdQAA,PRO-000543,
Harestanes,SCOTTISHPOWER RENEWABLES (UK) LIMITED,Harestanes West Wind Farm 132/33kV,1.00,125.00,0.00,125.00,,Built,Direct Connection,SPT,Energy Storage System;Wind Onshore,a0l4L0000005imbQAA,PRO-000064-1,
Harestanes,SCOTTISHPOWER RENEWABLES (UK) LIMITED,Harestanes West Wind Farm 132/33kV,2.00,0.00,38.30,163.30,2028-03-31,Under Construction/Commissioning,Direct Connection,SPT,Energy Storage System;Wind Onshore,a0l4L0000005imbQAA,PRO-000064-2,
Harestanes West Wind Farm,SCOTTISHPOWER RENEWABLES (UK) LIMITED,Harestanes West Wind Farm 132/33kV,1.00,0.00,56.00,56.00,2029-09-01,Scoping,Direct Connection,SPT,Wind Onshore,a0l4L0000005icnQAA,PRO-001075-1,
Harestanes West Wind Farm,SCOTTISHPOWER RENEWABLES (UK) LIMITED,Harestanes West Wind Farm 132/33kV,2.00,0.00,25.00,81.00,2035-07-01,Scoping,Direct Connection,SPT,Wind Onshore,a0l4L0000005icnQAA,PRO-001075-2,
Harker Green Energy Centre,Blackdyke BESS Limited,Harker 400kV Substation,1.00,0.00,400.00,400.00,2028-10-30,Awaiting Consents,Direct Connection,NGET,Energy Storage System;PV Array (Photo Voltaic/solar);Wind Onshore,a0l4L0000005igBQAQ,PRO-001709-1,
Harker Green Energy Centre,Blackdyke BESS Limited,Harker 400kV Substation,2.00,0.00,625.00,1025.00,2032-10-30,Awaiting Consents,Direct Connection,NGET,Energy Storage System;PV Array (Photo Voltaic/solar);Wind Onshore,a0l4L0000005igBQAQ,PRO-001709-2,
Harker PV & BESS Sub,HARKER ENERGY PARK LIMITED,Harker 400kV Substation,,0.00,249.90,249.90,2037-11-01,Scoping,Direct Connection,NGET,Energy Storage System;PV Array (Photo Voltaic/solar),a0l8e0000010wSpAAI,PRO-002615,1
Harlaston,SSE DE SOLAR HOLDCO LIMITED,Harlaston 400kV Substation,,0.00,600.00,600.00,2033-10-31,Scoping,Direct Connection,NGET,Energy Storage System;PV Array (Photo Voltaic/solar),a0l8e000000f40fAAA,PRO-003814,1
Harrington Franklin Limited,EDP RENEWABLES UK LIMITED,Richborough GSP,,0.00,49.95,49.95,2025-10-31,Awaiting Consents,Embedded,NGET,Energy Storage System,a0l8e000001HoTYAA0,PRO-004075,
Harting Rig Wind Farm,KYPE EXTENSION WIND FARM LIMITED,Kype Muir 132/33kV,,67.20,0.00,67.20,,Built,Direct Connection,SPT,Wind Onshore,a0l4L0000005isKQAQ,PRO-000303,
Hartlepool,EDF Energy Nuclear Generation Limited,Hartlepool 275kV Substation,,1197.00,0.00,1197.00,,Built,Direct Connection,NGET,Nuclear,a0l4L0000005ioKQAQ,PRO-000139,
Havbredey,HAVBREDEY LIMITED,New Dounreay 400kV substation,,0.00,1500.00,1500.00,2033-10-31,Scoping,Direct Connection,SHET,Wind Offshore,a0l4L0000005iNUQAY,PRO-001628,1
Hawkers Hill Energy Park,HAWKERS HILL ENERGY PARK LIMITED,Hawkers Hill,,20.00,0.00,20.00,,Built,Embedded,NGET,Energy Storage System,a0l4L0000005iUDQAY,PRO-001751,
Hawkhill BESS,GPC Project 12 Ltd,Kincardine North 400kV Substation,,0.00,500.00,500.00,2031-10-31,Scoping,Direct Connection,SPT,Energy Storage System,a0l8e0000011ziLAAQ,PRO-003595,1
Hawkwood Wind Farm,WILSON RENEWABLES IV LLP,Hawkwood Windfarm 33kV Substation,,0.00,34.00,34.00,2030-04-30,Scoping,Direct Connection,SPT,Wind Onshore,a0l8e000000TPcUAAW,PRO-003450,1
Hawthorn BESS,REWE 8 LIMITED,Wearside Connection Node B 400kV Substation,,0.00,200.00,200.00,2033-10-31,Awaiting Consents,Direct Connection,NGET,Energy Storage System,a0l8e0000011xxtAAA,PRO-003492,1
Hawthorn Pit Green Energy Centre,HAWTHORN PIT NG LIMITED,Hawthorn Pit 400kV Substation,,0.00,1025.00,1025.00,2032-10-31,Awaiting Consents,Direct Connection,NGET,Demand;Energy Storage System;PV Array (Photo Voltaic/solar),a0l4L0000005ilDQAQ,PRO-002282,
Hazel Solar,HAZEL SOLAR LTD,Hawthorn Pit GSP,,0.00,150.00,150.00,2035-10-31,Scoping,Embedded,NGET,Energy Storage System;PV Array (Photo Voltaic/solar),a0lJ9000000bltyIAA,PRO-004981,
Heastabhal Wind Farm,RWE Renewables UK Onshore Wind Limited,Heastabhal Wind Farm Substation 132 KV,,0.00,66.00,66.00,2033-10-31,Scoping,Direct Connection,SHET,Wind Onshore,a0l8e000000TPKIAA4,PRO-003257,1
Heathland Wind Farm,EDF ENERGY RENEWABLES LIMITED,Heathland 132/33kV Substation,,0.00,80.00,80.00,2028-09-29,Scoping,Direct Connection,SPT,Energy Storage System;Wind Onshore,a0l4L0000005igyQAA,PRO-001156,
Heckington Fen Solar Park,Ecotricity (Heck Fen Solar) Limited,Bicker Fen 400kV Substation,,0.00,400.00,400.00,2028-10-01,Scoping,Direct Connection,NGET,Energy Storage System;PV Array (Photo Voltaic/solar),a0l4L0000005ixuQAA,PRO-001903,
Helen Street BESS,Vital Energi Solutions Limited,Govan 132/33kV,,0.00,49.90,49.90,2028-06-28,Scoping,Embedded,SPT,Energy Storage System,a0l8e000000TPANAA4,PRO-003168,
Henley Downs Farm BESS,NINFIELD BESS LTD,East Kent connection node A 400kV Substation,,0.00,240.00,240.00,2037-10-31,Scoping,Embedded,NGET,Energy Storage System,a0l8e000000TPAcAAO,PRO-003171,1
Hesta Head,HESTA HEAD WIND FARM LIMITED,Finstown (Orkney) GSP,,0.00,20.40,20.40,2029-04-06,Scoping,Embedded,SHET,Wind Onshore,a0lJ9000000PDyEIAW,PRO-005100,
Heysham Green Energy Centre,HEYSHAM GREEN NG LIMITED,Middleton 400KV Substation,,0.00,400.00,400.00,2028-10-30,Awaiting Consents,Direct Connection,NGET,Energy Storage System;PV Array (Photo Voltaic/solar),a0l4L0000005igCQAQ,PRO-001710,
Heysham Power Station,EDF Energy Nuclear Generation Limited,Heysham GSP,,2363.00,0.00,2363.00,,Built,Direct Connection,NGET,Nuclear,a0l4L0000005ioLQAQ,PRO-000140,
High Bardrain Wood & Moor,Bluestone Energy Ltd,HIGH BARDRAIN WOOD & MOOR 132KV SUBSTATION,,0.00,240.00,240.00,2033-10-31,Scoping,Direct Connection,SPT,Energy Storage System,a0l8e000000ez79AAA,PRO-003792,1
High Brenfield 1,High Brenfield Wind Farm Limited,Craig Murrail 275/33kV GSP Substation,,0.00,52.80,52.80,2034-10-31,Scoping,Embedded,SHET,Wind Onshore,a0lJ9000000blQUIAY,PRO-004875,1
High Brenfield 2,High Brenfield Wind Farm Limited,Craig Murrail GSP,,0.00,20.40,20.40,2034-10-31,Scoping,Embedded,SHET,Wind Onshore,a0lJ9000000blQZIAY,PRO-004876,1
High Constellation Windfarm,HIGH CONSTELLATION WINDFARM LIMITED,High Constellation 132/33kV Substation,,0.00,50.00,50.00,2028-10-31,Scoping,Direct Connection,SHET,Wind Onshore,a0l4L0000005imKQAQ,PRO-000416,2
High Marnham (Tertiary),ENSO GREEN HOLDINGS K LIMITED,High Marnham 400kV Substation,,0.00,57.00,57.00,2030-10-31,Scoping,Direct Connection,NGET,Energy Storage System;PV Array (Photo Voltaic/solar),a0l4L0000005ip9QAA,PRO-000531,
High Marnham 400,ENSO GREEN HOLDINGS X LIMITED,High Marnham 400kV Substation,1.00,0.00,400.00,400.00,2033-10-31,Awaiting Consents,Direct Connection,NGET,Energy Storage System;PV Array (Photo Voltaic/solar),a0l4L0000005ivvQAA,PRO-002194-1,
High Marnham 400,ENSO GREEN HOLDINGS X LIMITED,High Marnham 400kV Substation,2.00,0.00,600.00,1000.00,2034-10-31,Scoping,Direct Connection,NGET,Energy Storage System;PV Array (Photo Voltaic/solar),a0l4L0000005ivvQAA,PRO-002194-2,
High Marnham 400MW Field BESS,Field High Marnham Ltd,Trent Valley South Connection Node G 400kV Substation,,0.00,400.00,400.00,2039-10-30,Scoping,Direct Connection,NGET,Energy Storage System,a0lJ9000000PMDzIAO,PRO-005938,1
High Marnham BESS,JG PEARS GRID CONNECTION LIMITED,High Marnham 400kV Substation,,0.00,500.00,500.00,2034-10-30,Scoping,Direct Connection,NGET,Energy Storage System,a0l8e000000TPcjAAG,PRO-003452,
High Marnham Solar Farm,ANESCO LIMITED,High Marnham 400kV Substation,,0.00,99.90,99.90,2031-10-31,Scoping,Direct Connection,NGET,PV Array (Photo Voltaic/solar),a0l4L0000005iY7QAI,PRO-001845,
High Mathernock Battery Storage,Harmony HM Limited,HIGH MATHERNOCK 132KV SUBSTATION,,0.00,334.00,334.00,2029-10-17,Scoping,Direct Connection,SPT,Energy Storage System,a0l4L0000005ivGQAQ,PRO-002273,1
High Netherfauld Farm BESS,ESB (SCOTLAND) LTD,Redshaw 400kV,,0.00,504.00,504.00,2037-10-31,Scoping,Direct Connection,SPT,Energy Storage System,a0lJ9000000PNPFIA4,PRO-005992,
Highland BESS,Apatura Battery Ltd,Highland BESS 132kV Substation,,0.00,120.00,120.00,2030-05-30,Scoping,Direct Connection,SHET,Energy Storage System,a0l8e000000f4PIAAY,PRO-003845,1
Highland Wind Farm,HIGHLAND WIND FARM LIMITED,Highland Wind Farm 132/33kV substation,,0.00,168.00,168.00,2030-10-31,Scoping,Direct Connection,SHET,Energy Storage System;Wind Onshore,a0l8e0000012ezHAAQ,PRO-004390,1
Highview Hunterston East Cryobattery,HVS SITECO LTD,Hunterston East 400kV,,0.00,200.00,200.00,2027-10-31,Consents Approved,Direct Connection,SPT,Demand;Energy Storage System;Reactive Compensation,a0l4L0000005iYkQAI,PRO-001348,
Hill Farm,QAIR RENEWABLES UK LIMITED,Capenhurst GSP,,0.00,240.00,240.00,2037-10-31,Scoping,Embedded,NGET,Energy Storage System,a0l8e000000f6bLAAQ,PRO-003983,1
Hill House Farm Solar and Storage,BSR APPLICATIONS LIMITED,Norton GSP,,0.00,99.90,99.90,2035-10-30,Scoping,Embedded,NGET,Energy Storage System;PV Array (Photo Voltaic/solar),a0lJ9000000blZ0IAI,PRO-004884,
Hill of Glaschyle,HILL OF GLASCHYLE RENEWABLES LLP,Berry Burn GSP,,27.60,0.00,27.60,,Built,Embedded,SHET,Wind Onshore,a0l4L0000005iVwQAI,PRO-000253,
Hill of Towie 2 Wind Farm,GREENHILLS 1 LIMITED,Keith 2 132/33kV GSP Substation,,0.00,36.00,36.00,2030-06-01,Consents Approved,Embedded,SHET,Wind Onshore,a0l4L0000005iRiQAI,PRO-000938,
Hill of Towie/Drummuir,HILL OF TOWIE LIMITED,Drummuir Windfarm at Keith 33kV Grid Supply Point,,48.30,0.00,48.30,,Built,Embedded,SHET,Wind Onshore,a0l4L0000005iVnQAI,PRO-000234,
Hill Street Solar PV/BESS Station,HILL STREET SHELFCO 1 LIMITED,Staffordshire Connection Node A 400kV Substation,,0.00,800.00,800.00,2037-10-30,Scoping,Direct Connection,NGET,Energy Storage System;PV Array (Photo Voltaic/solar),a0l8e000000exlgAAA,PRO-003744,
Hinkley Point B,EDF Energy Nuclear Generation Limited,Hinkley Point 400kV Substation,,0.00,0.00,0.00,,Built,Direct Connection,NGET,Nuclear,a0l4L0000005ioMQAQ,PRO-000141,
Hinkley Point C,NNB GENERATION COMPANY (HPC) LIMITED,Shurton 400kV Substation,1.00,0.00,1670.00,1670.00,2029-03-31,Scoping,Direct Connection,NGET,Nuclear,a0l4L0000005idVQAQ,PRO-001674-1,
Hinkley Point C,NNB GENERATION COMPANY (HPC) LIMITED,Shurton 400kV Substation,2.00,0.00,1670.00,3340.00,2030-07-31,Scoping,Direct Connection,NGET,Nuclear,a0l4L0000005idVQAQ,PRO-001674-2,
Hipsey BESS,KONA ASSET 2 LIMITED,Dunstable 400kV Substation,,0.00,240.00,240.00,2032-10-29,Scoping,Direct Connection,NGET,Energy Storage System,a0l8e0000010x1mAAA,PRO-003051,1
Hirfynydd and Mynydd Drumaur,EDF ENERGY RENEWABLES LIMITED,Swansea North 400kV Substation,1.00,0.00,229.90,229.90,2030-10-31,Scoping,Direct Connection,NGET,Energy Storage System;PV Array (Photo Voltaic/solar);Wind Onshore,a0l4L0000005iw9QAA,PRO-001899-1,1
Hirfynydd and Mynydd Drumaur,EDF ENERGY RENEWABLES LIMITED,Swansea North 400kV Substation,2.00,0.00,19.10,249.00,2036-12-06,Scoping,Direct Connection,NGET,Energy Storage System;PV Array (Photo Voltaic/solar);Wind Onshore,a0l4L0000005iw9QAA,PRO-001899-2,1
Hirwaun Power Station,HIRWAUN POWER LIMITED,Rhigos 400kV Substation,,299.00,0.00,299.00,,Built,Direct Connection,NGET,OCGT (Open Cycle Gas Turbine),a0l4L0000005isPQAQ,PRO-000309,
Hockliffe GEC (Ethos Green),HOCKLIFFE GREEN ENERGY CENTRE LTD,Dunstable 400kV Substation,,0.00,850.00,850.00,2032-10-29,Scoping,Direct Connection,NGET,Energy Storage System;PV Array (Photo Voltaic/solar),a0l8e000000ViEzAAK,PRO-004342,
Holdsworth Road,MAS 002 LIMITED,Bradford West 275kV Substation,,0.00,500.00,500.00,2036-10-24,Scoping,Direct Connection,NGET,Energy Storage System,a0l4L0000005iMOQAY,PRO-002338,
Holes Bay,HARMONY HB LIMITED,Holes Bay Battery Storage,,7.50,0.00,7.50,,Built,Embedded,NGET,Energy Storage System,a0l4L0000005iQBQAY,PRO-001269,
Hollandmey Renewable Energy Development,SCOTTISHPOWER RENEWABLES (UK) LIMITED,Hollandmey Renewable Energy Development132/33kV Substation,,0.00,49.50,49.50,2030-05-31,Consents Approved,Direct Connection,SHET,Wind Onshore,a0l4L0000005ibYQAQ,PRO-001094,
Holmston Farm Battery Energy Storage System,Field Holmston Ltd,Ayr 275/33kV,,0.00,49.90,49.90,2026-07-31,Scoping,Embedded,SPT,Energy Storage System,a0l4L0000005iXiQAI,PRO-002359,2
Hookers Farm BESS,Ancleggan Limited,Bolney 132kV Substation,,0.00,250.00,250.00,2031-10-31,Consents Approved,Embedded,NGET,Energy Storage System,a0l4L0000005iXEQAY,PRO-002308,
Hoolan Hills Renewable Energy Park,RIDGE CLEAN ENERGY LTD,Holm Hill 132kV Substation,,0.00,66.00,66.00,2037-10-31,Scoping,Direct Connection,SPT,Wind Onshore,a0lJ9000000PNpTIAW,PRO-006001,1
Hope Battery Storage,IBV BRINKBURN ENERGY PARK LIMITED,Blyth 400kV Substation,,0.00,400.00,400.00,2036-10-31,Scoping,Direct Connection,NGET,Energy Storage System,a0l4L0000005j8QQAQ,PRO-002520,1
Hopsrig Wind Farm,HOPSRIG WIND FARM LIMITED,Hopsrig Collector Substation,,0.00,48.00,48.00,2027-10-31,Consents Approved,Direct Connection,SPT,Wind Onshore,a0l4L0000005isfQAA,PRO-000318,2
Hornsea Power Station 1A,HORNSEA 1 LIMITED,Hornsea Platform 1A Offshore Substation,,400.00,0.00,400.00,,Built,Direct Connection,NGET,Wind Offshore,a0l4L0000005isUQAQ,PRO-000315,
Hornsea Power Station 1B,HORNSEA 1 LIMITED,Hornsea Platform 1B Offshore Substation,,400.00,0.00,400.00,,Built,Direct Connection,NGET,Wind Offshore,a0l4L0000005ispQAA,PRO-000331,
Hornsea Power Station 1C,HORNSEA 1 LIMITED,Hornsea Platform 1C Offshore Substation,,400.00,0.00,400.00,,Built,Direct Connection,NGET,Wind Offshore,a0l4L0000005isqQAA,PRO-000332,
Hornsea Power Station 2A,BREESEA LIMITED,Hornsea Platform 2A Offshore Substation,,440.00,0.00,440.00,,Built,Direct Connection,NGET,Wind Offshore,a0l4L0000005isrQAA,PRO-000333,
Hornsea Power Station 2B,SOUNDMARK WIND LIMITED,Hornsea Platform 2B Offshore Substation,,440.00,0.00,440.00,,Built,Direct Connection,NGET,Wind Offshore,a0l4L0000005issQAA,PRO-000334,
Hornsea Power Station 2C,SONNINGMAY WIND LIMITED,Hornsea Power Station 2C Offshore platform Substation,,440.00,0.00,440.00,,Built,Direct Connection,NGET,Wind Offshore,a0l4L0000005istQAA,PRO-000335,
Hornsea Power Station 3,HORNSEA PROJECT THREE (UK) LIMITED,Norwich Main 400kV Substation,1.00,0.00,2250.00,2250.00,2026-10-01,Consents Approved,Direct Connection,NGET,Energy Storage System;Wind Offshore,a0l4L0000005in7QAA,PRO-000434-1,
Hornsea Power Station 3,HORNSEA PROJECT THREE (UK) LIMITED,Norwich Main 400kV Substation,2.00,0.00,750.00,3000.00,2028-12-31,Consents Approved,Direct Connection,NGET,Energy Storage System;Wind Offshore,a0l4L0000005in7QAA,PRO-000434-2,
Hornsea Power Station 4,ORSTED HORNSEA PROJECT FOUR LIMITED,Creyke Beck 400kV Substation,1.00,0.00,1500.00,1500.00,2028-10-30,Scoping,Direct Connection,NGET,Wind Offshore,a0l4L0000005in6QAA,PRO-000435-1,
Hornsea Power Station 4,ORSTED HORNSEA PROJECT FOUR LIMITED,Creyke Beck 400kV Substation,2.00,0.00,1100.00,2600.00,2029-10-31,Scoping,Direct Connection,NGET,Wind Offshore,a0l4L0000005in6QAA,PRO-000435-2,
Housham PV & BESS,FOSSE GREEN ENERGY LIMITED,Navenby 400kV Substation,,0.00,240.00,240.00,2033-05-30,Scoping,Direct Connection,NGET,Energy Storage System;PV Array (Photo Voltaic/solar),a0l4L0000005ivBQAQ,PRO-002254,
Humber Gateway Offshore Wind Farm,RWE RENEWABLES UK HUMBER WIND LIMITED,Humber Gateway 33/132kV Offshore Substation,,220.00,0.00,220.00,,Built,Direct Connection,OFTO,Wind Offshore,a0l4L0000005iqDQAQ,PRO-000214,
Hunningley Stairfoot BESS,CARE POWER (BARNSLEY) LIMITED,Hunningley 132kV Substation,,40.00,0.00,40.00,,Built,Embedded,NGET,Energy Storage System,a0l4L0000005iQUQAY,PRO-001887,
Hunterston,NUCLEAR RESTORATION SERVICES LIMITED,Hunterston 400/132kV,,0.00,0.00,0.00,,Built,Direct Connection,SPT,Nuclear,a0l4L0000005ioOQAQ,PRO-000143,
Hunterston Battery Storage Facility,HUNTERSTON GRID 1 LTD,Hunterston East 400kV substation,,0.00,200.00,200.00,2028-03-10,Scoping,Direct Connection,SPT,Energy Storage System;Reactive Compensation,a0l4L0000005igzQAA,PRO-001155,2
Hunterston Energy Storage Facility,HUNTERSTON GRID 1 LTD,Ayrshire Grid 400kV Substation,,0.00,200.00,200.00,2028-03-17,Scoping,Direct Connection,SPT,Energy Storage System,a0l4L0000005iNgQAI,PRO-001644,2
Hunterston Hydrogen,STATKRAFT HYDROGEN UK HOLDING LIMITED,Hunterston 400/132kV,,0.00,5.00,5.00,2033-10-31,Scoping,Direct Connection,SPT,Hydrogen,a0l8e000000f65UAAQ,PRO-003957,
Hunterston PARC BESS,Pulse Clean Energy Limited,Hunterston 400/132kV,,0.00,250.00,250.00,2033-10-31,Scoping,Direct Connection,SPT,Energy Storage System,a0l8e000000f4mlAAA,PRO-003865,
Hunterston Wind Farm,GALILEO 01 LIMITED,Hunterston 400/132kV,,0.00,70.00,70.00,2033-04-30,Scoping,Direct Connection,SPT,Energy Storage System;Wind Onshore,a0l8e000000TP9yAAG,PRO-003165,1
Huntingdon High Impact Energy Hub 1,TELIS ENERGY UK LIMITED,West Anglia Connection Node H 400kVSubstation,,0.00,1000.00,1000.00,2034-10-31,Awaiting Consents,Direct Connection,NGET,Energy Storage System;Nuclear;PV Array (Photo Voltaic/solar);Wind Onshore,a0l8e0000012hmsAAA,PRO-004507,1
Huntingdon High Impact Energy Hub 2,TELIS ENERGY UK LIMITED,West Anglia Connection Node H 400kVSubstation,,0.00,1000.00,1000.00,2034-10-31,Scoping,Direct Connection,NGET,Energy Storage System;Nuclear;PV Array (Photo Voltaic/solar);Wind Onshore,a0l8e0000012hmxAAA,PRO-004508,1
Huntington Solar PV,EDF ENERGY RENEWABLES LIMITED,West Anglia Connection Node D 400kV Substation,,0.00,240.00,240.00,2037-10-31,Scoping,Direct Connection,NGET,PV Array (Photo Voltaic/solar),a0lJ9000000PEBHIA4,PRO-005118,1
Huntworth,UK POWER RESERVE LIMITED,Taunton GSP,,10.00,0.00,10.00,,Built,Embedded,NGET,CCGT (Combined Cycle Gas Turbine),a0l4L0000005iVxQAI,PRO-000254,
Hurlet Battery,P-FREQUENCY LTD,Neilston 400kV Substation,,0.00,400.00,400.00,2033-10-31,Scoping,Direct Connection,SPT,Energy Storage System,a0lJ9000000blJJIAY,PRO-004790,1
Hurst BESS,FIRSTWAY SOLAR LTD,North Kent Connection Node C 400kV Substation,,0.00,212.00,212.00,2038-10-31,Scoping,Direct Connection,NGET,Energy Storage System,a0l8e0000012eydAAA,PRO-004388,1
Hurst BESS,LUMINOUS ENERGY GROUP LIMITED,North Kent Connection Node C 400kV Substation,,0.00,320.00,320.00,2037-10-31,Scoping,Direct Connection,NGET,Energy Storage System,a0l8e000001HxQoAAK,PRO-004249,
Hutton Battery Storage,OSSPV001 LIMITED,Hutton 400kV Substation,,10.00,0.00,10.00,,Built,Embedded,NGET,Energy Storage System,a0l4L0000005iOxQAI,PRO-001601,
Hylton Bridge - Sunderland,SSE ENTERPRISE LIMITED,Wearside Connection Node B 2 400kV Substation,,0.00,200.00,200.00,2039-10-30,Scoping,Direct Connection,NGET,Demand;Energy Storage System,a0lJ9000000PERzIAO,PRO-005802,
Hywind Wind Farm,HYWIND (SCOTLAND) LIMITED,Peterhead Grange GSP,,30.00,0.00,30.00,,Built,Embedded,SHET,Energy Storage System;Wind Onshore,a0l4L0000005iXRQAY,PRO-000350,
Icewind Blyth,KARI ENERGY LIMITED,Blyth 400kV Substation,,0.00,1000.00,1000.00,2031-10-31,Scoping,Direct Connection,NGET,Wind Offshore,a0l4L0000005iwTQAQ,PRO-001717,1
Icewind Connah's Quay,KARI ENERGY LIMITED,Connah's Quay 400kV Substation,,0.00,1000.00,1000.00,2033-11-01,Scoping,Direct Connection,NGET,Wind Offshore,a0l4L0000005igIQAQ,PRO-001719,1
Icewind Hawthorn Pit,KARI ENERGY LIMITED,Hawthorn Pit 400kV Substation,,0.00,1000.00,1000.00,2031-10-31,Scoping,Direct Connection,NGET,Wind Offshore,a0l4L0000005igHQAQ,PRO-001718,1
Icewind Hinkley Point,KARI ENERGY LIMITED,Woolavington 400kV Substation,,0.00,1000.00,1000.00,2030-10-31,Scoping,Direct Connection,NGET,Energy Storage System,a0l4L0000005igJQAQ,PRO-001720,1
Immingham,VPI IMMINGHAM LLP,Humber Refinery 400kV Substation,,0.00,50.00,1318.00,2027-07-01,Scoping,Direct Connection,NGET,Energy Storage System;Gas Reciprocating,a0l4L0000005im7QAA,PRO-000053,1
Immingham,VPI IMMINGHAM LLP,Humber Refinery 400kV Substation,,1268.00,0.00,1268.00,,Built,Direct Connection,NGET,Energy Storage System;Gas Reciprocating,a0l4L0000005im7QAA,PRO-000053,
Imperial Park BESS,KONA ASSET 4 LIMITED,Imperial Park 400kV Substation,,0.00,225.00,225.00,2037-10-31,Scoping,Direct Connection,NGET,Energy Storage System,a0l8e0000012063AAA,PRO-003615,1
Inch Cape Offshore Wind Farm Platform 1,INCH CAPE OFFSHORE LIMITED,Cockenzie 400/275kV,,0.00,540.00,540.00,2026-02-21,Consents Approved,Direct Connection,SPT,Wind Offshore,a0l4L0000005it3QAA,PRO-000348,2
Inch Cape Offshore Wind Farm Platform 2,INCH CAPE OFFSHORE LIMITED,Cockenzie 275kV substation,,0.00,540.00,540.00,2026-02-21,Consents Approved,Direct Connection,SPT,Wind Offshore,a0l4L0000005it4QAA,PRO-000349,2
Inchbean  Energy Park,BROCKWELL STORAGE & SOLAR LIMITED,Kilmarnock Town 275/33kV Substation,,0.00,60.00,60.00,2027-02-08,Scoping,Embedded,SPT,Energy Storage System,a0l4L0000005iXsQAI,PRO-002453,2
Indaver Rivenhall IWMF,INDAVER RIVENHALL LIMITED,Braintree GSP,,55.00,0.00,55.00,,Built,Embedded,NGET,Waste,a0lJ9000000PWqaIAG,PRO-006457,
Indian Queens,GRIDMOVE LTD,Indian Queens 400kV Substation,,0.00,437.00,437.00,2031-10-31,Scoping,Direct Connection,NGET,Energy Storage System;PV Array (Photo Voltaic/solar),a0l4L0000005ix9QAA,PRO-001676,1
Indian Queens,INDIAN QUEENS POWER LIMITED,Indian Queens 400kV Substation,,140.00,0.00,140.00,,Built,Direct Connection,NGET,OCGT (Open Cycle Gas Turbine),a0l4L0000005iZDQAY,PRO-001372,
Indian Queens,PIVOTED POWER LLP,Indian Queens 400kV Substation,,0.00,47.50,47.50,2024-07-30,Consents Approved,Direct Connection,NGET,Energy Storage System,a0l4L0000005iqfQAA,PRO-000225,
Indian Queens Energy Centre,IQ ENERGY CENTRE LIMITED,Indian Queens 400kV Substation,,0.00,47.50,47.50,2027-05-30,Consents Approved,Direct Connection,NGET,Energy Storage System;PV Array (Photo Voltaic/solar),a0l4L0000005iZCQAY,PRO-001371,
Innerwick BESS,Innerwick Storage Ltd,Braxbess 400/132kV Collector Substation,,0.00,170.00,170.00,2028-07-31,Scoping,Direct Connection,SPT,Energy Storage System,a0l8e0000010wlyAAA,PRO-002828,
INTOG 2,CERULEAN WINDS LIMITED,Near Branxton 400kV Substation,,0.00,1400.00,1400.00,2032-06-30,Scoping,Direct Connection,SPT,Wind Offshore,a0l8e0000012hnbAAA,PRO-004514,
Intwood Farm BESS,Intwood BESS Ltd,North Anglia Connection Node A 132kV Substation,,0.00,240.00,240.00,2033-10-31,Scoping,Embedded,NGET,Energy Storage System,a0l8e000000TPBLAA4,PRO-003180,1
Invergarry (part of the Garry Cascade),SSE GENERATION LIMITED,Invergarry 132kV Substation,,20.00,0.00,20.00,,Built,Direct Connection,SHET,Hydro,a0l4L0000005ip0QAA,PRO-000171,
Inveroykel Wind Farm,RWE RENEWABLES UK SWINDON LIMITED,Inveroykel Wind Farm 132kV,,0.00,191.40,191.40,2031-10-31,Scoping,Direct Connection,SHET,Wind Onshore,a0l8e0000010wmDAAQ,PRO-002831,1
IPC Grid Tremorfa,IPC GRID CONNECTION LIMITED,Imperial Park B 400kV Substation,,0.00,1000.00,1000.00,2036-12-06,Scoping,Direct Connection,NGET,Energy Storage System,a0l8e000000eybgAAA,PRO-003765,1
Iron Acton,HD000ACT LTD,Iron Acton 275kV Substation,1.00,0.00,49.90,49.90,2026-04-13,Consents Approved,Direct Connection,NGET,Energy Storage System,a0l4L0000005inOQAQ,PRO-000455-1,
Iron Acton,HD000ACT LTD,Iron Acton 275kV Substation,2.00,0.00,70.10,120.00,2028-10-31,Consents Approved,Direct Connection,NGET,Energy Storage System,a0l4L0000005inOQAQ,PRO-000455-2,
Iron Acton,IRON ACTON GREEN LIMITED,132kV bay at Iron Acton Substation,1.00,99.40,0.00,99.40,,Built,Direct Connection,NGET,Energy Storage System;PV Array (Photo Voltaic/solar),a0l4L0000005iodQAA,PRO-000491-1,
Iron Acton,IRON ACTON GREEN LIMITED,132kV bay at Iron Acton Substation,2.00,0.00,20.60,120.00,2026-09-30,Under Construction/Commissioning,Direct Connection,NGET,Energy Storage System;PV Array (Photo Voltaic/solar),a0l4L0000005iodQAA,PRO-000491-2,
Ironbridge,IGP SOLAR 16 LIMITED,Ironbridge 400kV Substation,,0.00,600.00,600.00,2031-04-30,Scoping,Direct Connection,NGET,Energy Storage System;PV Array (Photo Voltaic/solar),a0l4L0000005iNVQAY,PRO-001629,
Ironbridge Green Energy Centre,IRONBRIDGE GREEN NG LIMITED,Ironbridge 400kV Substation,,0.00,400.00,400.00,2029-10-30,Awaiting Consents,Direct Connection,NGET,Energy Storage System;PV Array (Photo Voltaic/solar),a0l4L0000005igDQAQ,PRO-001711,1
Isenau Eight,Isenau Energy Storage Resources Eight Limited,Hawthorn Pit 400kV Substation,,0.00,249.00,249.00,2033-10-31,Scoping,Direct Connection,NGET,Energy Storage System,a0l8e000000TP9oAAG,PRO-003164,
Isenau Four,Isenau Energy Storage Resources Four Limited,Corriemoillie 132/33kV Substation,,0.00,200.00,200.00,2033-10-31,Scoping,Direct Connection,SHET,Energy Storage System,a0l8e0000010xhIAAQ,PRO-003086,
Isle of Man Offshore Wind Farm,Mooir Vannin Offshore Wind Farm Limited,IMW01 OFFSHORE 275/66KV OFFSHORE SUBSTATION,,0.00,1320.00,1320.00,2037-10-30,Scoping,Direct Connection,NGET,Wind Offshore,a0l8e000000ex1KAAQ,PRO-003698,1
Iver,Juniper Energy Limited,Iver 275kV Substation,,0.00,49.90,49.90,2027-10-29,Scoping,Direct Connection,NGET,Energy Storage System,a0l4L0000005ieNQAQ,PRO-001141,
J102A Oldbury BESS,RWE Renewables UK Solar and Storage Limited,Severn Connection Node A 132kV Substation,,0.00,99.90,99.90,2037-10-31,Scoping,Direct Connection,NGET,Energy Storage System,a0l8e000000eyu0AAA,PRO-003784,1
J212 High Grove Solar,RWE Renewables UK Solar and Storage Limited,Thetford 400kV Substation,,0.00,720.00,720.00,2031-10-31,Awaiting Consents,Direct Connection,NGET,Energy Storage System;PV Array (Photo Voltaic/solar),a0l4L000002yQWkQAM,PRO-002542,
Jackdaw BESS,Downing Renewable Developments LLP,Leeds North Connection Node B 400kV Substation,,0.00,249.90,249.90,2036-10-31,Scoping,Direct Connection,NGET,Energy Storage System,a0l8e000000ViJqAAK,PRO-004351,
Jamesfield 3,HARMONY ENERGY LIMITED,New Abernethy 132kV,,0.00,50.00,50.00,2037-10-31,Scoping,Direct Connection,SHET,Energy Storage System,a0lJ9000000PNPAIA4,PRO-005991,1
Jamesfield Farm Battery Storage,HARMONY JF LIMITED,Abernethy GSP,,30.00,0.00,30.00,,Built,Embedded,SHET,Energy Storage System,a0l4L0000005iOjQAI,PRO-001237,
Jamesfield Farm Phase 2 Battery Storage,HARMONY JF LIMITED,Abernethy GSP,,19.00,0.00,19.00,,Built,Embedded,SHET,Energy Storage System,a0l4L0000005iOkQAI,PRO-001236,
JBM Solar 12 - Shrewsbury Solar,RWE Renewables UK Solar and Storage Limited,Shrewsbury 400/33kV Substation,,0.00,49.99,49.99,2028-09-30,Scoping,Direct Connection,NGET,Energy Storage System;PV Array (Photo Voltaic/solar),a0l4L0000005iiCQAQ,PRO-001146,
JBM Solar 13 - Melksham,JBM SOLAR PROJECTS 13 LIMITED,Melksham 400kV Substation,,0.00,49.90,49.90,2026-07-17,Scoping,Direct Connection,NGET,Energy Storage System;PV Array (Photo Voltaic/solar),a0l4L0000005iogQAA,PRO-000495,
JBM Solar -Minety,JBM SOLAR PROJECTS 14 LTD,Minety 400kV Substation,,0.00,47.50,47.50,2028-11-30,Scoping,Direct Connection,NGET,Energy Storage System;PV Array (Photo Voltaic/solar),a0l4L0000005inQQAQ,PRO-000432,
Jersey Farm BESS,CSE39 LIMITED,Jersey Farm 400kV Substation,,0.00,400.00,400.00,2032-10-25,Consents Approved,Direct Connection,NGET,Energy Storage System,a0l4L0000005iyRQAQ,PRO-002264,
JG Pears,JG PEARS GRID CONNECTION LIMITED,High Marnham 275kV Substation,,30.00,420.00,450.00,2033-10-31,Built,Direct Connection,NGET,CHP (Combined Heat and Power);Energy Storage System;PV Array (Photo Voltaic/solar);Wind Onshore,a0l4L0000005irEQAQ,PRO-000250,
Jubilee Farm,Starlight Energy SPV 2 Ltd,Jubilee Farm 275kV Substation,,0.00,200.00,200.00,2034-08-30,Scoping,Direct Connection,NGET,Energy Storage System;PV Array (Photo Voltaic/solar),a0l4L000002yQX9QAM,PRO-002545,1
Kaimes Energy Park,HP Trotter t/a Printonan Farm,Kaimes GSP,,0.00,51.00,51.00,2027-04-30,Scoping,Embedded,SPT,Demand;Energy Storage System,a0l4L0000005iT4QAI,PRO-000942,1
Keadby,Keadby Generation Limited,Keadby 400kV Substation,,910.00,0.00,910.00,,Built,Direct Connection,NGET,CCGT (Combined Cycle Gas Turbine),a0l4L0000005iq0QAA,PRO-000199,
Keadby,ONE PLANET DEVELOPMENTS LIMITED,Keadby GSP,,0.00,250.00,250.00,2033-10-31,Scoping,Embedded,NGET,Energy Storage System,a0l8e000000evgGAAQ,PRO-003634,1
Keadby II,Keadby Generation Limited,Keadby 400kV Substation,,893.00,0.00,893.00,,Built,Direct Connection,NGET,CCGT (Combined Cycle Gas Turbine),a0l4L0000005isQQAQ,PRO-000310,
Keadby North Power Station,Keadby Generation Limited,Keadby 400kV Substation,,0.00,892.00,892.00,2031-10-31,Awaiting Consents,Direct Connection,NGET,CCGT (Combined Cycle Gas Turbine),a0l4L0000005iZMQAY,PRO-001980,
Keadby South Power Station,Keadby Generation Limited,Keadby 400kV Substation,,755.00,155.00,910.00,2034-04-30,Built,Direct Connection,NGET,CCGT (Combined Cycle Gas Turbine),a0l4L0000005iYvQAI,PRO-001962,
Kearsley,PIVOTED POWER LLP,Kearsley 275kV Substation,,0.00,49.90,49.90,2028-10-31,Awaiting Consents,Direct Connection,NGET,Demand;Energy Storage System,a0l4L0000005iudQAA,PRO-001064,
Kearsley North Green Energy Centre,Kearsley North Green NG Limited,Kearsley 275kV Substation,,0.00,400.00,400.00,2028-10-31,Scoping,Direct Connection,NGET,Demand;Energy Storage System;PV Array (Photo Voltaic/solar),a0l4L0000005iyfQAA,PRO-001793,
Kedrum Solar Farm,Rosside Energy Limited,Blackhillock 275kV Substation,,0.00,150.00,150.00,2030-05-30,Scoping,Direct Connection,SHET,Energy Storage System;PV Array (Photo Voltaic/solar),a0l8e000000TPc0AAG,PRO-003444,
Keith 132 Greener Grid Park,KEITH STORAGE SOLUTIONS LIMITED,Keith 132kV Substation,1.00,0.00,0.00,0.00,,Built,Direct Connection,SHET,Energy Storage System;Reactive Compensation,a0l4L0000005ifTQAQ,PRO-001129-1,
Keith 132 Greener Grid Park,KEITH STORAGE SOLUTIONS LIMITED,Keith 132kV Substation,2.00,0.00,48.00,48.00,2029-04-01,Consents Approved,Direct Connection,SHET,Energy Storage System;Reactive Compensation,a0l4L0000005ifTQAQ,PRO-001129-2,2
Keith Battery Storage,Field Keith Ltd,Keith 1 132/33kV GSP Substation,,0.00,39.00,39.00,2026-10-31,Scoping,Embedded,SHET,Energy Storage System,a0l4L0000005iU5QAI,PRO-001742,2
Keith BESS Station,IBV COACHFORD ENERGY PARK LTD,Blackhillock substation,,0.00,400.00,400.00,2033-10-31,Scoping,Direct Connection,SHET,Energy Storage System,a0l8e0000011z3KAAQ,PRO-003565,1
Keith Hill Wind Farm,DIAMOND WIND LIMITED,Keith Hill 33kV,,4.50,0.00,4.50,,Built,Direct Connection,SPT,Wind Onshore,a0l4L0000005irFQAQ,PRO-000251,
Keith Solar Farm,KEITH SOLAR PV LIMITED,Keith Solar Farm 275kV Substation,,0.00,150.00,150.00,2028-10-31,Scoping,Direct Connection,SHET,Energy Storage System;PV Array (Photo Voltaic/solar),a0l8e0000010waMAAQ,PRO-002699,1
Keithick 16 Solar & BESS,SIRIUS ECODEV (KEITHICK) LTD,Coupar Angus 132/33kV GSP,,0.00,16.00,16.00,2026-06-30,Consents Approved,Embedded,SHET,Energy Storage System;PV Array (Photo Voltaic/solar),a0l4L0000005iQXQAY,PRO-001890,
Keithick Estate,SIRIUS ECODEV (STIRLING) LTD,Coupar Angus 132/33kV GSP,,0.00,49.99,49.99,2026-12-31,Consents Approved,Embedded,SHET,Energy Storage System;PV Array (Photo Voltaic/solar),a0l4L0000005iU3QAI,PRO-001732,2
KELL440MW BESS,CARE POWER (KELLINGLEY) LIMITED,Kellingley IDNO GSP,,0.00,440.00,440.00,2035-10-30,Scoping,Embedded,NGET,Energy Storage System,a0l8e000000f65PAAQ,PRO-003956,
Kellas Wind Farm,E Power Limited,Kellas Wind Farm 132kV Substation,,0.00,90.00,90.00,2030-10-31,Scoping,Direct Connection,SHET,Wind Onshore,a0l4L0000005iuZQAQ,PRO-002271,1
Kellhead,GREENTECH PROJECTS HOLDING UK LIMITED,Dumfries North 400kV,,0.00,200.00,200.00,2037-10-31,Scoping,Direct Connection,SPT,Energy Storage System;PV Array (Photo Voltaic/solar),a0lJ9000000POaJIAW,PRO-006055,1
Kelloe Mains,TBC 003 LIMITED,Kelloe Mains 400kV Substation,,0.00,400.00,400.00,2029-11-22,Scoping,Direct Connection,SPT,Energy Storage System,a0l4L0000005itTQAQ,PRO-002425,1
Kellwood Road BESS,Geocore (Kellwood) Ltd,Dumfries 132/33kV,,0.00,40.00,40.00,2030-07-30,Consents Approved,Embedded,SPT,Energy Storage System,a0l8e000000exN8AAI,PRO-003710,
Kemsley,GROVEHURST ENERGY LIMITED,Kemsley GSP,,35.80,0.00,35.80,,Built,Embedded,NGET,CHP (Combined Heat and Power),a0l4L0000005iSmQAI,PRO-001328,
Kemsley,PIVOTED POWER LLP,Kemsley 400kV Substation,,49.90,0.00,49.90,,Built,Direct Connection,NGET,Energy Storage System,a0l4L0000005iqkQAA,PRO-000235,
KENLEY HOUSE SOLAR PARK,BOOM DEVELOPMENTS LTD,Creyke Beck GSP,,0.00,150.00,150.00,2039-10-30,Scoping,Embedded,NGET,PV Array (Photo Voltaic/solar),a0lJ9000000PDwDIAW,PRO-005078,
Kennishead,STARLIGHT ENERGY UK LIMITED,Haggs Road GSP,,0.00,40.00,40.00,2031-10-31,Scoping,Embedded,SPT,Energy Storage System,a0l8e0000012eeLAAQ,PRO-004373,
Kennoxhead Wind Farm,PERIGUS ENERGY UK LIMITED,Coalburn 132kV,,0.00,112.00,112.00,2028-04-28,Consents Approved,Direct Connection,SPT,Wind Onshore,a0l4L0000005isgQAA,PRO-000319,
Kennoxhead Wind Farm Extension,KENNOXHEAD WIND FARM LIMITED,Middlemuir Wind Farm Collector Substation,,60.00,0.00,60.00,,Built,Direct Connection,SPT,Wind Onshore,a0l4L0000005inZQAQ,PRO-000482,
Kenwick Solar,ANESCO LIMITED,Shrewsbury 400kV Substation,,0.00,430.85,430.85,2037-10-31,Scoping,Direct Connection,NGET,PV Array (Photo Voltaic/solar),a0lJ9000000PNKlIAO,PRO-005989,1
Kilbraur North Wind Farm,EDF ENERGY RENEWABLES LIMITED,Kilbraur Wind Farm Substation,,0.00,79.20,79.20,2031-10-31,Scoping,Direct Connection,SHET,Wind Onshore,a0l8e000000f6hCAAQ,PRO-003987,1
Kilbraur Wind Farm,KILBRAUR WIND ENERGY LIMITED,Kilbraur Wind Farm Substation,,67.00,0.00,67.00,,Built,Direct Connection,SHET,Wind Onshore,a0l4L0000005iqgQAA,PRO-000226,
Kilgallioch Wind Farm,SCOTTISHPOWER RENEWABLES (UK) LIMITED,Kilgallioch 275kV Substation,,274.00,0.00,274.00,,Built,Direct Connection,SPT,Wind Onshore,a0l4L0000005imcQAA,PRO-000065,
Killeal,ABEI ENERGY LIMITED,Newton Stewart GSP,,0.00,72.60,72.60,2036-10-31,Scoping,Embedded,SPT,Wind Onshore,a0lJ9000000POjPIAW,PRO-006112,
Killean Wind Farm,Renewable Energy Systems Limited,CARRADALE 3 132/33KV GRID SUPPLY POINT SUBSTATION,,0.00,60.00,60.00,2034-10-31,Scoping,Embedded,SHET,Wind Onshore,a0lJ9000000POB6IAO,PRO-006009,1
Killingholme,Uniper UK Limited,Killingholme 400kV Substation,,619.00,0.00,619.00,,Built,Direct Connection,NGET,OCGT (Open Cycle Gas Turbine),a0l4L0000005ioTQAQ,PRO-000148,
Killingholme Energy Park,EXAGEN GROUP LIMITED,South Humber Connection Node A 400kV,,0.00,500.00,500.00,2035-10-31,Scoping,Direct Connection,NGET,Energy Storage System;PV Array (Photo Voltaic/solar),a0lJ9000000bllyIAA,PRO-004935,
Killingholme PV & BESS,O&G Solar (SPV 47) Limited,Raventhorpe 400kV Substation,,0.00,249.90,249.90,2035-10-31,Scoping,Direct Connection,NGET,Energy Storage System;PV Array (Photo Voltaic/solar),a0l8e000000f4xDAAQ,PRO-003893,
Killoch BESS,Renewable Energy Systems Limited,Killoch BESS 132kV Substation,,0.00,150.00,150.00,2030-09-30,Scoping,Direct Connection,SPT,Energy Storage System,a0l8e000001Hq2FAAS,PRO-004171,1
Kilmarnock BESS,Kilmarnock Flexpower Ltd,Boydston 400kV substation,,0.00,350.00,350.00,2026-11-30,Consents Approved,Direct Connection,SPT,Energy Storage System,a0l4L0000005iwSQAQ,PRO-001836,2
Kilmarnock South Battery Storage,Kilmarnock Energy Centre Limited,Kilmarnock South 400kV Substation,,0.00,500.00,500.00,2027-04-30,Scoping,Direct Connection,SPT,Energy Storage System,a0l4L0000005ikQQAQ,PRO-001809,2
Kilmorack (part of the Beauly Cascade),SSE GENERATION LIMITED,Kilmorack GSP,,20.00,0.00,20.00,,Built,Direct Connection,SHET,Hydro,a0l4L0000005ip1QAA,PRO-000172,
Kincardine Battery Storage Facility,KINCARDINE GRID 1 LTD,Fife Grid Services Facility 275kV Substation,,0.00,200.00,200.00,2028-12-15,Scoping,Direct Connection,SPT,Energy Storage System,a0l4L0000005iORQAY,PRO-000856,2
Kincardine Energy Storage Facility,KINCARDINE GRID 1 LTD,Fife Grid Services Facility 275kV Substation,,0.00,200.00,200.00,2028-12-15,Scoping,Direct Connection,SPT,Energy Storage System,a0l4L0000005iP9QAI,PRO-001653,2
Kincardine Offshore Wind Farm,KINCARDINE OFFSHORE WINDFARM LIMITED,Redmoss GSP,,49.60,0.00,49.60,,Built,Embedded,SHET,Wind Offshore,a0l4L0000005iW4QAI,PRO-000277,
Kincorth BESS,KINCORTH ENERGY STORAGE SYSTEM LTD,Redmoss GSP,,0.00,19.80,19.80,2031-10-31,Scoping,Embedded,SHET,Energy Storage System,a0l8e000001Hxc5AAC,PRO-004281,
Kincraig Energy Centre,KINCRAIG ENERGY CENTRE LIMITED,Dyce 132/33kV GSP,,0.00,20.62,20.62,2025-04-30,Under Construction/Commissioning,Embedded,SHET,Energy Storage System;PV Array (Photo Voltaic/solar),a0l4L0000005iUaQAI,PRO-001810,2
Kinder PV & BESS Station,IBV DANETHORPE LANE SOLAR LIMITED,Trent Valley South Connection Node C 400kV Substation,,0.00,240.00,240.00,2039-10-30,Scoping,Direct Connection,NGET,Energy Storage System;PV Array (Photo Voltaic/solar),a0lJ9000000POfCIAW,PRO-006063,
Kingfisher Farm,REWE 6 LIMITED,Monk Fryston 275kV Substation,,0.00,200.00,200.00,2036-06-02,Scoping,Direct Connection,NGET,Energy Storage System,a0l4L000002yQZyQAM,PRO-002555,1
Kings Lynn A,RWE GENERATION UK PLC,Walpole 132kV Substation,,395.00,0.00,395.00,,Built,Embedded,NGET,CCGT (Combined Cycle Gas Turbine),a0l4L0000005iVRQAY,PRO-000138,
Kingsfold,GREENTECH PROJECTS HOLDING UK LIMITED,Bolney GSP,,0.00,49.90,49.90,2037-10-30,Scoping,Embedded,NGET,Energy Storage System;PV Array (Photo Voltaic/solar),a0l8e0000012kcTAAQ,PRO-004710,
Kingsnorth,ENSO GREEN HOLDINGS G LIMITED,Kingsnorth 132kV Substation,,0.00,120.00,120.00,2028-10-31,Scoping,Direct Connection,NGET,Energy Storage System;PV Array (Photo Voltaic/solar),a0l4L0000005iZ5QAI,PRO-001360,1
Kingsnorth BESS NP,NORIKER POWER LTD,Kingsnorth 400kV Substation,,0.00,500.00,500.00,2032-10-29,Scoping,Direct Connection,NGET,Energy Storage System,a0l8e0000010wXVAAY,PRO-002665,1
Kingsnorth Power Station,QE KINGSNORTH SPV LIMITED,KINGSNORTH B 400KV SUBSTATION,,0.00,400.00,400.00,2032-10-29,Scoping,Direct Connection,NGET,Energy Storage System;PV Array (Photo Voltaic/solar),a0l8e0000012kfbAAA,PRO-004718,1
KINKHALL266MW BESS BEGA (Kinkell),CARE POWER (KINKHALL) LIMITED,Kinkell IDNO GSP,,0.00,266.00,266.00,2031-04-30,Scoping,Embedded,SPT,Energy Storage System,a0l8e000001HxasAAC,PRO-004268,
Kinmuck PV and BESS Station,KINMUCK ENERGY STORAGE LIMITED,Kinmuck BESS 132kV Substation,,0.00,105.00,105.00,2027-05-31,Awaiting Consents,Direct Connection,SHET,Energy Storage System;PV Array (Photo Voltaic/solar),a0l4L0000005ievQAA,PRO-001700,
Kinoulton Solar & BESS,GREENTECH INVEST UK (16) LIMITED,Trent Valley North Connection Node B 400kV Substation,,0.00,500.00,500.00,2034-10-30,Scoping,Direct Connection,NGET,Energy Storage System;PV Array (Photo Voltaic/solar),a0l8e0000012hwCAAQ,PRO-004560,1
Kirk Hill,KIRK HILL WIND FARM LIMITED,Maybole GSP,,20.00,0.00,20.00,,Built,Embedded,SPT,Wind Onshore,a0l4L0000005iWMQAY,PRO-000320,
Kirkan Wind Farm,KIRKAN WIND FARM LIMITED,Corriemoillie 2 400/132kV Substation,,0.00,81.60,81.60,2033-10-31,Scoping,Direct Connection,SHET,Energy Storage System;Wind Onshore,a0l8e0000012g8WAAQ,PRO-004401,
Kirkby,KIRKBY BATTERY STORAGE LTD,Kirkby 275kV Substation,1.00,0.00,49.90,49.90,2027-10-31,Consents Approved,Direct Connection,NGET,Energy Storage System,a0l4L0000005iceQAA,PRO-001084-1,
Kirkby,KIRKBY BATTERY STORAGE LTD,Kirkby 275kV Substation,2.00,0.00,7.10,57.00,2037-10-30,Scoping,Direct Connection,NGET,Energy Storage System,a0l4L0000005iceQAA,PRO-001084-2,
Kirkby (Tertiary),PIVOTED POWER LLP,Kirkby 275/33kV Substation,,0.00,57.00,57.00,2027-08-30,Scoping,Direct Connection,NGET,Energy Storage System;PV Array (Photo Voltaic/solar),a0l4L0000005icfQAA,PRO-001083,1
Kirkby Green Energy Centre,KIRKBY GREEN NG LIMITED,Kirkby 275kV Substation,,0.00,400.00,400.00,2028-10-30,Scoping,Direct Connection,NGET,Demand;Energy Storage System;PV Array (Photo Voltaic/solar),a0l4L0000005iPZQAY,PRO-001869,1
Kirkcaldy BESS,Apatura Battery Ltd,Kirkcaldy BESS 132kV Substation,,0.00,100.00,100.00,2032-10-31,Scoping,Direct Connection,SPT,Energy Storage System,a0l8e000000exlbAAA,PRO-003743,1
Kirklands Farm BESS,Apatura Battery Ltd,Westfield 132/33kV,,0.00,200.00,200.00,2031-10-31,Scoping,Direct Connection,SPT,Energy Storage System,a0l8e0000011y2mAAA,PRO-003499,1
Kirkton Wind Farm,Kirkton Wind Farm Limited,Connagill 275kV Substation,,0.00,60.00,60.00,2028-10-31,Scoping,Direct Connection,SHET,Wind Onshore,a0l4L0000005ikRQAQ,PRO-001811,
Knarie,Invenergy Development UK Ltd,Narie 400/132kV Substation,,0.00,297.00,297.00,2036-10-31,Awaiting Consents,Direct Connection,SPT,Energy Storage System;Wind Onshore,a0l8e000001Hny0AAC,PRO-004048,1
Knockcronal Wind Farm,Knockcronal Wind Farm Limited,Knockcronal Wind Farm 33kV Substation,,0.00,59.40,59.40,2029-10-30,Awaiting Consents,Direct Connection,SPT,Wind Onshore,a0l4L0000005ikKQAQ,PRO-001801,
Knockkippen Energy Park,KNOCKKIPPEN WIND ENERGY LIMITED,Ayr GSP,,0.00,60.00,60.00,2028-08-30,Scoping,Embedded,SPT,Demand;Energy Storage System;PV Array (Photo Voltaic/solar);Wind Onshore,a0l4L0000005iXoQAI,PRO-001826,
Knocknagael BESS,FIELD KNOCKNAGAEL LTD,Knocknagael 132kV Substation,,0.00,200.00,200.00,2030-10-31,Awaiting Consents,Direct Connection,SHET,Energy Storage System,a0l8e000000exNNAAY,PRO-003712,1
Knockodhar Wind Farm,REG KNOCKODHAR LIMITED,Knockodhar Wind Farm 132kV Substation,,0.00,120.00,120.00,2028-04-30,Scoping,Direct Connection,SPT,Wind Onshore,a0l4L0000005inYQAQ,PRO-000483,
Knockton Wind Farm,PERIGUS ENERGY UK LIMITED,Alyth 400kV Substation,,0.00,130.20,130.20,2033-10-31,Scoping,Direct Connection,SHET,Wind Onshore,a0l8e0000011yY5AAI,PRO-003524,
KX Alpha 1 Iron Acton,KXP ALPHA I LIMITED,Severn Connection Node A 400kv Substation,,0.00,99.00,99.00,2037-10-31,Scoping,Direct Connection,NGET,Energy Storage System,a0l8e000000ew2iAAA,PRO-003647,
KX Alpha 2 Iron Acton,KXP ALPHA II LIMITED,Severn Connection Node A 400kv Substation,,0.00,99.00,99.00,2038-10-31,Scoping,Direct Connection,NGET,Energy Storage System,a0l8e000000ew2nAAA,PRO-003648,1
KX Alpha 3 Iron Acton,KXP ALPHA III LIMITED,Severn Connection Node A 400kv Substation,,0.00,99.90,99.90,2037-10-31,Scoping,Direct Connection,NGET,Energy Storage System,a0l8e000000ew2sAAA,PRO-003649,1
KXP Alpha 1 Little Horsted,KXP ALPHA I LIMITED,Sussex and Romney Connection Node A 400kV Substation,,0.00,99.90,99.90,2037-10-31,Scoping,Direct Connection,NGET,Energy Storage System,a0l8e000000eykzAAA,PRO-003776,1
KXP Alpha 2 Little Horsted,KXP ALPHA II LIMITED,Sussex and Romney Connection Node A 400kV Substation,,0.00,99.90,99.90,2037-10-31,Scoping,Direct Connection,NGET,Energy Storage System,a0l8e000000eyl4AAA,PRO-003777,
KXP ALPHA 3 AYR BESS,KXP ALPHA III LIMITED,KXP Alpha 3 Ayr BESS 275kV Substation,,0.00,99.00,99.00,2037-10-30,Scoping,Direct Connection,SPT,Energy Storage System,a0l8e000000ewYQAAY,PRO-003672,1
KXP Alpha 3 Little Horsted,KXP ALPHA III LIMITED,Sussex and Romney Connection Node A 400kV Substation,,0.00,99.90,99.90,2037-10-31,Scoping,Direct Connection,NGET,Energy Storage System,a0l8e000000eyl5AAA,PRO-003778,1
KXP Alpha One,KXP ALPHA I LIMITED,Fawley 132kV Substation,,0.00,99.99,99.99,2036-10-24,Scoping,Direct Connection,NGET,Energy Storage System,a0l4L0000005iyWQAQ,PRO-002348,1
KXP Alpha Three,KXP ALPHA III LIMITED,Fawley 132kV Substation,,0.00,99.99,99.99,2036-10-24,Scoping,Direct Connection,NGET,Energy Storage System,a0l4L0000005iyDQAQ,PRO-002351,1
KXP Alpha Two,KXP ALPHA II LIMITED,Fawley 132kV Substation,,0.00,99.99,99.99,2036-10-24,Scoping,Direct Connection,NGET,Energy Storage System,a0l4L0000005ikuQAA,PRO-002349,1
KXP Immingham,KXP IMMINGHAM LIMITED,Grimsby West 400/132 GSP,,80.00,0.00,80.00,,Built,Embedded,NGET,Energy Storage System,a0lJ9000000PEAsIAO,PRO-005115,
Kyllachy Wind Farm,WIND ESTATE (UK) LIMITED,Tomatin 132kV Substation Extension,,0.00,91.00,91.00,2037-10-31,Scoping,Direct Connection,SHET,Energy Storage System;Wind Onshore,a0lJ9000000PMIYIA4,PRO-005941,1
Kynachan,Geocore Ltd,Kynachan BESS 132kV Substation,,0.00,300.00,300.00,2035-10-31,Scoping,Direct Connection,SHET,Energy Storage System,a0l8e0000011y7JAAQ,PRO-003502,1
Kype Muir,Onpath Energy Limited (KYPE MUIR WIND FARM) LIMITED,Coalburn 400/132kV,,88.40,0.00,88.40,,Built,Direct Connection,SPT,Wind Onshore,a0l4L0000005isVQAQ,PRO-000316,
L48 BESS Burnside,S4 UK DEV LTD,New Deer 2 132kV Substation,,0.00,200.00,200.00,2033-10-31,Scoping,Direct Connection,SHET,Energy Storage System,a0l8e0000010xRpAAI,PRO-003063,1
L48 BESS Dams of Craigie,S4 UK DEV LTD,L48 BESS Dams of Craigie,,0.00,220.00,220.00,2033-10-31,Scoping,Direct Connection,SHET,Energy Storage System;PV Array (Photo Voltaic/solar),a0l8e000000f4ZKAAY,PRO-003853,1
L48 BESS Glen App,S4 UK DEV LTD,L48 BESS GLEN APP 275/132KV SUBSTATION,,0.00,200.00,200.00,2028-10-31,Scoping,Direct Connection,SPT,Energy Storage System,a0l8e0000010xJ5AAI,PRO-003058,1
Lacey's Farm BESS,Bluestone Energy Ltd,South Anglia Connection Node C 400kV Substation,,0.00,924.00,924.00,2033-10-31,Scoping,Direct Connection,NGET,Energy Storage System,a0l8e000001HomMAAS,PRO-004095,1
Lackenby PV & BESS Station,IB VOGT UK LTD,Teeside Connection Node A 400kV Substation,,0.00,240.00,240.00,2033-10-31,Scoping,Direct Connection,NGET,Energy Storage System;PV Array (Photo Voltaic/solar),a0l8e0000011yrKAAQ,PRO-003551,1
Ladyfield Renewable Energy Park,Ladyfield Renewable Energy Park Ltd,Creag Dhubh 275/132/33kV,,0.00,68.00,68.00,2029-10-31,Scoping,Direct Connection,SHET,Energy Storage System,a0l4L0000005ia0QAA,PRO-002002,
Lagrae Battery Storage,LAGRAE BATTERY STORAGE LIMITED,Glenmuckloch 132kV Substation,,0.00,400.00,400.00,2036-10-31,Scoping,Direct Connection,SPT,Energy Storage System,a0l8e000001HrhiAAC,PRO-004214,1
Lairdmannoch Energy Park,LAIRDMANNOCH ENERGY PARK LIMITED,Lairdmannoch Energy Park 132kV substation,,0.00,100.00,100.00,2030-06-28,Scoping,Direct Connection,SPT,Energy Storage System;PV Array (Photo Voltaic/solar);Wind Onshore,a0l8e000000eytlAAA,PRO-003781,
Lairg II Wind Farm,LAIRG II LLP,Lairg GSP,,0.00,50.00,50.00,2027-07-16,Consents Approved,Direct Connection,SHET,Wind Onshore,a0l4L0000005ibkQAA,PRO-001434,2
Lakeside Energy Drax,LAKESIDE ENERGY STORAGE LIMITED,Drax 132kV Substation,,99.90,0.00,99.90,,Built,Direct Connection,NGET,Energy Storage System,a0l4L0000005ifzQAA,PRO-001522,
Laleham,Juniper Energy Limited,Laleham 132kV Substation,1.00,0.00,49.90,49.90,2028-05-30,Scoping,Direct Connection,NGET,Demand;Energy Storage System,a0l4L0000005iueQAA,PRO-001063-1,1
Laleham,Juniper Energy Limited,Laleham 132kV Substation,2.00,0.00,40.10,90.00,2030-10-31,Scoping,Direct Connection,NGET,Demand;Energy Storage System,a0l4L0000005iueQAA,PRO-001063-2,1
Laleham BESS,Acorn Power Limited,Slough East 132kV Substation,,0.00,200.00,200.00,2038-04-30,Scoping,Embedded,NGET,Energy Storage System,a0l8e000001HxbbAAC,PRO-004277,1
Lambeeth 240MW,ECODEV GROUP LTD,Pembroke 400kV Substation,,0.00,240.00,240.00,2037-12-31,Scoping,Direct Connection,NGET,Energy Storage System,a0l8e0000012eEBAAY,PRO-004361,
Lamford Hill,BENBRACK WIND FARM LIMITED,Benbrack Wind Farm 132/33kV Substation,1.00,0.00,20.00,20.00,2029-08-31,Scoping,Direct Connection,SPT,Energy Storage System;PV Array (Photo Voltaic/solar);Wind Onshore,a0l4L0000005izCQAQ,PRO-001481-1,1
Lamford Hill,BENBRACK WIND FARM LIMITED,Benbrack Wind Farm 132/33kV Substation,2.00,0.00,22.00,42.00,2036-10-31,Scoping,Direct Connection,SPT,Energy Storage System;PV Array (Photo Voltaic/solar);Wind Onshore,a0l4L0000005izCQAQ,PRO-001481-2,1
Lan Fawr Energy Park,LAN FAWR ENERGY PARK LIMITED,Pont Abraham GSP,,0.00,246.40,246.40,2028-09-11,Scoping,Embedded,NGET,Wind Onshore,a0l4L0000005iP4QAI,PRO-001609,
Lanarkshire BESS,CARLTON POWER LIMITED,Strathaven 400/275kV,,0.00,500.00,500.00,2027-04-30,Scoping,Direct Connection,SPT,Energy Storage System,a0l4L0000005ivkQAA,PRO-002183,
Land at Leitholm,NOVENTUM POWER SOLAR 6 LIMITED,LAND AT LEITHOLM 132KV SUBSTATION,,0.00,49.90,49.90,2031-07-31,Scoping,Direct Connection,SPT,Energy Storage System;PV Array (Photo Voltaic/solar),a0l8e000001HxadAAC,PRO-004265,1
Landulph,PIVOTED POWER LLP,Landulph 400kV Substation,1.00,0.00,49.90,49.90,2026-05-18,Consents Approved,Direct Connection,NGET,Energy Storage System;PV Array (Photo Voltaic/solar),a0l4L0000005ifRQAQ,PRO-001131-1,
Landulph,PIVOTED POWER LLP,Landulph 400kV Substation,2.00,0.00,7.10,57.00,2028-10-31,Scoping,Direct Connection,NGET,Energy Storage System;PV Array (Photo Voltaic/solar),a0l4L0000005ifRQAQ,PRO-001131-2,
Lanehurst Farm BESS,ELGIN ENERGY ES CO LIMITED,Sussex and Romney Connection Node B 132kV Substation,,0.00,225.00,225.00,2037-10-31,Scoping,Embedded,NGET,Energy Storage System,a0lJ9000000PDx1IAG,PRO-005083,1
Langage,EP LANGAGE LIMITED,Langage 400kV Substation,,905.00,0.00,905.00,,Built,Direct Connection,NGET,CCGT (Combined Cycle Gas Turbine),a0l4L0000005itvQAA,PRO-000200,
Langage 400,ENSO GREEN HOLDINGS X LIMITED,Langage 400kV Substation,1.00,0.00,200.00,200.00,2036-12-19,Scoping,Direct Connection,NGET,Energy Storage System;PV Array (Photo Voltaic/solar),a0l4L0000005itlQAA,PRO-002192-1,1
Langage 400,ENSO GREEN HOLDINGS X LIMITED,Langage 400kV Substation,2.00,0.00,100.00,300.00,2037-10-31,Scoping,Direct Connection,NGET,Energy Storage System;PV Array (Photo Voltaic/solar),a0l4L0000005itlQAA,PRO-002192-2,1
Langage 400,ENSO GREEN HOLDINGS X LIMITED,Langage 400kV Substation,3.00,0.00,100.00,400.00,2038-10-31,Scoping,Direct Connection,NGET,Energy Storage System;PV Array (Photo Voltaic/solar),a0l4L0000005itlQAA,PRO-002192-3,1
Langage Battery Storage,LANGAGE ENERGY PARK LIMITED,Langage 400kV Substation,,0.00,249.00,249.00,2031-10-30,Scoping,Direct Connection,NGET,Energy Storage System,a0l4L0000005iaCQAQ,PRO-002016,
Langage Farm,Langage 10 Renewables Limited,Langage 400kV Substation,,0.00,1000.00,1000.00,2037-12-19,Scoping,Direct Connection,NGET,Energy Storage System;PV Array (Photo Voltaic/solar),a0l4L000002yQaSQAU,PRO-002561,1
Langbank Solar and BESS,UK RENFREWSHIRE 1 LTD,Devol Moor 132kV Substation,,0.00,49.90,49.90,2027-10-29,Scoping,Direct Connection,SPT,Energy Storage System;PV Array (Photo Voltaic/solar),a0l8e0000011zGEAAY,PRO-003569,
Lapwing Fen II,ECLIPSE POWER NETWORKS LIMITED,Lapwing Fen II (Walpole) IDNO Substation,,0.00,249.60,249.60,2029-10-30,Scoping,Direct Connection,NGET,Energy Storage System,a0l4L0000005iZZQAY,PRO-001995,
Larks Green Farm BESS,VOLTALIA UK LTD,Iron Acton 132kV Substation,,0.00,100.00,100.00,2037-10-31,Scoping,Direct Connection,NGET,Energy Storage System,a0l8e000000f4Z0AAI,PRO-003849,1
Lawfield and Branxton Energy Park,Cairn Duhie Energy Limited,Lawfield and Branxton Energy Park 400kV Substation,,0.00,400.00,400.00,2028-06-30,Scoping,Direct Connection,SPT,Energy Storage System,a0l4L0000005iu5QAA,PRO-002229,
Leadenham High Impact Green Energy Hub,TELIS ENERGY UK LIMITED,Trent Valley South Connection Node A 400kV,,0.00,1000.00,1000.00,2034-10-31,Scoping,Direct Connection,NGET,Energy Storage System;Nuclear;PV Array (Photo Voltaic/solar);Wind Onshore,a0l8e000000f40kAAA,PRO-003815,1
Learielaw Energy Storage,Learielaw Energy Storage Limited,Learlielaw Energy Storage 132kV Substation,,0.00,100.00,100.00,2028-10-31,Scoping,Direct Connection,SPT,Energy Storage System,a0l4L0000005jA7QAI,PRO-002531,
Learney BESS,IGP SOLAR 22 LIMITED,LEARNEY BESS 132KV,,0.00,50.00,50.00,2032-10-01,Scoping,Direct Connection,SHET,Energy Storage System,a0l8e000000TPI2AAO,PRO-003241,1
Lebanon Farm 2 BESS,CEDARTECH ENERGY LTD,Warley 275kV Substation,,0.00,275.00,275.00,2030-10-31,Scoping,Direct Connection,NGET,Energy Storage System,a0l8e000000f5djAAA,PRO-003939,
Lees Hill Renewable Energy Park,FRED OLSEN RENEWABLES LIMITED,Kelloe Mains 400kV Substation,,0.00,54.00,54.00,2033-04-15,Scoping,Direct Connection,SPT,Energy Storage System;PV Array (Photo Voltaic/solar);Wind Onshore,a0lJ9000000PMekIAG,PRO-005949,
Legacy 400,ENSO GREEN HOLDINGS LIMITED,Legacy 400kV Substation,,0.00,400.00,400.00,2037-10-30,Scoping,Direct Connection,NGET,Energy Storage System;PV Array (Photo Voltaic/solar);Wind Onshore,a0l4L0000005iznQAA,PRO-002193,1
Legacy Green Energy Centre,LEGACY GREEN ENERGY LIMITED,Legacy 400kV Substation,1.00,0.00,400.00,400.00,2027-10-30,Awaiting Consents,Direct Connection,NGET,Energy Storage System,a0l4L0000005idLQAQ,PRO-001662-1,1
Legacy Green Energy Centre,LEGACY GREEN ENERGY LIMITED,Legacy 400kV Substation,2.00,0.00,800.00,1200.00,2037-10-28,Awaiting Consents,Direct Connection,NGET,Energy Storage System,a0l4L0000005idLQAQ,PRO-001662-2,
Legacy Tertiary Connection,HD639LEG LIMITED,Legacy 400kV Substation,,0.00,57.00,57.00,2024-08-31,Consents Approved,Direct Connection,NGET,Energy Storage System,a0l4L0000005izMQAQ,PRO-001171,
Leighton Buzzard,Leighton Buzzard 10 Renewables Limited,West Anglia Connection Node A 400kV Substation,,0.00,1000.00,1000.00,2034-10-31,Scoping,Direct Connection,NGET,Demand;PV Array (Photo Voltaic/solar),a0l8e000000TPR0AAO,PRO-003411,1
Leithenwater Wind Farm,LEITHENWATER WIND ENERGY HUB LIMITED,Galashiels 132/33kV,,0.00,72.60,72.60,2030-04-02,Scoping,Embedded,SPT,Energy Storage System;Wind Onshore,a0l4L0000005iRWQAY,PRO-001914,
Leslie 200MW BESS,Apatura Battery Ltd,Leslie 200MW BESS 275kV Substation,,0.00,200.00,200.00,2032-05-31,Scoping,Direct Connection,SPT,Energy Storage System,a0l8e000001201MAAQ,PRO-003609,1
Lessnessock Energy Park,RENEWCO POWER LIMITED,LESSNESSOCK ENERGY PARK 132KV SUBSTATION,,0.00,114.00,114.00,2037-10-30,Scoping,Direct Connection,SPT,Energy Storage System,a0lJ9000000PDrNIAW,PRO-005033,1
Letch Beck Energy Park,Cairn Duhie Energy Limited,Norton East 400kV Substation,,0.00,600.00,600.00,2033-10-31,Scoping,Direct Connection,NGET,Demand;Energy Storage System;PV Array (Photo Voltaic/solar),a0l4L000002yQZUQA2,PRO-002550,1
Lethans Wind Farm,Lethans Wind Farm Limited,Lethans Collector Substation,,0.00,132.00,132.00,2029-10-31,Consents Approved,Direct Connection,SPT,Wind Onshore,a0l4L0000005iZ9QAI,PRO-001367,2
Lethans Wind Farm Extension,LETHANS EAST WIND FARM LIMITED,Lethans Collector 132kV Substation,,0.00,85.00,85.00,2029-10-31,Scoping,Direct Connection,SPT,Wind Onshore,a0l8e0000011ywSAAQ,PRO-003553,2
Lethen Wind Farm,FRED OLSEN RENEWABLES LIMITED,Lethen Wind Farm 132/33kV Substation,,0.00,114.00,114.00,2033-12-31,Scoping,Direct Connection,SHET,Wind Onshore,a0l4L0000005ivMQAQ,PRO-002307,1
Leuchland Energy Centre A,LEUCHLAND ENERGY CENTRE LIMITED,Leuchland Farm IDNO,,0.00,57.00,57.00,2033-10-31,Scoping,Embedded,SHET,Energy Storage System;PV Array (Photo Voltaic/solar),a0lJ9000000PEOWIA4,PRO-005765,
Leuchland Energy Centre B,LEUCHLAND ENERGY CENTRE LIMITED,Leuchland Farm IDNO,,0.00,57.00,57.00,2033-10-31,Scoping,Embedded,SHET,Energy Storage System;PV Array (Photo Voltaic/solar),a0lJ9000000PEOgIAO,PRO-005767,
LGB300,LG-B-300,LGB300 400KV Substation,,0.00,600.00,600.00,2031-07-31,Scoping,Direct Connection,SHET,Energy Storage System,a0l8e000000f52SAAQ,PRO-003907,
Lightsource Auchans,Lightsource Renewable UK Development Limited,Linwood 400kV Substation,,0.00,400.00,400.00,2033-10-28,Scoping,Direct Connection,SPT,Energy Storage System,a0l8e000000f6fpAAA,PRO-003985,1
Lightsource Bagots Farm,Lightsource Renewable UK Development Limited,Derbyshire Connection Node E 400kV Substation,,0.00,240.00,240.00,2037-10-30,Scoping,Direct Connection,NGET,Energy Storage System;Wind Onshore,a0lJ9000000blMwIAI,PRO-004829,1
Lightsource Berthlwyd,Lightsource Renewable UK Development Limited,MID WALES CONNECTION NODE A 400KV SUBSTATION,,0.00,240.00,240.00,2037-10-31,Scoping,Direct Connection,NGET,Energy Storage System;PV Array (Photo Voltaic/solar);Wind Onshore,a0lJ9000000blP7IAI,PRO-004858,1
Lightsource Bodelwyddan,Lightsource Renewable UK Development Limited,Cheshire Connection Node B 400kV Substation,,0.00,300.00,300.00,2037-10-30,Scoping,Direct Connection,NGET,Energy Storage System,a0l8e000000f4rrAAA,PRO-003877,1
Lightsource Bramford PV & BESS,Lightsource Renewable UK Development Limited,South Anglia Connection Node A 400kV Substation,,0.00,240.00,240.00,2034-10-30,Scoping,Direct Connection,NGET,Energy Storage System;PV Array (Photo Voltaic/solar),a0l8e000000f42RAAQ,PRO-003835,1
Lightsource Braybrooke,Lightsource Renewable UK Development Limited,West Anglia Connection Node F 400kV Substation,,0.00,240.00,240.00,2034-10-31,Scoping,Direct Connection,NGET,Energy Storage System;PV Array (Photo Voltaic/solar),a0l8e000000f6pcAAA,PRO-003989,1
Lightsource Enderby PV+BESS,Lightsource Renewable UK Development Limited,Derbyshire Connection Node B 400kV Substation,,0.00,240.00,240.00,2037-10-31,Scoping,Direct Connection,NGET,Energy Storage System;PV Array (Photo Voltaic/solar),a0l8e000000f4dhAAA,PRO-003854,
Lightsource Ferryside PV,Lightsource Renewable UK Development Limited,South Wales West Connection Node C 400kV,,0.00,240.00,240.00,2037-10-30,Scoping,Direct Connection,NGET,Energy Storage System;PV Array (Photo Voltaic/solar),a0l8e000000eyX9AAI,PRO-003761,1
Lightsource Folly Farm,Lightsource Renewable UK Development Limited,Severn Connection Node A 400kv Substation,,0.00,240.00,240.00,2037-10-31,Scoping,Direct Connection,NGET,Energy Storage System;Wind Onshore,a0lJ9000000blMXIAY,PRO-004825,1
Lightsource Grendon PV+BESS,Lightsource Renewable UK Development Limited,West Anglia Connection Node C 400kV Substation,,0.00,240.00,240.00,2034-10-31,Scoping,Direct Connection,NGET,Energy Storage System;PV Array (Photo Voltaic/solar),a0l8e000000exlWAAQ,PRO-003742,
Lightsource Hawthorne Pit,Lightsource Renewable UK Development Limited,Wearside Connection Node B 400kV Substation,,0.00,240.00,240.00,2035-10-30,Scoping,Direct Connection,NGET,Energy Storage System;PV Array (Photo Voltaic/solar),a0l8e000000f4PDAAY,PRO-003844,1
Lightsource Jubilee Farm,Lightsource Renewable UK Development Limited,Jubilee Farm 275kV Substation,,0.00,240.00,240.00,2034-10-30,Scoping,Direct Connection,NGET,Energy Storage System;PV Array (Photo Voltaic/solar);Wind Onshore,a0lJ9000000blLeIAI,PRO-004815,1
Lightsource Lower Frankton,Lightsource Renewable UK Development Limited,Cheshire Connection Node A 400kV Substation,,0.00,240.00,240.00,2037-10-30,Scoping,Direct Connection,NGET,Energy Storage System;PV Array (Photo Voltaic/solar),a0l8e000000f4e1AAA,PRO-003859,1
Lightsource Marston Vale 240MW PV+BESS,Lightsource Renewable UK Development Limited,Marston Vale 400kV Substation,,0.00,240.00,240.00,2034-10-31,Scoping,Direct Connection,NGET,Energy Storage System;PV Array (Photo Voltaic/solar),a0l8e000000f6OSAAY,PRO-003981,1
Lightsource Middleton,Lightsource Renewable UK Development Limited,Middleton 400KV Substation,,0.00,240.00,240.00,2037-10-30,Scoping,Direct Connection,NGET,Energy Storage System;PV Array (Photo Voltaic/solar);Wind Onshore,a0lJ9000000blLtIAI,PRO-004817,
Lightsource Mon Solar 2,LIGHTSOURCE SPV 204 LIMITED,Wylfa South 400kV Substation,,0.00,120.00,120.00,2037-11-30,Scoping,Direct Connection,NGET,Energy Storage System;PV Array (Photo Voltaic/solar),a0l4L000002yQb6QAE,PRO-002563,1
Lightsource Mount Annan BESS,Lightsource Renewable UK Development Limited,Chapelcross 132/33kV,,0.00,150.00,150.00,2031-10-31,Scoping,Direct Connection,SPT,Energy Storage System,a0l8e0000010x0KAAQ,PRO-003034,
Lightsource New Eggborough,Lightsource Renewable UK Development Limited,Leeds North Connection Node B 400kV Substation,,0.00,240.00,240.00,2035-10-30,Scoping,Direct Connection,NGET,Energy Storage System;Wind Onshore,a0lJ9000000blMDIAY,PRO-004821,1
Lightsource Newchurch PV/BESS,Lightsource Renewable UK Development Limited,East Kent connection node A 400kV Substation,,0.00,240.00,240.00,2037-10-31,Scoping,Direct Connection,NGET,Energy Storage System;PV Array (Photo Voltaic/solar),a0l8e000000exRuAAI,PRO-003717,
Lightsource Norton East PV,Lightsource Renewable UK Development Limited,Norton East 400kV Substation,,0.00,240.00,240.00,2035-10-30,Scoping,Direct Connection,NGET,Energy Storage System;PV Array (Photo Voltaic/solar),a0l8e000000exlRAAQ,PRO-003741,1
Lightsource Offerton,Lightsource Renewable UK Development Limited,Wearside Connection Node B 2 400kV Substation,,0.00,240.00,240.00,2035-10-30,Scoping,Direct Connection,NGET,Energy Storage System;PV Array (Photo Voltaic/solar),a0lJ9000000blL5IAI,PRO-004808,1
Lightsource Overton,Lightsource Renewable UK Development Limited,North Humber Connection Node E 400kV Substation,,0.00,240.00,240.00,2035-10-30,Scoping,Direct Connection,NGET,Energy Storage System;PV Array (Photo Voltaic/solar),a0l8e000000f69hAAA,PRO-003958,1
Lightsource Patford Bridge,Lightsource Renewable UK Development Limited,Derbyshire Connection Node I 400kV Substation,,0.00,240.00,240.00,2037-10-30,Scoping,Direct Connection,NGET,Energy Storage System;PV Array (Photo Voltaic/solar),a0lJ9000000blL0IAI,PRO-004807,1
Lightsource Pyworthy,Lightsource Renewable UK Development Limited,West Country Connection Node A 400kV Substation,,0.00,300.00,300.00,2037-10-30,Scoping,Direct Connection,NGET,Energy Storage System,a0l8e000001HodQAAS,PRO-004089,1
Lightsource Rhigos BESS,Lightsource Renewable UK Development Limited,South Wales West Connection Node A 400kV Substation,,0.00,300.00,300.00,2037-10-31,Scoping,Direct Connection,NGET,Energy Storage System,a0l8e000000exSdAAI,PRO-003726,
Lightsource Shipley PV,Lightsource Renewable UK Development Limited,Sussex and Romney Connection Node B 400kV Substation,,0.00,240.00,240.00,2037-10-30,Scoping,Direct Connection,NGET,Energy Storage System;PV Array (Photo Voltaic/solar),a0l8e000000exIeAAI,PRO-003707,1
Lightsource Threepwood,Lightsource Renewable UK Development Limited,Gala North 400/132kV Substation,,0.00,150.00,150.00,2030-10-31,Scoping,Direct Connection,SPT,Energy Storage System,a0l8e000001Hq20AAC,PRO-004168,1
Lightsource Willington,Lightsource Renewable UK Development Limited,Derbyshire Connection Node D 400kV Substation,,0.00,240.00,240.00,2037-10-30,Scoping,Direct Connection,NGET,Energy Storage System;Wind Onshore,a0lJ9000000blMSIAY,PRO-004824,1
Lightsource Yaxley PV,Lightsource Renewable UK Development Limited,North Anglia Connection Node E 400kV Substation,,0.00,240.00,240.00,2034-10-31,Scoping,Direct Connection,NGET,Energy Storage System;PV Array (Photo Voltaic/solar),a0l8e000000f4ArAAI,PRO-003837,1
Lightsourcebp Amlwch BESS and Hydrogen,Lightsource Renewable UK Development Limited,Wylfa South 400kV Substation,,0.00,600.00,600.00,2037-10-30,Scoping,Direct Connection,NGET,Demand;Energy Storage System,a0lJ9000000blOxIAI,PRO-004856,1
Lightsourcebp Wakeleys Wind and BESS,Lightsource Renewable UK Development Limited,Derbyshire Connection Node G 400kV,,0.00,240.00,240.00,2037-10-30,Scoping,Direct Connection,NGET,Energy Storage System;Wind Onshore,a0lJ9000000blMhIAI,PRO-004827,
Lime Tree Energy Park,BNRG LANGMEAD LIMITED,South Anglia Connection Node E 400kV Substation,,0.00,249.90,249.90,2034-10-31,Scoping,Direct Connection,NGET,Energy Storage System;PV Array (Photo Voltaic/solar),a0l8e000001HpUiAAK,PRO-004121,
Limekiln,Limekiln Extension Limited,Limekilns 132/33kV substation,1.00,106.00,0.00,106.00,,Built,Direct Connection,SHET,Energy Storage System;Wind Onshore,a0l4L0000005itVQAQ,PRO-000515-1,
Limekiln,Limekiln Extension Limited,Limekilns 132/33kV substation,2.00,0.00,61.00,167.00,2030-12-01,Consents Approved,Direct Connection,SHET,Energy Storage System;Wind Onshore,a0l4L0000005itVQAQ,PRO-000515-2,
Limekiln Extension 2,BORALEX LIMITED,NEW LIMEKILN 132 KV SUBSTATION,,0.00,171.00,171.00,2037-10-31,Scoping,Direct Connection,SHET,Energy Storage System;Wind Onshore,a0lJ9000000PEG1IAO,PRO-005255,
Lincolnshire Energy Park,WIND 2 LIMITED,South Humber Connection Node A 400kV,,0.00,500.00,500.00,2039-10-30,Scoping,Direct Connection,NGET,Energy Storage System;PV Array (Photo Voltaic/solar);Reactive Compensation;Wind Onshore,a0lJ9000000POQ5IAO,PRO-006033,
Lincomb Farm 120MW BESS Scheme,FPC ELECTRIC LAND LIMITED,Bishops Wood 132kV Substation,,0.00,120.00,120.00,2033-06-30,Scoping,Embedded,NGET,Energy Storage System,a0l4L0000005iUbQAI,PRO-002442,1
Lincs Offshore Wind Farm,LINCS WIND FARM LIMITED,Lincs 33/132kV Offshore Substation,,265.00,0.00,265.00,,Built,Direct Connection,OFTO,Wind Offshore,a0l4L0000005iqEQAQ,PRO-000215,
Lisa's Battery Storage,POTENCIA ENERGY LIMITED,Mybster 3 132/33kV Substation,,0.00,47.00,47.00,2030-10-31,Scoping,Direct Connection,SHET,Energy Storage System,a0l8e000000TPNRAA4,PRO-003280,
Lister Battery (formerly Lister Drive),LISTER BATTERY LTD,Lister Drive 275kV Substation,,0.00,57.00,57.00,2029-09-30,Scoping,Direct Connection,NGET,Energy Storage System,a0l4L0000005iz9QAA,PRO-001088,
Lister Drive,ORSTED ESS MERSEY LIMITED,Lister Drive 132kV Substation,,20.00,0.00,20.00,,Built,Embedded,NGET,Energy Storage System,a0l4L0000005iXSQAY,PRO-001257,
Lister Drive 275kV,LISTER DRIVE SOLUTIONS LIMITED,Lister Drive 275kV Substation,,0.00,0.00,0.00,,Built,Direct Connection,NGET,Reactive Compensation,a0l4L0000005iOdQAI,PRO-001248,
Lister Drive Shaw,Carnegie (BES) Ltd,Lister Drive 275kV Substation,,0.00,57.00,57.00,2026-09-01,Scoping,Direct Connection,NGET,Energy Storage System,a0l4L0000005izrQAA,PRO-001342,
Little Barford,RWE GENERATION UK PLC,Eaton Socon 400kV Substation,,740.00,0.00,740.00,,Built,Direct Connection,NGET,CCGT (Combined Cycle Gas Turbine);Energy Storage System,a0l4L0000005inpQAA,PRO-000125,1
Little Harrowden,Little Harrowden 10 Renewables Limited,West Anglia Connection Node F 400kV Substation,,0.00,1000.00,1000.00,2034-10-31,Scoping,Direct Connection,NGET,Demand;PV Array (Photo Voltaic/solar),a0l8e000000TPRPAA4,PRO-003416,
Little Hill,BRYN GILWERN ENERGY PARK LIMITED,Pont Abraham GSP,,0.00,74.90,74.90,2026-10-31,Scoping,Embedded,NGET,Wind Onshore,a0l4L0000005iUFQAY,PRO-001556,
Little Horsted,CSE34 LIMITED,Little Horsted GSP,,0.00,49.90,49.90,2031-10-31,Scoping,Direct Connection,NGET,Energy Storage System;PV Array (Photo Voltaic/solar),a0l4L0000005iuAQAQ,PRO-002214,
Little Horsted,Lightsource Renewable UK Development Limited,Sussex and Romney Connection Node A 400kV Substation,,0.00,57.00,57.00,2037-10-30,Scoping,Direct Connection,NGET,Energy Storage System;PV Array (Photo Voltaic/solar),a0l8e000000exRkAAI,PRO-003715,1
Little Horsted Energy Park,ELEMENTS GREEN DEVELOPMENT LTD,Sussex and Romney Connection Node A 400kV Substation,,0.00,1260.00,1260.00,2037-10-31,Scoping,Direct Connection,NGET,Energy Storage System;PV Array (Photo Voltaic/solar),a0l8e00000120NSAAY,PRO-003624,
Little Raith BES,HEIT LR LIMITED,Glenniston GSP,,50.00,0.00,50.00,,Built,Embedded,SPT,Energy Storage System,a0l4L0000005iQyQAI,PRO-000887,
Littlebrook BESS,ECODEV (SOUTH) LTD,Littlebrook 132kV Substation,,0.00,300.00,300.00,2027-10-15,Scoping,Embedded,NGET,Energy Storage System,a0l4L0000005iWgQAI,PRO-001832,
Littlebrook GEC (Ethos Green),LITTLEBROOK GREEN ENERGY CENTRE LTD,Rowdown 400kV Substation,,0.00,400.00,400.00,2031-10-22,Awaiting Consents,Direct Connection,NGET,Demand;Energy Storage System;PV Array (Photo Voltaic/solar);Reactive Compensation,a0l8e000000f5cXAAQ,PRO-003938,
Livishie (part of the Moriston Cascade),SSE GENERATION LIMITED,Glenmoriston GSP,,18.00,0.00,18.00,,Built,Embedded,SHET,Hydro,a0l4L0000005iVYQAY,PRO-000173,
Llanwern 3,FUTURE ENERGY LLANWERN LIMITED,South Wales East Connection Node A 275kV Substation,,0.00,95.00,95.00,2037-10-30,Scoping,Direct Connection,NGET,Energy Storage System;PV Array (Photo Voltaic/solar),a0l8e000001HxwDAAS,PRO-004317,
Llanwern Phase 1,FUTURE ENERGY LLANWERN LIMITED,Whitson 275kV Substation,,0.00,95.00,95.00,2028-10-01,Awaiting Consents,Direct Connection,NGET,Energy Storage System;PV Array (Photo Voltaic/solar),a0l4L0000005iwPQAQ,PRO-001124,
Llanwern Phase 2,FUTURE ENERGY LLANWERN LIMITED,Whitson 275kV Substation,,0.00,190.00,190.00,2028-10-01,Awaiting Consents,Direct Connection,NGET,PV Array (Photo Voltaic/solar);Wind Onshore,a0l4L0000005iwOQAQ,PRO-001125,
Llwynygog,ESGAIR GALED ENERGY PARK LIMITED,Chirk GSP,,0.00,125.00,125.00,2027-02-04,Scoping,Embedded,NGET,Wind Onshore,a0l4L0000005iUKQAY,PRO-001583,
Llyn Lort II Energy Park,Llyn Lort II Energy Park Limited,Chirk 132kV,,0.00,100.00,100.00,2037-11-01,Scoping,Embedded,NGET,Wind Onshore,a0l8e0000010waCAAQ,PRO-002697,
Llŷr Floating Wind,Llŷr Floating Wind Limited,Pembroke 400kV Substation,,0.00,200.00,200.00,2028-10-31,Scoping,Direct Connection,NGET,Wind Offshore,a0l4L0000005iZNQAY,PRO-001981,
Llywelyn Extension Offshore Wind Farm,Renantis UK Limited,LLYWELYN EXTENSION OFFSHORE WIND FARM 66/275KV OFFSHORE SUBSTATION,,0.00,1000.00,1000.00,2036-12-06,Scoping,Direct Connection,NGET,Wind Offshore,a0l4L0000005iySQAQ,PRO-002406,
Llywelyn Floating Offshore Wind Farm,Renantis UK Limited,Pembroke 400kV Substation,,0.00,300.00,300.00,2029-03-31,Scoping,Direct Connection,NGET,Wind Offshore,a0l4L0000005idPQAQ,PRO-001668,1
Loch Fearna Pumped Storage,FEARNA PSH LIMITED,Loch Fearna Pumped Storage 400/18kV Substation,,0.00,300.00,300.00,2032-10-28,Scoping,Direct Connection,SHET,Pump Storage,a0l8e0000010wOJAAY,PRO-002569,
Loch Kemp PSH,LOCH KEMP STORAGE LIMITED,Loch Kemp 275kV Switching Station,,0.00,660.00,660.00,2030-10-31,Scoping,Direct Connection,SHET,Pump Storage,a0l4L0000005iwWQAQ,PRO-002285,
Loch Liath Wind Farm,LOCH LIATH WIND FARM LIMITED,Loch Liath 132/33kV Substation,,0.00,99.00,99.00,2035-10-31,Awaiting Consents,Direct Connection,SHET,Wind Onshore,a0l4L0000005idSQAQ,PRO-001671,
Loch Luichart Extension II,BLUEBELL WIND FARM LIMITED,Loch Luichart Extension II Substation,,0.00,36.00,36.00,2024-10-31,Scoping,Direct Connection,SHET,Wind Onshore,a0l4L0000005inUQAQ,PRO-000487,
Loch na Cathrach Pumped Storage Hydro,STATKRAFT HIGHLANDS PSH LIMITED,Knocknagael 275kV,1.00,0.00,450.00,450.00,2029-04-30,Consents Approved,Direct Connection,SHET,Pump Storage,a0l4L0000005iqQQAQ,PRO-000570-1,
Loch na Cathrach Pumped Storage Hydro,STATKRAFT HIGHLANDS PSH LIMITED,Knocknagael 275kV,2.00,0.00,100.00,550.00,2030-10-31,Consents Approved,Direct Connection,SHET,Pump Storage,a0l4L0000005iqQQAQ,PRO-000570-2,
Locharber,Lochaber Energy Centre Limited,Arbroath GSP,,0.00,50.00,50.00,2032-10-31,Scoping,Embedded,SHET,Energy Storage System;PV Array (Photo Voltaic/solar),a0l8e000001HxceAAC,PRO-004283,
Lochay (Part of Killin Cascade Hydro Scheme),SSE GENERATION LIMITED,Lochay GSP,1.00,45.00,0.00,45.00,,Built,Direct Connection,SHET,Hydro,a0l4L0000005ip2QAA,PRO-000174-1,
Lochay (Part of Killin Cascade Hydro Scheme),SSE GENERATION LIMITED,Lochay GSP,2.00,0.00,6.20,51.20,2027-01-01,Under Construction/Commissioning,Direct Connection,SHET,Hydro,a0l4L0000005ip2QAA,PRO-000174-2,
Lochluichart,LZN LIMITED,Corriemoillie 132kV Substation,,69.00,0.00,69.00,,Built,Direct Connection,SHET,Wind Onshore,a0l4L0000005iqhQAA,PRO-000227,
Lochore BESS,LOCHORE BESS LTD,Westfield 132/33kV,,0.00,900.00,900.00,2031-10-31,Scoping,Direct Connection,SPT,Energy Storage System,a0l8e0000011xxFAAQ,PRO-003483,1
Loganhead Windfarm,LOGANHEAD WF LIMITED,Hopsrig Collector Substation,,0.00,36.00,36.00,2027-10-31,Awaiting Consents,Direct Connection,SPT,Wind Onshore,a0l4L0000005isNQAQ,PRO-000306,2
London Array Offshore Wind Farm,LONDON ARRAY LIMITED,London Array 33/150kV Offshore Substations,,630.00,0.00,630.00,,Built,Direct Connection,OFTO,Wind Offshore,a0l4L0000005ipcQAA,PRO-000201,
Long Buckby Solar/BESS,Greentech Invest UK (17) Limited,Derbyshire Connection Node I 400kV Substation,,0.00,500.00,500.00,2037-10-30,Scoping,Direct Connection,NGET,Energy Storage System;PV Array (Photo Voltaic/solar),a0lJ9000000blQKIAY,PRO-004873,1
Long Stratton 400,ENSO GREEN HOLDINGS X LIMITED,North Anglia Connection Node A 400kV,,0.00,400.00,400.00,2034-10-31,Scoping,Direct Connection,NGET,Energy Storage System;PV Array (Photo Voltaic/solar),a0lJ9000000blPvIAI,PRO-004868,1
Long Stratton BESS,Field Long Stratton Ltd,North Anglia Connection Node A 400kV,,0.00,400.00,400.00,2034-10-31,Scoping,Direct Connection,NGET,Energy Storage System,a0lJ9000000blOTIAY,PRO-004850,1
Long Stratton PV & BESS Station,EAST PYE SOLAR LIMITED,Long Stratton 400kV,,0.00,500.00,500.00,2031-10-30,Scoping,Direct Connection,NGET,Energy Storage System;PV Array (Photo Voltaic/solar),a0l4L0000005ivJQAQ,PRO-002297,
Longcroft Energy Park,GLENBURNIE ENERGY LIMITED,LONGCROFT ENERGY PARK 132KV SUBSTATION,,0.00,156.00,156.00,2031-05-30,Scoping,Direct Connection,SPT,Energy Storage System;Wind Onshore,a0l8e0000010wTTAAY,PRO-002623,1
Longfield Solar,LONGFIELD SOLAR ENERGY FARM LIMITED,Bulls Lodge 400kV Substation,,0.00,500.00,500.00,2028-10-31,Scoping,Direct Connection,NGET,Energy Storage System;PV Array (Photo Voltaic/solar),a0l4L0000005ivqQAA,PRO-001053,
Longhaven Energy Storage Centre,Hydrostor UK Ltd,New North East Substation 400kV Substation,,0.00,500.00,500.00,2037-10-31,Scoping,Direct Connection,SHET,Energy Storage System;Pump Storage;Thermal,a0lJ9000000POtaIAG,PRO-006133,1
Longmorn Energy Park,ELGIN ENERGY ES CO LIMITED,Longmorn Energy Park 275kV Substation,,0.00,300.00,300.00,2031-08-15,Scoping,Direct Connection,SHET,Energy Storage System;PV Array (Photo Voltaic/solar),a0l8e0000010wcrAAA,PRO-002727,1
Longriggs Energy Park,BROCKWELL STORAGE & SOLAR LIMITED,Devonside 132/33kV,,0.00,60.00,60.00,2039-04-30,Awaiting Consents,Embedded,SPT,Energy Storage System,a0lJ9000000PaqdIAC,PRO-006647,
Longside BESS,BAYWA R.E. UK LIMITED,Peterhead 2 400kV Busbar Extension,,0.00,200.00,200.00,2033-10-31,Scoping,Direct Connection,SHET,Energy Storage System,a0lJ9000000PEQcIAO,PRO-005789,1
Lorg Extension Wind Farm,RWE Renewables UK Onshore Wind Limited,Lorg Extension Wind Farm 132/33kV Substation,,0.00,33.00,33.00,2029-08-13,Scoping,Direct Connection,SPT,Wind Onshore,a0l4L0000005iynQAA,PRO-002430,1
Lorg Wind Farm,RWE Renewables UK Onshore Wind Limited,Lorg Wind Farm 132/32kV,,0.00,69.50,69.50,2028-04-07,Scoping,Direct Connection,SPT,Wind Onshore,a0l4L0000005ikXQAQ,PRO-000153,
Lovat Estate BESS,LG-B-50a Limited,Beauly 132/33 kV GSP Substation,,0.00,49.90,49.90,2026-05-31,Scoping,Embedded,SHET,Energy Storage System,a0l8e0000010xRkAAI,PRO-003062,2
Lovedean (Tertiary),LOVEDEAN GREEN LIMITED,Lovedean 400kV Substation,,0.00,57.00,57.00,2029-10-30,Scoping,Direct Connection,NGET,Energy Storage System;PV Array (Photo Voltaic/solar),a0l4L0000005inXQAQ,PRO-000484,
Lovedean Greener Grid Park,Statkraft UK Ltd,Lovedean 400kV Substation,,0.00,49.90,49.90,2028-06-01,Scoping,Direct Connection,NGET,Energy Storage System;Reactive Compensation,a0l4L0000005iPLQAY,PRO-001855,1
Low Carbon Energy Centre BESS Joyce Green Lane,NET ZERO MARINE SERVICES LIMITED,Littlebrook 132kV Substation,,0.00,250.00,250.00,2037-10-31,Scoping,Embedded,NGET,Energy Storage System,a0l8e0000011ydaAAA,PRO-003540,
Low Harker BESS,Energi Generation 14 Ltd,Harker 400kV Substation,,0.00,400.00,400.00,2037-11-30,Scoping,Direct Connection,NGET,Energy Storage System;PV Array (Photo Voltaic/solar),a0l8e000000f4nUAAQ,PRO-003873,
Lower Pool Energy Park,Cairn Duhie Energy Limited,Derbyshire Connection Node B 400kV Substation,,0.00,600.00,600.00,2037-10-30,Scoping,Direct Connection,NGET,Energy Storage System;PV Array (Photo Voltaic/solar),a0l8e0000011zQGAAY,PRO-003586,1
Lubreoch Hydro (Part of Killin Cascade Hydro Scheme),SSE GENERATION LIMITED,Killin GSP,,4.00,0.00,4.00,,Built,Embedded,SHET,Hydro,a0l4L0000005iQsQAI,PRO-000893,
Ludgershall - Bicester Solar Farm PVDP,SolarFour Ltd,Chiltern Connection Node C 400kV Substation,,0.00,500.00,500.00,2038-11-01,Scoping,Direct Connection,NGET,Energy Storage System;PV Array (Photo Voltaic/solar),a0l8e000001HpehAAC,PRO-004140,1
Luichart (part of the Conon Cascade),SSE GENERATION LIMITED,Luichart GSP,,34.00,0.00,34.00,,Built,Direct Connection,SHET,Hydro,a0l4L0000005ip3QAA,PRO-000175,
Lyndhurst Camperdown BESS,Geocore Ltd,Charleston GSP 132/33kV,,0.00,49.90,49.90,2031-10-31,Scoping,Embedded,SHET,Energy Storage System,a0l8e0000010wWmAAI,PRO-002658,
Lynefield BESS,WINDEL GRID 1 LIMITED,Borders Connection Node A 400kV Substation,,0.00,200.00,200.00,2035-10-30,Scoping,Direct Connection,NGET,Energy Storage System,a0l8e0000011yx6AAA,PRO-003555,1
Lynemore Wind Farm,Galileo Empower UK Limited,Lynemore Windfarm 132kV Substation,,0.00,84.00,84.00,2031-10-31,Scoping,Direct Connection,SHET,Wind Onshore,a0l8e000001Hr2cAAC,PRO-004173,1
Lynemouth Power Station,LYNEMOUTH POWER LIMITED,Blyth GSP,,396.00,0.00,396.00,,Built,Embedded,NGET,Biomass,a0l4L0000005iVyQAI,PRO-000255,
Lynes Common,RWE COGEN UK (HYTHE) LIMITED,Fawley 400kV Substation,,49.90,0.00,49.90,,Built,Embedded,NGET,OCGT (Open Cycle Gas Turbine),a0l4L0000005iXLQAY,PRO-000231,
Lythmore,QAIR SCOTLAND LIMITED,Thurso South 275kV Substation,,0.00,200.00,200.00,2034-10-31,Scoping,Direct Connection,SHET,Energy Storage System;PV Array (Photo Voltaic/solar),a0lJ9000000PDm6IAG,PRO-005007,
M74 West Wind Farm,RENEWCO POWER LIMITED,M74 West Wind Farm 132kV,,0.00,180.00,180.00,2029-10-31,Scoping,Direct Connection,SPT,Energy Storage System;PV Array (Photo Voltaic/solar);Wind Onshore,a0l4L0000005itxQAA,PRO-002398,
Mablethorpe Green Energy Centre,MABLETHORPE NG LIMITED,Mablethorpe 400kV Substation,,0.00,1025.00,1025.00,2033-10-30,Awaiting Consents,Direct Connection,NGET,Demand;Energy Storage System;PV Array (Photo Voltaic/solar),a0l4L0000005iv9QAA,PRO-002255,1
Mablethorpe Storage,THEDDLETHORPE FLEXIBLE GENERATION LIMITED,Lincolnshire Coastal Node 400kV Substation,,0.00,1500.00,1500.00,2031-11-30,Scoping,Direct Connection,NGET,CCGT (Combined Cycle Gas Turbine);Energy Storage System,a0l4L0000005iw4QAA,PRO-001979,
Machair Offshore Wind Farm,SCOTTISHPOWER RENEWABLES (UK) LIMITED,Machair 275/66kV Offshore Substation,,0.00,2000.00,2000.00,2033-09-16,Scoping,Direct Connection,SPT,Wind Offshore,a0l4L0000005iZsQAI,PRO-001392,
Maentwrog,NUCLEAR DECOMMISSIONING AUTHORITY,Maentwrog GSP,,30.00,0.00,30.00,,Built,Embedded,NGET,Hydro,a0l4L0000005iW1QAI,PRO-000261,
Maesnant Energy Park,Maesnant Energy Park Limited,Chirk GSP,,0.00,150.00,150.00,2033-11-01,Scoping,Embedded,NGET,Wind Onshore,a0l4L0000005iRZQAY,PRO-001919,
Magwind,MAGNORA OFFSHORE WIND N3 LIMITED,Arnish Lewis Hub 400kV Substation,,0.00,495.00,495.00,2033-10-31,Scoping,Direct Connection,SHET,Wind Offshore,a0l4L0000005iisQAA,PRO-001766,
MALTBY DEV.,Firma Vogt Solar Ltd,Thurcroft 275kV Substation,,0.00,400.00,400.00,2034-10-31,Scoping,Direct Connection,NGET,Energy Storage System;PV Array (Photo Voltaic/solar),a0l8e0000010xRuAAI,PRO-003064,1
Mannington,BAYWA R.E. UK LIMITED,Mannington 400kV Substation,,0.00,47.50,47.50,2028-04-28,Scoping,Direct Connection,NGET,Energy Storage System;PV Array (Photo Voltaic/solar),a0l4L0000005ibaQAA,PRO-001092,
Mannington,PIVOTED POWER LLP,Mannington 400kV Substation,,0.00,47.50,47.50,2025-11-30,Consents Approved,Direct Connection,NGET,Energy Storage System;PV Array (Photo Voltaic/solar),a0l4L0000005ibbQAA,PRO-001091,
Mannington Tertiary,MANNINGTON ENERGY CENTRE LIMITED,Mannington 400kV Substation,,0.00,47.50,47.50,2025-10-30,Consents Approved,Direct Connection,NGET,Energy Storage System,a0l4L0000005izWQAQ,PRO-000464,
Manor Farm,QAIR RENEWABLES UK LIMITED,East Anglia Connection Node E 400kV Substation,,0.00,500.00,500.00,2034-10-31,Scoping,Direct Connection,NGET,Energy Storage System,a0l8e000001HxaxAAC,PRO-004269,1
Manor Farm Solar Park,CSE42 LIMITED,Fawley GSP,,0.00,150.00,150.00,2036-10-24,Scoping,Direct Connection,NGET,Energy Storage System;PV Array (Photo Voltaic/solar),a0l4L0000005il5QAA,PRO-002337,1
Manor Farm_Sidcup,FIRSTWAY SOLAR LTD,NORTH KENT CONNECTION NODE C 132KV SUBSTATION,,0.00,199.60,199.60,2037-10-31,Scoping,Embedded,NGET,Energy Storage System,a0lJ9000000blaXIAQ,PRO-004899,1
Manquhill Wind Farm,ENERGYFARM UK MANQUHILL LTD,Manquhill Wind Farm 132/33kV Substation,,0.00,56.00,56.00,2036-10-31,Scoping,Direct Connection,SPT,Energy Storage System;Wind Onshore,a0l8e0000012jKMAAY,PRO-004662,
Marchwood,MARCHWOOD POWER LIMITED,Marchwood 400kV Substation,,920.00,0.00,920.00,,Built,Direct Connection,NGET,CCGT (Combined Cycle Gas Turbine),a0l4L0000005iq2QAA,PRO-000202,
MARCHWOOD ENERGY STORAGE,BW ESS DEVELOPMENT UK LIMITED,Marchwood 400kV Substation,,0.00,200.00,200.00,2028-06-01,Scoping,Direct Connection,NGET,Energy Storage System,a0l4L0000005iuwQAA,PRO-002190,1
Margree Wind Farm,ENERGYFARM UK MARGREE LLP,SPT Margree collector substation,,0.00,50.00,50.00,2029-10-31,Awaiting Consents,Direct Connection,SPT,Wind Onshore,a0l4L0000005ij9QAA,PRO-001789,
Mark Hill Wind Farm,SCOTTISHPOWER RENEWABLES (UK) LIMITED,Mark Hill 275/132kV,,53.00,0.00,53.00,,Built,Direct Connection,SPT,Wind Onshore,a0l4L0000005imdQAA,PRO-000066,
Market Harborough,CONNECTID 1 LIMITED,West Anglia Connection Node F 400kV Substation,,0.00,700.00,700.00,2034-10-31,Scoping,Direct Connection,NGET,Demand;Energy Storage System;PV Array (Photo Voltaic/solar);Reactive Compensation,a0l8e000000TPMdAAO,PRO-003271,
Market Harborough GEC (Ethos Green),MARKET HARBOROUGH GREEN ENERGY CENTRE LTD,Market Harborough 400kV Substation,,0.00,560.00,560.00,2032-10-31,Awaiting Consents,Direct Connection,NGET,Energy Storage System;PV Array (Photo Voltaic/solar),a0l8e000000ViF4AAK,PRO-004343,1
Market Harborough Green Energy Hub,TELIS ENERGY UK LIMITED,West Anglia Connection Node F 400kV Substation,,0.00,1000.00,1000.00,2034-10-31,Scoping,Direct Connection,NGET,Energy Storage System;Hydro;Nuclear;PV Array (Photo Voltaic/solar);Wind Onshore,a0l8e00000120NNAAY,PRO-003623,
Markinch (Rothes) Biomass CHP Plant,RWE MARKINCH LIMITED,Glenrothes GSP,,55.00,0.00,55.00,,Built,Embedded,SPT,Biomass,a0l4L0000005iVQQAY,PRO-000126,
Marram Wind Offshore Wind Farm,Marramwind Limited,Longside 400kV Substation,1.00,0.00,1000.00,1000.00,2031-10-31,Scoping,Direct Connection,SHET,Wind Offshore,a0l4L0000005iaiQAA,PRO-001406-1,
Marram Wind Offshore Wind Farm,Marramwind Limited,Longside 400kV Substation,2.00,0.00,2000.00,3000.00,2033-10-31,Scoping,Direct Connection,SHET,Wind Offshore,a0l4L0000005iaiQAA,PRO-001406-2,
Martindale Farm,BSR APPLICATIONS LIMITED,Hartmoor GSP,,0.00,239.90,239.90,2039-10-30,Scoping,Embedded,NGET,Energy Storage System;PV Array (Photo Voltaic/solar);Wind Onshore,a0lJ9000000PEENIA4,PRO-005153,1
MCKRAW99MW BESS BEGA,CARE POWER (MUCKRAW) LIMITED,Muckraw IDNO GSP,,0.00,99.90,99.90,2032-06-30,Scoping,Embedded,SPT,Energy Storage System,a0l8e000001HxbCAAS,PRO-004272,
Meall Buidhe Wind Farm,MUIRDEN ENERGY LLP,Shin 1 GSP,,0.00,40.00,40.00,2032-10-31,Scoping,Embedded,SHET,Wind Onshore,a0l8e000001HrCyAAK,PRO-004198,
Meall Dearg,ENERGYFARM UK MEALL DEARG LTD,New North West 132kV Substation,,0.00,150.20,150.20,2037-10-31,Scoping,Direct Connection,SHET,Energy Storage System;Wind Onshore,a0lJ9000000PNJwIAO,PRO-005981,
Medway 3 Power Station,MEDWAY POWER LIMITED,Kingsnorth 400kV Substation,,0.00,500.00,500.00,2030-12-31,Scoping,Direct Connection,NGET,Demand;LAES (Liquid Air Energy Storage),a0l8e0000010wOxAAI,PRO-002578,1
Medway Power Station,MEDWAY POWER LIMITED,Grain 400kV Substation,,735.00,175.00,910.00,2028-10-30,Built,Direct Connection,NGET,CCGT (Combined Cycle Gas Turbine),a0l4L0000005iq1QAA,PRO-000203,
Meetlaw BESS,CARRAVINDOON LIMITED,Fiddes GSP,,0.00,49.90,49.90,2031-10-31,Consents Approved,Embedded,SHET,Energy Storage System,a0l4L0000005iSsQAI,PRO-001966,
Meiklelaught Farm BESS,GPC 1127 Ltd,Saltcoats 132/33kV,,0.00,30.00,30.00,2028-08-21,Scoping,Embedded,SPT,Energy Storage System,a0l8e00000120O1AAI,PRO-003631,
Melksham,LIME DOWN SOLAR PARK LIMITED,Melksham 400kV Substation,,0.00,500.00,500.00,2030-07-31,Scoping,Direct Connection,NGET,Energy Storage System;PV Array (Photo Voltaic/solar),a0l4L0000005iP1QAI,PRO-001605,
Melksham  (Tertiary),MELKSHAM CALNE GREEN LIMITED,Melksham 400kV Substation,,0.00,57.00,57.00,2026-06-26,Scoping,Direct Connection,NGET,Energy Storage System;PV Array (Photo Voltaic/solar),a0l4L0000005izlQAA,PRO-000463,
Melksham BESS & PV,ELEMENTS GREEN LIMITED,Melksham 400kV Substation,,0.00,800.00,800.00,2037-10-15,Scoping,Direct Connection,NGET,Energy Storage System;PV Array (Photo Voltaic/solar),a0l4L0000005ikwQAA,PRO-002441,
Melksham Grid Park ESS & PV,JEPIPHANY LIMITED,Melksham 400kV Substation,,0.00,90.00,90.00,2037-10-31,Scoping,Direct Connection,NGET,Energy Storage System;PV Array (Photo Voltaic/solar),a0l8e000001Hq1bAAC,PRO-004164,
Melkshem (Cartridge Farm),Queequeg Renewables Ltd,Melksham 400kV Substation,,0.00,480.00,480.00,2037-10-31,Awaiting Consents,Direct Connection,NGET,Energy Storage System,a0l8e000000TPCYAA4,PRO-003193,
Melton Mowbray High Impact Energy Hub 1,TELIS ENERGY UK LIMITED,West Anglia Connection Node I 400kV substation,,0.00,1000.00,1000.00,2034-10-31,Scoping,Direct Connection,NGET,Energy Storage System;Nuclear;PV Array (Photo Voltaic/solar);Wind Onshore,a0l8e0000012hn2AAA,PRO-004509,1
Melton Mowbray High Impact Energy Hub 2,TELIS ENERGY UK LIMITED,West Anglia Connection Node I 400kV substation,,0.00,1000.00,1000.00,2034-10-31,Scoping,Direct Connection,NGET,Energy Storage System;Nuclear;PV Array (Photo Voltaic/solar);Wind Onshore,a0l8e0000012hn7AAA,PRO-004510,1
Melton Mowbray Solar,CUBICO UK DEVELOPMENT LIMITED,West Anglia Connection Node I 400kV substation,,0.00,340.00,340.00,2037-10-30,Scoping,Direct Connection,NGET,Energy Storage System;PV Array (Photo Voltaic/solar),a0lJ9000000PDlrIAG,PRO-005004,1
Melvich Wind Energy Hub,Melvich Wind Energy Hub Limited,Melvich Community Wind Farm 132/33kV Substation,,0.00,57.60,57.60,2030-04-01,Awaiting Consents,Direct Connection,SHET,Energy Storage System;Wind Onshore,a0l4L0000005iepQAA,PRO-001688,1
Melvich Wind Energy Hub (BEGA),Melvich Wind Energy Hub Limited,Dounreay 2 275/33kV GSP Substation,,0.00,43.20,43.20,2033-10-31,Awaiting Consents,Embedded,SHET,Energy Storage System;Wind Onshore,a0lJ9000000PNyAIAW,PRO-006005,
Menter Mon Morlais Anglesey Marine Energy,Menter Môn Morlais Limited,Penrhos GSP,1.00,0.00,40.00,40.00,2028-03-31,Under Construction/Commissioning,Direct Connection,NGET,Tidal,a0l4L0000005ieUQAQ,PRO-001134-1,
Menter Mon Morlais Anglesey Marine Energy,Menter Môn Morlais Limited,Penrhos GSP,2.00,0.00,20.00,60.00,2029-03-31,Under Construction/Commissioning,Direct Connection,NGET,Tidal,a0l4L0000005ieUQAQ,PRO-001134-2,
Menter Mon Morlais Anglesey Marine Energy,Menter Môn Morlais Limited,Penrhos GSP,3.00,0.00,40.00,100.00,2030-03-31,Under Construction/Commissioning,Direct Connection,NGET,Tidal,a0l4L0000005ieUQAQ,PRO-001134-3,
Menter Mon Morlais Anglesey Marine Energy,Menter Môn Morlais Limited,Penrhos GSP,4.00,0.00,80.00,180.00,2032-03-31,Under Construction/Commissioning,Direct Connection,NGET,Tidal,a0l4L0000005ieUQAQ,PRO-001134-4,
Mererid Offshore Wind Farm,South West Wind Holdco Limited,Alverdiscott 400kV Substation,,0.00,1008.00,1008.00,2036-12-06,Scoping,Direct Connection,NGET,Wind Offshore,a0l4L0000005ivOQAQ,PRO-002391,
Meridian Solar Farm,MERIDIAN SOLAR FARM LIMITED,Weston Marsh 400kV Substation,,0.00,750.00,750.00,2033-06-30,Scoping,Direct Connection,NGET,Energy Storage System;PV Array (Photo Voltaic/solar),a0l4L0000005iujQAA,PRO-002399,
Merlin 2 Offshore Windfarm,OFFSHORE WIND LIMITED,Alverdiscott 400kV Substation,,0.00,1500.00,1500.00,2031-10-31,Scoping,Direct Connection,NGET,Wind Offshore,a0l4L0000005iZbQAI,PRO-001997,1
Merlin Offshore Wind Farm,OFFSHORE WIND LIMITED,Alverdiscott 400kV Substation,,0.00,300.00,300.00,2028-11-01,Scoping,Direct Connection,NGET,Wind Offshore,a0l4L0000005ihVQAQ,PRO-001728,1
Mersey Reactive 1,MERSEY REACTIVE POWER LIMITED,Frodsham (Network Rail) GSP,,0.00,0.00,0.00,,Built,Direct Connection,NGET,Reactive Compensation,a0l4L0000005iw5QAA,PRO-001374,
Merthyr Solar and Battery,EEW RENEWABLES LTD,Cilfynydd 400kV Substation,1.00,0.00,110.00,110.00,2029-05-12,Scoping,Direct Connection,NGET,PV Array (Photo Voltaic/solar),a0l8e0000010wfMAAQ,PRO-002757-1,
Merthyr Solar and Battery,EEW RENEWABLES LTD,Cilfynydd 400kV Substation,2.00,0.00,65.00,175.00,2037-10-31,Scoping,Direct Connection,NGET,PV Array (Photo Voltaic/solar),a0l8e0000010wfMAAQ,PRO-002757-2,
MeyGen Tidal,Meygrid Limited,Gills Bay GSP,1.00,0.00,28.00,28.00,2027-04-01,Consents Approved,Direct Connection,SHET,Energy Storage System;Tidal,a0l4L0000005isuQAA,PRO-000336-1,
MeyGen Tidal,Meygrid Limited,Gills Bay GSP,2.00,0.00,43.00,71.00,2028-04-01,Consents Approved,Direct Connection,SHET,Energy Storage System;Tidal,a0l4L0000005isuQAA,PRO-000336-2,
MeyGen Tidal,Meygrid Limited,Gills Bay GSP,3.00,0.00,83.00,154.00,2028-04-01,Awaiting Consents,Direct Connection,SHET,Energy Storage System;Tidal,a0l4L0000005isuQAA,PRO-000336-3,
MeyGen Tidal,Meygrid Limited,Gills Bay GSP,4.00,0.00,83.00,237.00,2028-04-01,Awaiting Consents,Direct Connection,SHET,Energy Storage System;Tidal,a0l4L0000005isuQAA,PRO-000336-4,
MeyGen Tidal,Meygrid Limited,Gills Bay GSP,5.00,0.00,50.00,287.00,2030-10-31,Scoping,Direct Connection,SHET,Energy Storage System;Tidal,a0l4L0000005isuQAA,PRO-000336-5,
Mickleham Energy Storage,BW ESS DEVELOPMENT UK LIMITED,Rowdown 400kV Substation,,0.00,249.00,249.00,2031-10-22,Scoping,Direct Connection,NGET,Energy Storage System,a0l8e0000011zKgAAI,PRO-003573,1
Mid Hill,Invenergy Development UK Ltd,Mid Hill 132kV Substation,,0.00,228.00,228.00,2034-10-30,Scoping,Direct Connection,SPT,Energy Storage System;Wind Onshore,a0lJ9000000PDlIIAW,PRO-005000,1
Mid Moile Wind Farm,ENERGIEKONTOR UK LTD,Mid Moile Wind Farm 275/132kV Substatio,,0.00,99.00,99.00,2031-10-31,Scoping,Direct Connection,SPT,Wind Onshore,a0l8e000000f8Q7AAI,PRO-004036,
Middle Farm Chollerton,ENRAY POWER LTD,Borders Connection Node A 400kV,,0.00,240.00,240.00,2035-10-30,Scoping,Direct Connection,NGET,Energy Storage System;PV Array (Photo Voltaic/solar),a0l8e000000ViF9AAK,PRO-004344,1
Middle Muir Wind Farm,OnPath Energy Limited (MIDDLE MUIR WIND FARM) LIMITED,Middlemuir 132/33kV,,51.00,0.00,51.00,,Built,Direct Connection,SPT,Wind Onshore,a0l4L0000005ishQAA,PRO-000321,
Middleshaw BESS,Harmony MS Limited,Lancashire Connection Node B 400kV Substation,,0.00,200.00,200.00,2037-10-30,Consents Approved,Direct Connection,NGET,Energy Storage System,a0l8e0000012hnlAAA,PRO-004516,
Middleton BESS,Middleton Energy Storage Limited,Middleton 400KV Substation,,0.00,200.00,200.00,2026-11-30,Scoping,Direct Connection,NGET,Energy Storage System,a0l4L0000005j1YQAQ,PRO-002305,
Middleton Farm BESS,Bluestone Energy Ltd,MIDDLETON FARM 400KV SUBSTATION,,0.00,937.00,937.00,2033-10-25,Scoping,Direct Connection,SPT,Energy Storage System,a0l8e000001HpUdAAK,PRO-004120,1
Middleton Farm Solar,Bluestone Energy Ltd,Elderslie 132/33kV,,0.00,38.70,38.70,2028-06-28,Scoping,Embedded,SPT,PV Array (Photo Voltaic/solar),a0l8e000000f6JtAAI,PRO-003977,
Middlewich BEGA,CONRAD (MIDDLEWICH) LIMITED,Carrington GSP (SP Manweb),,20.00,0.00,20.00,,Built,Embedded,NGET,Gas Reciprocating,a0l4L0000005iPhQAI,PRO-000849,
Middlewick Wind,DENGIE MARSHES WIND FARM LIMITED,Rayleigh Main GSP,,0.00,120.00,120.00,2034-10-31,Scoping,Embedded,NGET,Wind Onshore,a0lJ9000000blmSIAQ,PRO-004940,
Mill Hey_Capenhurst BESS,FIRSTWAY SOLAR LTD,Capenhurst GSP,,0.00,199.60,199.60,2037-10-30,Scoping,Embedded,NGET,Energy Storage System,a0l8e0000012jL0AAI,PRO-004669,
Mill Hill Tertiary Connection,HB333MIL LTD,Mill Hill 275kV Substation,,0.00,57.00,57.00,2025-10-24,Consents Approved,Direct Connection,NGET,Energy Storage System,a0l4L0000005iw8QAA,PRO-000493,
Millbrook Power,MILLBROOK POWER LIMITED,Marston Vale 400kV Substation,,0.00,299.00,299.00,2024-06-28,Under Construction/Commissioning,Direct Connection,NGET,OCGT (Open Cycle Gas Turbine),a0l4L0000005ilMQAQ,PRO-000373,
Millennium East,Renantis UK Limited,FORT AUGUSTUS 2 400/33kV GRID SUPPLY POINT SUBSTATION,,0.00,49.90,49.90,2035-10-31,Scoping,Embedded,SHET,Wind Onshore,a0l8e000000f7gMAAQ,PRO-004010,1
Millennium Wind,MILLENNIUM WIND ENERGY LIMITED,Millennium GSP,,65.00,0.00,65.00,,Built,Direct Connection,SHET,Wind Onshore,a0l4L0000005ipAQAQ,PRO-000530,
Milligansbush Battery Storage,Milligansbush Battery Storage Ltd,Milligansbush Battery Storage 132kV Substation,,0.00,200.00,200.00,2036-10-30,Scoping,Direct Connection,SPT,Energy Storage System,a0l8e000000TPSXAA4,PRO-003430,1
Millmoor Rig Wind Farm,ESB ASSET DEVELOPMENT UK LIMITED,Hawick GSP,,0.00,92.80,92.80,2029-10-30,Scoping,Direct Connection,SPT,Wind Onshore,a0l4L0000005iYMQAY,PRO-001936,
Minety,HB411MIN Limited,Minety 400kV Substation,,0.00,47.50,47.50,2024-10-31,Consents Approved,Direct Connection,NGET,Energy Storage System,a0l4L0000005inPQAQ,PRO-000454,
Minnygap,MINNYGAP ENERGY LIMITED,Moffat 132/33kV,,25.00,0.00,25.00,,Built,Direct Connection,SPT,Wind Onshore,a0l4L0000005irJQAQ,PRO-000262,
Minnygryle Burn Energy Park,Wind 2 Project 6 Limited,Minnygryle Burn Energy Park 132kV substation,,0.00,84.00,84.00,2036-10-31,Scoping,Direct Connection,SPT,Energy Storage System;Wind Onshore,a0l8e000001HrDXAA0,PRO-004204,1
Minsca,MINSCA WINDFARM (SCOTLAND) LIMITED,Chapelcross GSP,,37.50,0.00,37.50,,Built,Embedded,SPT,Wind Onshore,a0l4L0000005iVoQAI,PRO-000236,
Moel y Llyn,Waun Hesgog Energy Park Limited,Chirk GSP,,0.00,251.00,251.00,2027-02-04,Scoping,Embedded,NGET,Wind Onshore,a0l4L0000005iUMQAY,PRO-001585,
Moelfre Energy Park,MOELFRE ENERGY PARK LIMITED,Bodelwyddan 400kV Substation,,0.00,158.40,158.40,2033-10-01,Scoping,Direct Connection,NGET,Energy Storage System,a0l4L0000005iekQAA,PRO-001500,1
Moffat BESS,Conrad Energy (Developments) II Limited,Moffat 400kV Substation,,0.00,500.00,500.00,2031-10-31,Scoping,Direct Connection,SPT,Energy Storage System,a0l8e0000012jJiAAI,PRO-004654,1
Mon Solar Farm,LIGHTSOURCE SPV 204 LIMITED,Wylfa South 400kV Substation,1.00,0.00,240.00,240.00,2029-10-30,Scoping,Direct Connection,NGET,Energy Storage System;PV Array (Photo Voltaic/solar),a0l4L0000005ix8QAA,PRO-001480-1,
Mon Solar Farm,LIGHTSOURCE SPV 204 LIMITED,Wylfa South 400kV Substation,2.00,0.00,120.00,360.00,2037-10-30,Scoping,Direct Connection,NGET,Energy Storage System;PV Array (Photo Voltaic/solar),a0l4L0000005ix8QAA,PRO-001480-2,
Mona Offshore Wind Farm,Mona Offshore Wind Limited,Bodelwyddan 400kV Substation,,0.00,1500.00,1500.00,2029-10-31,Scoping,Direct Connection,NGET,Wind Offshore,a0l4L0000005iZrQAI,PRO-001391,
Monets Garden,MONETS GARDEN BATTERY LTD,Osbaldwick 400kV Substation,,0.00,57.00,57.00,2027-06-08,Consents Approved,Direct Connection,NGET,Energy Storage System,a0l4L0000005icgQAA,PRO-001082,2
Monk Fryston,Downing Renewable Developments LLP,Monk Fryston 275kV Substation,,0.00,249.90,249.90,2035-10-30,Scoping,Direct Connection,NGET,Energy Storage System,a0l8e000000TPQCAA4,PRO-003400,1
Monk Fryston,ENSO GREEN HOLDINGS X LIMITED,Monk Fryston 400kV Substation,,0.00,400.00,400.00,2031-10-31,Scoping,Direct Connection,NGET,Energy Storage System;PV Array (Photo Voltaic/solar),a0l4L0000005ikVQAQ,PRO-002159,1
Monk Fryston,Light Valley Solar Limited,Monk Fryston 275kV Substation,,0.00,500.00,500.00,2029-12-31,Scoping,Direct Connection,NGET,Energy Storage System;PV Array (Photo Voltaic/solar),a0l4L0000005iy0QAA,PRO-001646,
Monk Fryston BESS,HARMONY MF LIMITED,Monk Fryston 275kV Substation,,0.00,200.00,200.00,2029-10-31,Scoping,Direct Connection,NGET,Energy Storage System,a0l4L0000005ixXQAQ,PRO-001619,
Monk Fryston Energy Park,ELEMENTS GREEN DEVELOPMENT LTD,Monk Fryston 400kV Substation,,0.00,800.00,800.00,2035-10-24,Scoping,Direct Connection,NGET,Energy Storage System;PV Array (Photo Voltaic/solar),a0l4L000002yQWaQAM,PRO-002539,
Monk Fryston SSE,SSE BATTERY MONK FRYSTON LIMITED,Monk Fryston 275kV Substation,,0.00,320.00,320.00,2025-10-31,Consents Approved,Direct Connection,NGET,Energy Storage System,a0l4L0000005ixyQAA,PRO-001627,
Monk Fryston Tertiary Connection,HD777FRY LTD,Monk Fryston 275kV Substation,,57.00,0.00,57.00,,Built,Direct Connection,NGET,Energy Storage System,a0l4L0000005incQAA,PRO-000479,
Montreathmont Moor Forest,Montreathmont Energy Centre Limited,Lunanhead GSP,,0.00,34.38,34.38,2029-10-08,Scoping,Embedded,SHET,Energy Storage System;PV Array (Photo Voltaic/solar),a0l4L0000005iPGQAY,PRO-001849,
Moray East Offshore Wind Farm,MORAY OFFSHORE WINDFARM (EAST) LIMITED,New Deer 400kV Substation,,900.00,0.00,900.00,,Built,Direct Connection,SHET,Wind Offshore,a0l4L0000005ip7QAA,PRO-000533,
Moray West Offshore Windfarm,MORAY OFFSHORE WINDFARM (WEST) LIMITED,Moray Firth 220/33kV Platform 1 & 2 Offshore Substation,,860.00,0.00,860.00,,Built,Direct Connection,SHET,Wind Offshore,a0l4L0000005ifSQAQ,PRO-001130,
Morecambe Offshore Wind Farm,MORECAMBE OFFSHORE WINDFARM LTD,Penwortham 400kV Substation,,0.00,480.00,480.00,2029-06-30,Scoping,Direct Connection,NGET,Wind Offshore,a0l4L0000005ibwQAA,PRO-001450,
Moreton Estate,EPL NEWCO5 LIMITED,Chickerell B 400kV Substation,,0.00,480.00,480.00,2037-04-28,Scoping,Direct Connection,NGET,Energy Storage System;PV Array (Photo Voltaic/solar),a0l8e000000f5BsAAI,PRO-003920,
Morgan Offshore Wind Farm,Morgan Offshore Wind Limited,Penwortham 400kV Substation,,0.00,1500.00,1500.00,2029-11-30,Scoping,Direct Connection,NGET,Wind Offshore,a0l4L0000005ik5QAA,PRO-001594,
Morton Manor PV & BESS Station,IB VOGT UK LTD,High Marnham 400kV Substation,,0.00,240.00,240.00,2037-10-31,Scoping,Direct Connection,NGET,Energy Storage System;PV Array (Photo Voltaic/solar),a0l8e000000f41nAAA,PRO-003827,
Morven A Offshore Wind Farm (Prev Phoenix 1A),Morven Offshore Wind Limited,Hawthorn Pit 400kV Substation,,0.00,1500.00,1500.00,2031-10-31,Scoping,Direct Connection,NGET,Wind Offshore,a0l4L0000005izJQAQ,PRO-001515,
Morwind 300,Morwind Ltd,Alverdiscott 400kV Substation,,0.00,300.00,300.00,2031-10-31,Scoping,Direct Connection,NGET,Wind Offshore,a0l4L0000005ixtQAA,PRO-001787,
Mosedale Energy,MOSEDALE ENERGY LIMITED,High Marnham 400kV Substation,,0.00,249.00,249.00,2033-03-31,Scoping,Direct Connection,NGET,Energy Storage System,a0l4L0000005ivUQAQ,PRO-002319,1
Mossford (part of the Conon Cascade),SSE GENERATION LIMITED,Mossford GSP,,18.70,0.00,18.70,,Built,Direct Connection,SHET,Hydro,a0l4L0000005ipQQAQ,PRO-000176,
Mossmorran Storage BESS,RUFUSIA LTD,Mossmorran Storage BESS 132KV Substation,,0.00,100.00,100.00,2031-10-31,Scoping,Direct Connection,SPT,Energy Storage System,a0l8e000000exgxAAA,PRO-003738,
Mosspark Energy Park,REG Power Developments Limited,Dumfries 132/33kV,,0.00,50.00,50.00,2029-05-31,Scoping,Embedded,SPT,Energy Storage System;PV Array (Photo Voltaic/solar),a0lJ9000000blVIIAY,PRO-004879,
Mossy Hill Wind Farm,MOSSY HILL SHETLAND LIMITED,Mossy Hill 132kV Substation,,0.00,48.00,48.00,2028-11-30,Consents Approved,Direct Connection,SHET,Demand;Wind Onshore,a0l4L0000005iwmQAA,PRO-000461,
Motherwell 400MW BESS (Formerly Castlehill BESS),SPV GPC 3 Ltd,Newarthill 275 kV Substation,,0.00,400.00,400.00,2035-04-30,Scoping,Direct Connection,SPT,Demand;Energy Storage System,a0l8e0000011y79AAA,PRO-003500,
Mount Pleasant,HARMONY ENERGY LIMITED,Warwickshire Connection Node A 400kV Substation,,0.00,200.00,200.00,2037-10-31,Scoping,Direct Connection,NGET,Energy Storage System,a0lJ9000000PN5CIAW,PRO-005962,1
Mountain Fen,LIGHTSOURCE SPV 204 LIMITED,Coddington 400kV Substation,,0.00,240.00,240.00,2034-09-30,Scoping,Direct Connection,NGET,Energy Storage System,a0l8e000000f4x7AAA,PRO-003891,
Moy Wind Farm,ENECO MOY LIMITED,Inverness GSP,,60.00,0.00,60.00,,Built,Embedded,SHET,Wind Onshore,a0l4L0000005iVmQAI,PRO-000232,
Muaitheabhal Wind Farm,UISENIS POWER LIMITED,Muaitheabhal 132/33kV Substation,,0.00,189.00,189.00,2030-12-31,Consents Approved,Direct Connection,SHET,Pump Storage;Wind Onshore,a0l4L0000005iroQAA,PRO-000272,
Muir Mhor Offshore Wind Farm,MUIR MHÒR OFFSHORE WIND FARM LIMITED,Longside 400kV Substation,,0.00,1000.00,1000.00,2033-10-31,Scoping,Direct Connection,SHET,Wind Offshore,a0l4L0000005izGQAQ,PRO-001698,
Murroch BESS,Apatura Battery Ltd,Strathleven GSP,,0.00,200.00,200.00,2031-05-22,Scoping,Direct Connection,SPT,Energy Storage System,a0l8e000001205eAAA,PRO-003610,
Mwdwl Eithin Energy Park,MOEL CHWA ENERGY PARK LIMITED,Gwyddelwern 400kV Substation,,0.00,81.20,81.20,2030-06-30,Scoping,Direct Connection,NGET,Wind Onshore,a0l4L0000005ifqQAA,PRO-001511,
Mwyndy Storage,CENIN RENEWABLES LIMITED,Aberthaw 275kV Substation,,0.00,249.00,249.00,2037-10-30,Scoping,Direct Connection,NGET,Energy Storage System,a0lJ9000000PFDaIAO,PRO-005875,1
Mybster 2 Battery Storage,POTENCIA ENERGY (MYBSTER) LTD,Thurso South 400kV Substation,,0.00,500.00,500.00,2034-10-31,Scoping,Direct Connection,SHET,Energy Storage System,a0l8e0000012gsmAAA,PRO-004479,
Mynydd Y Gwynt,EDF ENERGY RENEWABLES LIMITED,MID WALES CONNECTION NODE A 400KV SUBSTATION,,0.00,100.00,100.00,2037-10-30,Scoping,Direct Connection,NGET,Energy Storage System;Wind Onshore,a0lJ9000000POh8IAG,PRO-006086,
Myreton BESS,GPC 1039 Ltd,Tealing 132kV Substation,,0.00,200.00,200.00,2028-10-31,Scoping,Direct Connection,SHET,Energy Storage System,a0l8e0000010x1hAAA,PRO-003050,
Nant,SSE GENERATION LIMITED,Nant 132kV Substation,,15.00,0.00,15.00,,Built,Direct Connection,SHET,Hydro,a0l4L0000005ipRQAQ,PRO-000177,
Nant Aman,NANT AMAN ENERGY PARK LIMITED,Rhigos 400kV Substation,,0.00,143.00,143.00,2030-12-13,Scoping,Direct Connection,NGET,Wind Onshore,a0l4L0000005iNcQAI,PRO-001640,1
Nant Ceiment Energy Park,NANT CEIMENT ENERGY PARK LIMITED,Pont Abraham GSP,,0.00,88.40,88.40,2027-09-11,Scoping,Embedded,NGET,Wind Onshore,a0l4L0000005iP5QAI,PRO-001610,
Nant Helen,SOLAR SECURITIES LIMITED,South Wales West Connection Node A 400kV Substation,,0.00,500.00,500.00,2037-10-31,Scoping,Direct Connection,NGET,Demand;Energy Storage System;PV Array (Photo Voltaic/solar),a0l8e0000010wgFAAQ,PRO-002766,1
Nant Y Maen Wind Farm,EDF ENERGY RENEWABLES LIMITED,Nant Y Maen 132KV Substation,,0.00,150.00,150.00,2032-05-01,Scoping,Direct Connection,NGET,Wind Onshore,a0l4L0000005iv0QAA,PRO-001158,
Narachan Wind Farm,ENERGYFARM UK NARACHAN LLP,Carradale 1 GSP,,0.00,72.60,72.60,2030-04-30,Scoping,Embedded,SHET,Wind Onshore,a0l4L0000005iSHQAY,PRO-001926,
Native River (Capenhurst),NATIVE RIVER LTD,Capenhurst 275kV Substation,,57.00,0.00,57.00,,Built,Direct Connection,NGET,Energy Storage System,a0l4L0000005iibQAA,PRO-001557,
NatPower Allington Green Energy Park,COTTOM TO RYHALL ENERGY LIMITED,Trent Valley South Connection Node B 400kV Substation,,0.00,1000.00,1000.00,2034-10-30,Awaiting Consents,Direct Connection,NGET,Energy Storage System,a0l8e0000012eyYAAQ,PRO-004387,1
Natpower Basingstoke Green Energy Park,FLEET HAMPSHIRE ENERGY LIMITED,Chiltern Connection Node B 400kV Substation,,0.00,1000.00,1000.00,2038-10-31,Scoping,Direct Connection,NGET,Energy Storage System,a0l8e000000expyAAA,PRO-003746,
NatPower CoalBurn Green Energy Park,COALBURN ENERGY LIMITED,NatPower Green Energy Park 400kV Substation,,0.00,500.00,500.00,2036-10-31,Scoping,Direct Connection,SPT,Energy Storage System,a0lJ9000000PDspIAG,PRO-005041,1
NatPower Connah Quay Green Energy Park,CONNAHS QUAY ENERGY LIMITED,Cheshire Connection Node B 400kV Substation,,0.00,500.00,500.00,2037-10-30,Scoping,Direct Connection,NGET,Energy Storage System,a0lJ9000000blK7IAI,PRO-004797,1
NatPower Enderby - Patford Bridge Green Energy Park,ENDERBY ENERGY LIMITED,Derbyshire Connection Node G 400kV,,0.00,1799.00,1799.00,2037-10-30,Scoping,Direct Connection,NGET,Energy Storage System,a0l8e000001Hpe3AAC,PRO-004132,1
NatPower Gwyddelwern Green Energy Park,GWYDDELWERN ENERGY LIMITED,North Wales connection Node A 400kV Substation,,0.00,1000.00,1000.00,2037-10-31,Scoping,Direct Connection,NGET,Energy Storage System,a0l8e0000012gbUAAQ,PRO-004432,1
NatPower Harburn Green Energy Park,YAXLEY ENERGY LIMITED,NatPower Harburn Green Energy Park 400kV Substation,,0.00,800.00,800.00,2033-10-31,Scoping,Direct Connection,SPT,Energy Storage System,a0lJ9000000PEBlIAO,PRO-005123,1
NatPower Hartlepool Green Energy Park,NP SPV 34 LIMITED,Wearside Connection Node A 275kV Substation,,0.00,800.00,800.00,2035-10-30,Scoping,Direct Connection,NGET,Energy Storage System,a0lJ9000000blLyIAI,PRO-004818,1
NatPower Hawthorn Pit Green Energy Park,NP SPV 29 LIMITED,Wearside Connection Node B 400kV Substation,,0.00,1000.00,1000.00,2035-10-30,Scoping,Direct Connection,NGET,Energy Storage System,a0lJ9000000blM8IAI,PRO-004820,
NatPower Immingham Green Energy Park,IMMINGHAM ENERGY STORAGE LIMITED,Trent Valley North Connection Node F 400kV Substation,,0.00,1000.00,1000.00,2034-10-30,Awaiting Consents,Direct Connection,NGET,Energy Storage System,a0l8e0000012hwgAAA,PRO-004566,
NatPower Kinoulton Green Energy Park,DALBY ENERGY LIMITED,West Anglia Connection Node C 400kV Substation,,0.00,1330.00,1330.00,2034-12-31,Scoping,Direct Connection,NGET,Energy Storage System,a0l8e000001I31pAAC,PRO-004333,1
NatPower Kintore2 Green Energy Park,NP SPV 41 LIMITED,NATPOWER KINTORE 2 GREEN ENERGY PARK 275KV SUBSTATION,,0.00,500.00,500.00,2033-10-31,Scoping,Direct Connection,SHET,Energy Storage System,a0lJ9000000blPHIAY,PRO-004860,
NatPower Llanteg Green Energy Park,NP SPV 30 LIMITED,South Wales West Connection Node C 400kV,,0.00,47.50,47.50,2028-10-31,Scoping,Direct Connection,NGET,Energy Storage System,a0lJ9000000blKvIAI,PRO-004806,1
NatPower Navenby Energy Park,NAVENBY ENERGY LIMITED,Trent Valley South Connection Node C 400kV Substation,,0.00,1000.00,1000.00,2034-10-30,Scoping,Direct Connection,NGET,Energy Storage System,a0lJ9000000PDm1IAG,PRO-005006,1
NatPower Nursling Energy Park,SOUTHAMPTON ENERGY STORAGE LIMITED,Nursling 400kV Substation,,0.00,1000.00,1000.00,2037-10-31,Scoping,Direct Connection,NGET,Energy Storage System,a0l8e000001HrCKAA0,PRO-004190,
NatPower Oswestry Green Energy Park,NP SPV 43 LIMITED,Cheshire Connection Node A2 400kV,,0.00,1000.00,1000.00,2037-10-31,Scoping,Direct Connection,NGET,Energy Storage System,a0lJ9000000PDuCIAW,PRO-005057,1
NatPower Penrith Green Energy Park,LEITH ENERGY LIMITED,Lancashire Connection Node B 400kV Substation,,0.00,1000.00,1000.00,2037-10-31,Scoping,Direct Connection,NGET,Energy Storage System,a0l8e000001HxblAAC,PRO-004278,
NatPower Teesside Green Energy Park,Old Rides Energy Storage Limited,Teeside Connection Node A 400kV Substation,,0.00,1000.00,1000.00,2035-10-31,Consents Approved,Direct Connection,NGET,Energy Storage System,a0l8e000001HrYtAAK,PRO-004207,
Natpower Thimbleby Green Energy Park,MOWBRAY ENERGY PARK LIMITED,Trent Valley South Connection Node B 400kV Substation,,0.00,1000.00,1000.00,2033-10-31,Scoping,Direct Connection,NGET,Energy Storage System,a0l8e000000exh7AAA,PRO-003740,1
NatPower Tilbury Green Energy Park,NATPOWER MARINE UK LIMITED,South Anglia Connection Node C 400kV Substation,,0.00,1000.00,1000.00,2034-10-31,Scoping,Direct Connection,NGET,Energy Storage System,a0l8e0000012hwMAAQ,PRO-004562,1
Natpower Upsall Green Energy Park,BELLMOOR ENERGY PARK LIMITED,North Humber Connection Node E 400kV Substation,,0.00,1000.00,1000.00,2033-10-31,Scoping,Direct Connection,NGET,Energy Storage System,a0l8e000000exh2AAA,PRO-003739,1
NatPower Yaxley Green Energy Park,YAXLEY ENERGY LIMITED,North Anglia Connection Node C 400kV Substation,,0.00,1000.00,1000.00,2034-10-31,Scoping,Direct Connection,NGET,Energy Storage System,a0l8e0000012eVvAAI,PRO-004371,1
NatPower-Medway Energy Park,Old Rides Energy Storage Limited,North Kent Connection Node A 400kV Substation,,0.00,1000.00,1000.00,2034-10-31,Scoping,Direct Connection,NGET,Energy Storage System,a0l8e0000012hy8AAA,PRO-004583,1
NAVAS BESS,OPDE UK LIMITED,Lairg GSP,,0.00,49.90,49.90,2033-10-31,Scoping,Embedded,SHET,Energy Storage System,a0lJ9000000PMW3IAO,PRO-005946,1
Navenby Farm,CODDINGTON 10 RENEWABLES LTD,Coddington 400kV Substation,,0.00,1000.00,1000.00,2034-10-30,Scoping,Direct Connection,NGET,Energy Storage System;PV Array (Photo Voltaic/solar),a0l8e000001HnxlAAC,PRO-004045,1
Navenby GEC (Ethos Green),NAVENBY GREEN ENERGY CENTRE LTD,Navenby 400kV Substation,,0.00,580.00,580.00,2033-10-30,Awaiting Consents,Direct Connection,NGET,Energy Storage System;PV Array (Photo Voltaic/solar),a0l8e000000f5Y8AAI,PRO-003936,1
Neart Na Gaoithe Offshore Wind Farm,NEART NA GAOITHE OFFSHORE WIND LIMITED,Neart Na Gaoithe 220/66KV Offshore Substation,,448.00,0.00,448.00,,Built,Direct Connection,SPT,Wind Offshore,a0l4L0000005irpQAA,PRO-000273,
Necton Greener Grid Park,Necton Grid Solutions Limited,Necton 400kV Substation,1.00,0.00,0.00,0.00,2026-10-31,Consents Approved,Direct Connection,NGET,Energy Storage System;Reactive Compensation,a0l4L000002yQb1QAE,PRO-002562-1,
Necton Greener Grid Park,Necton Grid Solutions Limited,Necton 400kV Substation,2.00,0.00,78.00,78.00,2032-10-31,Awaiting Consents,Direct Connection,NGET,Energy Storage System;Reactive Compensation,a0l4L000002yQb1QAE,PRO-002562-2,
Necton High Impact Energy Hub,TELIS ENERGY UK LIMITED,North Anglia Connection Node B 400kV Substation,,0.00,1000.00,1000.00,2034-10-31,Scoping,Direct Connection,NGET,Energy Storage System;Nuclear;PV Array (Photo Voltaic/solar);Wind Onshore,a0l8e0000012hoPAAQ,PRO-004524,1
Neilston 132,NEILSTON ENERGY LIMITED,Neilston 132kV Substation,,50.00,100.00,150.00,2025-10-31,Built,Direct Connection,SPT,Energy Storage System,a0l4L0000005iYhQAI,PRO-001343,
Neilston 400kV Greener Grid Park,Statkraft UK Ltd,Neilston 400kV Substation,,0.00,600.00,600.00,2029-10-31,Awaiting Consents,Direct Connection,SPT,Energy Storage System,a0l4L0000005iasQAA,PRO-001419,2
Neilston Synchronous Compensation,NEILSTON GRID SERVICES LIMITED,Neilston 400kV Substation,,0.00,0.00,0.00,2025-06-12,Consents Approved,Direct Connection,SPT,Reactive Compensation,a0l4L0000005iahQAA,PRO-001405,
NEL Bluebell,SFEL Bluebell Limited,Leeds North Connection Node C 400kV Substation,,0.00,240.00,240.00,2035-10-30,Scoping,Embedded,NGET,Energy Storage System,a0l8e0000010wjdAAA,PRO-002802,
NEL Conway2,JJS 3 Limited,Leeds North Connection Node C 132kV Substation,,0.00,240.00,240.00,2035-10-31,Scoping,Embedded,NGET,Energy Storage System,a0lJ9000000PDszIAG,PRO-005043,1
NEL Lackenby,Newton Energi Limited,Teeside Connection Node A 132kV Substation,,0.00,228.00,228.00,2035-10-30,Scoping,Embedded,NGET,Energy Storage System,a0l8e000000ewOdAAI,PRO-003658,1
NEL Limes,SFEL Two Limited,North Humber Connection Node B 132kV Substation,,0.00,200.00,200.00,2035-10-30,Scoping,Embedded,NGET,Energy Storage System,a0l8e0000012gYQAAY,PRO-004413,
NEL Nicholson,UE 2 LTD,Thorpe Marsh GSP,,0.00,180.00,180.00,2035-10-31,Scoping,Embedded,NGET,Energy Storage System,a0l8e0000010wkvAAA,PRO-002816,
NEL Springfield,UE 3 LTD,Leeds North Connection Node C 400kV Substation,,0.00,240.00,240.00,2035-10-30,Scoping,Embedded,NGET,Energy Storage System,a0l8e000000evgBAAQ,PRO-003633,
NEL Story,STORY ENERGY LIMITED,Harker 400kV Substation,,0.00,240.00,240.00,2037-11-30,Scoping,Direct Connection,NGET,Energy Storage System,a0l8e000000f5rSAAQ,PRO-003940,1
NEL Suggit,SFEL One Limited,Saltend North GSP,,0.00,240.00,240.00,2035-10-30,Scoping,Embedded,NGET,Energy Storage System,a0l8e0000012gYMAAY,PRO-004412,
NEL Tiger,UE 1 LTD,Ferrybridge B 132kV Substation,,0.00,200.00,200.00,2035-10-30,Scoping,Embedded,NGET,Energy Storage System,a0l8e0000010wkqAAA,PRO-002815,
Net Zero Teesside Power Project,NET ZERO TEESSIDE POWER LIMITED,Tod Point 275kV Substation,,0.00,860.00,860.00,2027-07-30,Consents Approved,Direct Connection,NGET,CCGT (Combined Cycle Gas Turbine);Demand,a0l4L0000005iyzQAA,PRO-001400,
Nether Pitforthie BESS,Opdenergy UK 14 Limited,Fiddes GSP,,0.00,50.00,50.00,2032-10-31,Scoping,Embedded,SHET,Energy Storage System,a0l8e000000TPFcAAO,PRO-003226,
Nethercourt Solar & BESS Farm,Greentech Invest UK (15) Limited,West Anglia Connection Node F 400kV Substation,,0.00,240.00,240.00,2034-10-31,Scoping,Direct Connection,NGET,Energy Storage System;PV Array (Photo Voltaic/solar),a0l8e000000TPXJAA4,PRO-003437,1
Netherton BESS,HARMONY ENERGY LIMITED,Longside 400kV Substation,,0.00,400.00,400.00,2033-10-31,Scoping,Direct Connection,SHET,Energy Storage System,a0l8e0000012j8lAAA,PRO-004626,1
Netherton Hub Bess,Field Netherton Ltd,Longside 400kV Substation,,0.00,200.00,200.00,2033-10-31,Scoping,Direct Connection,SHET,Energy Storage System,a0l8e0000012kjdAAA,PRO-004753,1
New Cumnock BESS,NEW CUMNOCK BESS LTD,New Cumnock 275/132kV Substation,,0.00,450.00,450.00,2033-10-30,Scoping,Direct Connection,SPT,Energy Storage System;PV Array (Photo Voltaic/solar),a0l8e0000011xxPAAQ,PRO-003485,1
New Deer 2 BESS,Field New Deer Ltd,New Deer 2 400kV Substation,,0.00,200.00,200.00,2033-10-31,Scoping,Direct Connection,SHET,Energy Storage System,a0l8e0000012kk2AAA,PRO-004758,1
New Deer Battery Storage,NEW DEER ENERGY CENTRE LIMITED,New Deer 2 400kV Substation,,0.00,500.00,500.00,2033-10-31,Scoping,Direct Connection,SHET,Energy Storage System,a0l4L0000005ixLQAQ,PRO-001987,1
New Deer BESS Station,ABBOTSHAUGH ENERGY STORAGE LIMITED,New Deer 2 400kV Substation,,0.00,500.00,500.00,2032-07-30,Scoping,Direct Connection,SHET,Energy Storage System,a0l4L0000005iPMQAY,PRO-001856,1
New Little Horsted 200MW Solar and BESS,PRIVATE ENERGY PARTNERS (UK) LTD,Sussex and Romney Connection Node A 400kV Substation,,0.00,200.00,200.00,2037-10-31,Scoping,Direct Connection,NGET,Energy Storage System;PV Array (Photo Voltaic/solar),a0l8e0000012kr1AAA,PRO-004783,1
New Marton GEC,NEW MARTON GREEN ENERGY CENTRE LIMITED,Cheshire Connection Node A2 400kV,,0.00,550.00,550.00,2037-10-30,Scoping,Direct Connection,NGET,Demand;Energy Storage System;PV Array (Photo Voltaic/solar);Reactive Compensation,a0lJ9000000blJnIAI,PRO-004796,1
New Marton Solar Farm - PVDP,SolarFour Ltd,Cheshire Connection Node A 400kV Substation,,0.00,780.00,780.00,2037-10-31,Scoping,Direct Connection,NGET,Energy Storage System;PV Array (Photo Voltaic/solar),a0l8e000001HpecAAC,PRO-004139,1
Newark BESS,SSE DE SOLAR HOLDCO LIMITED,Coddington 400kV Substation,,0.00,600.00,600.00,2033-09-30,Scoping,Direct Connection,NGET,Energy Storage System;PV Array (Photo Voltaic/solar),a0l4L000002yQa3QAE,PRO-002556,1
Newarthill Energy Park,Dalzell (Newarthill) Ltd,Newarthill Energy Park 275kV Substation,,0.00,300.00,300.00,2029-10-31,Consents Approved,Direct Connection,SPT,Energy Storage System,a0l4L0000005jACQAY,PRO-002532,2
Newchurch,SSE Newchurch Solar Limited,Newchurch 400kV Substation,,0.00,400.00,400.00,2031-10-04,Scoping,Direct Connection,NGET,Demand;Energy Storage System;PV Array (Photo Voltaic/solar),a0l4L0000005ic4QAA,PRO-002056,
Newchurch High Impact Energy Hub,TELIS ENERGY UK LIMITED,East Kent connection node A 400kV Substation,,0.00,1000.00,1000.00,2037-10-31,Scoping,Direct Connection,NGET,Energy Storage System;Nuclear;PV Array (Photo Voltaic/solar);Wind Onshore,a0l8e0000012hoUAAQ,PRO-004525,1
Newlands Hill Wind Energy Hub,NEWLANDS HILL WIND ENERGY HUB LIMITED,Newlands Hill 132/33kV,,0.00,119.00,119.00,2030-04-03,Scoping,Direct Connection,SPT,Energy Storage System;Wind Onshore,a0l4L000002yQY7QAM,PRO-002549,
Newton of Park BESS 2,Opdenergy UK 16 Limited,Nairn 132/33kV Grid Supply Point Substation,,0.00,50.00,50.00,2028-01-31,Scoping,Embedded,SHET,Energy Storage System,a0l8e0000011z1iAAA,PRO-003562,1
Newtonwood BESS,CARE POWER (NEWTONWOOD) LIMITED,Chesterfield GSP,,0.00,49.90,49.90,2023-08-15,Under Construction/Commissioning,Embedded,NGET,Energy Storage System,a0l8e000001HpwkAAC,PRO-004156,
Ninfield,Ninfield 10 Renewables Limited,Sussex and Romney Connection Node A 400kV Substation,,0.00,1000.00,1000.00,2030-10-31,Scoping,Direct Connection,NGET,Energy Storage System;PV Array (Photo Voltaic/solar),a0l8e000000TPQqAAO,PRO-003408,1
Ninfield BESS,Kona Energy Limited,Sussex and Romney Connection Node A 400kV Substation,,0.00,225.00,225.00,2037-10-31,Scoping,Direct Connection,NGET,Energy Storage System,a0lJ9000000PDvPIAW,PRO-005070,1
Ninfield Green Energy Centre,NINFIELD NG LIMITED,Ninfield 400kV Substation,,0.00,600.00,600.00,2031-10-31,Awaiting Consents,Direct Connection,NGET,Demand;Energy Storage System;PV Array (Photo Voltaic/solar),a0l4L0000005iMYQAY,PRO-002163,1
Ninfield Greener Grid Park,Ninfield Grid Solutions Limited,Ninfield 400kV Substation,1.00,0.00,0.00,0.00,2027-04-30,Awaiting Consents,Direct Connection,NGET,Energy Storage System;Reactive Compensation,a0l4L0000005ihhQAA,PRO-001756-1,
Ninfield Greener Grid Park,Ninfield Grid Solutions Limited,Ninfield 400kV Substation,2.00,0.00,49.90,49.90,2031-01-31,Awaiting Consents,Direct Connection,NGET,Energy Storage System;Reactive Compensation,a0l4L0000005ihhQAA,PRO-001756-2,
Ninfield Greener Grid Park,Ninfield Grid Solutions Limited,Ninfield 400kV Substation,3.00,0.00,400.10,450.00,2037-10-31,Scoping,Direct Connection,NGET,Energy Storage System;Reactive Compensation,a0l4L0000005ihhQAA,PRO-001756-3,
Norfolk Boreas,NORFOLK BOREAS LIMITED,Necton 400kV Substation,1.00,0.00,400.00,400.00,2029-10-01,Awaiting Consents,Direct Connection,NGET,Wind Offshore,a0l4L0000005izTQAQ,PRO-000399-1,
Norfolk Boreas,NORFOLK BOREAS LIMITED,Necton 400kV Substation,2.00,0.00,920.00,1320.00,2030-12-31,Scoping,Direct Connection,NGET,Wind Offshore,a0l4L0000005izTQAQ,PRO-000399-2,
Norfolk001,EPL NEWCO1 LIMITED,Walpole 400kV Substation,,0.00,860.00,860.00,2031-11-30,Scoping,Direct Connection,NGET,Energy Storage System;PV Array (Photo Voltaic/solar),a0l4L0000005iZaQAI,PRO-001996,
Norrington Gate,ADV 004 LIMITED,Melksham B 132KV Substation,,0.00,150.00,150.00,2037-09-15,Consents Approved,Embedded,NGET,Energy Storage System,a0l4L0000005iMFQAY,PRO-002329,
North Falls Offshore Wind Farm,NORTH FALLS OFFSHORE WIND FARM LIMITED,North Falls Offshore Platform Substation,,0.00,1000.00,1000.00,2030-10-31,Scoping,Direct Connection,NGET,Wind Offshore,a0l4L0000005izVQAQ,PRO-000451,
North Killingholme Power Project,Uniper UK Limited,Killingholme 400kV Substation,,0.00,540.00,540.00,2030-09-30,Consents Approved,Direct Connection,NGET,CCGT (Combined Cycle Gas Turbine),a0l4L0000005iaKQAQ,PRO-001038,
North Kyle New Cumnock,NORTH KYLE WIND FARM LIMITED,North Kyle 132/33kV substation,1.00,79.00,,79.00,2025-02-28,Built,Direct Connection,SPT,Wind Onshore,a0l4L0000005inuQAA,PRO-000474-1,2
North Kyle New Cumnock,NORTH KYLE WIND FARM LIMITED,North Kyle 132/33kV substation,2.00,79.00,133.00,212.00,2026-02-04,Built,Direct Connection,SPT,Wind Offshore,a0l4L0000005inuQAA,PRO-000474-2,2
North Lanrigg Battery Storage,North Lanrigg Battery Storage Ltd,North Lanrigg Substation,,0.00,200.00,200.00,2028-10-30,Scoping,Direct Connection,SPT,Demand;Energy Storage System,a0l8e0000010wXzAAI,PRO-002671,
North Lowther Energy Initiative,NLEI LTD,NLEI Windfarm 132/33kV substation,,0.00,151.20,151.20,2031-04-30,Scoping,Direct Connection,SPT,Wind Onshore,a0l4L0000005it0QAA,PRO-000344,
North Ray Solar Farm 2,NORTH RAY SOLAR FARM 2 LTD,Grimsby West GSP,,0.00,180.00,180.00,2035-10-30,Scoping,Embedded,NGET,PV Array (Photo Voltaic/solar),a0l8e0000012hmTAAQ,PRO-004502,1
North-East Offshore Hybrid Asset,National Grid Interconnector Holdings Limited,Kintore GSP,,0.00,1800.00,1800.00,2037-06-30,Scoping,Direct Connection,SHET,Interconnector;Wind Offshore,a0lJ9000000blmhIAA,PRO-004942,1
NorthFleet 2 BESS,CSE41 LIMITED,NorthFleet 400kV Substation,,0.00,300.00,300.00,2028-10-31,Scoping,Direct Connection,NGET,Energy Storage System,a0l4L0000005itrQAA,PRO-002322,
NorthFleet Tertiary,CSE29 LIMITED,Northfleet East 400kV Substation,,0.00,49.90,49.90,2028-06-30,Scoping,Direct Connection,NGET,Energy Storage System;PV Array (Photo Voltaic/solar),a0l4L0000005ibCQAQ,PRO-002038,
Norton,BAYWA R.E. UK LIMITED,Norton 275kV Substation,,0.00,57.00,57.00,2029-06-01,Awaiting Consents,Direct Connection,NGET,Energy Storage System,a0l4L0000005ixsQAA,PRO-001537,
Norton,ENSO GREEN HOLDINGS X LIMITED,Norton East 400kV Substation,,0.00,400.00,400.00,2032-10-31,Scoping,Direct Connection,NGET,Energy Storage System;PV Array (Photo Voltaic/solar),a0l4L0000005itMQAQ,PRO-002157,1
Norton PV and BESS,Darlington Solar 1 Limited,Norton 275kV Substation,,0.00,40.90,40.90,2027-10-31,Consents Approved,Direct Connection,NGET,Energy Storage System;PV Array (Photo Voltaic/solar),a0l4L0000005ixWQAQ,PRO-001437,
Norton Solar Farm,RWE Renewables UK Solar and Storage Limited,Norton GSP,,0.00,180.00,180.00,2031-10-31,Scoping,Embedded,NGET,PV Array (Photo Voltaic/solar),a0l4L0000005iXmQAI,PRO-001875,
Norwich,PIVOTED POWER LLP,Norwich Main 400kV Substation,,0.00,57.00,57.00,2025-12-18,Consents Approved,Direct Connection,NGET,Energy Storage System;PV Array (Photo Voltaic/solar),a0l4L0000005iclQAA,PRO-001077,
Norwich 100MW BESS,FLEXION ENERGY SPV 2 LTD,Norwich Main 132kV,,0.00,100.00,100.00,2031-10-31,Scoping,Embedded,NGET,Energy Storage System,a0l4L0000005iXNQAY,PRO-002126,
Norwich 2,EDF ENERGY RENEWABLES LIMITED,Norwich Main 400kV Substation,,0.00,28.00,28.00,2033-06-30,Scoping,Direct Connection,NGET,PV Array (Photo Voltaic/solar);Wind Onshore,a0l4L0000005itQQAQ,PRO-002408,1
Norwich Green Energy Centre,Norwich NG Limited,Norwich Main 400kW Substation,,0.00,400.00,400.00,2031-04-30,Awaiting Consents,Direct Connection,NGET,Demand;Energy Storage System;PV Array (Photo Voltaic/solar),a0l4L0000005iixQAA,PRO-001771,
Norwich Main BESS,TASWAY ENERGY PARK LIMITED,North Anglia Connection Node A 400kV,1.00,0.00,249.90,249.90,2032-10-31,Scoping,Direct Connection,NGET,Energy Storage System;PV Array (Photo Voltaic/solar),a0l8e000000f4xHAAQ,PRO-003894-1,1
Norwich Main BESS,TASWAY ENERGY PARK LIMITED,North Anglia Connection Node A 400kV,2.00,0.00,700.00,949.90,2034-10-31,Scoping,Direct Connection,NGET,Energy Storage System;PV Array (Photo Voltaic/solar),a0l8e000000f4xHAAQ,PRO-003894-2,1
Norwich Yare,ASHGREEN ENERGYFARM LIMITED,Norwich GSP,,0.00,49.50,49.50,2025-12-18,Consents Approved,Direct Connection,NGET,Energy Storage System;PV Array (Photo Voltaic/solar),a0l4L0000005icmQAA,PRO-001076,
Novar 2 Wind Farm,HEADWIND DEVELOPMENT SERVICES LIMITED,Alness GSP,,0.00,43.20,43.20,2032-10-31,Scoping,Embedded,SHET,Wind Onshore,a0l8e0000012kptAAA,PRO-004775,1
Noventum - Astwood,NOVENTUM POWER SOLAR 12 LIMITED,West Anglia Connection Node C 400kV Substation,,0.00,480.00,480.00,2034-10-31,Scoping,Direct Connection,NGET,Energy Storage System;PV Array (Photo Voltaic/solar),a0l8e0000012j9PAAQ,PRO-004635,1
Noventum - Biggleswade,NOVENTUM POWER SOLAR 7 LIMITED,Biggleswade 400kV Substation,,0.00,249.00,249.00,2037-10-31,Scoping,Direct Connection,NGET,Energy Storage System;PV Array (Photo Voltaic/solar),a0l8e000000ViASAA0,PRO-004337,1
Noventum - Budby,NOVENTUM POWER SOLAR 15 LIMITED,Trent Valley South Connection Node D 400kV Substation,,0.00,380.00,380.00,2035-10-30,Scoping,Direct Connection,NGET,Energy Storage System;PV Array (Photo Voltaic/solar),a0l8e0000012jJEAAY,PRO-004652,1
Noventum - Stocksbridge,NOVENTUM POWER SOLAR 14 LIMITED,Leeds South Connection Node C 400kV Substation,,0.00,410.00,410.00,2035-10-30,Scoping,Direct Connection,NGET,Energy Storage System,a0l8e0000012jKHAAY,PRO-004661,1
Noventum- Bridgwater,NOVENTUM POWER SOLAR 13 LIMITED,Woolavington 400kV Substation,,0.00,380.00,380.00,2037-10-31,Scoping,Direct Connection,NGET,Energy Storage System,a0l8e0000012jJ4AAI,PRO-004650,1
Noventum Cottered,NOVENTUM POWER SOLAR 5 LIMITED,West Anglia Connection Node D 400kV Substation,,0.00,210.00,210.00,2034-10-31,Scoping,Direct Connection,NGET,Energy Storage System;PV Array (Photo Voltaic/solar),a0l8e000001Hom7AAC,PRO-004092,1
Noventum Hawthorn Pit,NOVENTUM POWER SOLAR 2 LIMITED,Wearside Connection Node B 400kV Substation,,0.00,57.00,57.00,2035-10-30,Scoping,Direct Connection,NGET,Energy Storage System;PV Array (Photo Voltaic/solar),a0l8e000000eySmAAI,PRO-003757,
Noventum -Long Stratton,Noventum Power Solar 8 Limited,North Anglia Connection Node A 400kV,,0.00,460.00,460.00,2034-10-31,Scoping,Direct Connection,NGET,Energy Storage System;PV Array (Photo Voltaic/solar),a0l8e0000012gHLAAY,PRO-004405,1
Noventum Market Harborough,NOVENTUM POWER SOLAR 1 LIMITED,West Anglia Connection Node F 400kV Substation,,0.00,249.00,249.00,2034-10-31,Scoping,Direct Connection,NGET,Energy Storage System;PV Array (Photo Voltaic/solar),a0l8e000000eySrAAI,PRO-003759,1
Noventum Navenby,NOVENTUM POWER SOLAR 4 LIMITED,Trent Valley South Connection Node C 400kV Substation,,0.00,249.00,249.00,2035-10-30,Scoping,Direct Connection,NGET,Energy Storage System;PV Array (Photo Voltaic/solar),a0l8e000000f57EAAQ,PRO-003915,
Noventum -New Marton,NOVENTUM POWER SOLAR 11 LIMITED,Cheshire Connection Node A 400kV Substation,,0.00,510.00,510.00,2037-10-30,Scoping,Direct Connection,NGET,Energy Storage System;PV Array (Photo Voltaic/solar),a0l8e0000012j9KAAQ,PRO-004634,
Noventum Yaxley,NOVENTUM POWER SOLAR 3 LIMITED,North Anglia Connection Node E 400kV Substation,,0.00,150.00,150.00,2034-10-31,Scoping,Direct Connection,NGET,Energy Storage System;PV Array (Photo Voltaic/solar),a0l8e000000eySnAAI,PRO-003758,1
Nursling Flexible Generation,SOUTH ENG FLEXIBLE GENERATION LIMITED,Nursling 400kV Substation,,0.00,1500.00,1500.00,2038-10-30,Scoping,Direct Connection,NGET,CCGT (Combined Cycle Gas Turbine),a0l8e000001Hy5dAAC,PRO-004325,
Nursling Tertiary,NURSLING ENERGY TWO LIMITED,Nursling 400kV Substation,,49.90,0.00,49.90,,Built,Direct Connection,NGET,Energy Storage System,a0l4L0000005iwMQAQ,PRO-001051,
Oak Holt Solar,RWE Renewables UK Solar and Storage Limited,Trent Valley South Connection Node C 400kV Substation,,0.00,400.00,400.00,2034-10-30,Scoping,Direct Connection,NGET,Energy Storage System;PV Array (Photo Voltaic/solar),a0l8e0000012hpYAAQ,PRO-004539,1
Oaklands Farm Solar PV,OAKLANDS FARM SOLAR LIMITED.,Drakelow 132kV Substation,,0.00,162.30,162.30,2027-06-30,Scoping,Direct Connection,NGET,Energy Storage System;PV Array (Photo Voltaic/solar),a0l4L0000005iz6QAA,PRO-001004,
Oakley,SSE DE SOLAR HOLDCO LIMITED,Oakley 400kV Substation,,0.00,600.00,600.00,2038-11-01,Scoping,Direct Connection,NGET,Demand;Energy Storage System;PV Array (Photo Voltaic/solar),a0l8e000000f414AAA,PRO-003818,1
Ochill BESS,CARLTON POWER LIMITED,Ochill 132kV Substation,,0.00,49.50,49.50,2028-08-18,Scoping,Direct Connection,SPT,Energy Storage System,a0l4L0000005jAlQAI,PRO-002536,
Ocker Hill - Gresham House,Ocker Hill Storage Limited,Ocker Hill 275kV Substation,,0.00,240.00,240.00,2027-10-30,Scoping,Direct Connection,NGET,Energy Storage System,a0l4L0000005iuBQAQ,PRO-002213,
Ocker Hill Tertiary Connection,HD143OCK LTD,Ocker Hill 275kV Substation,,57.00,0.00,57.00,,Built,Direct Connection,NGET,Energy Storage System,a0l4L0000005iw7QAA,PRO-000462,
Offerton 200MW BESS,Decerna Limited,Wearside Connection Node B2 400kV substation,,0.00,200.00,200.00,2035-10-30,Scoping,Direct Connection,NGET,Energy Storage System,a0lJ9000000bldHIAQ,PRO-004910,1
Old Flatts Farm,Net Zero One Ltd,Brinsworth 400kV Substation,1.00,0.00,750.00,750.00,2029-10-30,Scoping,Direct Connection,NGET,Energy Storage System;PV Array (Photo Voltaic/solar),a0l4L0000005iQbQAI,PRO-001894-1,
Old Flatts Farm,Net Zero One Ltd,Brinsworth 400kV Substation,2.00,0.00,750.00,1500.00,2035-10-30,Scoping,Direct Connection,NGET,Energy Storage System;PV Array (Photo Voltaic/solar),a0l4L0000005iQbQAI,PRO-001894-2,
Old Park Farm,STARLIGHT ENERGY UK LIMITED,Axminster 132kV Substation,,0.00,200.00,200.00,2038-10-31,Scoping,Direct Connection,NGET,Energy Storage System;PV Array (Photo Voltaic/solar),a0l8e0000012kfgAAA,PRO-004719,
Old Stoke Rd BESS,CUBICO UK DEVELOPMENT LIMITED,North Anglia Connection Node A 132kV Substation,,0.00,105.00,105.00,2034-10-31,Scoping,Embedded,NGET,Energy Storage System,a0lJ9000000PFJZIA4,PRO-005896,
Oldbury (Tertiary),PIVOTED POWER LLP,Oldbury 275kV Substation,1.00,0.00,49.90,49.90,2027-06-30,Awaiting Consents,Direct Connection,NGET,Energy Storage System,a0l4L0000005icoQAA,PRO-001074-1,1
Oldbury (Tertiary),PIVOTED POWER LLP,Oldbury 275kV Substation,2.00,0.00,7.10,57.00,2037-10-31,Awaiting Consents,Direct Connection,NGET,Energy Storage System,a0l4L0000005icoQAA,PRO-001074-2,1
Olivers Forest Wind Farm,Oliver Forest Wind Farm Limited,Olivers Forest Wind Farm 132kV Substation,,0.00,79.20,79.20,2031-04-30,Awaiting Consents,Direct Connection,SPT,Wind Onshore,a0l8e0000010wVjAAI,PRO-002648,1
One Earth Solar Farm,ONE EARTH SOLAR FARM LIMITED,High Marnham 400kV Substation,,0.00,740.00,740.00,2029-10-31,Scoping,Direct Connection,NGET,Energy Storage System;PV Array (Photo Voltaic/solar),a0l4L0000005izsQAA,PRO-001599,
Orchard BESS,RE Projects Development Limited,Staffordshire Connection Node B 132kV Substation,,0.00,100.00,100.00,2035-10-31,Scoping,Embedded,NGET,Energy Storage System,a0l8e000000eybRAAQ,PRO-003762,1
Orddu Energy Park,Orddu Energy Park Limited,North Wales connection Node A 400kV Substation,,0.00,85.80,85.80,2037-10-31,Scoping,Direct Connection,NGET,Wind Onshore,a0l8e000000f4ZAAAY,PRO-003851,
Ormonde Offshore Wind Farm,ORMONDE ENERGY LIMITED,Ormonde 33/132kV Offshore Substation,,150.00,0.00,150.00,,Built,Direct Connection,OFTO,Wind Offshore,a0l4L0000005iqFQAQ,PRO-000216,
Orrin (part of the Conon Cascade),SSE GENERATION LIMITED,Orrin GSP,,18.00,0.00,18.00,,Built,Direct Connection,SHET,Hydro,a0l4L0000005ipSQAQ,PRO-000178,
Osbaldwick PV & BESS Sub,YORK ENERGY PARK LIMITED,Osbaldwick 400kV Substation,,0.00,249.90,249.90,2033-08-30,Scoping,Direct Connection,NGET,Energy Storage System;PV Array (Photo Voltaic/solar),a0l8e0000010wPCAAY,PRO-002582,1
Ossian 1 Offshore Wind Farm,Ossian Offshore Wind Farm Limited,Brechin 400/275 kV Substation,,0.00,1320.00,1320.00,2033-10-31,Scoping,Direct Connection,SHET,Wind Offshore,a0l4L0000005iecQAA,PRO-001488,
Ossian 2 Offshore Wind Farm,Ossian Offshore Wind Farm Limited,Western Marsh 400kV,,0.00,600.00,600.00,2031-10-31,Scoping,Direct Connection,NGET,Wind Offshore,a0l4L0000005ieeQAA,PRO-001491,
Ossian 3 Offshore Wind Farm,Ossian Offshore Wind Farm Limited,Western Marsh 400kV,,0.00,600.00,600.00,2033-10-31,Scoping,Direct Connection,NGET,Wind Offshore,a0l4L0000005iedQAA,PRO-001489,
Ossian 4 Offshore Wind Farm,Ossian Offshore Wind Farm Limited,Cousland 400kV,,0.00,1008.00,1008.00,2033-10-31,Scoping,Direct Connection,NGET,Wind Offshore,a0l4L0000005iwQQAQ,PRO-002145,
Ourack Wind Farm,OURACK WIND FARM LLP,Ourack Wind Farm 132/33 kV Substation,,0.00,105.00,105.00,2030-10-31,Scoping,Direct Connection,SHET,Energy Storage System;Wind Onshore,a0l4L0000005izDQAQ,PRO-001490,
Ouse Energy Storage,Ouse Energy Limited,Kemsley 400kV Substation,,0.00,249.00,249.00,2027-10-27,Scoping,Direct Connection,NGET,Energy Storage System,a0l4L0000005iPRQAY,PRO-001861,
Outh Muir Energy Park,Grupotec Solar UK 4 Ltd,Dunfermline 132/33kV,,0.00,60.00,60.00,2028-04-12,Scoping,Embedded,SPT,Energy Storage System;PV Array (Photo Voltaic/solar),a0l4L0000005iMVQAY,PRO-002456,
Overhill BESS,PULSE CLEAN ENERGY SPV WATT LIMITED,Rothienorman 2 400/33kV GSP,,0.00,49.90,49.90,2024-10-31,Consents Approved,Embedded,SHET,Energy Storage System,a0l4L0000005iSuQAI,PRO-001974,
Overhill Wind Farm,ENERGYFARM UK OVERHILL LLP,Overhill 132kV Substation,,0.00,50.00,50.00,2029-06-06,Consents Approved,Direct Connection,SPT,Wind Onshore,a0l4L0000005inwQAA,PRO-000472,
Overton Grange BESS,ANESCO LIMITED,Wearside Connection Node D 400kV Substation,,0.00,300.00,300.00,2035-10-30,Scoping,Direct Connection,NGET,Energy Storage System,a0l8e0000012hxtAAA,PRO-004580,1
Overton Green Energy Centre,OVERTON NG LIMITED,Overton 275kV,,0.00,1025.00,1025.00,2035-10-24,Awaiting Consents,Direct Connection,NGET,Demand;Energy Storage System;PV Array (Photo Voltaic/solar),a0l4L0000005iwqQAA,PRO-002252,
Overton Solar & Storage Farm,ELEMENTS GREEN LIMITED,Overton 275kV,,0.00,1400.00,1400.00,2032-06-01,Scoping,Direct Connection,NGET,Energy Storage System;PV Array (Photo Voltaic/solar),a0l4L0000005iuEQAQ,PRO-002175,
OVERTON440MW BESS,CARE POWER (OVERTON) LIMITED,North Humber Connection Node E 400kV Substation,,0.00,440.00,440.00,2035-10-30,Scoping,Embedded,NGET,Energy Storage System,a0l8e000000f5zuAAA,PRO-003941,
OWPL Windfarm,OFFSHORE WIND POWER LIMITED,Banniskirk 400kV Substation,1.00,0.00,750.00,750.00,2029-12-31,Scoping,Direct Connection,SHET,Wind Offshore,a0l4L0000005iqSQAQ,PRO-000568-1,
OWPL Windfarm,OFFSHORE WIND POWER LIMITED,Banniskirk 400kV Substation,2.00,0.00,1500.00,2250.00,2030-12-31,Scoping,Direct Connection,SHET,Wind Offshore,a0l4L0000005iqSQAQ,PRO-000568-2,
Oxfordshire Energy Park,Low Carbon Solar Park 40 Limited,Chiltern Connection Node D 400kV,,0.00,500.00,500.00,2037-10-31,Scoping,Direct Connection,NGET,Energy Storage System;PV Array (Photo Voltaic/solar),a0l8e000001HoTdAAK,PRO-004076,1
Pamber Farm,Queequeg Renewables Ltd,Bramley,,0.00,480.00,480.00,2037-10-31,Awaiting Consents,Direct Connection,NGET,Energy Storage System,a0l8e0000010wg0AAA,PRO-002763,
Park Farm Hybrid Solar and BESS,VOLTALIA UK LTD,Derbyshire Connection Node A 400kV Substation,,0.00,332.40,332.40,2037-10-30,Scoping,Direct Connection,NGET,Demand;Energy Storage System;PV Array (Photo Voltaic/solar),a0l8e000000f4Z5AAI,PRO-003850,
Partridge Farm BESS,Apatura Battery Ltd,Sellindge 400kV Substation,,0.00,500.00,500.00,2037-10-31,Scoping,Direct Connection,NGET,Energy Storage System,a0l8e000000TPc5AAG,PRO-003445,1
Patch Elm Solar Substation,VOLTIS PEOPLE LIMITED,Folly Farm 132kV Substation,,0.00,200.00,200.00,2036-12-06,Scoping,Embedded,NGET,Energy Storage System;PV Array (Photo Voltaic/solar),a0l4L0000005iX5QAI,PRO-002347,
Patford Bridge BESS,Kona Energy Limited,Derbyshire Connection Node I 400kV Substation,,0.00,228.00,228.00,2037-10-30,Scoping,Direct Connection,NGET,Energy Storage System,a0lJ9000000PDuvIAG,PRO-005065,
Patford Bridge PV & BESS,NORTHAMPTON ENERGY PARK LIMITED,Patford Bridge 400kV Substation,,0.00,249.90,249.90,2033-10-30,Scoping,Direct Connection,NGET,Energy Storage System;PV Array (Photo Voltaic/solar),a0l8e000001HrhdAAC,PRO-004213,1
Patmores (Mott Street),INNOVA RENEWABLES LIMITED,London North East Connection Node A 132kv Substation,,0.00,200.00,200.00,2038-10-31,Scoping,Embedded,NGET,Energy Storage System,a0l8e0000012ghOAAQ,PRO-004452,1
Peak Gen Barry,PEAK GEN POWER 6 LIMITED,Aberthaw 132kV Substation,,20.00,0.00,20.00,,Built,Embedded,NGET,Energy Storage System,a0l8e000000f4xgAAA,PRO-003899,
Peak Gen BEGA,PEAK GEN POWER 2 LIMITED,Walpole 132kV Substation,,20.50,0.00,20.50,,Built,Embedded,NGET,Oil & AGT (Advanced Gas Turbine),a0l4L0000005iX9QAI,PRO-001302,
Peak Gen Bracknell,PEAK GEN POWER 11 LIMITED,Fleet 132KV Substation,,20.00,0.00,20.00,,Built,Embedded,NGET,Oil & AGT (Advanced Gas Turbine),a0l8e000000f4xbAAA,PRO-003898,
Peak Gen Fareham,PEAK GEN POWER 13 LIMITED,Nursling 132kV Substation,,21.00,0.00,21.00,,Built,Embedded,NGET,Gas Reciprocating,a0l8e000000f4xqAAA,PRO-003901,
Peak Gen Havant,PEAK GEN POWER 18 LIMITED,Lovedean 132KV Substation,,21.00,0.00,21.00,,Built,Embedded,NGET,Oil & AGT (Advanced Gas Turbine),a0l8e000000f4y0AAA,PRO-003903,
Peak Gen Llandarcy,PEAK GEN POWER 5 LIMITED,Swansea North 400kV Substation,,21.00,0.00,21.00,,Built,Embedded,NGET,Gas Reciprocating,a0l8e000000f4xlAAA,PRO-003900,
Peak Gen Makro Exeter,PEAK GEN POWER 14 LIMITED,Exeter 132kV Substation,,20.00,0.00,20.00,,Built,Embedded,NGET,Reactive Compensation,a0l8e000000f4y5AAA,PRO-003904,
Peak Gen Southampton,W4B RENEWABLE ENERGY LIMITED,Nursling GSP,,24.00,0.00,24.00,,Built,Embedded,NGET,Gas Reciprocating,a0l8e000000f4xvAAA,PRO-003902,
Peat Law Renewable Energy Park,VOLTALIA UK LTD,Peat Law Renewable Energy Park 132kV Substation,,0.00,253.28,253.28,2033-05-30,Scoping,Direct Connection,SPT,Energy Storage System;PV Array (Photo Voltaic/solar);Wind Onshore,a0lJ9000000PDr8IAG,PRO-005030,1
Pelham 400,ENSO GREEN HOLDINGS X LIMITED,West Anglia Connection Node E 400kV Substation,,0.00,400.00,400.00,2034-10-31,Scoping,Direct Connection,NGET,Energy Storage System;PV Array (Photo Voltaic/solar),a0lJ9000000blPqIAI,PRO-004867,1
Pelham BESS,PELHAM ENERGY PARK LIMITED,Pelham 400kV Substation,,0.00,249.90,249.90,2032-10-31,Scoping,Direct Connection,NGET,Energy Storage System,a0l8e0000010wVKAAY,PRO-002645,
Pelham GEC (Ethos Green),PELHAM GREEN ENERGY CENTRE LTD,Pelham 400kV Substation,,0.00,480.00,480.00,2035-05-31,Awaiting Consents,Direct Connection,NGET,Energy Storage System,a0l8e000000f7xsAAA,PRO-004021,
Pembroke (spare bay),Pembroke Green Limited,Pembroke 132kV Substation,,0.00,120.00,120.00,2028-07-30,Consents Approved,Direct Connection,NGET,Energy Storage System,a0l4L0000005iokQAA,PRO-000538,
Pembroke BESS,RWE GENERATION UK PLC,Pembroke 400kV Substation,1.00,0.00,285.00,285.00,2029-03-07,Awaiting Consents,Direct Connection,NGET,Energy Storage System,a0l4L0000005iyYQAQ,PRO-000337-1,2
Pembroke BESS,RWE GENERATION UK PLC,Pembroke 400kV Substation,2.00,0.00,65.00,350.00,2029-05-25,Scoping,Direct Connection,NGET,Energy Storage System,a0l4L0000005iyYQAQ,PRO-000337-2,2
Pembroke BESS and Solar Station,Renesola Hercules Energy 1 Limited,Pembroke 400kV Substation,,0.00,99.90,99.90,2028-10-31,Awaiting Consents,Direct Connection,NGET,Energy Storage System;PV Array (Photo Voltaic/solar),a0l4L0000005ia1QAA,PRO-002003,
Pembroke Power Station,RWE GENERATION UK PLC,Pembroke 400kV Substation,,2199.00,0.00,2199.00,,Built,Direct Connection,NGET,Demand;Hydrogen,a0l4L0000005imAQAQ,PRO-000056,
Pen Y Cymoedd Wind Farm,PEN Y CYMOEDD WIND FARM LIMITED,Rhigos 400kV Substation,,228.00,0.00,228.00,,Built,Direct Connection,NGET,Wind Onshore,a0l4L0000005iwNQAQ,PRO-000217,
Pencloe Windfarm,PENCLOE WIND ENERGY LIMITED,Pencloe 132/33kV Substation,1.00,81.00,0.00,81.00,,Built,Direct Connection,SPT,Wind Onshore,a0l4L0000005isjQAA,PRO-000323-1,2
Pencloe Windfarm,PENCLOE WIND ENERGY LIMITED,Pencloe 132/33kV Substation,2.00,0.00,34.00,115.00,2028-04-01,Awaiting Consents,Direct Connection,SPT,Energy Storage System;Wind Onshore,a0l4L0000005isjQAA,PRO-000323-2,1
Peninsula Energy Park,Renantis UK Limited,PENINSULA ENERGY PARK 220kV SUBSTATION,,0.00,249.90,249.90,2035-10-31,Scoping,Direct Connection,SHET,Wind Onshore,a0lJ9000000blsMIAQ,PRO-004961,1
Penketh Hall Farm,Net Zero One Ltd,Fiddlers Ferry 275kV Substation,,0.00,249.90,249.90,2027-09-01,Scoping,Direct Connection,NGET,Energy Storage System,a0l4L0000005iYJQAY,PRO-001932,1
Penn Battery Storage,ANGLO ENERGY STORAGE LTD,Penn 275kV Substation,,0.00,249.00,249.00,2033-06-30,Scoping,Direct Connection,NGET,Energy Storage System,a0l8e0000010wa7AAA,PRO-002696,
Penn Renewable BESS & Substation,O&G Solar (SPV 30) Limited,Penn 132kV Substation,,0.00,99.90,99.90,2034-10-31,Scoping,Direct Connection,NGET,Energy Storage System;PV Array (Photo Voltaic/solar),a0l4L0000005itsQAA,PRO-002393,
Penninghame Wind Farm,EDF ENERGY RENEWABLES LIMITED,Penninghame Substation,,0.00,60.00,60.00,2031-10-31,Scoping,Direct Connection,SPT,Wind Onshore,a0l8e0000010wm8AAA,PRO-002830,1
Penrhiwdarren Farm,QAIR RENEWABLES UK LIMITED,Cilfynydd 400kV Substation,,0.00,500.00,500.00,2037-09-15,Scoping,Direct Connection,NGET,Energy Storage System,a0l8e000000f41sAAA,PRO-003828,1
Pentir Green Energy Centre,INNOVA RENEWABLES LIMITED,Pentir 400kV Substation,,0.00,1025.00,1025.00,2037-10-31,Awaiting Consents,Direct Connection,NGET,Demand;Energy Storage System;PV Array (Photo Voltaic/solar),a0l4L0000005il9QAA,PRO-002345,1
Pentland Floating Offshore Wind Farm,HIGHLAND WIND LIMITED,Pentland Floating Offshore Wind Farm 132/66kV substation,,0.00,100.00,100.00,2027-10-31,Scoping,Direct Connection,SHET,Wind Offshore,a0l4L0000005idGQAQ,PRO-001472,
Penwortham (Redscar),CONRAD (REDSCAR) LIMITED,Penwortham GSP,,40.00,0.00,40.00,,Built,Embedded,NGET,Energy Storage System,a0l4L0000005iSQQAY,PRO-000914,
Penwortham BESS,CSE28 LIMITED,Penwortham 400kV Substation,,0.00,57.00,57.00,2031-06-01,Scoping,Direct Connection,NGET,Energy Storage System,a0l4L0000005ibBQAQ,PRO-002037,1
Penwortham BESS,PENWORTHAM (BES) LTD,Penwortham 400kV Substation,,0.00,57.00,57.00,2028-10-30,Scoping,Direct Connection,NGET,Energy Storage System,a0l4L0000005iuXQAQ,PRO-001804,2
Penwortham Green Energy Centre,Penwortham NG Limited,Penwortham 400kV Substation,,0.00,600.00,600.00,2035-10-30,Awaiting Consents,Direct Connection,NGET,Demand;Energy Storage System;PV Array (Photo Voltaic/solar),a0l4L0000005ierQAA,PRO-001694,1
Perry Barr BESS,Perry Barr Limited,Warwickshire Connection Node F 400kV Substation,,0.00,249.00,249.00,2037-10-30,Scoping,Direct Connection,NGET,Energy Storage System,a0l8e0000012kikAAA,PRO-004745,1
Persley Croft BESS,Persley Croft BESS Ltd,Persley 132/33kV GSP Substation,,0.00,50.00,50.00,2026-07-31,Scoping,Embedded,SHET,Energy Storage System,a0l4L000002yQXEQA2,PRO-002546,2
Perwinnes,PERWINNES SOLAR AND BATTERY STORAGE LIMITED,Dyce 132/33kV Substation,,0.00,45.00,45.00,2028-10-31,Scoping,Embedded,SHET,Energy Storage System;PV Array (Photo Voltaic/solar),a0l4L0000005iYKQAY,PRO-001934,2
Peterborough,RIVER NENE POWER LIMITED,Walpole 132kV Substation,,245.00,0.00,245.00,,Built,Embedded,NGET,CCGT (Combined Cycle Gas Turbine),a0l4L0000005iVjQAI,PRO-000218,
Peterhead,SSE THERMAL GENERATION (SCOTLAND) LIMITED,Peterhead GSP,,1180.00,0.00,1180.00,,Built,Direct Connection,SHET,CCGT (Combined Cycle Gas Turbine),a0l4L0000005impQAA,PRO-000082,
Peterhead Battery,PETERHEAD FLEXPOWER LTD,Peterhead 400kV Substation,,0.00,500.00,500.00,2033-10-31,Scoping,Direct Connection,SHET,Energy Storage System,a0l4L0000005iZdQAI,PRO-001999,1
Peterhead Carbon Capture,SSE THERMAL GENERATION (SCOTLAND) LIMITED,Peterhead 275kV,,0.00,910.00,910.00,2033-10-31,Scoping,Direct Connection,SHET,CCGT (Combined Cycle Gas Turbine),a0l8e0000012hooAAA,PRO-004529,
Peterhead PV and BESS Station,ETP UK 2 LTD,New Deer 2 400kV Substation,,0.00,480.00,480.00,2033-10-31,Awaiting Consents,Direct Connection,SHET,Energy Storage System;PV Array (Photo Voltaic/solar),a0l8e0000010wh3AAA,PRO-002775,
Petre Street,MERCIA POWER RESPONSE LIMITED,Pitsmoor GSP,,0.00,49.50,49.50,2034-10-31,Scoping,Embedded,NGET,Energy Storage System,a0l8e000000ew2OAAQ,PRO-003643,
Petroc Extension Offshore Wind Farm,BLUEFLOAT ENERGY UK HOLDINGS LIMITED,Alverdiscott 400kV Substation,,0.00,1000.00,1000.00,2036-12-06,Scoping,Direct Connection,NGET,Wind Offshore,a0l4L0000005iM5QAI,PRO-002404,
Petroc Offshore Wind Farm,BLUEFLOAT ENERGY UK HOLDINGS LIMITED,Alverdiscott 400kV Substation,,0.00,300.00,300.00,2029-03-31,Scoping,Direct Connection,NGET,Wind Offshore,a0l4L0000005j1UQAQ,PRO-001661,1
Philiphaugh Wind Farm,EDF ENERGY RENEWABLES LIMITED,Philipaugh Substation,,0.00,175.00,175.00,2033-05-30,Scoping,Direct Connection,SPT,Wind Onshore,a0l8e0000010wbAAAQ,PRO-002708,1
Phoenix 1B Offshore Wind Farm,Morven Offshore Wind Limited,Near Branxton 400kV Substation,,0.00,1500.00,1500.00,2033-10-31,Scoping,Direct Connection,SPT,Wind Offshore,a0l4L0000005izKQAQ,PRO-001519,
Pigeon House BESS,Voltwise Power Holdings Limited,Solent Connection Node B 132kV Substation,,0.00,120.00,120.00,2037-10-30,Scoping,Embedded,NGET,Energy Storage System,a0lJ9000000PH5LIAW,PRO-005933,
Pillswood BESS Phase 1,HEIT PW LIMITED,Creyke Beck GSP,,49.90,0.00,49.90,,Built,Embedded,NGET,Energy Storage System,a0l4L0000005iRRQAY,PRO-001905,
Pillswood BESS Phase 2,HEIT PW2 LIMITED,Creyke Beck GSP,,49.90,0.00,49.90,,Built,Embedded,NGET,Energy Storage System,a0l4L0000005iRSQAY,PRO-001906,
Pines Burn Wind Farm,PINES BURN WIND FARM LLP,Hawick GSP,,0.00,50.00,50.00,2023-08-02,Consents Approved,Embedded,SPT,Wind Onshore,a0l4L0000005iQoQAI,PRO-000897,
Pitcox BESS,ABEI ENERGY LIMITED,Dunbar 132/33kV,,0.00,95.76,95.76,2032-07-31,Scoping,Direct Connection,SPT,Energy Storage System,a0lJ9000000PNKMIA4,PRO-005985,1
Pitkerro Road,Vital Energi Solutions Limited,Milton of Craigie GSP,,0.00,49.90,49.90,2033-10-31,Scoping,Embedded,SHET,Energy Storage System,a0l4L0000005iWwQAI,PRO-002457,
Pitkevy BESS,HARMONY ENERGY LIMITED,Conland Substation,,0.00,200.00,200.00,2034-10-31,Scoping,Direct Connection,SPT,Energy Storage System,a0lJ9000000PEBRIA4,PRO-005119,1
Pitlochry (part of the Clunie Cascade),SSE GENERATION LIMITED,Pitlochry (Clunie Cascade Hydro Scheme),,15.00,0.00,15.00,,Built,Embedded,SHET,Hydro,a0l4L0000005iVZQAY,PRO-000179,
Pittlesheugh Farm,Pittlesheugh Farm BESS Limited,Eccles 400/132kV,,0.00,340.00,340.00,2030-10-31,Scoping,Direct Connection,SPT,Energy Storage System,a0l4L000002yQXdQAM,PRO-002547,1
Pivot Power Harker Hybrid,PIVOTED POWER LLP,Harker 400/132KV Substation,,0.00,57.00,57.00,2029-10-31,Consents Approved,Direct Connection,NGET,Energy Storage System;PV Array (Photo Voltaic/solar),a0l4L0000005iu0QAA,PRO-001065,1
Plas Power Estate North Tertiary,LIGHTSOURCE SPV 192 LIMITED,Legacy 400kV Substation,,0.00,57.00,57.00,2028-05-31,Scoping,Direct Connection,NGET,Energy Storage System;PV Array (Photo Voltaic/solar),a0l4L0000005ixJQAQ,PRO-001050,
Plymouth Main,VIRIDIS 178 LIMITED,Landulph GSP,,25.52,0.00,25.52,,Built,Embedded,NGET,CHP (Combined Heat and Power),a0l4L0000005iUlQAI,PRO-000362,
Plymouth Rock,VIRIDIS 178 LIMITED,Landulph GSP,,15.08,0.00,15.08,,Built,Embedded,NGET,CHP (Combined Heat and Power),a0l4L0000005iUmQAI,PRO-000363,
Pogbie Wind Farm,POGBIE WIND FARM (GRID) LIMITED,Pogbie 33kV,,9.60,0.00,9.60,,Built,Direct Connection,SPT,Wind Onshore,a0l4L0000005irKQAQ,PRO-000263,
Pollie Hill Wind Farm,POLLIE HILL WIND FARM LIMITED,POLLIE HILL WIND FARM 132KV SUBSTATION,,0.00,92.40,92.40,2031-10-31,Scoping,Direct Connection,SHET,Wind Onshore,a0l8e000000eybvAAA,PRO-003767,
Pollington Hybrid,EDF ENERGY RENEWABLES LIMITED,Leeds North Connection Node B 400kV Substation,,0.00,440.00,440.00,2035-10-30,Scoping,Direct Connection,NGET,Energy Storage System;PV Array (Photo Voltaic/solar);Wind Onshore,a0lJ9000000PDtYIAW,PRO-005049,1
Pond Flexible Energy Park,Pond Flexible Energy Park Limited,Pond Flexible Energy Park 132kV Substation,,0.00,200.00,200.00,2031-06-30,Scoping,Direct Connection,SPT,Energy Storage System,a0l8e000000TPDMAA4,PRO-003201,
Pond Hill Farm 1,PD688IRO LTD,Minety 400kV Substation,,0.00,47.50,47.50,2025-04-30,Consents Approved,Direct Connection,NGET,Energy Storage System,a0l4L0000005ixqQAA,PRO-001637,
Pond Hill Farm 2 BESS,PD688IRO LTD,Minety 400kV Substation,,0.00,47.50,47.50,2025-05-31,Consents Approved,Direct Connection,NGET,Energy Storage System,a0l4L0000005ixzQAA,PRO-001635,
Poppleton PV & BESS Sub,YORK ENERGY PARK LIMITED,Thormanby 400kV Substation,,0.00,249.90,249.90,2035-10-24,Scoping,Direct Connection,NGET,Energy Storage System;PV Array (Photo Voltaic/solar),a0l8e0000010wV5AAI,PRO-002642,1
Port of Mostyn,MOSTYN SEAPOWER LIMITED,Connah's Quay 400kV Substation,1.00,0.00,70.00,70.00,2030-12-01,Scoping,Direct Connection,NGET,Tidal,a0l4L0000005imFQAQ,PRO-000421-1,1
Port of Mostyn,MOSTYN SEAPOWER LIMITED,Connah's Quay 400kV Substation,2.00,0.00,70.00,140.00,2031-06-01,Scoping,Direct Connection,NGET,Tidal,a0l4L0000005imFQAQ,PRO-000421-2,1
Port of Mostyn,MOSTYN SEAPOWER LIMITED,Connah's Quay 400kV Substation,3.00,0.00,70.00,210.00,2032-01-01,Scoping,Direct Connection,NGET,Tidal,a0l4L0000005imFQAQ,PRO-000421-3,1
Portwind,SE PORTWIND LTD,Chickerell 400kV Substation,,0.00,2500.00,2500.00,2036-12-06,Scoping,Direct Connection,NGET,Energy Storage System;PV Array (Photo Voltaic/solar);Wind Offshore,a0l4L0000005ibKQAQ,PRO-002046,1
Powersite @ Drakelow,POWERSITE LTD,Drakelow 400kV Substation,,0.00,380.00,380.00,2020-10-01,Under Construction/Commissioning,Direct Connection,NGET,CCGT (Combined Cycle Gas Turbine),a0l4L0000005ilFQAQ,PRO-000364,
Prestwold BESS,GREENTECH PROJECTS HOLDING UK LIMITED,Derbyshire Connection Node F 132KV,,0.00,150.00,150.00,2037-10-30,Scoping,Embedded,NGET,Energy Storage System,a0lJ9000000PDyiIAG,PRO-005106,1
Priestgill Wind Farm,PRIESTGILL WIND FARM LIMITED,Elvanfoot substation,,0.00,43.63,43.63,2026-11-30,Consents Approved,Direct Connection,SPT,Wind Onshore,a0l4L0000005imsQAA,PRO-000448,2
Progress Power Station,PROGRESS POWER LIMITED,Yaxley 400kV Substation,,0.00,299.00,299.00,2024-06-28,Under Construction/Commissioning,Direct Connection,NGET,OCGT (Open Cycle Gas Turbine),a0l4L0000005irqQAA,PRO-000274,
Project Flora Peterhead,JERA NEX BP NORTH EAST LIMITED,Peterhead Grange GSP,,0.00,50.00,50.00,2033-10-31,Scoping,Embedded,SHET,Wind Offshore,a0l8e0000012kiGAAQ,PRO-004741,
Project Invicta,PROJECT INVICTA LIMITED,East Kent Connection Node B 400kV Substation,,0.00,350.00,350.00,2036-10-31,Scoping,Direct Connection,NGET,Energy Storage System;PV Array (Photo Voltaic/solar);Wind Onshore,a0l8e000001Hpe8AAC,PRO-004133,1
Project Number 4,Greta IV Limited,North Anglia Connection Node B 400kV Substation,,0.00,500.00,500.00,2034-10-31,Scoping,Direct Connection,NGET,Energy Storage System;PV Array (Photo Voltaic/solar),a0l8e0000010walAAA,PRO-002704,1
Project Number 6,Trent BESS II Limited,Trent Valley South Connection Node B 400kV Substation,,0.00,500.00,500.00,2034-10-30,Scoping,Direct Connection,NGET,Energy Storage System,a0l8e000000exuGAAQ,PRO-003748,1
Project Number 8,Trent BESS I Limited,Trent Valley South Connection Node B 400kV Substation,,0.00,500.00,500.00,2034-10-30,Scoping,Direct Connection,NGET,Energy Storage System,a0l8e000001HoKyAAK,PRO-004072,1
Protos Power Station,Keadby Generation Limited,MERSEYSIDE CONNECTION NODE A 400KV SUBSTATION,,0.00,910.00,910.00,2037-11-01,Scoping,Direct Connection,NGET,CCGT (Combined Cycle Gas Turbine),a0l8e0000010wlUAAQ,PRO-002823,1
Provan Gas Works BESS,Vital Energi Solutions Limited,Carntyne 132/33kV,,0.00,49.90,49.90,2026-06-30,Scoping,Embedded,SPT,Energy Storage System,a0l8e000000TPBGAA4,PRO-003179,1
PVDP Scarning,SolarFour Ltd,North Anglia Connection Node C 400kV Substation,,0.00,650.00,650.00,2034-10-31,Scoping,Direct Connection,NGET,Energy Storage System;PV Array (Photo Voltaic/solar),a0l8e000000f7BeAAI,PRO-003998,
PVDP Woodbridge,SolarSeven Ltd,South Anglia Connection Node E 400kV Substation,,0.00,610.00,610.00,2034-10-31,Scoping,Direct Connection,NGET,Energy Storage System;PV Array (Photo Voltaic/solar),a0l8e000000f7BoAAI,PRO-004000,
Quantans Hill Wind Farm,VATTENFALL WIND POWER LTD,Quantans Hill 132kV Substation,,0.00,95.00,95.00,2029-07-02,Scoping,Direct Connection,SPT,Wind Onshore,a0l4L0000005iOeQAI,PRO-001247,
Quintfall Forest Hybrid Wind and BESS 1,VOLTALIA UK LTD,Gills Bay 132kV,,0.00,98.50,98.50,2037-10-31,Scoping,Direct Connection,SHET,Energy Storage System;Wind Onshore,a0lJ9000000POPvIAO,PRO-006032,1
Quoich (part of the Garry Cascade),SSE GENERATION LIMITED,Quoich GSP,,18.00,0.00,18.00,,Built,Embedded,SHET,Hydro,a0l4L0000005iVaQAI,PRO-000180,
Race Bank Wind Farm,RACE BANK WIND FARM LIMITED,Race Bank 132kV Substation,,565.00,0.00,565.00,,Built,Direct Connection,NGET,Wind Offshore,a0l4L0000005iqCQAQ,PRO-000213,
RAF Newton PV solar,Bluestone Energy Ltd,Stoke Bardolph GSP,,0.00,149.70,149.70,2034-10-30,Scoping,Embedded,NGET,PV Array (Photo Voltaic/solar),a0l8e000000f6yfAAA,PRO-003995,
Rampion Extension Offshore Wind Farm,RAMPION EXTENSION DEVELOPMENT LIMITED,Bolney 400kV Substation,,0.00,1200.00,1200.00,2029-12-31,Scoping,Direct Connection,NGET,Wind Offshore,a0l4L0000005io1QAA,PRO-000467,
Rampion Offshore Wind Farm,RAMPION OFFSHORE WIND LIMITED,Rampion 33/132kV Offshore,,400.00,0.00,400.00,,Built,Direct Connection,NGET,Wind Offshore,a0l4L0000005iqoQAA,PRO-000248,
Ranby,SSE DE SOLAR HOLDCO LIMITED,Jubilee Farm 275kV Substation,,0.00,600.00,600.00,2034-08-30,Scoping,Direct Connection,NGET,Energy Storage System;PV Array (Photo Voltaic/solar),a0l4L000002yQa8QAE,PRO-002557,1
Rassau,ENSO GREEN HOLDINGS Q LIMITED,Rassau 400kV Substation,,0.00,400.00,400.00,2030-10-31,Scoping,Direct Connection,NGET,Energy Storage System;PV Array (Photo Voltaic/solar);Wind Onshore,a0l4L0000005idkQAA,PRO-002087,1
Rassau Stability Services Limited,WP Grid Services 16 Limited,Rassau 400kV Substation,,0.00,0.00,0.00,2037-10-31,Scoping,Direct Connection,NGET,Reactive Compensation,a0l8e000000f5XsAAI,PRO-003931,
Rat Hall Mod App,Kingsway Solar Farm Limited,South Anglia Connection Node C 400kV Substation,1.00,0.00,200.00,200.00,2032-10-30,Scoping,Direct Connection,NGET,Energy Storage System;PV Array (Photo Voltaic/solar),a0l8e000000f41YAAQ,PRO-003824-1,1
Rat Hall Mod App,Kingsway Solar Farm Limited,South Anglia Connection Node C 400kV Substation,2.00,0.00,500.00,700.00,2034-10-31,Scoping,Direct Connection,NGET,Energy Storage System;PV Array (Photo Voltaic/solar),a0l8e000000f41YAAQ,PRO-003824-2,1
Rat Hall Solar,Downing Renewable Developments LLP,Burwell South 400kV Substation,,0.00,200.00,200.00,2032-10-31,Scoping,Direct Connection,NGET,Energy Storage System;PV Array (Photo Voltaic/solar),a0l8e000000f4xCAAQ,PRO-003892,1
Ratcliffe Kegworth Road BEGA,VOLTIS PEOPLE LIMITED,Ratcliffe-On-Soar 132kV Substation,,0.00,140.00,140.00,2033-10-30,Scoping,Embedded,NGET,Energy Storage System;PV Array (Photo Voltaic/solar),a0l8e0000011ymgAAA,PRO-003546,
Ratcliffe on Soar,Starlight Energy SPV 4 Limited,Derbyshire Connection Node F 132KV,,0.00,200.00,200.00,2034-10-31,Scoping,Embedded,NGET,Energy Storage System;PV Array (Photo Voltaic/solar),a0l8e000000TPFSAA4,PRO-003224,1
Ratcliffe on Soar,Uniper UK Limited,Ratcliffe-On-Soar 400kV Substation,,225.00,0.00,225.00,,Built,Direct Connection,NGET,Energy Storage System;OCGT (Open Cycle Gas Turbine),a0l4L0000005izSQAQ,PRO-000050,
Ratcliffe on Soar BESS,FPC ELECTRIC LAND LIMITED,Kegworth B (Derbyshire Connection Node C) 132kV Substation,,0.00,120.00,120.00,2037-10-30,Scoping,Embedded,NGET,Energy Storage System,a0l8e0000010wchAAA,PRO-002725,
Ratcliffe on Soar Farm,KEGWORTH 10 RENEWABLES LTD,Derbyshire Connection Node C 400kV Substation,,0.00,1000.00,1000.00,2033-10-30,Scoping,Direct Connection,NGET,Demand;Energy Storage System;PV Array (Photo Voltaic/solar),a0l8e000000f4nFAAQ,PRO-003871,
Ratcliffe-on-Soar II,ENSO GREEN HOLDINGS LIMITED,Ratcliffe-On-Soar 400kV Substation,,0.00,590.00,590.00,2033-10-30,Scoping,Direct Connection,NGET,Energy Storage System;PV Array (Photo Voltaic/solar),a0l4L0000005itNQAQ,PRO-002158,1
Rattray BESS and Solar Plant,GREENTECH PROJECTS HOLDING UK LIMITED,New North East Substation 400kV Substation,,0.00,300.00,300.00,2037-10-31,Scoping,Direct Connection,SHET,Energy Storage System;PV Array (Photo Voltaic/solar),a0lJ9000000POaOIAW,PRO-006056,1
Ravengill Renewable Energy Park,RENEWCO POWER LIMITED,Elvanfoot 275/132/33kV,,0.00,249.90,249.90,2036-10-31,Scoping,Direct Connection,SPT,Energy Storage System;PV Array (Photo Voltaic/solar);Wind Onshore,a0l8e000001HxRSAA0,PRO-004257,
Rawhills Battery Energy Storage Facility(Coalburn 2),ALCEMI STORAGE DEVELOPMENTS 6 LIMITED,Coalburn 400kV GIS Substation,,0.00,500.00,500.00,2027-08-31,Scoping,Direct Connection,SPT,Energy Storage System,a0l4L0000005ifjQAA,PRO-001503,2
Rayleigh 1 Tertiary,RAYLEIGH GREEN LIMITED,Rayleigh Main 400kV Substation,,0.00,57.00,57.00,2028-10-31,Consents Approved,Direct Connection,NGET,Energy Storage System;PV Array (Photo Voltaic/solar),a0l4L0000005io4QAA,PRO-000460,
Rayleigh 2 Tertiary,ENSO GREEN HOLDINGS J LIMITED,Rayleigh Main 400kV Substation,,0.00,57.00,57.00,2028-10-31,Scoping,Direct Connection,NGET,Energy Storage System;PV Array (Photo Voltaic/solar),a0l4L0000005io2QAA,PRO-000466,
Rayleigh GP3,ENSO GREEN HOLDINGS J LIMITED,Rayleigh Main 400kV Substation,,0.00,30.00,30.00,2034-10-30,Scoping,Direct Connection,NGET,Energy Storage System,a0lJ9000000PDzbIAG,PRO-005113,
Recell at Penrhos (BEGA),Recell Energy Bloom Developments Limited,Penrhos GSP,1.00,0.00,150.00,150.00,2025-10-30,Consents Approved,Embedded,NGET,Biomass,a0l4L0000005iWNQAY,PRO-000330-1,
Recell at Penrhos (BEGA),Recell Energy Bloom Developments Limited,Penrhos GSP,2.00,0.00,60.00,210.00,2027-10-31,Consents Approved,Embedded,NGET,Biomass,a0l4L0000005iWNQAY,PRO-000330-2,
Red House Farm - Friston 400kV 249MW connection,CAMBRIDGE POWER LIMITED,South Anglia Connection Node E 400kV Substation,,0.00,249.00,249.00,2034-10-31,Scoping,Direct Connection,NGET,Energy Storage System,a0l8e000000ez2cAAA,PRO-003787,
Red Moss Farm,QAIR RENEWABLES UK LIMITED,Red Moss Farm 132kV Substation,,0.00,300.00,300.00,2030-10-30,Scoping,Direct Connection,SPT,Energy Storage System,a0l8e0000010wSfAAI,PRO-002613,1
Redditch,CINERGY GLOBAL POWER (UK) LIMITED,Feckenham GSP,,29.00,0.00,29.00,,Built,Embedded,NGET,CCGT (Combined Cycle Gas Turbine),a0l4L0000005iViQAI,PRO-000198,
Redfield Road A,VIRIDIS 178 LIMITED,Ratcliffe GSP,,20.88,0.00,20.88,,Built,Embedded,NGET,CHP (Combined Heat and Power),a0l4L0000005iVgQAI,PRO-000196,
Redfield Road B,VIRIDIS 178 LIMITED,Ratcliffe GSP,,20.88,0.00,20.88,,Built,Embedded,NGET,Thermal,a0l4L0000005iVhQAI,PRO-000197,
Redhall BESS,ANESCO LIMITED,Wearside Connection Node D 400kV Substation,,0.00,300.00,300.00,2035-10-30,Scoping,Direct Connection,NGET,Energy Storage System,a0l8e0000012gtaAAA,PRO-004487,1
Redshaw Energy Park,Redshaw Energy Park Developments LLP,Linnmill 132/33kV,,0.00,500.00,500.00,2031-10-30,Scoping,Direct Connection,SPT,Energy Storage System,a0l8e000000f6bGAAQ,PRO-003982,1
Rhigos BESS,Enviromena Project Management UK Limited,Rhigos B 400kV Substation,,0.00,221.00,221.00,2037-10-31,Scoping,Direct Connection,NGET,Energy Storage System,a0l8e0000010wSuAAI,PRO-002616,1
Rhigos BESS,KONA ASSET 4 LIMITED,South Wales West Connection Node A 400kV Substation,,0.00,225.00,225.00,2037-10-30,Scoping,Direct Connection,NGET,Energy Storage System,a0l8e000001205tAAA,PRO-003613,
Rhigos BESS,REWE 11 Limited,South Wales West Connection Node A 400kV Substation,,0.00,200.00,200.00,2037-10-30,Scoping,Direct Connection,NGET,Energy Storage System,a0l8e000001HpCVAA0,PRO-004109,1
Riccarton,M2 Energy Storage Limited,Currie 275/132kV,,0.00,150.00,150.00,2029-04-13,Scoping,Direct Connection,SPT,Energy Storage System;PV Array (Photo Voltaic/solar),a0l8e0000010xS4AAI,PRO-003066,1
Richborough 1,RICHBOROUGH ENERGY PARK LIMITED,Richborough 400kV Substation,,50.00,0.00,50.00,,Built,Direct Connection,NGET,Energy Storage System,a0l4L0000005j01QAA,PRO-001165,
Richborough 2,RICHBOROUGH ENERGY PARK LIMITED,Richborough 400kV Substation,,50.00,0.00,50.00,,Built,Direct Connection,NGET,Energy Storage System,a0l4L0000005j02QAA,PRO-001164,
RIGG HOUSE PV FARM,FVS DEAN MOOR LIMITED,Harker GSP,,0.00,150.00,150.00,2037-10-31,Scoping,Embedded,NGET,PV Array (Photo Voltaic/solar),a0l8e000001HrZ3AAK,PRO-004209,
Rigifa BESS,FIELD RIGIFA LIMITED,Gills Bay 132kV,,0.00,200.00,200.00,2029-12-12,Scoping,Direct Connection,SHET,Energy Storage System,a0l8e0000010wfRAAQ,PRO-002758,1
Rivox Wind Farm,RIVOX WIND ENERGY HUB LIMITED,Rivox 132/33kV,,0.00,220.00,220.00,2031-10-10,Scoping,Direct Connection,SPT,Energy Storage System;Wind Onshore,a0l4L0000005iYSQAY,PRO-001944,1
Roaring Hill Energy Storage Facility,ROARING HILL ENERGY STORAGE LTD,Glenrothes GSP,,49.99,0.00,49.99,,Built,Embedded,SPT,Energy Storage System,a0l4L0000005iQ8QAI,PRO-001272,
Robin Rigg East Offshore Wind Farm,RWE RENEWABLES UK ROBIN RIGG EAST LIMITED,Robin Rigg East 132/33kV Offshore Substation,,86.00,0.00,86.00,,Built,Direct Connection,OFTO,Wind Offshore,a0l4L0000005ipaQAA,PRO-000194,
Robin Rigg West Offshore Wind Farm,RWE RENEWABLES UK ROBIN RIGG WEST LIMITED,Robin Rigg West Offshore Wind Farm Substation,,92.00,0.00,92.00,,Built,Direct Connection,OFTO,Wind Offshore,a0l4L0000005ipbQAA,PRO-000195,
Rochdale BESS,Rochdale (BES) Ltd,Rochdale 275kV Substation,,0.00,57.00,57.00,2029-10-30,Scoping,Direct Connection,NGET,Energy Storage System,a0l4L0000005iuUQAQ,PRO-001805,2
Rochester Renewable Project,VATTENFALL WIND POWER LTD,Kingsnorth 132kV Substation,,0.00,60.00,60.00,2028-09-22,Scoping,Direct Connection,NGET,Energy Storage System;PV Array (Photo Voltaic/solar);Wind Onshore,a0l4L0000005iwrQAA,PRO-002097,
Rocksavage,"ROCKSAVAGE POWER COMPANY, LTD.",Rocksavage 400kV Substation,,810.00,0.00,810.00,,Built,Direct Connection,NGET,CCGT (Combined Cycle Gas Turbine),a0l4L0000005iq3QAA,PRO-000204,
Roger Hill Farm,QAIR RENEWABLES UK LIMITED,Roger Hill Farm 132kV substation,,0.00,200.00,200.00,2031-10-31,Scoping,Direct Connection,SPT,Energy Storage System;PV Array (Photo Voltaic/solar),a0l8e000000exIjAAI,PRO-003708,
Rogerton Cottage BESS,DRAX BESS EK LIMITED,East Kilbride 275/33kV GSP,,0.00,55.00,55.00,2027-03-26,Scoping,Embedded,SPT,Energy Storage System,a0l8e0000011yiJAAQ,PRO-003543,2
Roosecote,CBS ENERGY STORAGE ASSETS UK LIMITED,Roosecote 132kV Substation,,49.00,0.00,49.00,,Built,Embedded,NGET,Energy Storage System,a0l4L0000005iS1QAI,PRO-000919,
Rosefield,Rosefield Energyfarm Limited,East Claydon 400kV Substation,,0.00,500.00,500.00,2031-10-31,Awaiting Consents,Direct Connection,NGET,Energy Storage System;PV Array (Photo Voltaic/solar),a0l4L0000005iwIQAQ,PRO-001044,
Rothienorman 50MW BESS,ROTHIENORMAN FLEXPOWER LTD,Rothienorman 400/33kV Substation,,0.00,50.00,50.00,2027-07-31,Scoping,Embedded,SHET,Energy Storage System,a0l4L0000005iWjQAI,PRO-002300,2
Rothienorman Battery,BLACKFORD RENEWABLES LTD,Rothienorman 400kV Substation,,0.00,500.00,500.00,2033-10-31,Scoping,Direct Connection,SHET,Energy Storage System,a0l4L0000005iZ1QAI,PRO-001971,1
Rothienorman Sync Comp,ROTHIENORMAN GRID SERVICES LIMITED,Rothienorman 400kV Substation,,0.00,0.00,0.00,,Built,Direct Connection,SHET,Reactive Compensation,a0l4L0000005ibtQAA,PRO-001445,
Rowan Wind Energyfarm,ENERGYFARM ROWAN LLP,Rowan 275/33kV Substation,,0.00,90.80,90.80,2034-10-31,Scoping,Direct Connection,SHET,Energy Storage System;Wind Onshore,a0l8e000000f41TAAQ,PRO-003823,
Rowancraig Wind Farm,Koehler Renewable Energy UK Limited,ROWANCRAIG WIND FARM 33KV SUBSTATION,,0.00,40.00,40.00,2028-10-30,Scoping,Direct Connection,SPT,Wind Onshore,a0l4L0000005iMUQAY,PRO-002455,1
Royle Farm BESS,ALUDRA BESS LTD,Drakelow 132kV Substation,,0.00,90.00,90.00,2028-10-31,Scoping,Embedded,NGET,Energy Storage System,a0lJ9000000PDtdIAG,PRO-005050,2
Rugby High Impact Green Energy Hub (HIGEH) 1,TELIS ENERGY UK LIMITED,Enderby 400kV Substation,,0.00,1000.00,1000.00,2034-10-31,Scoping,Direct Connection,NGET,Energy Storage System;Nuclear;PV Array (Photo Voltaic/solar);Wind Onshore,a0l8e00000120NcAAI,PRO-003626,1
Rugeley,IGP SOLAR 17 LIMITED,Rugeley 400kV Substation,,0.00,600.00,600.00,2031-08-30,Scoping,Direct Connection,NGET,Energy Storage System;PV Array (Photo Voltaic/solar),a0l4L0000005iNWQAY,PRO-001630,1
Rugeley,RUGELEY POWER GENERATION LIMITED,Rugeley GSP,,0.00,50.00,50.00,2032-10-30,Scoping,Direct Connection,NGET,Coal,a0l4L0000005iq8QAA,PRO-000209,
Rugeley Battery Storage,RUGELEY POWER GENERATION LIMITED,Rugeley 400kV Substation,,0.00,400.00,400.00,2037-10-30,Scoping,Direct Connection,NGET,Energy Storage System,a0l4L0000005iu9QAA,PRO-002215,
Ruith Cnoc,Ruith Cnoc Wind Farm Limited,New Dalchork 132kV Substation,,0.00,158.40,158.40,2037-10-31,Scoping,Direct Connection,SHET,Wind Onshore,a0lJ9000000POuiIAG,PRO-006147,1
Rutherend Farm,ECOCEL ENERGY (STORAGE) LTD,East Kilbride 275kV Substation,,0.00,200.00,200.00,2033-10-31,Scoping,Direct Connection,SPT,Energy Storage System,a0l8e0000012hotAAA,PRO-004530,
Rye House,RYE HOUSE 10 RENEWABLES LIMITED,London North East Connection Node A,,0.00,1000.00,1000.00,2031-10-31,Scoping,Direct Connection,NGET,Energy Storage System;PV Array (Photo Voltaic/solar),a0l8e000000TPRAAA4,PRO-003413,
Rye House,VPI Power Limited,Rye House GSP,,715.00,0.00,715.00,,Built,Direct Connection,NGET,CCGT (Combined Cycle Gas Turbine),a0l4L0000005ipYQAQ,PRO-000191,
Ryhall PV & BESS,Kilnside Energy Park Limited,West Anglia Connection Node G 400kV Substation,,0.00,400.00,400.00,2034-10-31,Scoping,Direct Connection,NGET,Energy Storage System;PV Array (Photo Voltaic/solar),a0l8e0000012eoUAAQ,PRO-004379,1
SAE Usk 1,AFON WYSG ENERGY LIMITED,South Wales East Node A 275kV Substation,,0.00,349.00,349.00,2037-10-31,Scoping,Direct Connection,NGET,Energy Storage System,a0l8e0000011zZ5AAI,PRO-003590,
SAGE,SAGE NORTH SEA LIMITED,St Fergus Mobil 132/11kV Substation,,0.00,20.00,20.00,2025-06-30,Scoping,Direct Connection,SHET,Demand;PV Array (Photo Voltaic/solar),a0l4L0000005iybQAA,PRO-002119,1
Salamander Offshore Wind Farm,SALAMANDER WIND PROJECT COMPANY LIMITED,Peterhead 132KV Substation,,0.00,200.00,200.00,2030-03-31,Scoping,Direct Connection,SHET,Energy Storage System;Wind Offshore,a0l4L0000005ifrQAA,PRO-001512,
Sallachy Wind Farm,WKN SALLACHY LIMITED,Cassley GSP,,0.00,49.50,49.50,2028-07-31,Awaiting Consents,Embedded,SHET,Wind Onshore,a0l4L0000005iXPQAY,PRO-002137,
Saltcoats NEP BESS Facility,Rashley New Energy Limited,Saltcoats 132/33kV,,0.00,100.00,100.00,2029-10-31,Scoping,Direct Connection,SPT,Energy Storage System,a0l8e0000010wkgAAA,PRO-002813,
Saltend,SALTEND COGENERATION COMPANY LIMITED,Saltend South 400kV Substation,,1100.00,0.00,1100.00,,Built,Direct Connection,NGET,CCGT (Combined Cycle Gas Turbine),a0l4L0000005imDQAQ,PRO-000059,
Saltend North BESS & PV,EEB74 LIMITED,Hedon 275kV Substation,,0.00,200.00,200.00,2035-10-30,Scoping,Direct Connection,NGET,Energy Storage System,a0l4L0000005itUQAQ,PRO-002236,1
Salters Battery Storage,"BUCCLEUCH ESTATES, LTD. (THE)",Dalkeith 400kV Substation,,0.00,200.00,200.00,2031-10-31,Scoping,Direct Connection,SPT,Energy Storage System,a0l8e000001HpjiAAC,PRO-004150,
Saltholme BESS,Harmony SH Limited,Saltholme 275kV Substation,,0.00,200.00,200.00,2035-10-26,Scoping,Direct Connection,NGET,Energy Storage System,a0l8e0000010xJ0AAI,PRO-003057,1
Sand Quarry Old Glasgow Road BESS,GPC 1134 Ltd,Giffordland 400/132kV,,0.00,100.00,100.00,2029-05-07,Scoping,Direct Connection,SPT,Demand;Energy Storage System,a0l8e0000010wavAAA,PRO-002706,
SANDFORD,SSE DE SOLAR HOLDCO LIMITED,SANDFORD B 400kV SUBSTATION,,0.00,600.00,600.00,2037-10-20,Scoping,Direct Connection,NGET,Energy Storage System;PV Array (Photo Voltaic/solar),a0l8e0000010wRXAAY,PRO-002600,1
Sandy Knowe Wind Farm,SANDY KNOWE WIND FARM LIMITED,Sandyknowe 132/33kV,1.00,86.40,0.00,86.40,,Built,Direct Connection,SPT,Wind Onshore,a0l4L0000005it1QAA,PRO-000345-1,
Sandy Knowe Wind Farm,SANDY KNOWE WIND FARM LIMITED,Sandyknowe 132/33kV,2.00,0.00,21.60,108.00,2027-10-31,Awaiting Consents,Direct Connection,SPT,Wind Onshore,a0l4L0000005it1QAA,PRO-000345-2,
Sanquhar II Wind Farm,SANQUHAR II COMMUNITY WIND CO LTD,Sanquhar II Wind Farm Substation,1.00,0.00,137.00,137.00,2026-07-31,Consents Approved,Direct Connection,SPT,Wind Onshore,a0l4L0000005it6QAA,PRO-000352-1,
Sanquhar II Wind Farm,SANQUHAR II COMMUNITY WIND CO LTD,Sanquhar II Wind Farm Substation,2.00,0.00,113.00,250.00,2027-02-28,Consents Approved,Direct Connection,SPT,Wind Onshore,a0l4L0000005it6QAA,PRO-000352-2,
Sanquhar Wind Farm,SANQUHAR COMMUNITY WIND COMPANY LIMITED,Sanquhar 132/33kV,,30.00,0.00,30.00,,Built,Direct Connection,SPT,Wind Onshore,a0l4L0000005iZ8QAI,PRO-001366,
SAVE OUR PLANET,SAVE OUR PLANET ENERGY LIMITED,Sussex and Romney Connection Node B 400kV Substation,,0.00,500.00,500.00,2037-10-31,Scoping,Direct Connection,NGET,Demand;Energy Storage System;PV Array (Photo Voltaic/solar),a0l8e0000012iy3AAA,PRO-004613,1
Saver & Pashley Farm Energy Park,ELGIN ENERGY ES CO LIMITED,Ninfield GSP,,0.00,129.90,129.90,2036-12-06,Scoping,Embedded,NGET,Energy Storage System;PV Array (Photo Voltaic/solar),a0l8e0000012krVAAQ,PRO-004789,
Scaraben Offshore Wind Farm,SCARABEN OFFSHORE WIND FARM LIMITED,Longside 132kV Substation,,0.00,100.00,100.00,2033-10-31,Scoping,Direct Connection,SHET,Wind Offshore,a0l4L0000005iulQAA,PRO-002401,
Scarning,CONNECTID 3 LIMITED,North Anglia Connection Node C 400kV Substation,,0.00,800.00,800.00,2034-10-31,Scoping,Direct Connection,NGET,Demand;Energy Storage System;PV Array (Photo Voltaic/solar);Reactive Compensation,a0l8e000000TPN2AAO,PRO-003275,
Scatsta Greener Grid Park,STATKRAFT HYDROGEN UK HOLDING LIMITED,Scatsta 132kV Substation,,0.00,49.90,49.90,2028-10-31,Scoping,Direct Connection,SHET,Demand;Energy Storage System,a0l4L0000005iYqQAI,PRO-001955,
Scatsta1 Greener Grid Park,STATKRAFT HYDROGEN UK HOLDING LIMITED,Scatsta 132kV Substation,,0.00,5.00,5.00,2028-10-31,Scoping,Direct Connection,SHET,Energy Storage System,a0l8e0000010wXpAAI,PRO-002669,
Scaw Law Wind Farm,PERIGUS ENERGY UK LIMITED,Scaw Law 132kV substation,,0.00,60.00,60.00,2036-10-31,Scoping,Direct Connection,SPT,Energy Storage System;Wind Onshore,a0l8e000001Hr2mAAC,PRO-004174,
Scawd Law Wind Farm,FRED OLSEN RENEWABLES LIMITED,Gala North 400/132kV Substation,,0.00,64.00,64.00,2032-04-30,Scoping,Direct Connection,SPT,Energy Storage System;Wind Onshore,a0lJ9000000PF4WIAW,PRO-005865,1
Scira-Dudgeon Extension,SHERINGHAM SHOAL AND DUDGEON EXTENSIONS PROJCO LIMITED,Norwich Main 400kV Substation,1.00,0.00,719.00,719.00,2030-01-01,Scoping,Direct Connection,NGET,Wind Offshore,a0l4L0000005izYQAQ,PRO-000507-1,
Scira-Dudgeon Extension,SHERINGHAM SHOAL AND DUDGEON EXTENSIONS PROJCO LIMITED,Norwich Main 400kV Substation,2.00,0.00,231.00,950.00,2031-10-31,Scoping,Direct Connection,NGET,Wind Offshore,a0l4L0000005izYQAQ,PRO-000507-2,
Scira-Dudgeon Extension,SHERINGHAM SHOAL AND DUDGEON EXTENSIONS PROJCO LIMITED,Norwich Main 400kV Substation,3.00,0.00,400.00,1350.00,2034-10-01,Scoping,Direct Connection,NGET,Wind Offshore,a0l4L0000005izYQAQ,PRO-000507-3,
Sclenteuch Energy Park,SCLENTEUCH ENERGY LIMITED,Sclenteuch Energy Park 132kV,,0.00,54.00,54.00,2029-10-31,Scoping,Direct Connection,SPT,Energy Storage System;Wind Onshore,a0l4L0000005iuvQAA,PRO-002195,
Scoop Hill Wind Farm,Community Windpower Limited,Scoop Hill Wind Farm 132kV Substation,,0.00,500.00,500.00,2027-10-31,Scoping,Direct Connection,SPT,Wind Onshore,a0l4L0000005ismQAA,PRO-000327,
Scotsburn Road,TBC 002 LIMITED,Fyrish 275kV Substation,,0.00,170.00,170.00,2030-10-31,Scoping,Direct Connection,SHET,Energy Storage System,a0l4L0000005iM8QAI,PRO-002376,1
Scottish Water Bonnybridge STW 60MW BESS,Bluestone Energy Ltd,Bonnybridge 275/33kV Substation,,0.00,60.00,60.00,2030-07-31,Scoping,Embedded,SPT,Energy Storage System,a0l4L0000005iURQAY,PRO-002410,1
Scottish Water Laigh Park STW,Bluestone Energy Ltd,Braehead Park 132/33kV,,0.00,50.00,50.00,2028-06-28,Scoping,Embedded,SPT,Energy Storage System,a0l4L0000005iWiQAI,PRO-002413,1
Scottish Water Linwood STW 60MW BESS,Bluestone Linwood 1 Ltd,Jonhstone 132/33kV Substation,,0.00,60.00,60.00,2028-06-28,Scoping,Embedded,SPT,Energy Storage System,a0l4L0000005iWfQAI,PRO-002412,
Scotton,HARMONY ENERGY LIMITED,Leeds North Connection Node G,,0.00,200.00,200.00,2039-10-30,Scoping,Direct Connection,NGET,Energy Storage System,a0lJ9000000PGmRIAW,PRO-005920,
Seabank,SEABANK POWER LIMITED,Seabank 400kV Substation,,1234.00,0.00,1234.00,,Built,Direct Connection,NGET,CCGT (Combined Cycle Gas Turbine),a0l4L0000005im6QAA,PRO-000052,
Seabank (Tertiary),PIVOTED POWER LLP,SEABANK 400/33kV SUBSTATION,,0.00,49.90,49.90,2023-11-01,Awaiting Consents,Direct Connection,NGET,Energy Storage System,a0l4L0000005icuQAA,PRO-001068,1
Seagreen 1 Offshore Wind Farm,Seagreen Wind Energy Limited,Tealing 275/33kV Substation,,1075.00,0.00,1075.00,,Built,Direct Connection,SHET,Wind Offshore,a0l4L0000005ipFQAQ,PRO-000527,
Seagreen Phase 1A,SEAGREEN 1A LIMITED,Cockenzie 400/275kV,,0.00,500.00,500.00,2028-04-01,Under Construction/Commissioning,Direct Connection,SPT,Wind Offshore,a0l4L0000005izHQAQ,PRO-000703,
Sealtainn Offshore Wind Farm,Shetland Offshore Wind Limited,Northern Shetland 400kV Substation,,0.00,500.00,500.00,2033-10-31,Scoping,Direct Connection,SHET,Wind Offshore,a0l8e0000010wXuAAI,PRO-002670,
Seat Hill Wind Farm,PERIGUS ENERGY UK LIMITED,Seat Hill 132kV Substation,,0.00,90.00,90.00,2035-10-30,Scoping,Direct Connection,SPT,Energy Storage System;Wind Onshore,a0lJ9000000PEyBIAW,PRO-005850,1
SEC 1 BESS,Bluestone Energy Ltd,Finnieston 132/33kV Substation,,0.00,60.00,60.00,2031-07-17,Scoping,Embedded,SPT,Energy Storage System,a0l8e000000TPD7AAO,PRO-003198,
Sedgeby Solar Farm,Sedgeby Solar Limited,Thormanby 400kV Substation,,0.00,350.00,350.00,2033-10-28,Awaiting Consents,Direct Connection,NGET,Energy Storage System;PV Array (Photo Voltaic/solar),a0l4L0000005iuyQAA,PRO-002123,1
Sellafield,NUCLEAR DECOMMISSIONING AUTHORITY,Hutton 132kV Substation,,155.00,0.00,155.00,,Built,Embedded,NGET,CHP (Combined Heat and Power),a0l4L0000005iVkQAI,PRO-000219,
Sellindge (Tertiary),PIVOTED POWER LLP,Sellindge 400kV Substation,1.00,0.00,49.90,49.90,2028-10-31,Awaiting Consents,Direct Connection,NGET,Energy Storage System,a0l4L0000005icvQAA,PRO-001067-1,
Sellindge (Tertiary),PIVOTED POWER LLP,Sellindge 400kV Substation,2.00,0.00,26.10,76.00,2031-10-31,Awaiting Consents,Direct Connection,NGET,Energy Storage System,a0l4L0000005icvQAA,PRO-001067-2,
Sellindge Grid Stability Services,SELLINDGE GRID SERVICES LIMITED,Sellindge 400kV Substation,,0.00,0.00,0.00,2026-08-11,Consents Approved,Direct Connection,NGET,Reactive Compensation,a0l4L0000005ikiQAA,PRO-002206,
Sellindge West,Sellindge West 10 Renewables Limited,East Kent connection node A 400kV Substation,,0.00,1000.00,1000.00,2033-10-31,Scoping,Direct Connection,NGET,Energy Storage System;PV Array (Photo Voltaic/solar),a0l8e000000TPR5AAO,PRO-003412,1
Severn Power,SEVERN POWER LIMITED,Uskmouth 275kV Substation,,850.00,0.00,850.00,,Built,Direct Connection,NGET,CCGT (Combined Cycle Gas Turbine);Demand,a0l4L0000005iq4QAA,PRO-000205,
Severn Road Avonmouth,FPC ELECTRIC LAND LIMITED,Seabank GSP,,0.00,135.00,135.00,2038-10-31,Scoping,Embedded,NGET,Energy Storage System;Gas Reciprocating,a0l8e000001HxRIAA0,PRO-004255,
Sevington,UK POWER RESERVE LIMITED,Sellindge 132kV Substation,,10.00,0.00,10.00,,Built,Embedded,NGET,CCGT (Combined Cycle Gas Turbine),a0l4L0000005iW2QAI,PRO-000264,
Shaftesbury Energy Park,TAGENERGY DEVELOPMENT UK LIMITED,Shaftesbury 132kV Substation,,0.00,99.90,99.90,2036-12-06,Consents Approved,Embedded,NGET,Energy Storage System,a0l4L0000005iY3QAI,PRO-002167,
Shaw Lane BESS,SHAW LANE BESS LIMITED,Leeds North Connection Node E 132KV Substation,,0.00,230.00,230.00,2035-10-30,Scoping,Embedded,NGET,Energy Storage System,a0l8e0000012gc3AAA,PRO-004439,1
SHBEC,EP SHB LIMITED,South Humber Bank 400kV Substation,,0.00,83.00,83.00,2029-07-01,Consents Approved,Direct Connection,NGET,Waste,a0l4L0000005itJQAQ,PRO-001096,
Sheaf Energy,SHEAF ENERGY LIMITED,Richborough 400kV Substation,,0.00,249.00,249.00,2025-04-30,Consents Approved,Direct Connection,NGET,Energy Storage System,a0l4L0000005ihYQAQ,PRO-001745,
Sheilhill Battery Storage,Sheilhill Battery Storage Limited,ST FERGUS 132KV SWITCHING STATION,,0.00,100.00,100.00,2033-10-31,Awaiting Consents,Direct Connection,SHET,Energy Storage System,a0l4L0000005ivQQAQ,PRO-002149,1
Sheirdrim Wind Farm,SCOTTISHPOWER RENEWABLES (UK) LIMITED,Sheirdrim 132kV Substation,,0.00,84.00,84.00,2032-04-01,Scoping,Direct Connection,SHET,Wind Onshore,a0l4L0000005icwQAA,PRO-001066,
Shepherds Rig Wind Farm,SETT WIND DEVELOPMENT LIMITED,Shepards Rig 132/33kV,,0.00,84.60,84.60,2030-05-30,Consents Approved,Direct Connection,SPT,Wind Onshore,a0l4L0000005io9QAA,PRO-000511,2
Sheringham Shoal Offshore Wind Farm,SCIRA OFFSHORE ENERGY LIMITED,Sheringham Shoal 33/132kV Offshore Substations,,315.00,0.00,315.00,,Built,Direct Connection,OFTO,Wind Offshore,a0l4L0000005iqAQAQ,PRO-000211,
Shielburn Energy Park,SUNLAWS DEVELOPMENT COMPANY LIMITED,Fallago 400/33kV,,0.00,49.50,49.50,2033-04-30,Scoping,Direct Connection,SPT,Energy Storage System,a0lJ9000000PF4HIAW,PRO-005863,1
Shipley Road BESS,CSE43 LIMITED,Sussex and Romney Connection Node B 400kV Substation,,0.00,400.00,400.00,2031-10-21,Consents Approved,Direct Connection,NGET,Energy Storage System,a0l4L000002yQZoQAM,PRO-002553,
Shire End Solar Farm,QAIR SCOTLAND LIMITED,Abernethy 2 GSP,,0.00,20.00,20.00,2033-10-31,Scoping,Embedded,SHET,PV Array (Photo Voltaic/solar),a0lJ9000000blamIAA,PRO-004902,
Shoreham,VPI Power Limited,Bolney 400kV Substation,,460.00,0.00,460.00,,Built,Embedded,NGET,CCGT (Combined Cycle Gas Turbine),a0l4L0000005iVfQAI,PRO-000192,
Shotwick BESS,Shotwick Land Limited,MERSEYSIDE CONNECTION NODE A 400KV SUBSTATION,,0.00,349.99,349.99,2037-10-30,Scoping,Direct Connection,NGET,Energy Storage System,a0l8e0000011yOzAAI,PRO-003515,1
Shrewsbury Energy,SHREWSBURY ENERGY LTD,Staffordshire Connection Node D 132kV Substation,,0.00,149.60,149.60,2037-10-30,Scoping,Embedded,NGET,Energy Storage System;PV Array (Photo Voltaic/solar),a0lJ9000000blu3IAA,PRO-004982,1
Shurton BESS,Field Shurton Ltd,West Country Connection Node D 400kV Substation,,0.00,200.00,200.00,2037-10-31,Scoping,Direct Connection,NGET,Energy Storage System,a0l8e000001HxQjAAK,PRO-004248,1
Siddington BESS Station,IBV BIRTLES HILL ENERGY PARK LTD,Manchester South connection node A 400kv,,0.00,240.00,240.00,2037-10-31,Scoping,Direct Connection,NGET,Energy Storage System,a0l8e000000f5zzAAA,PRO-003942,1
Sinclair Offshore Wind Farm,SINCLAIR OFFSHORE WIND FARM LIMITED,Longside 132kV Substation,,0.00,100.00,100.00,2033-10-31,Scoping,Direct Connection,SHET,Wind Offshore,a0l8e000000ez6zAAA,PRO-003790,
Sizewell B,EDF Energy Nuclear Generation Limited,Sizewell 132kV Substation,,1230.00,0.00,1230.00,,Built,Direct Connection,NGET,Nuclear,a0l4L0000005ioQQAQ,PRO-000144,
Sizewell C,Sizewell C Limited,Sizewell 400kV Substation,1.00,0.00,1670.00,1670.00,2035-07-31,Consents Approved,Direct Connection,NGET,Nuclear,a0l4L0000005ioPQAQ,PRO-000145-1,
Sizewell C,Sizewell C Limited,Sizewell 400kV Substation,2.00,0.00,1670.00,3340.00,2036-07-31,Consents Approved,Direct Connection,NGET,Nuclear,a0l4L0000005ioPQAQ,PRO-000145-2,
Sizing John (Rainhill),SIZING JOHN LIMITED,Rainhill GSP,1.00,57.00,0.00,57.00,,Built,Direct Connection,NGET,Energy Storage System,a0l4L0000005ijxQAA,PRO-001581-1,
Sizing John (Rainhill),SIZING JOHN LIMITED,Rainhill GSP,2.00,0.00,85.50,142.50,2026-09-25,Consents Approved,Direct Connection,NGET,Energy Storage System,a0l4L0000005ijxQAA,PRO-001581-2,
Sleat Hybrid,GALILEO 13 LIMITED,Broadford GSP,,0.00,100.00,100.00,2034-10-31,Scoping,Direct Connection,SHET,Energy Storage System;Wind Onshore,a0l8e000000f7p3AAA,PRO-004014,1
Slickly Wind Farm,Slickly Wind Farm Limited,Slickly Wind Farm 132kV Substation,,0.00,114.00,114.00,2029-12-12,Consents Approved,Direct Connection,SHET,Energy Storage System;Wind Onshore,a0l4L0000005ifvQAA,PRO-001517,
Sloy G1 and G4,SSE GENERATION LIMITED,Sloy GSP,,72.50,0.00,72.50,,Built,Embedded,SHET,Hydro,a0l4L0000005iVbQAI,PRO-000181,
Sloy G2 and G3,SSE GENERATION LIMITED,Sloy GSP,,80.00,0.00,80.00,,Built,Direct Connection,SHET,Hydro,a0l4L0000005ipTQAQ,PRO-000182,
Smeaton BESS,KONA ASSET 3 LIMITED,Smeaton 400/275kV,,0.00,228.00,228.00,2027-09-30,Scoping,Direct Connection,SPT,Energy Storage System,a0l8e0000010wUMAAY,PRO-002635,
Sofia Offshore Wind Farm,SOFIA OFFSHORE WIND FARM LIMITED,Lackenby 400kV Substation,,1320.00,0.00,1320.00,,Built,Direct Connection,NGET,Wind Offshore,a0l4L0000005imVQAQ,PRO-000404,
Solomons Farm BESS,Solomons BESS Ltd,North Kent Connection Node B 132kV Substation,,0.00,240.00,240.00,2030-10-31,Scoping,Embedded,NGET,Energy Storage System,a0l8e000000TPBQAA4,PRO-003181,
Solutia,UK POWER RESERVE LIMITED,Uskmouth 132kV Substation,,10.00,0.00,10.00,,Built,Embedded,NGET,CCGT (Combined Cycle Gas Turbine),a0l4L0000005izhQAA,PRO-000265,
Solwaybank,SOLWAYBANK ENERGY LIMITED,Chapelcross 132/33kV,,29.90,0.00,29.90,,Built,Embedded,SPT,Wind Onshore,a0l4L0000005iV4QAI,PRO-000048,
Somerford,PD688IRO LTD,Minety 400kV Substation,,0.00,47.50,47.50,2025-06-30,Consents Approved,Direct Connection,NGET,Energy Storage System;PV Array (Photo Voltaic/solar),a0l4L0000005ixeQAA,PRO-001631,
Somerset Energy Park,Low Carbon Solar Park 35 Limited,Gravity 400kV Substation,,0.00,500.00,500.00,2037-10-31,Scoping,Direct Connection,NGET,Energy Storage System;PV Array (Photo Voltaic/solar),a0l8e0000011yGUAAY,PRO-003512,
South Brook,JBM Solar Limited,Melksham 400kV Substation,,0.00,35.50,35.50,2037-06-28,Awaiting Consents,Direct Connection,NGET,Energy Storage System;PV Array (Photo Voltaic/solar),a0l4L0000005iwKQAQ,PRO-002402,
South Humber Bank,EP UK Power Development II Ltd,South Humber Bank 400kV Substation,,1365.00,35.00,1400.00,2039-10-30,Built,Direct Connection,NGET,CCGT (Combined Cycle Gas Turbine),a0l4L0000005itwQAA,PRO-000366,
South Kyle 2 Wind farm,VATTENFALL WIND POWER LTD,South Kyle 2 132/33kV Substation,,0.00,92.40,92.40,2030-07-31,Scoping,Direct Connection,SPT,Energy Storage System;Wind Onshore,a0l4L0000005ivbQAA,PRO-001963,1
South Kyle Wind Farm,SOUTH KYLE WIND FARM LIMITED,New Cumnock 275/132kV,,235.00,0.00,235.00,,Built,Direct Connection,SPT,Wind Onshore,a0l4L0000005ioJQAQ,PRO-000137,
South Powrie Farm,QAIR RENEWABLES UK LIMITED,Tealing 132kV Substation,,0.00,500.00,500.00,2033-10-31,Scoping,Direct Connection,SHET,Energy Storage System,a0l8e000000ViKAAA0,PRO-004353,1
South Street BESS,South Street BESS Limited,Partrick GSP,,0.00,63.00,63.00,2031-06-30,Scoping,Embedded,SPT,Energy Storage System,a0lJ9000000blhxIAA,PRO-004924,
Southery,SSE SOUTHERY SOLAR LIMITED,Southery 400kV Substation,,0.00,600.00,600.00,2031-10-30,Scoping,Direct Connection,NGET,Energy Storage System;PV Array (Photo Voltaic/solar),a0l4L0000005ivgQAA,PRO-002172,
Southfields,PD688IRO LTD,Minety 400kV Substation,,0.00,47.50,47.50,2025-06-30,Awaiting Consents,Direct Connection,NGET,Energy Storage System;PV Array (Photo Voltaic/solar),a0l4L0000005ixfQAA,PRO-001632,
Southfields Farm,PD688IRO LTD,Minety 400kV Substation,,0.00,47.50,47.50,2028-10-31,Consents Approved,Direct Connection,NGET,Energy Storage System,a0l4L0000005iyAQAQ,PRO-001852,
Spalding,SPALDING ENERGY COMPANY LTD,Spalding North 400kV Substation,,950.00,0.00,950.00,,Built,Direct Connection,NGET,CCGT (Combined Cycle Gas Turbine),a0l4L0000005iq5QAA,PRO-000206,
Spalding Energy Expansion,SPALDING ENERGY EXPANSION LIMITED,Spalding North 400kV Substation,1.00,299.99,0.00,299.99,,Built,Direct Connection,NGET,Energy Storage System;OCGT (Open Cycle Gas Turbine),a0l4L0000005irDQAQ,PRO-000249-1,
Spalding Energy Expansion,SPALDING ENERGY EXPANSION LIMITED,Spalding North 400kV Substation,2.00,0.00,550.00,849.99,2030-10-30,Consents Approved,Direct Connection,NGET,Energy Storage System;OCGT (Open Cycle Gas Turbine),a0l4L0000005irDQAQ,PRO-000249-2,
Spalding High Impact Energy Hub,TELIS ENERGY UK LIMITED,West Anglia Connection Node G 400kV Substation,,0.00,1000.00,1000.00,2034-10-31,Scoping,Direct Connection,NGET,Energy Storage System;Nuclear;PV Array (Photo Voltaic/solar);Wind Onshore,a0l8e0000012hnqAAA,PRO-004517,1
Spalding PV and BESS Station,ETP UK 1 LTD,Weston Marsh 400kV Substation,,0.00,480.00,480.00,2033-07-30,Scoping,Direct Connection,NGET,Energy Storage System;PV Array (Photo Voltaic/solar),a0l8e0000010wgUAAQ,PRO-002768,
Spennymoor,PIVOTED POWER LLP,Spennymoor 400kV Substation,,0.00,49.90,49.90,2028-10-31,Awaiting Consents,Direct Connection,NGET,Energy Storage System,a0l4L0000005ieQQAQ,PRO-001138,1
Spennymoor BESS Station,IGP INTERNATIONAL PROSPECTING LIMITED,Wearside Connection Node D 400kV Substation,,0.00,400.00,400.00,2035-10-30,Scoping,Direct Connection,NGET,Energy Storage System,a0l8e000000ewj7AAA,PRO-003681,1
Spennymoor Greener Grid Park,Spennymoor Grid Solutions Limited,Spennymoor 400kV Substation,1.00,0.00,0.00,0.00,2027-10-29,Awaiting Consents,Direct Connection,NGET,Energy Storage System;Reactive Compensation,a0l4L0000005ibFQAQ,PRO-002041-1,
Spennymoor Greener Grid Park,Spennymoor Grid Solutions Limited,Spennymoor 400kV Substation,2.00,0.00,500.00,500.00,2035-10-30,Scoping,Direct Connection,NGET,Energy Storage System;Reactive Compensation,a0l4L0000005ibFQAQ,PRO-002041-2,
Spennymoor PV & BESS,CSE27 LIMITED,Spennymoor 400kV Substation,,0.00,49.90,49.90,2032-07-30,Scoping,Direct Connection,NGET,Demand;Energy Storage System;PV Array (Photo Voltaic/solar),a0l4L0000005ib9QAA,PRO-002035,
Spennymoor PV & BESS Sub,O&G Solar (SPV 20) Limited,Spennymoor 400kV Substation,,0.00,249.90,249.90,2035-10-30,Scoping,Direct Connection,NGET,Energy Storage System;PV Array (Photo Voltaic/solar),a0l8e0000010x1cAAA,PRO-003049,
Spiorad Na Mara Offshore Wind Farm,SPIORAD NA MARA LIMITED,Arnish Lewis Hub 400kV Substation,,0.00,900.00,900.00,2030-12-31,Scoping,Direct Connection,SHET,Wind Offshore,a0l4L0000005iNeQAI,PRO-001642,
SPITTAL,SPITTAL BATTERY STORAGE LIMITED,Mybster 2 132/33kV Substation,,0.00,49.90,49.90,2030-10-30,Scoping,Embedded,SHET,Energy Storage System,a0l8e000000eww4AAA,PRO-003687,
Spittal BESS,Field Spittal Ltd,Spittal 132kV Substation,,0.00,300.00,300.00,2030-10-31,Scoping,Direct Connection,SHET,Energy Storage System,a0l8e000000TPJoAAO,PRO-003255,1
Spittal BESS Station,IGP ENERGY STORAGE 5 LIMITED,Spittal 2 400kV Substation,,0.00,1000.00,1000.00,2033-10-31,Scoping,Direct Connection,SHET,Energy Storage System,a0l8e00000120IgAAI,PRO-003618,1
SPR CS1,SCOTTISHPOWER RENEWABLES (UK) LIMITED,SPR CS1 275/66KV OFFSHORE SUBSTATION,,0.00,1000.00,1000.00,2037-10-31,Scoping,Direct Connection,NGET,Wind Offshore,a0l8e0000011xxKAAQ,PRO-003484,1
Springfield Solar and Battery,VOLTALIA UK LTD,Branxton 400/132kV,,0.00,166.61,166.61,2031-10-31,Scoping,Direct Connection,SPT,Energy Storage System;PV Array (Photo Voltaic/solar),a0l8e0000010wXQAAY,PRO-002664,
Springwell,SPRINGWELL ENERGYFARM LIMITED,Navenby 400kV Substation,1.00,0.00,400.00,400.00,2029-10-30,Scoping,Direct Connection,NGET,Energy Storage System;PV Array (Photo Voltaic/solar),a0l4L0000005iPHQAY,PRO-001850-1,
Springwell,SPRINGWELL ENERGYFARM LIMITED,Navenby 400kV Substation,2.00,0.00,400.00,800.00,2030-10-30,Scoping,Direct Connection,NGET,Energy Storage System;PV Array (Photo Voltaic/solar),a0l4L0000005iPHQAY,PRO-001850-2,
Springwell,SPRINGWELL ENERGYFARM LIMITED,Navenby 400kV Substation,3.00,0.00,800.00,1600.00,2033-06-01,Scoping,Direct Connection,NGET,Energy Storage System;PV Array (Photo Voltaic/solar),a0l4L0000005iPHQAY,PRO-001850-3,
SSE Celtic Sea 1,SSE RENEWABLES OFFSHORE WINDFARM HOLDINGS LIMITED,Alverdiscott 400kV Substation,,0.00,1500.00,1500.00,2036-12-06,Scoping,Direct Connection,NGET,Wind Offshore,a0l4L0000005iyPQAQ,PRO-002405,
SSE Ferrybridge BESS,SSE FERRYBRIDGE BATTERY LIMITED,Ferrybridge B 132kV Substation,,150.00,0.00,150.00,,Built,Direct Connection,NGET,Demand;Energy Storage System,a0l4L0000005ikAQAQ,PRO-001614,
SSE Fiddlers Ferry Battery Energy Storage,SSE FIDDLERS FERRY BATTERY LIMITED,Fiddlers Ferry 275kV Substation,,0.00,150.00,150.00,2027-02-12,Scoping,Direct Connection,NGET,Energy Storage System,a0l4L0000005ihmQAA,PRO-001762,
SSE Spittal Energy Park,SSE DE SOLAR HOLDCO LIMITED,Spittal 400kV,,0.00,600.00,600.00,2033-10-31,Scoping,Direct Connection,SHET,Energy Storage System;PV Array (Photo Voltaic/solar),a0l8e000000TPKSAA4,PRO-003259,1
St Asaph SSE,SSE DE SOLAR HOLDCO LIMITED,Bodelwyddan 400kV Substation,,0.00,600.00,600.00,2037-11-01,Scoping,Direct Connection,NGET,Energy Storage System;PV Array (Photo Voltaic/solar),a0l8e000000f40uAAA,PRO-003816,
St Dennis Hendra,SAMBAR POWER LIMITED,Indian Queens 400kV Substation,,0.00,47.50,47.50,2024-10-31,Consents Approved,Direct Connection,NGET,Energy Storage System,a0l4L0000005ivrQAA,PRO-001133,
St Fergus,IB VOGT UK LTD,St Fergus,,0.00,100.00,100.00,2033-10-31,Scoping,Direct Connection,SHET,Energy Storage System;PV Array (Photo Voltaic/solar),a0l8e0000012hvYAAQ,PRO-004557,1
St Marys Isle Solar Farm,GRUPOTEC SOLAR UK 5 LIMITED,Tongland 132/33kV Substation,,0.00,36.00,36.00,2030-06-14,Scoping,Embedded,SPT,Energy Storage System;PV Array (Photo Voltaic/solar),a0l8e0000010wiLAAQ,PRO-002789,2
St. Marys Lane - Upminster BESS,Bluestone Energy Ltd,Warley 132kV Substation,,0.00,240.00,240.00,2036-10-31,Scoping,Embedded,NGET,Energy Storage System,a0l8e000000f64bAAA,PRO-003947,1
STABLE GREEN ENERGY,LH NGET GRID SERVICES LIMITED,Sussex and Romney Connection Node A 400kV Substation,,0.00,500.00,500.00,2037-10-31,Scoping,Direct Connection,NGET,Energy Storage System,a0l8e000001HxRDAA0,PRO-004254,
Stack Hill Solar and Storage,RWE Renewables UK Solar and Storage Limited,Trent Valley South Connection Node B 400kV Substation,,0.00,350.00,350.00,2034-10-30,Scoping,Direct Connection,NGET,Energy Storage System;PV Array (Photo Voltaic/solar),a0lJ9000000PDydIAG,PRO-005105,1
STALLINGBOROUGH CARBON CAPTURE CCGT,RWE GENERATION UK PLC,Grimsby West 400kV Substation,,0.00,906.00,906.00,2035-05-30,Scoping,Direct Connection,NGET,CCGT (Combined Cycle Gas Turbine);Demand,a0l8e000000f4mvAAA,PRO-003867,
Stallingborough PV & BESS Station,STALLINGBOROUGH ENERGY PROJECT LIMITED,Grimsby West 400kV Substation,,0.00,500.00,500.00,2034-10-30,Scoping,Direct Connection,NGET,Energy Storage System;PV Array (Photo Voltaic/solar),a0l8e0000010wysAAA,PRO-003021,
Stanley Water WTW BESS,Bluestone Energy Ltd,Paisley GSP,,0.00,60.00,60.00,2028-10-01,Scoping,Embedded,SPT,Energy Storage System,a0l4L0000005iWkQAI,PRO-002414,
Statkraft SEWF,Statkraft UK Ltd,Orrin GSP,,0.00,100.80,100.80,2033-10-31,Scoping,Direct Connection,SHET,Wind Onshore,a0lJ9000000blMrIAI,PRO-004828,1
Staythorpe,ENSO GREEN HOLDINGS X LIMITED,Staythorpe 400kV Substation,,0.00,400.00,400.00,2030-10-31,Scoping,Direct Connection,NGET,Energy Storage System;PV Array (Photo Voltaic/solar),a0l4L0000005idgQAA,PRO-002083,1
Staythorpe (BESS and PV),SSE STAYTHORPE POWER LIMITED,Staythorpe 400kV Substation,,0.00,437.00,437.00,2028-09-29,Awaiting Consents,Direct Connection,NGET,Energy Storage System;PV Array (Photo Voltaic/solar),a0l4L0000005ixDQAQ,PRO-001615,
Staythorpe C,RWE GENERATION UK PLC,Staythorpe 400kV Substation,,1752.00,0.00,1752.00,,Built,Direct Connection,NGET,CCGT (Combined Cycle Gas Turbine);Demand,a0l4L0000005imBQAQ,PRO-000057,
Steel Point (aka Project Lithium),Skelmersdale Energy Storage Limited,Washway Farm GSP,,49.90,0.00,49.90,,Built,Embedded,NGET,Energy Storage System,a0l4L0000005iTkQAI,PRO-002057,
Steeple Solar Farm,Steeple Solar Farm Limited,West Burton 400kV Substation,,0.00,600.00,600.00,2029-10-31,Scoping,Direct Connection,NGET,Energy Storage System;PV Array (Photo Voltaic/solar),a0l4L0000005iwuQAA,PRO-001945,
Stella Battery Energy Storage,CAPELLA BESS LTD,Stella South GSP,,0.00,78.00,78.00,2025-09-27,Scoping,Embedded,NGET,Energy Storage System,a0lJ9000000PDzHIAW,PRO-005112,
Stirling BESS,ANESCO LIMITED,Peterhead 400kV Substation,,0.00,300.00,300.00,2033-10-31,Scoping,Direct Connection,SHET,Energy Storage System,a0l8e0000012groAAA,PRO-004466,1
Stockhills Farm,BSR APPLICATIONS LIMITED,Severn Connection Node A 400kv Substation,,0.00,800.00,800.00,2037-10-31,Scoping,Direct Connection,NGET,Energy Storage System;PV Array (Photo Voltaic/solar);Wind Onshore,a0l8e000001Hy5TAAS,PRO-004323,1
Stoke Bardolph,"Source Galileo	Limited",Trent Valley South Connection Node D 400kV Substation,,0.00,240.00,240.00,2034-10-30,Scoping,Direct Connection,NGET,Energy Storage System,a0l8e000000f7PNAAY,PRO-004009,1
Stoke Bardolph,Stoke Bardolph 10 Renewables Limited,Trent Valley South Connection Node D 400kV Substation,,0.00,1000.00,1000.00,2034-10-31,Scoping,Direct Connection,NGET,Energy Storage System;PV Array (Photo Voltaic/solar),a0l8e000000TPQbAAO,PRO-003405,
Stoke Bardolph 400,ENSO GREEN HOLDINGS LIMITED,Stoke Bardolph 400kV Substation,1.00,0.00,200.00,200.00,2030-10-31,Scoping,Direct Connection,NGET,Energy Storage System;PV Array (Photo Voltaic/solar),a0l4L0000005itiQAA,PRO-002191-1,1
Stoke Bardolph 400,ENSO GREEN HOLDINGS LIMITED,Stoke Bardolph 400kV Substation,2.00,0.00,100.00,300.00,2031-10-31,Scoping,Direct Connection,NGET,Energy Storage System;PV Array (Photo Voltaic/solar),a0l4L0000005itiQAA,PRO-002191-2,1
Stoke Bardolph 400,ENSO GREEN HOLDINGS LIMITED,Stoke Bardolph 400kV Substation,3.00,0.00,100.00,400.00,2032-10-31,Scoping,Direct Connection,NGET,Energy Storage System;PV Array (Photo Voltaic/solar),a0l4L0000005itiQAA,PRO-002191-3,1
Stoneyfield,WIND 2 LIMITED,Rothienorman GSP,,0.00,15.00,15.00,2030-09-30,Scoping,Embedded,SHET,Wind Onshore,a0l8e0000012hoyAAA,PRO-004531,
Stoneygroves PV,Enviromena Project Management UK Limited,Charleston GSP 132/33kV,,0.00,20.00,20.00,2031-10-30,Scoping,Embedded,SHET,PV Array (Photo Voltaic/solar),a0lJ9000000POkcIAG,PRO-006127,1
STOR Field 9 BESS,EKU ENERGY FAUNE PROJECTS (UK) LIMITED,Inverkeithing GSP,,0.00,49.90,49.90,2029-07-30,Scoping,Embedded,SPT,Energy Storage System,a0l4L0000005j9nQAA,PRO-002528,
Stornoway Wind Farm,STORNOWAY WIND FARM LIMITED,Arnish 275kV Substation,,0.00,180.00,180.00,2030-10-31,Consents Approved,Direct Connection,SHET,Wind Onshore,a0l4L0000005ixYQAQ,PRO-000346,
Stracathro BESS,Opdenergy UK 8 Limited,Stracathro BESS 275kV Substation,,0.00,249.00,249.00,2032-06-30,Scoping,Direct Connection,SHET,Demand;Energy Storage System,a0l4L0000005ittQAA,PRO-002392,1
Stranoch Wind Farm,Stranoch Windfarm Limited,Stranoch Wind 132/33kV Substation,,0.00,102.00,102.00,2026-12-18,Consents Approved,Direct Connection,SPT,Wind Onshore,a0l4L0000005inqQAA,PRO-000127,2
StrataStore - Cheshire Energy Storage Facility,KISTOS ENERGY STORAGE LTD,Gorstage 400kV Substation,,0.00,200.00,200.00,2037-11-30,Scoping,Direct Connection,NGET,Energy Storage System;Reactive Compensation,a0l8e000000f6K5AAI,PRO-003978,
Strath Oykel Wind Farm,ENERGYFARM STRATH OYKEL LLP,Shin 1 GSP,,0.00,74.00,74.00,2032-10-31,Awaiting Consents,Embedded,SHET,Energy Storage System;Wind Onshore,a0l8e0000012hwbAAA,PRO-004565,
Strath Tirry,Strath Tirry Wind Energy 2021 Ltd,Lairg GSP,,0.00,34.80,34.80,2029-12-19,Scoping,Embedded,SHET,Wind Onshore,a0l4L0000005iXpQAI,PRO-001363,
Strathaven BESS,IGP ENERGY STORAGE 2 LIMITED,Strathaven 400kV Substation,,0.00,300.00,300.00,2033-10-31,Scoping,Direct Connection,SPT,Energy Storage System,a0l8e000001HxmCAAS,PRO-004298,1
Strathrory Wind Farm,STRATHRORY WIND FARM LLP,Alness GSP,,0.00,36.00,36.00,2024-03-31,Consents Approved,Embedded,SHET,Wind Onshore,a0l4L0000005iUPQAY,PRO-001812,
Strathy North Wind,STRATHY WIND FARM LIMITED,Strathy North 132/33kV Substation,,67.65,0.00,67.65,,Built,Direct Connection,SHET,Wind Onshore,a0l4L0000005ihRQAQ,PRO-001553,
Strathy South Wind,SSE GENERATION LIMITED,Strathy South 132/33kV Substation,,0.00,207.60,207.60,2030-09-30,Scoping,Direct Connection,SHET,Wind Onshore,a0l4L0000005ix6QAA,PRO-000183,2
Strathy Wood Wind Farm,RWE Renewables UK Onshore Wind Limited,Strathy Wood 132/33kV Substation,1.00,0.00,54.40,54.40,2026-09-30,Consents Approved,Direct Connection,SHET,Wind Onshore,a0l4L0000005ionQAA,PRO-000154-1,
Strathy Wood Wind Farm,RWE Renewables UK Onshore Wind Limited,Strathy Wood 132/33kV Substation,2.00,0.00,9.10,63.50,2026-09-30,Consents Approved,Direct Connection,SHET,Wind Onshore,a0l4L0000005ionQAA,PRO-000154-2,
Strawberry Farm,QAIR RENEWABLES UK LIMITED,North Anglia Connection Node D 132kV Substation,,0.00,277.90,277.90,2034-10-31,Scoping,Embedded,NGET,Energy Storage System,a0lJ9000000PDw8IAG,PRO-005077,1
Stretchford Farm Solar and Storage,BSR APPLICATIONS LIMITED,Abham 132kV Substation,,0.00,100.00,100.00,2037-10-30,Scoping,Embedded,NGET,Energy Storage System;PV Array (Photo Voltaic/solar),a0l8e0000012hoFAAQ,PRO-004522,
Strichen North BESS,MUIRDEN ENERGY LLP,Strichen GSP,,0.00,25.00,25.00,2033-10-31,Scoping,Embedded,SHET,Energy Storage System,a0l8e000001Hr31AAC,PRO-004177,
Stromar Offshore Windfarm,Stromar Offshore Wind Farm Limited,Greens 400kV Substation,1.00,0.00,1000.00,1000.00,2033-10-31,Scoping,Direct Connection,SHET,Wind Offshore,a0l4L0000005izNQAQ,PRO-001530-1,
Stromar Offshore Windfarm,Stromar Offshore Wind Farm Limited,Greens 400kV Substation,2.00,0.00,500.00,1500.00,2035-12-31,Scoping,Direct Connection,SHET,Wind Offshore,a0l4L0000005izNQAQ,PRO-001530-2,
Stronelairg,STRONELAIRG WIND FARM LIMITED,Stronelairg 132/33kV Substation,,227.80,0.00,227.80,,Built,Direct Connection,SHET,Wind Onshore,a0l4L0000005ipUQAQ,PRO-000184,
Sudmeadow,VIRIDIS 178 LIMITED,Port Ham 132kV Substation,,41.76,0.00,41.76,,Built,Embedded,NGET,Thermal,a0l4L0000005iVsQAI,PRO-000243,
Sulgrave Solar PV,EDF ENERGY RENEWABLES LIMITED,East Claydon GSP (NGED EM),,0.00,129.80,129.80,2026-10-30,Scoping,Embedded,NGET,PV Array (Photo Voltaic/solar),a0l4L0000005iXOQAY,PRO-001572,
Sunbury BESS,SUNBURY BESS LTD,Laleham GSP (SEPD),,0.00,200.00,200.00,2031-02-24,Scoping,Embedded,NGET,Energy Storage System,a0l4L0000005iQRQAY,PRO-001883,
Sundhope Wind Farm,Black Knowe Energy Limited,Sundhope 132kV Substation,,0.00,180.00,180.00,2033-05-30,Scoping,Direct Connection,SPT,Wind Onshore,a0l8e0000010wgPAAQ,PRO-002767,
Sundon,SUNDON BATTERY STORAGE LIMITED,Sundon 400kV Substation,,0.00,50.00,50.00,2025-09-05,Scoping,Direct Connection,NGET,Energy Storage System,a0l4L0000005ifQQAQ,PRO-001132,
Sundon,SUNDON GREEN LIMITED,Sundon GSP,,39.90,0.00,39.90,,Built,Direct Connection,NGET,Energy Storage System,a0l4L0000005invQAA,PRO-000473,
Sundon Pivoted Power,PIVOTED POWER LLP,Sundon 400kV Substation,,49.90,0.00,49.90,,Built,Direct Connection,NGET,PV Array (Photo Voltaic/solar),a0l4L0000005ifXQAQ,PRO-001123,
Sundon Storage,Statera Energy Limited,Sundon 400kV Substation,,0.00,500.00,500.00,2027-10-30,Scoping,Direct Connection,NGET,Energy Storage System,a0l4L0000005ivxQAA,PRO-001910,1
Sunnica,SUNNICA LIMITED,South Anglia Connection Node D 400kV Substation,,0.00,500.00,500.00,2030-10-31,Consents Approved,Direct Connection,NGET,Energy Storage System;PV Array (Photo Voltaic/solar),a0l4L0000005ilSQAQ,PRO-000393,
Sutton Bridge,SUTTON BRIDGE POWER GENERATION,Walpole 400kV Substation,,850.00,0.00,850.00,,Built,Direct Connection,NGET,CCGT (Combined Cycle Gas Turbine),a0l4L0000005iq6QAA,PRO-000207,
Sutton Courtenay,RWE GENERATION UK PLC,Didcot 132kV Substation,,0.00,150.00,150.00,2037-10-31,Scoping,Direct Connection,NGET,Demand;Energy Storage System,a0l8e000001HxbWAAS,PRO-004276,
Swainsthorpe,Lightsource Renewable UK Development Limited,North Anglia Connection Node A 400kV,,0.00,300.00,300.00,2037-10-31,Scoping,Direct Connection,NGET,Energy Storage System;PV Array (Photo Voltaic/solar),a0lJ9000000POadIAG,PRO-006059,1
Swansea,ENSO GREEN HOLDINGS LIMITED,Swansea North 400kV Substation,,0.00,400.00,400.00,2032-10-31,Scoping,Direct Connection,NGET,Energy Storage System;PV Array (Photo Voltaic/solar),a0l4L0000005idjQAA,PRO-002086,1
Swansea Greener Grid Park - Connection 1,SWANSEA GRID SOLUTIONS LIMITED,Swansea North 400kV Substation,1.00,0.00,12.00,12.00,2024-08-31,Under Construction/Commissioning,Direct Connection,NGET,Energy Storage System;Reactive Compensation,a0l4L0000005ifaQAA,PRO-001120-1,
Swansea Greener Grid Park - Connection 1,SWANSEA GRID SOLUTIONS LIMITED,Swansea North 400kV Substation,2.00,0.00,85.00,97.00,2028-10-31,Scoping,Direct Connection,NGET,Energy Storage System;Reactive Compensation,a0l4L0000005ifaQAA,PRO-001120-2,
Swansea Greener Grid Park - Connection 2,SWANSEA GRID SOLUTIONS LIMITED,Swansea North 400kV Substation,,0.00,0.00,0.00,2025-07-31,Consents Approved,Direct Connection,NGET,Reactive Compensation,a0l4L0000005ibIQAQ,PRO-002044,
Swansea North,EDF ENERGY RENEWABLES LIMITED,Swansea North 400kV Substation,,0.00,49.90,49.90,2028-07-31,Scoping,Direct Connection,NGET,Energy Storage System,a0l4L0000005ifbQAA,PRO-001119,1
Swansea North Green Energy Centre,SWANSEA NORTH GREEN NG LIMITED,Swansea North 400kV Substation,1.00,0.00,400.00,400.00,2028-10-30,Scoping,Direct Connection,NGET,Demand;Energy Storage System;PV Array (Photo Voltaic/solar);Wind Onshore,a0l4L0000005iygQAA,PRO-001794-1,
Swansea North Green Energy Centre,SWANSEA NORTH GREEN NG LIMITED,Swansea North 400kV Substation,2.00,0.00,625.00,1025.00,2033-10-31,Scoping,Direct Connection,NGET,Energy Storage System;PV Array (Photo Voltaic/solar),a0l4L0000005iygQAA,PRO-001794-2,
Swansea North-Rhigos Solar& BESS & Wind,TYLER HILL CONSULTING LIMITED,South Wales West Connection Node A 400kV Substation,,0.00,400.00,400.00,2037-10-30,Scoping,Direct Connection,NGET,Energy Storage System;PV Array (Photo Voltaic/solar);Wind Onshore,a0l8e000001Hoz9AAC,PRO-004099,1
Sweet Briar Energy Park,SWEET BRIAR 2 ENERGY PARK LIMITED,South Humber Connection Node A,,0.00,800.00,800.00,2035-10-30,Scoping,Direct Connection,NGET,Energy Storage System;PV Array (Photo Voltaic/solar),a0lJ9000000PDu2IAG,PRO-005055,
Taigh an Uillt Energy Storage Park,Springbank Energy Storage Park Limited,ICHRACHAN 132/33KV GRID SUPPLY POINT SUBSTATION,,0.00,49.90,49.90,2035-10-31,Scoping,Embedded,SHET,Energy Storage System,a0lJ9000000PDuHIAW,PRO-005058,1
Tale Lane Solar / A008 Langford,JBM SOLAR PROJECTS 2 LTD,Exeter GSP,,0.00,35.00,35.00,2025-04-15,Scoping,Embedded,NGET,Energy Storage System;PV Array (Photo Voltaic/solar),a0l8e0000012gsXAAQ,PRO-004476,
Talladh a Bheithe,MUIRDEN ENERGY LLP,Rannoch GSP,,0.00,20.00,20.00,2035-10-31,Scoping,Embedded,SHET,Energy Storage System,a0l8e0000012012AAA,PRO-003605,1
Tangy IV WF,SSE Renewables Services (UK) Limited,Tangy IV 132KV Substation,,0.00,96.00,96.00,2029-04-30,Scoping,Direct Connection,SHET,Substation;Wind Onshore,a0l4L0000005iz2QAA,PRO-001408,
Tarbuckle Hill Wind Farm,ENERGIEKONTOR UK LTD,Cairnford GSP,,0.00,39.60,39.60,2031-10-31,Scoping,Embedded,SHET,Wind Onshore,a0l8e0000010x1DAAQ,PRO-003045,
Tarenni,TARENNI ENERGY PARK LIMITED,Rhigos 400kV Substation,,0.00,188.00,188.00,2030-12-31,Scoping,Direct Connection,NGET,Wind Onshore,a0l4L0000005iNdQAI,PRO-001641,
Tarland Battery Storage System,Tarland Limited,Tarland GSP,,0.00,20.00,20.00,2026-10-31,Consents Approved,Embedded,SHET,Energy Storage System,a0l4L0000005iRyQAI,PRO-000922,
Tarvie Wind Farm,Koehler Renewable Energy UK Limited,Beauly substation 275KV,,0.00,77.00,77.00,2033-10-30,Scoping,Direct Connection,SHET,Energy Storage System;Wind Onshore,a0lJ9000000PEEJIA4,PRO-005149,
Taunton,PIVOTED POWER LLP,Taunton 400kV Substation,1.00,0.00,49.90,49.90,2031-10-31,Awaiting Consents,Direct Connection,NGET,Energy Storage System,a0l4L0000005icpQAA,PRO-001073-1,1
Taunton,PIVOTED POWER LLP,Taunton 400kV Substation,2.00,0.00,50.10,100.00,2037-10-31,Awaiting Consents,Direct Connection,NGET,Energy Storage System,a0l4L0000005icpQAA,PRO-001073-2,1
Taylors Lane,Uniper UK Limited,Willesden 132kV Substation,,140.00,0.00,140.00,,Built,Embedded,NGET,OCGT (Open Cycle Gas Turbine),a0l4L0000005iVSQAY,PRO-000149,
Tealing Energy Park,ONPATH ENERGY LIMITED,Tealing 400kV Substation,,0.00,1400.00,1400.00,2033-10-31,Scoping,Direct Connection,SHET,Energy Storage System,a0l8e0000010xh8AAA,PRO-003084,1
Tealing Solar & Storage,SIRIUS ECODEV (TEALING) LTD,Tealing IDNO 132/33kV GSP,,0.00,80.00,80.00,2027-10-31,Awaiting Consents,Embedded,SHET,Energy Storage System;PV Array (Photo Voltaic/solar),a0l4L0000005iU1QAI,PRO-001501,
Tees Renewable Energy Plant,MGT TEESSIDE LIMITED,Teeside Connection Node A 132kV Substation,,285.00,0.00,285.00,,Built,Direct Connection,NGET,Biomass,a0l4L0000005irsQAA,PRO-000278,
Teindland Wind Farm,TEINDLAND WIND FARM LIMITED,Blackhillock substation,,0.00,112.20,112.20,2029-09-28,Scoping,Direct Connection,SHET,Demand;Wind Onshore,a0l4L0000005iNkQAI,PRO-001821,
Temple Oaks Renewable Energy Park,RIDGE CLEAN ENERGY LTD,Bicker Fen GSP,,0.00,240.00,240.00,2033-10-30,Awaiting Consents,Embedded,NGET,Energy Storage System;PV Array (Photo Voltaic/solar),a0l4L0000005iXjQAI,PRO-002118,
Templeton BESS,Templeton Battery Storage Limited,Lyndhurst 132/33kV,1.00,0.00,30.00,30.00,2027-10-31,Scoping,Embedded,SHET,Energy Storage System,a0l8e0000010wQKAAY,PRO-002593-1,
Templeton BESS,Templeton Battery Storage Limited,Lyndhurst 132/33kV,2.00,0.00,19.90,49.90,2031-10-31,Scoping,Embedded,SHET,Energy Storage System,a0l8e0000010wQKAAY,PRO-002593-2,
Teviot Wind Farm,TEVIOT WF LIMITED,Teviot 400/132kV Substation,,0.00,522.90,522.90,2033-05-30,Scoping,Direct Connection,SPT,Wind Onshore,a0l4L0000005iPbQAI,PRO-000855,1
Tewitt Farm BESS,Apatura Battery Ltd,Leeds North Connection Node D 400kV Substation,,0.00,200.00,200.00,2035-10-30,Scoping,Direct Connection,NGET,Energy Storage System,a0l8e000000f5BdAAI,PRO-003917,1
TH Bridge Farm,FRV Powertek Limited,Imperial Park B 400kV Substation,,0.00,400.00,400.00,2037-10-31,Scoping,Direct Connection,NGET,Energy Storage System,a0l8e000000TPS9AAO,PRO-003425,1
TH Didcot,FRV Powertek Limited,Chiltern Connection Node D 400kV,,0.00,200.00,200.00,2037-10-31,Scoping,Direct Connection,NGET,Energy Storage System,a0l8e000000TPSDAA4,PRO-003426,1
TH Knaresborough,FRV Powertek Limited,Leeds North Connection Node A 400kV Substation,,0.00,200.00,200.00,2036-10-30,Scoping,Direct Connection,NGET,Energy Storage System,a0l8e000001HpdtAAC,PRO-004131,
TH Maes Melin,FRV Powertek Limited,South Wales West Connection Node A 400kV Substation,,0.00,200.00,200.00,2037-10-31,Scoping,Direct Connection,NGET,Energy Storage System,a0l8e000000TPS8AAO,PRO-003424,
TH Ninfield,FRV Powertek Limited,Sussex and Romney Connection Node A 400kV Substation,,0.00,200.00,200.00,2037-10-31,Scoping,Direct Connection,NGET,Energy Storage System,a0l8e000001HpCfAAK,PRO-004111,1
TH Renfrewshire,FRV Powertek Limited,TH Renfrwshire 275kV Substation,,0.00,250.00,250.00,2033-10-31,Scoping,Direct Connection,SPT,Energy Storage System,a0l8e000001HrCAAA0,PRO-004188,1
TH Stocking Pelham,FRV Powertek Limited,West Anglia Connection Node E 400kV Substation,,0.00,400.00,400.00,2034-10-31,Scoping,Direct Connection,NGET,Energy Storage System,a0l8e0000010wiVAAQ,PRO-002791,
TH Stow Manor,FRV Powertek Limited,Trent Valley South Connection Node B 400kV Substation,,0.00,400.00,400.00,2034-10-30,Awaiting Consents,Direct Connection,NGET,Energy Storage System,a0l8e0000010xfQAAQ,PRO-003077,
TH West Weybridge,FRV Powertek Limited,London West Connection Node B 400kV Substation,,0.00,200.00,200.00,2037-10-31,Scoping,Direct Connection,NGET,Energy Storage System,a0l8e0000011ycrAAA,PRO-003531,1
Thainstone Energy Park,AGILE ENERGY RECOVERY (INVERURIE) LIMITED,Kintore GSP,,0.00,40.00,40.00,2029-10-30,Consents Approved,Embedded,SHET,Waste,a0l4L0000005iU0QAI,PRO-001493,2
Thanet Offshore Wind Farm,THANET OFFSHORE WIND LIMITED,Thanet 33/132kV Offshore Substation,,300.00,0.00,300.00,,Built,Direct Connection,OFTO,Wind Offshore,a0l4L0000005iqBQAQ,PRO-000212,
The Beacon,Beacon Solar Limited,West Country Connection Node C 400kV Substation,,0.00,1200.00,1200.00,2037-10-31,Scoping,Direct Connection,NGET,Energy Storage System;PV Array (Photo Voltaic/solar),a0lJ9000000PDtEIAW,PRO-005046,1
THE CLEAN FUTURE,THE CLEAN FUTURE RENEWABLES LIMITED,Killingholme 400kV Substation,,0.00,500.00,500.00,2033-05-31,Scoping,Direct Connection,NGET,Energy Storage System;PV Array (Photo Voltaic/solar),a0l4L0000005iaFQAQ,PRO-002019,
The Droves (formerly Swaffham PV & BESS),THE DROVES SOLAR FARM LIMITED,Swaffham 400KV Substation,,0.00,500.00,500.00,2033-10-30,Scoping,Direct Connection,NGET,Energy Storage System;PV Array (Photo Voltaic/solar),a0l8e000000eyK3AAI,PRO-003754,
The Drum Wind Farm,WIND ESTATE (UK) LIMITED,Glenmuckloch 132kV Substation,,0.00,57.60,57.60,2037-10-31,Scoping,Direct Connection,SPT,Wind Onshore,a0lJ9000000POfgIAG,PRO-006069,1
Thetford,EPR THETFORD LIMITED,Bramford 400kV Substation,,41.00,0.00,41.00,,Built,Embedded,NGET,Biomass,a0l4L0000005iVpQAI,PRO-000237,
Thorney Edge,ARL Energy Development Limited,Cellarhead 400kV Substation,,0.00,300.00,300.00,2037-11-30,Scoping,Direct Connection,NGET,Energy Storage System,a0l4L0000005iu3QAA,PRO-002327,
Thornton,IGP SOLAR 19 LIMITED,Thornton 400kV Substation,,0.00,500.00,500.00,2031-10-31,Scoping,Direct Connection,NGET,Energy Storage System;PV Array (Photo Voltaic/solar),a0l4L0000005iOrQAI,PRO-001647,
Thornton BESS,REWE 9 LIMITED,North Humber Connection Node C 400kV Substation,,0.00,200.00,200.00,2035-10-30,Scoping,Direct Connection,NGET,Energy Storage System,a0l8e000000ewjRAAQ,PRO-003684,1
Thornton Facility,BALWEN LIMITED,Thornton 400kV Substation,1.00,99.98,0.00,99.98,,Built,Direct Connection,NGET,Energy Storage System;PV Array (Photo Voltaic/solar),a0l4L0000005iebQAA,PRO-001484-1,
Thornton Facility,BALWEN LIMITED,Thornton 400kV Substation,2.00,0.00,99.98,199.96,2027-10-29,Consents Approved,Direct Connection,NGET,Energy Storage System;PV Array (Photo Voltaic/solar),a0l4L0000005iebQAA,PRO-001484-2,
Thornton Facility,BALWEN LIMITED,Thornton 400kV Substation,3.00,0.00,200.00,399.96,2028-11-30,Consents Approved,Direct Connection,NGET,Energy Storage System;PV Array (Photo Voltaic/solar),a0l4L0000005iebQAA,PRO-001484-3,
Thornton Facility,BALWEN LIMITED,Thornton 400kV Substation,4.00,0.00,530.03,929.99,2032-10-29,Consents Approved,Direct Connection,NGET,Energy Storage System;PV Array (Photo Voltaic/solar),a0l4L0000005iebQAA,PRO-001484-4,
Thornton PV & BESS Sub,O&G Solar (SPV 57) Limited,Thornton B 400kV Substation,,0.00,249.90,249.90,2035-10-26,Scoping,Direct Connection,NGET,Energy Storage System;PV Array (Photo Voltaic/solar),a0l8e000001HpemAAC,PRO-004141,
Thorpe Marsh 1 (Tertiary),ENSO GREEN HOLDINGS I LIMITED,Thorpe Marsh 400kV Substation,,0.00,57.00,57.00,2028-10-30,Consents Approved,Direct Connection,NGET,Energy Storage System;PV Array (Photo Voltaic/solar),a0l4L0000005inyQAA,PRO-000470,
Thorpe Marsh Energy Park,THORPE MARSH GREEN ENERGY HUB LIMITED,Thorpe Marsh 400kV Substation,,0.00,1400.00,1400.00,2027-01-30,Consents Approved,Direct Connection,NGET,Energy Storage System,a0l4L0000005iNOQAY,PRO-001620,2
Thorpe Marsh Green Energy Centre,THORPE MARSH NG LTD,Thorpe Marsh 400kV Substation,1.00,0.00,400.00,400.00,2030-10-30,Awaiting Consents,Direct Connection,NGET,Demand;Energy Storage System;PV Array (Photo Voltaic/solar);Wind Onshore,a0l4L0000005igNQAQ,PRO-001724-1,
Thorpe Marsh Green Energy Centre,THORPE MARSH NG LTD,Thorpe Marsh 400kV Substation,2.00,0.00,625.00,1025.00,2032-08-31,Awaiting Consents,Direct Connection,NGET,Demand;Energy Storage System;PV Array (Photo Voltaic/solar);Wind Onshore,a0l4L0000005igNQAQ,PRO-001724-2,
Thurcroft BESS,HARMONY TC LIMITED,Thurcroft 275kV Substation,,0.00,99.90,99.90,2031-10-31,Scoping,Direct Connection,NGET,Energy Storage System,a0l4L0000005iwjQAA,PRO-002313,
Thurcroft Storage,BSR APPLICATIONS LIMITED,Leeds South Connection Node B 132kV Substation,,0.00,200.00,200.00,2039-10-30,Scoping,Embedded,NGET,Energy Storage System,a0lJ9000000PFEsIAO,PRO-005889,1
Thurrock Power Station,THURROCK FLEXIBLE GENERATION LIMITED,Tilbury 275kV Substation,1.00,300.00,0.00,300.00,,Built,Direct Connection,NGET,Energy Storage System;Gas Reciprocating,a0l4L0000005ivpQAA,PRO-000494-1,
Thurrock Power Station,THURROCK FLEXIBLE GENERATION LIMITED,Tilbury 275kV Substation,2.00,75.00,375.00,750.00,2026-06-30,Under Construction/Commissioning,Direct Connection,NGET,Energy Storage System;Gas Reciprocating,a0l4L0000005ivpQAA,PRO-000494-2,
Thurso South BESS,WP Grid Storage 3 Limited,Thurso South 275kV Substation,,0.00,100.00,100.00,2030-10-31,Scoping,Direct Connection,SHET,Energy Storage System,a0l8e000000ewOOAAY,PRO-003655,1
Thurso South Synchronous Compensation,THURSO GRID SERVICES LIMITED,Thurso GSP,,0.00,0.00,0.00,,Built,Direct Connection,SHET,Reactive Compensation,a0l4L0000005iapQAA,PRO-001415,
Tilbury,TILBURY GREEN POWER LIMITED,Tilbury 132kV Substation,,43.00,0.00,43.00,,Built,Embedded,NGET,Biomass,a0l4L0000005iVqQAI,PRO-000238,
Tillbridge Solar,TILLBRIDGE SOLAR LIMITED,Cottam 400kV Substation,,0.00,500.00,500.00,2028-08-27,Scoping,Direct Connection,NGET,Energy Storage System;PV Array (Photo Voltaic/solar),a0l4L0000005ifWQAQ,PRO-001126,
Tinnisburn Wind Farm,BAYWA R.E. UK LIMITED,TINNISBURN WIND FARM 132KV SUBSTATION,,0.00,70.00,70.00,2031-10-31,Scoping,Direct Connection,SPT,Energy Storage System;Wind Onshore,a0l8e000000f7BUAAY,PRO-003997,1
Tioram Wind Farm,Invenergy Development UK Ltd,NEW CARRADALE 132KV SUBSTATION,,0.00,160.00,160.00,2037-10-31,Scoping,Direct Connection,SHET,Wind Onshore,a0lJ9000000PNJDIA4,PRO-005973,1
Toddleburn Wind Farm,SSE TODDLEBURN LIMITED,Toddleburn 33kV,,27.60,0.00,27.60,,Built,Direct Connection,SPT,Wind Onshore,a0l4L0000005ipVQAQ,PRO-000185,
Tolkien Solar Farm,Tolkien Solar Farm Limited,Tolkien Farm 132kV Substation,,0.00,200.00,200.00,2033-10-31,Scoping,Direct Connection,SHET,Energy Storage System;PV Array (Photo Voltaic/solar),a0l4L0000005ikfQAA,PRO-002294,1
Tollgate 49.5MW BESS,TOLLGATE ENERGY STORAGE LIMITED,Hatfield 33kV Substation,,49.50,0.00,49.50,,Built,Embedded,NGET,Energy Storage System,a0l4L0000005iM3QAI,PRO-002372,
Tomchrasky Wind Farm,E Power Limited,Tomchrasky Wind Farm 132kV Substation,,0.00,74.40,74.40,2029-10-31,Scoping,Direct Connection,SHET,Wind Onshore,a0l4L0000005ixoQAA,PRO-002270,
Torfichen Energy Park,Torfichen Energy Limited,Torfichen Energy Park 132kV Substation,,0.00,150.00,150.00,2030-10-31,Scoping,Direct Connection,SPT,Energy Storage System;Wind Onshore,a0l8e0000010wRIAAY,PRO-002598,
Tormsdale Windfarm,ASUK HOLDCO 1 LIMITED,Mybster 3 132/33kV Substation,,0.00,70.00,70.00,2028-06-30,Scoping,Direct Connection,SHET,Energy Storage System;PV Array (Photo Voltaic/solar),a0l4L0000005iRQQAY,PRO-001904,
Torness,EDF Energy Nuclear Generation Limited,Torness 400/132kV,,1250.00,0.00,1250.00,,Built,Direct Connection,SPT,Nuclear,a0l4L0000005ioRQAQ,PRO-000146,
Torness BESS Station,IBV Torness Energy Park Limited,Thorntonloch 400kV Substation,,0.00,240.00,240.00,2031-10-31,Scoping,Direct Connection,SPT,Energy Storage System,a0lJ9000000blawIAA,PRO-004904,1
Torr Achilty (part of the Conon Cascade),SSE GENERATION LIMITED,Torr Achilty (Conan Cascade Hydro Scheme),,15.00,0.00,15.00,,Built,Embedded,SHET,Hydro,a0l4L0000005iVcQAI,PRO-000186,
Torridge Offshore Wind Farm,GWYNT GLAS OFFSHORE WIND FARM LIMITED,Torridge Offshore Substation,,0.00,1500.00,1500.00,2031-10-31,Scoping,Direct Connection,NGET,Wind Offshore,a0l4L0000005iy6QAA,PRO-001917,1
Touch Energy Park,Naturalis Energy Developments Ltd,Stirling 132/33kV,,0.00,60.00,60.00,2029-01-31,Scoping,Embedded,SPT,Energy Storage System;Wind Onshore,a0l4L0000005iWXQAY,PRO-001816,
Trafalgar Park,VIRIDIS 178 LIMITED,Willington 132kV Substation,,14.00,0.00,14.00,,Built,Embedded,NGET,Thermal,a0l4L0000005izfQAA,PRO-000242,
Trafford 2 BESS,FUTURE POINT MANCHESTER LIMITED,Carrington 400KV Substation,,0.00,1400.00,1400.00,2038-10-30,Scoping,Direct Connection,NGET,Energy Storage System,a0lJ900000000XfIAI,PRO-004992,
Tralorg Wind Farm,TRALORG WIND FARM LIMITED,Tralorg 33kV,,20.00,0.00,20.00,,Built,Direct Connection,SPT,Wind Onshore,a0l4L0000005itAQAQ,PRO-000357,
Trawsfynydd B Cwmni Egino,Cwmni Egino,Trawsfynydd 275kV Substation,,0.00,940.00,940.00,2037-11-01,Scoping,Direct Connection,NGET,Nuclear,a0l8e0000012gZAAAY,PRO-004421,1
Triton Knoll Offshore Wind Farm,TRITON KNOLL OFFSHORE WIND FARM LIMITED,Triton Knoll Offshore Substation,,824.00,0.00,824.00,,Built,Direct Connection,NGET,Wind Offshore,a0l4L0000005ipZQAQ,PRO-000193,
Troston Wind Farm,TROSTON WINDFARM LIMITED,Margree 132kV Collector Substation,,0.00,68.00,68.00,2029-10-31,Awaiting Consents,Direct Connection,SPT,Wind Onshore,a0l4L0000005iffQAA,PRO-001115,
Tulliallan BESS,IGP ENERGY STORAGE 6 LIMITED,Kincardine North 400kV Substation,,0.00,500.00,500.00,2031-10-31,Scoping,Direct Connection,SPT,Energy Storage System,a0l8e00000120IhAAI,PRO-003619,1
Tullo Wind Farm,TULLO WIND FARM LIMITED,Bridge of Dun GSP,,17.00,0.00,17.00,,Built,Embedded,SHET,Wind Onshore,a0l4L0000005iVvQAI,PRO-000252,
Tullymurdoch Wind Farm,TULLYMURDOCH LIMITED,Coupar Angus 132/33kV GSP,,17.50,0.00,17.50,,Built,Embedded,SHET,Wind Onshore,a0l4L0000005iWLQAY,PRO-000313,
Tween Bridge Solar Park,RWE Renewables UK Solar and Storage Limited,Trent Valley North Connection Node B 400kV Substation,1.00,0.00,340.00,340.00,2029-10-30,Scoping,Direct Connection,NGET,Energy Storage System;PV Array (Photo Voltaic/solar),a0l4L0000005iZUQAY,PRO-001990-1,
Tween Bridge Solar Park,RWE Renewables UK Solar and Storage Limited,Trent Valley North Connection Node B 400kV Substation,2.00,0.00,250.00,590.00,2032-11-30,Scoping,Direct Connection,NGET,Energy Storage System;PV Array (Photo Voltaic/solar),a0l4L0000005iZUQAY,PRO-001990-2,
Tween Bridge Solar Park,RWE Renewables UK Solar and Storage Limited,Trent Valley North Connection Node B 400kV Substation,3.00,0.00,210.00,800.00,2037-10-30,Scoping,Direct Connection,NGET,Energy Storage System;PV Array (Photo Voltaic/solar),a0l4L0000005iZUQAY,PRO-001990-3,
Twentyshilling Wind Farm,TWENTYSHILLING LIMITED,Glenglass 132/33kV,,37.80,0.00,37.80,,Built,Direct Connection,SPT,Wind Onshore,a0l4L0000005iZ7QAI,PRO-001365,
Twinshiels (Tullo 2) Wind Farm,TWINSHIELS WIND FARM LTD,Fiddes GSP,,25.00,0.00,25.00,,Built,Embedded,SHET,Wind Onshore,a0l4L0000005iQqQAI,PRO-000895,
Twyn Hywel Cillfynydd,Twyn Hywel Energy Park Ltd,Cilfynydd 400kV Substation,,0.00,107.80,107.80,2027-04-01,Scoping,Direct Connection,NGET,Wind Onshore,a0l4L0000005izFQAQ,PRO-001497,
Tyler Hill Ansty,FRV Tyler Hill BESS 1 Ltd,Warwickshire Connection Node D 132kV Substation,,0.00,200.00,200.00,2037-10-30,Scoping,Embedded,NGET,Energy Storage System,a0l8e0000012i3xAAA,PRO-004603,
Tyler Hill Bicker Fen,FRV Powertek Limited,Coddington 400kV Substation,,0.00,400.00,400.00,2035-05-30,Scoping,Direct Connection,NGET,Energy Storage System,a0l8e0000012gcNAAQ,PRO-004443,
Tyler Hill Iver,FRV Powertek Limited,London West Connection Node A 400kV Substation,,0.00,199.92,199.92,2038-10-31,Awaiting Consents,Direct Connection,NGET,Energy Storage System,a0l8e000001HpeDAAS,PRO-004134,1
"UK057-B	Whatton Estate",ENIF BESS LIMITED,Ratcliffe GSP,,0.00,130.00,130.00,2028-10-30,Scoping,Embedded,NGET,Energy Storage System;PV Array (Photo Voltaic/solar),a0lJ9000000PDwIIAW,PRO-005079,
UK105-B Upland Arms,URUK BESS LIMITED,Llandyfaelog 400/132kV Substation,,0.00,200.00,200.00,2036-12-06,Scoping,Embedded,NGET,Energy Storage System;PV Array (Photo Voltaic/solar),a0l8e0000012jIzAAI,PRO-004649,1
Upminster Warley 3,Bluestone Energy Ltd,Warley 132kV Substation,,0.00,240.00,240.00,2036-10-31,Scoping,Embedded,NGET,Energy Storage System,a0lJ9000000PEy6IAG,PRO-005848,1
Upper Beoch Windfarm,BROCKWELL ENERGY LIMITED,New Cumnock North 132kV Substation,,0.00,80.00,80.00,2033-10-31,Scoping,Direct Connection,SPT,Wind Onshore,a0l8e000001HoGMAA0,PRO-004068,1
Upper College Farm BESS,Bluestone Energy Ltd,NORTH KENT CONNECTION NODE C 132KV SUBSTATION,,0.00,480.00,480.00,2037-10-31,Scoping,Embedded,NGET,Energy Storage System,a0l8e0000012ghJAAQ,PRO-004451,1
UPPER GREENFIELDS BESS,S4 UK DEV LTD,New Deer 2 132kV Substation,,0.00,175.00,175.00,2033-10-31,Scoping,Direct Connection,SHET,Energy Storage System,a0l8e000000ewjHAAQ,PRO-003682,1
Uskmouth,USKMOUTH ENERGY STORAGE LIMITED,Uskmouth 132kV Substation,,349.90,0.00,349.90,,Built,Direct Connection,NGET,Energy Storage System,a0l4L0000005izuQAA,PRO-000220,
Uskmouth - New Connection,AW1 ENERGY STORAGE LIMITED,Uskmouth 132kV Substation,,0.00,120.00,120.00,2026-10-31,Scoping,Direct Connection,NGET,Energy Storage System,a0l4L0000005iytQAA,PRO-001357,
Vale of Leven Wind Farm,Vale of Leven Wind Farm Limited,Vale of Leven 132kV substation,,0.00,72.00,72.00,2033-10-31,Scoping,Direct Connection,SPT,Wind Onshore,a0l8e000000TPEZAA4,PRO-003214,1
Vale of Neath (Rhigos Road),ELGIN ENERGY ES CO LIMITED,Hirwaun GSP,,0.00,120.00,120.00,2036-12-06,Scoping,Embedded,NGET,Energy Storage System;PV Array (Photo Voltaic/solar),a0lJ9000000PFJUIA4,PRO-005895,
Valley Farm,STARLIGHT ENERGY UK LIMITED,Bishops Wood GSP,,0.00,99.90,99.90,2037-10-31,Scoping,Embedded,NGET,Energy Storage System,a0lJ9000000blt0IAA,PRO-004969,
Valorous Offshore Wind Farm,Blue Gem Wind Limited,Pembroke 400kV Substation,,0.00,300.00,300.00,2031-10-31,Scoping,Direct Connection,NGET,Wind Offshore,a0l4L0000005iZlQAI,PRO-001383,
Vanguard,NORFOLK VANGUARD WEST LIMITED,Necton 400kV Substation,,0.00,1320.00,1320.00,2025-12-01,Consents Approved,Direct Connection,NGET,Wind Offshore,a0l4L0000005izXQAQ,PRO-000459,
Vanguard East,Norfolk Vanguard East Ltd,Vanguard East 275/66kV Offshore Substation,1.00,0.00,400.00,400.00,2028-04-01,Scoping,Direct Connection,NGET,Wind Offshore,a0l4L0000005izdQAA,PRO-000580-1,
Vanguard East,Norfolk Vanguard East Ltd,Vanguard East 275/66kV Offshore Substation,2.00,0.00,920.00,1320.00,2028-12-31,Scoping,Direct Connection,NGET,Wind Offshore,a0l4L0000005izdQAA,PRO-000580-2,
Vicarage Drove BESS,UK Transition Power Holdings Limited,Trent Valley South Connection Node A 400kV,,0.00,1200.00,1200.00,2034-10-30,Scoping,Direct Connection,NGET,Energy Storage System,a0lJ9000000blmmIAA,PRO-004943,1
Vicarage Drove BESS Limited,VICARAGE DROVE BESS LIMITED,Navenby 132kV Substation,,0.00,160.00,160.00,2039-10-30,Scoping,Embedded,NGET,Energy Storage System,a0lJ9000000PNpYIAW,PRO-006002,
Viking Wind Farm,VIKING ENERGY WIND FARM LLP,Kergord GSP,,434.00,0.00,434.00,,Built,Direct Connection,SHET,Wind Onshore,a0l4L0000005isvQAA,PRO-000338,
Vox Charlie,Vox Charlie Ltd,Amersham Main 132kV Substation,,0.00,125.28,125.28,2037-10-31,Scoping,Embedded,NGET,Energy Storage System,a0l8e0000010wOYAAY,PRO-002573,1
VPI Immingham B OCGT,VPI IMMINGHAM B LIMITED,Humber Refinery 400kV Substation,,0.00,299.00,299.00,2026-01-16,Scoping,Direct Connection,NGET,OCGT (Open Cycle Gas Turbine),a0l4L0000005iPcQAI,PRO-000854,
Wacton Road Farm,QAIR RENEWABLES UK LIMITED,North Anglia Connection Node A 132kV Substation,,0.00,240.00,240.00,2034-10-31,Scoping,Embedded,NGET,Energy Storage System,a0l8e0000012gc8AAA,PRO-004440,1
Wakeleys BESS,EPL NEWCO6 LIMITED,Wakeleys 400kV,,0.00,480.00,480.00,2033-10-30,Scoping,Direct Connection,NGET,Energy Storage System;PV Array (Photo Voltaic/solar),a0l8e000000f5BxAAI,PRO-003921,
Walham 700MW BESS,GPC 1154 Ltd,Walham 400kV Substation,,0.00,700.00,700.00,2038-10-31,Scoping,Direct Connection,NGET,Energy Storage System,a0l4L000002yQZZQA2,PRO-002551,1
Walham PV & BESS Sub,GLOUCESTER ENERGY PARK LIMITED,Walham 400kV Substation,,0.00,249.00,249.00,2033-11-17,Scoping,Direct Connection,NGET,Energy Storage System;PV Array (Photo Voltaic/solar),a0l4L0000005j8WQAQ,PRO-002522,1
Walney 3 Offshore Wind Farm,WALNEY EXTENSION LIMITED,Walney 3 Offshore Substation,,330.00,0.00,330.00,,Built,Direct Connection,NGET,Wind Offshore,a0l4L0000005iqlQAA,PRO-000239,
Walney 4 Offshore Wind Farm,WALNEY EXTENSION LIMITED,Walney 4 Offshore Substation,,330.00,0.00,330.00,,Built,Direct Connection,NGET,Wind Offshore,a0l4L0000005iqmQAA,PRO-000240,
Walney I Offshore Wind Farm,WALNEY (UK) OFFSHORE WINDFARMS LIMITED,Walney 1 33/132kV Offshore Substation,,182.00,0.00,182.00,,Built,Direct Connection,OFTO,Wind Offshore,a0l4L0000005iqGQAQ,PRO-000221,
Walney II Offshore Wind Farm,WALNEY (UK) OFFSHORE WINDFARMS LIMITED,Walney 2 33/132kV Substation,,182.00,0.00,182.00,,Built,Direct Connection,OFTO,Wind Offshore,a0l4L0000005iqHQAQ,PRO-000222,
Walpole,HOLLYGREEN ENERGYFARM LIMITED,Walpole 400kV substations,1.00,49.90,0.00,49.90,,Built,Direct Connection,NGET,Energy Storage System;PV Array (Photo Voltaic/solar),a0l4L0000005ifgQAA,PRO-001114-1,
Walpole,HOLLYGREEN ENERGYFARM LIMITED,Walpole 400kV substations,2.00,0.00,7.10,57.00,2030-10-30,Scoping,Direct Connection,NGET,Energy Storage System;PV Array (Photo Voltaic/solar),a0l4L0000005ifgQAA,PRO-001114-2,
Walpole 1 (Tertiary),WALPOLE GREEN LIMITED,Walpole 400kV Substation,,0.00,57.00,57.00,2025-08-01,Scoping,Direct Connection,NGET,Energy Storage System;PV Array (Photo Voltaic/solar),a0l4L0000005ipkQAA,PRO-000556,
Walpole 2 (tertiary),ENSO GREEN HOLDINGS R LIMITED,Walpole 132kV Substation,,0.00,100.00,100.00,2027-10-31,Consents Approved,Direct Connection,NGET,Energy Storage System;PV Array (Photo Voltaic/solar),a0l4L0000005ioVQAQ,PRO-000505,
Walpole Flexible Generation,FLEXIBLE GENERATION 1 LTD,Walpole 400kV Substation,,0.00,2000.00,2000.00,2033-06-30,Scoping,Direct Connection,NGET,CCGT (Combined Cycle Gas Turbine);Energy Storage System,a0l4L0000005ikmQAA,PRO-002440,
Walpole Grid Services Facility,Conrad (Walpole) Limited,Walpole 400kV Substation,,0.00,0.00,0.00,2026-07-13,Consents Approved,Direct Connection,NGET,Reactive Compensation,a0l8e000000exSnAAI,PRO-003728,
Walsoken Battery,Walsoken Limited,North Anglia Connection Node D 132kV Substation,,0.00,200.00,200.00,2034-10-31,Scoping,Embedded,NGET,Energy Storage System,a0l8e0000010wZdAAI,PRO-002690,
Waltham Cross BESS,SHAW-ENERGI LTD,London North East Connection Node A 400kV,,0.00,300.00,300.00,2033-10-31,Scoping,Direct Connection,NGET,Energy Storage System,a0l8e000000ewXcAAI,PRO-003665,1
Waltham Cross Farm,Waltham Cross 2 Renewables Limited,Waltham Cross 400kV Substation,,0.00,200.00,200.00,2033-04-04,Scoping,Direct Connection,NGET,Energy Storage System;PV Array (Photo Voltaic/solar),a0l8e0000010wZHAAY,PRO-002687,1
Waltham Cross Farm 2,Waltham Cross 7 Renewables Limited,London North East Connection Node A 400kV,,0.00,700.00,700.00,2033-04-04,Scoping,Direct Connection,NGET,Demand;Energy Storage System;PV Array (Photo Voltaic/solar),a0l8e0000010wedAAA,PRO-002748,
Waltham Cross PV & BESS Sub,EPPING ENERGY PARK LIMITED,Waltham Cross B 400kV Substation,,0.00,249.90,249.90,2032-10-31,Scoping,Direct Connection,NGET,Energy Storage System;PV Array (Photo Voltaic/solar),a0lJ9000000PERuIAO,PRO-005801,1
Walton Road Energy Project,Lightsource Renewable UK Development Limited,Drakelow 400kV Substation,,0.00,240.00,240.00,2029-10-31,Scoping,Direct Connection,NGET,Energy Storage System;PV Array (Photo Voltaic/solar),a0l4L0000005iuxQAA,PRO-002225,1
Warley,WARLEY BATTERY STORAGE LIMITED,Warley 275kV Substation,,0.00,57.00,57.00,2027-08-31,Consents Approved,Direct Connection,NGET,Energy Storage System,a0l4L0000005ifhQAA,PRO-001113,
Warley (tertiary),WARLEY GREEN LIMITED,Warley 275kV Substation,,57.00,0.00,57.00,,Built,Direct Connection,NGET,Energy Storage System;PV Array (Photo Voltaic/solar),a0l4L0000005iplQAA,PRO-000555,
Warley Battery Energy Storage,LONDON AND ESSEX ENERGY LIMITED,Warley 275kV Substation,,0.00,200.00,200.00,2029-10-31,Scoping,Direct Connection,NGET,Energy Storage System,a0l4L0000005iwpQAA,PRO-002321,1
Warley PV & BESS,O&G Solar (SPV 36) Limited,Warley 275kV Substation,,0.00,249.90,249.90,2031-10-31,Scoping,Direct Connection,NGET,Energy Storage System,a0l4L000002yQWQQA2,PRO-002537,
Watchman Energy Park,RENEWCO POWER LIMITED,Watchman 132kV Substation,,0.00,249.90,249.90,2036-10-31,Scoping,Direct Connection,SPT,Energy Storage System;PV Array (Photo Voltaic/solar);Wind Onshore,a0l8e000001HxRXAA0,PRO-004258,
Water Lane,VIRIDIS 178 LIMITED,Exeter GSP,,20.88,0.00,20.88,,Built,Embedded,NGET,CHP (Combined Heat and Power),a0l4L0000005iVrQAI,PRO-000241,
Water Orton,Voltwise Power Holdings Limited,Warwickshire Connection Node F 132kV Substation,,0.00,150.00,150.00,2037-10-30,Scoping,Embedded,NGET,Energy Storage System,a0l8e0000012hwWAAQ,PRO-004564,
Watten Wind Farm,EDF ENERGY RENEWABLES LIMITED,Mybster 3 132/33kV Substation,,0.00,52.80,52.80,2028-06-30,Scoping,Direct Connection,SHET,Wind Onshore,a0l4L0000005iYGQAY,PRO-001928,
Weaver BESS,Frodsham Devco Limited,Frodsham 400kV Substation,,0.00,240.00,240.00,2037-11-01,Scoping,Direct Connection,NGET,Energy Storage System,a0l8e0000010wOPAAY,PRO-002571,1
Weaver Island 150MW BESS,Weaver Island BESS Ltd,Elton (Merseyside 132kV Substation),,0.00,150.00,150.00,2037-10-30,Scoping,Embedded,NGET,Energy Storage System,a0l8e0000010wbeAAA,PRO-002714,1
Weirs Drove,CARE POWER (BURWELL 1) LIMITED,Burwell 132kV Substation,1.00,49.90,0.00,49.90,,Built,Embedded,NGET,Energy Storage System,a0l4L0000005iXkQAI,PRO-001655-1,
Weirs Drove,CARE POWER (BURWELL 1) LIMITED,Burwell 132kV Substation,2.00,0.00,30.00,79.90,2028-10-31,Scoping,Embedded,NGET,Energy Storage System,a0l4L0000005iXkQAI,PRO-001655-2,
WELBAR ENERGY STORAGE,WELBAR ENERGY STORAGE LIMITED,Hams Hall 400kV Substation,1.00,0.00,349.90,349.90,2026-10-30,Consents Approved,Direct Connection,NGET,Energy Storage System,a0l4L0000005ieyQAA,PRO-001735-1,
WELBAR ENERGY STORAGE,WELBAR ENERGY STORAGE LIMITED,Hams Hall 400kV Substation,2.00,0.00,50.00,399.90,2032-10-31,Consents Approved,Direct Connection,NGET,Energy Storage System,a0l4L0000005ieyQAA,PRO-001735-2,
Welbeck-Newark Solar Farm - PVDP,SolarTen Ltd,High Marnham 400kV Substation,,0.00,710.00,710.00,2034-10-30,Scoping,Direct Connection,NGET,Energy Storage System;PV Array (Photo Voltaic/solar),a0l8e000001HpeXAAS,PRO-004138,
Well Street Paisley,Gas Generation Property Limited,Elderslie 132/33kV,,0.00,49.90,49.90,2028-06-28,Scoping,Embedded,SPT,Energy Storage System,a0l4L0000005iWqQAI,PRO-002265,2
Wern Tarw Storage,CENIN RENEWABLES LIMITED,South Wales East Connection Node B 400kV,,0.00,249.00,249.00,2037-10-31,Scoping,Direct Connection,NGET,Energy Storage System;PV Array (Photo Voltaic/solar);Wind Onshore,a0lJ9000000PFDVIA4,PRO-005874,
West Andershaw Wind Farm,WEST ANDERSHAW WIND FARM LIMITED,West Andershaw 132kV Substation,,0.00,85.80,85.80,2030-04-30,Scoping,Direct Connection,SPT,Wind Onshore,a0l8e0000010wPRAAY,PRO-002584,1
West Botley High Impact Green Energy Hub,TELIS ENERGY UK LIMITED,Botley West 400kV Substation,,0.00,100.00,100.00,2037-10-31,Scoping,Direct Connection,NGET,Demand;Energy Storage System;Nuclear;PV Array (Photo Voltaic/solar);Wind Onshore,a0l8e0000012gbjAAA,PRO-004435,
West Burton,ENSO GREEN HOLDINGS A LIMITED,West Burton 132kV Substation,,0.00,120.00,120.00,2027-06-30,Scoping,Direct Connection,NGET,Energy Storage System;PV Array (Photo Voltaic/solar),a0l4L0000005iYCQAY,PRO-001323,2
West Burton B,WEST BURTON B LIMITED,West Burton 400kV Substation,1.00,1333.00,500.00,1833.00,2027-10-30,Built,Direct Connection,NGET,CCGT (Combined Cycle Gas Turbine);Energy Storage System,a0l4L0000005ilIQAQ,PRO-000369-1,
West Burton B,WEST BURTON B LIMITED,West Burton 400kV Substation,2.00,0.00,48.00,1881.00,2034-10-30,Built,Direct Connection,NGET,CCGT (Combined Cycle Gas Turbine);Energy Storage System,a0l4L0000005ilIQAQ,PRO-000369-2,
West Burton Solar Project,WEST BURTON SOLAR PROJECT LIMITED,West Burton 400kV Substation,,0.00,480.00,480.00,2028-11-30,Scoping,Direct Connection,NGET,Energy Storage System;PV Array (Photo Voltaic/solar),a0l4L0000005ipfQAA,PRO-000561,
West Caulder BESS,GPC Project 13 Ltd,Harburn 400kV,,0.00,250.00,250.00,2033-10-31,Scoping,Direct Connection,SPT,Demand;Energy Storage System,a0l8e000000TPHTAA4,PRO-003234,
West Common Ipers Lane,West Common BESS Limited,Solent Connection Node A 132kV Substation,,0.00,100.00,100.00,2038-10-30,Scoping,Embedded,NGET,Energy Storage System,a0l8e000000ViK5AAK,PRO-004352,1
West Grimsby Farm,ELGIN ENERGY ES CO LIMITED,Grimsby West 132kV Substation,,0.00,150.00,150.00,2035-10-31,Awaiting Consents,Embedded,NGET,PV Array (Photo Voltaic/solar),a0l8e0000012gbeAAA,PRO-004434,1
West Haddon,SSE DE SOLAR HOLDCO LIMITED,West Haddon 400kV Substation,,0.00,600.00,600.00,2039-10-01,Scoping,Direct Connection,NGET,Energy Storage System;PV Array (Photo Voltaic/solar),a0l8e000000f41EAAQ,PRO-003820,
West Haddon,West Haddon 10 Renewables Limited,Derbyshire Connection Node A 400kV Substation,,0.00,1000.00,1000.00,2037-10-30,Scoping,Direct Connection,NGET,Demand;PV Array (Photo Voltaic/solar),a0l8e000000TPRUAA4,PRO-003417,1
West Melton PV & BESS Station,IBV WEST MELTON SOLAR PARK LIMITED,Leeds North Connection Node C 400kV Substation,,0.00,200.00,200.00,2033-10-31,Scoping,Direct Connection,NGET,Energy Storage System;PV Array (Photo Voltaic/solar),a0l8e000001HoBfAAK,PRO-004061,1
West of Duddon Sands Offshore Wind Farm,MORECAMBE WIND LIMITED,West of Duddon Sands 34/155kV Offshore Substation,,382.00,0.00,382.00,,Built,Direct Connection,OFTO,Wind Offshore,a0l4L0000005iq9QAA,PRO-000210,
West Oxfordshire Energy Park,LOW CARBON SOLAR PARK 43 LIMITED,Chiltern Connection Node D 400kV,,0.00,500.00,500.00,2037-10-31,Scoping,Direct Connection,NGET,Energy Storage System;PV Array (Photo Voltaic/solar),a0l8e000001Hxm2AAC,PRO-004296,
West Saval Battery Storage,West Saval Battery Storage Ltd,West Saval Substation 132 kV,,0.00,200.00,200.00,2030-10-31,Scoping,Direct Connection,SHET,Energy Storage System,a0l8e0000011yC5AAI,PRO-003510,1
West Torrisdale,ESB ASSET DEVELOPMENT UK LIMITED,Carradale 1 GSP,,0.00,50.00,50.00,2028-05-31,Scoping,Embedded,SHET,Wind Onshore,a0l4L0000005iT2QAI,PRO-000944,
West Weybridge,EL (WEST WEYBRIDGE) LIMITED,West Weybridge 275kV Substation,,0.00,57.00,57.00,2027-10-31,Consents Approved,Direct Connection,NGET,Energy Storage System,a0l8e000001Hy5YAAS,PRO-004324,
West Weybridge,West Weybridge 10 Renewables Limited,London North West Connection Node B 400kV Substation,,0.00,1000.00,1000.00,2038-10-31,Scoping,Direct Connection,NGET,Energy Storage System;PV Array (Photo Voltaic/solar),a0l8e000000TPQwAAO,PRO-003410,1
West Weybridge (Tertiary),EL (WEST WEYBRIDGE) LIMITED,West Weybridge 275kV Substation,1.00,0.00,49.90,49.90,2025-10-31,Scoping,Direct Connection,NGET,Energy Storage System;PV Array (Photo Voltaic/solar),a0l4L0000005ipoQAA,PRO-000552-1,
West Weybridge (Tertiary),EL (WEST WEYBRIDGE) LIMITED,West Weybridge 275kV Substation,2.00,0.00,7.10,57.00,2027-10-31,Scoping,Direct Connection,NGET,Energy Storage System;PV Array (Photo Voltaic/solar),a0l4L0000005ipoQAA,PRO-000552-2,
Westermost Rough Offshore Wind Farm,WESTERMOST ROUGH LIMITED,Westermost Rough Offshore Substation,,206.50,0.00,206.50,,Built,Direct Connection,OFTO,Wind Offshore,a0l4L0000005iqIQAQ,PRO-000223,
Westerton Lane BESS,Apatura Project 22 Ltd,Busby 275kV,,0.00,150.00,150.00,2029-09-17,Scoping,Direct Connection,SPT,Energy Storage System,a0l8e000000TPLzAAO,PRO-003267,
Westfield BESS,BROCKWELL ENERGY LIMITED,Westfield 400kV Substation,,0.00,350.00,350.00,2031-10-31,Scoping,Direct Connection,SPT,Energy Storage System,a0l8e000001HrdGAAS,PRO-004210,1
Wether Hill,SCOTTISHPOWER RENEWABLES (UK) LIMITED,Wether Hill 132/33KV Substation,,0.00,66.00,66.00,2031-09-29,Scoping,Direct Connection,SPT,Wind Onshore,a0l4L0000005ig2QAA,PRO-001527,1
Whitecraig BESS,Apatura Battery Ltd,Dalkeith 400kV Substation,,0.00,200.00,200.00,2031-06-30,Scoping,Direct Connection,SPT,Energy Storage System,a0l8e000000TPKwAAO,PRO-003265,1
Whitegate Tertiary Connection,HD144WHI LTD,Whitegate 275kV Substation,,0.00,57.00,57.00,2024-06-30,Consents Approved,Direct Connection,NGET,Energy Storage System,a0l4L0000005io8QAA,PRO-000512,
Whitehill 60MW BESS,GPC 013 LTD,Drumchapel 275/33kV,,0.00,60.00,60.00,2028-10-16,Scoping,Embedded,SPT,Energy Storage System,a0l8e000000TPRoAAO,PRO-003420,
Whitehill Battery Storage,Whitehill Battery Storage Ltd,Easterhouse 275kV,,0.00,200.00,200.00,2028-10-30,Awaiting Consents,Direct Connection,SPT,Energy Storage System,a0l4L0000005idpQAA,PRO-002093,2
WHITEHILL BESS,GPC 1210 Ltd,Whitehill Bess 275/132kV Substation,,0.00,500.00,500.00,2029-10-01,Scoping,Direct Connection,SPT,Energy Storage System,a0l8e0000012jIBAAY,PRO-004639,
Whitehouse BESS station,IGP INTERNATIONAL PROSPECTING LIMITED,Whitehouse 275kV Substation,,0.00,249.00,249.00,2032-07-31,Scoping,Direct Connection,SHET,Demand;Energy Storage System,a0l4L0000005iu6QAA,PRO-002237,
Whitelaw Brae BESS,BUK23 LIMITED,Whitelaw Brae BESS  33kV substation,,0.00,1.00,1.00,2026-07-31,Scoping,Direct Connection,SPT,Energy Storage System,a0l8e000000TPIWAA4,PRO-003247,2
Whitelaw Brae Windfarm,WHITELAW BRAE WINDFARM LIMITED,Whitelaw Brae 'A' and 'B' 33kV Substations,,0.00,57.00,57.00,2026-07-31,Scoping,Direct Connection,SPT,Wind Onshore,a0l4L0000005isxQAA,PRO-000341,2
Whitelee,SCOTTISHPOWER RENEWABLES (UK) LIMITED,Whitelee 275/33kV,1.00,305.00,0.00,305.00,,Built,Direct Connection,SPT,Wind Onshore,a0l4L0000005imeQAA,PRO-000067-1,
Whitelee,SCOTTISHPOWER RENEWABLES (UK) LIMITED,Whitelee 275/33kV,2.00,0.00,50.00,355.00,2031-05-02,Scoping,Direct Connection,SPT,Wind Onshore,a0l4L0000005imeQAA,PRO-000067-2,
Whitelee,SCOTTISHPOWER RENEWABLES (UK) LIMITED,Whitelee 275/33kV,3.00,0.00,305.00,660.00,2033-04-25,Scoping,Direct Connection,SPT,Wind Onshore,a0l4L0000005imeQAA,PRO-000067-3,
Whitelee,SCOTTISHPOWER RENEWABLES (UK) LIMITED,Whitelee 275/33kV,4.00,0.00,158.00,818.00,2034-04-27,Scoping,Direct Connection,SPT,Wind Onshore,a0l4L0000005imeQAA,PRO-000067-4,
Whitelee Extension,SCOTTISHPOWER RENEWABLES (UK) LIMITED,Whitelee Extension 275/33kV,,206.00,32.00,238.00,2026-12-01,Built,Direct Connection,SPT,Energy Storage System;Hydrogen;PV Array (Photo Voltaic/solar);Wind Onshore,a0l4L0000005imfQAA,PRO-000068,
Whiteleigh Farm,QAIR RENEWABLES UK LIMITED,Pyworthy 400kV Substation,,0.00,300.00,300.00,2036-12-06,Scoping,Direct Connection,NGET,Energy Storage System;PV Array (Photo Voltaic/solar),a0l4L0000005iMIQAY,PRO-002385,1
Whiteminhill Renewable Energy Park,VOLTALIA UK LTD,Whiteminhill 275/33kV Substation,,0.00,220.00,220.00,2036-10-31,Scoping,Direct Connection,SPT,Energy Storage System;PV Array (Photo Voltaic/solar);Wind Onshore,a0l8e000000ewwdAAA,PRO-003693,
Whiteside Hill Wind Farm,WHITESIDE HILL WINDFARM (SCOTLAND) LIMITED,Glenglass 132/33kV,,27.00,0.00,27.00,,Built,Direct Connection,SPT,Wind Onshore,a0l4L0000005irLQAQ,PRO-000267,
Whitson,PIVOTED POWER LLP,Whitson 275kV Substation,,0.00,49.90,49.90,2027-10-31,Scoping,Direct Connection,NGET,Energy Storage System,a0l4L0000005ieFQAQ,PRO-001061,1
Whitson BESS,FIELD DEVCO LTD,Whitson 275kV Substation,,0.00,150.00,150.00,2037-10-30,Scoping,Direct Connection,NGET,Energy Storage System,a0l8e000000f4iOAAQ,PRO-003862,1
Whitson BESS NP,EQUINOR NEW ENERGY LIMITED,South Wales East Node A 275kV Substation,,0.00,350.00,350.00,2037-10-31,Scoping,Direct Connection,NGET,Energy Storage System,a0l8e000000TP6fAAG,PRO-003102,1
Wick Moor Drove,BSR APPLICATIONS LIMITED,West Country Connection Node D 400kV Substation,,0.00,500.00,500.00,2037-10-31,Scoping,Direct Connection,NGET,Energy Storage System;PV Array (Photo Voltaic/solar);Wind Onshore,a0l8e0000012krQAAQ,PRO-004788,
Willington,PIVOTED POWER LLP,Willington East 400kV Substation,,0.00,57.00,57.00,2026-06-30,Scoping,Direct Connection,NGET,Energy Storage System,a0l4L0000005islQAA,PRO-000326,1
Willington,SSE UTILITY SOLUTIONS LIMITED,Willington 400kV Substation,,0.00,600.00,600.00,2029-10-30,Scoping,Direct Connection,NGET,Energy Storage System;PV Array (Photo Voltaic/solar),a0l4L0000005iuYQAQ,PRO-002257,1
Willington BESS Station,IBV WILLINGTON ENERGY PARK LIMITED,Derbyshire Connection Node D 400kV Substation,,0.00,240.00,240.00,2033-10-31,Scoping,Direct Connection,NGET,Energy Storage System,a0l8e000000exSiAAI,PRO-003727,1
Willington East 1 (Tertiary),ENSO GREEN HOLDINGS U LIMITED,Willington East 400kV Substation,,0.00,47.50,47.50,2027-10-30,Scoping,Direct Connection,NGET,Energy Storage System;PV Array (Photo Voltaic/solar),a0l4L0000005ippQAA,PRO-000551,1
Willington East 2 (Tertiary),ENSO GREEN HOLDINGS SS LIMITED,Willington East 400kV Substation,,0.00,47.50,47.50,2028-07-30,Scoping,Direct Connection,NGET,Energy Storage System;PV Array (Photo Voltaic/solar),a0l4L0000005ipsQAA,PRO-000548,1
Willington Energy Park,BROCKWELL STORAGE & SOLAR LIMITED,Willington 400kV Substation,,0.00,500.00,500.00,2028-03-30,Scoping,Direct Connection,NGET,Energy Storage System;PV Array (Photo Voltaic/solar),a0l4L0000005iYwQAI,PRO-001964,
Willington Green Energy Centre,WILLINGTON NG LIMITED,Willington 400kV Substation,1.00,0.00,1025.00,1025.00,2028-10-30,Scoping,Direct Connection,NGET,Demand;Energy Storage System;PV Array (Photo Voltaic/solar),a0l4L0000005ikHQAQ,PRO-001797-1,
Willington Green Energy Centre,WILLINGTON NG LIMITED,Willington 400kV Substation,2.00,0.00,0.00,1025.00,2031-10-30,Awaiting Consents,Direct Connection,NGET,Demand;Energy Storage System;PV Array (Photo Voltaic/solar),a0l4L0000005ikHQAQ,PRO-001797-2,
Willington Green Energy Centre,WILLINGTON NG LIMITED,Willington 400kV Substation,3.00,0.00,0.00,0.00,2037-10-30,Scoping,Direct Connection,NGET,Demand;Energy Storage System;PV Array (Photo Voltaic/solar),a0l4L0000005ikHQAQ,PRO-001797-3,
Willington PV & BESS,WILLINGTON ENERGY PARK LIMITED,Willington East 400kV Substation,,0.00,249.90,249.90,2033-10-31,Scoping,Direct Connection,NGET,Energy Storage System;PV Array (Photo Voltaic/solar),a0l8e000001HperAAC,PRO-004142,1
Wilton,SEMBCORP UTILITIES (UK) LIMITED,Wilton 66kV Substation,,141.00,0.00,141.00,,Built,Direct Connection,NGET,CCGT (Combined Cycle Gas Turbine),a0l4L0000005izeQAA,PRO-000228,
Wilton CCGT Project 1,SEMBCORP UTILITIES (UK) LIMITED,Greystones B 275kV Substation,,0.00,850.00,850.00,2035-10-30,Consents Approved,Direct Connection,NGET,CCGT (Combined Cycle Gas Turbine),a0lJ9000000PcUtIAK,PRO-006733,
Wilton CCGT Project 2,SEMBCORP UTILITIES (UK) LIMITED,Greystones A 275kV Substation,,0.00,700.00,700.00,2035-10-30,Consents Approved,Direct Connection,NGET,CCGT (Combined Cycle Gas Turbine),a0lJ9000000PcUpIAK,PRO-006735,
Wilton Lion BESS,SEMBCORP (WILTON BESS) LIMITED,Greystones A 275kV Substation,,150.00,0.00,150.00,,Built,Direct Connection,NGET,Energy Storage System,a0l4L0000005ibWQAQ,PRO-001048,
Windburn,WINDBURN WIND FARM LIMITED,Braco West GSP,,0.00,75.00,75.00,2035-10-31,Scoping,Embedded,SHET,Energy Storage System;Wind Onshore,a0l8e0000012kkqAAA,PRO-004768,1
Windburn Wind Farm,WINDBURN WIND FARM LIMITED,Devonside 132kV Substation,,0.00,75.00,75.00,2034-10-01,Scoping,Direct Connection,SPT,Energy Storage System;Wind Onshore,a0lJ9000000POgFIAW,PRO-006075,1
Windy Rig Wind Farm,WINDY RIG WIND FARM LIMITED,Blackhill 132/33kV,,42.80,0.00,42.80,,Built,Direct Connection,SPT,Wind Onshore,a0l4L0000005iloQAA,PRO-000374,
Windy Standard 1 Repower,FRED OLSEN RENEWABLES LIMITED,Dun Hill 132/33kV,,0.00,21.90,21.90,2031-06-30,Scoping,Direct Connection,SPT,Wind Onshore,a0lJ9000000POfqIAG,PRO-006071,
Windy Standard II (Brockloch Rig) Wind Farm,BROCKLOCH RIG WINDFARM LIMITED,Dun Hill 132/33kV,,61.50,0.00,61.50,,Built,Direct Connection,SPT,Wind Onshore,a0l4L0000005iqjQAA,PRO-000233,
Windy Standard III Wind Farm,Windy Standard III Limited,Dun Hill 132/33kV,1.00,0.00,43.50,43.50,2026-06-01,Awaiting Consents,Direct Connection,SPT,Wind Onshore,a0l4L0000005iteQAA,PRO-000359-1,2
Windy Standard III Wind Farm,Windy Standard III Limited,Dun Hill 132/33kV,2.00,0.00,44.10,87.60,2027-10-31,Awaiting Consents,Direct Connection,SPT,Wind Onshore,a0l4L0000005iteQAA,PRO-000359-2,2
WindyHill BESS2 Facility,Windyhill Grid 2 Ltd,Windyhill 275/132kV,,0.00,200.00,200.00,2025-07-27,Scoping,Direct Connection,SPT,Energy Storage System,a0l4L0000005ib7QAA,PRO-002032,
WindyHill Energy Storage Facility,Windyhill Grid 1 LTD,Windyhill 132kV,,0.00,200.00,200.00,2027-12-31,Consents Approved,Direct Connection,SPT,Energy Storage System,a0l4L0000005iesQAA,PRO-001696,2
Wishaw Energy Storage Facility,ZENOBE WISHAW LIMITED,Wishaw 400/275kV,,49.95,0.00,49.95,,Built,Direct Connection,SPT,Energy Storage System,a0l4L0000005ixRQAQ,PRO-001433,
Witney BESS,Voltwise Power Holdings Limited,Cowley GSP,,0.00,150.00,150.00,2038-11-01,Scoping,Embedded,NGET,Energy Storage System,a0lJ9000000PEDSIA4,PRO-005136,
Woburn Solar Farm,SolarThree Ltd,Dunstable 400kV Substation,,0.00,840.00,840.00,2031-10-31,Scoping,Direct Connection,NGET,PV Array (Photo Voltaic/solar),a0l8e0000010x0FAAQ,PRO-003033,1
Womblehill BESS Farm,RE Projects Development Limited,Womblehill BESS Farm 132kV,,0.00,200.00,200.00,2029-12-31,Scoping,Direct Connection,SHET,Energy Storage System,a0l4L0000005itjQAA,PRO-002197,1
Woodbridge - Noventum,NOVENTUM POWER SOLAR 16 LIMITED,South Anglia Connection Node E 400kV Substation,,0.00,400.00,400.00,2034-10-31,Scoping,Direct Connection,NGET,Demand;Energy Storage System;Reactive Compensation,a0lJ9000000blMIIAY,PRO-004822,1
Woodcock Faulds Battery Storage,Woodcock Faulds Battery Storage Limited,GARTCLASH COLLECTOR 275KV SUBSTATION,,0.00,200.00,200.00,2029-10-31,Scoping,Direct Connection,SPT,Energy Storage System,a0l8e0000010wXLAAY,PRO-002663,
Woodcock Hill Wind Farm,PERIGUS ENERGY UK LIMITED,Woodcock Hill WF Substation,,0.00,90.00,90.00,2032-10-31,Scoping,Direct Connection,SHET,Energy Storage System;Wind Onshore,a0l8e000001HxcZAAS,PRO-004282,1
Woodheads Energy Park,ABO ENERGY UNITED KINGDOM LTD,Gala North 400/132kV Substation,,0.00,100.00,100.00,2033-04-30,Scoping,Direct Connection,SPT,Energy Storage System;PV Array (Photo Voltaic/solar),a0lJ9000000PFovIAG,PRO-005912,
Woodland Ridge,CUBICO UK DEVELOPMENT LIMITED,Hawick 132kV Substation,,0.00,150.00,150.00,2034-07-03,Scoping,Direct Connection,SPT,Energy Storage System;Wind Onshore,a0lJ9000000PDz2IAG,PRO-005110,1
Woodlands Farm BESS,SKY UK DEVELOPMENT LIMITED,EAST KENT CONNECTION NODE B 132KV SUBSTATION,,0.00,227.50,227.50,2036-10-31,Scoping,Embedded,NGET,Energy Storage System,a0l8e000001Hxb2AAC,PRO-004270,1
Worksop BESS,ARM Cedar Limited,Trent Valley South Connection Node B 400kV Substation,,0.00,480.00,480.00,2034-10-30,Scoping,Direct Connection,NGET,Energy Storage System,a0l8e000000ewOYAAY,PRO-003657,1
WORSET LANE BESS,FIELD HARTMOOR LTD,Hartmoor 275kV Substation,,0.00,200.00,200.00,2029-05-31,Consents Approved,Direct Connection,NGET,Energy Storage System,a0l8e000000ew2xAAA,PRO-003650,2
Worset PV & BESS Park,Worcestershire Solar 1 Limited,Hartmoor 275kV Substation,,0.00,37.50,37.50,2027-10-30,Consents Approved,Direct Connection,NGET,Energy Storage System;PV Array (Photo Voltaic/solar),a0l4L0000005ieLQAQ,PRO-001055,2
Wright Street BESS,P3P PARTNERS LLP,Braehead Park 132/33kV,,0.00,49.90,49.90,2025-10-31,Scoping,Embedded,SPT,Energy Storage System,a0l8e0000010xh3AAA,PRO-003083,
Wylfa Substation,WYLFA GREEN LIMITED,Wylfa 132kV Substation,,0.00,120.00,120.00,2029-06-30,Scoping,Direct Connection,NGET,Energy Storage System;PV Array (Photo Voltaic/solar),a0l4L0000005ioDQAQ,PRO-000506,
Wymondham Road Farm,QAIR RENEWABLES UK LIMITED,North Anglia Connection Node A 132kV Substation,,0.00,228.00,228.00,2034-10-31,Scoping,Embedded,NGET,Energy Storage System,a0l8e0000012gcDAAQ,PRO-004441,1
Wymondley,ENSO GREEN HOLDINGS LIMITED,Wymondley 400kV Substation,,0.00,400.00,400.00,2032-10-31,Scoping,Direct Connection,NGET,Energy Storage System;PV Array (Photo Voltaic/solar),a0l4L0000005iyNQAQ,PRO-002187,1
Wymondley,Priory Generation Limited,Wymondley 400kV Substation,,0.00,57.00,57.00,2025-10-31,Awaiting Consents,Direct Connection,NGET,Energy Storage System;PV Array (Photo Voltaic/solar),a0l4L0000005iOgQAI,PRO-001245,
Wymondley BESS Limited,AGR RENEWABLES LIMITED,Wymondley 400kV Substation,,0.00,35.50,35.50,2034-10-31,Scoping,Direct Connection,NGET,Energy Storage System,a0l8e0000011y2SAAQ,PRO-003496,
Wymondley Farm,Wymondley 10 Renewables Ltd,WEST ANGLIA CONNECTION NODE B 400KV SUBSTATION,,0.00,1000.00,1000.00,2032-10-30,Scoping,Direct Connection,NGET,Demand;Energy Storage System;PV Array (Photo Voltaic/solar),a0l4L000002yQZjQAM,PRO-002552,
Wymondley GEC (Ethos Green),WYMONDLEY GREEN ENERGY CENTRE LTD,Wymondley 400kV Substation,,0.00,700.00,700.00,2032-10-30,Awaiting Consents,Direct Connection,NGET,Energy Storage System;PV Array (Photo Voltaic/solar),a0l8e000000f5Y7AAI,PRO-003934,
Wymondley High Impact Green Energy Hub (HIGEH) 1,TELIS ENERGY UK LIMITED,Wymondley 400kV Substation,,0.00,1000.00,1000.00,2033-10-31,Scoping,Direct Connection,NGET,Energy Storage System;PV Array (Photo Voltaic/solar);Reactive Compensation;Wind Onshore,a0l8e0000010wWrAAI,PRO-002659,
Wymondley Solar Farm,AGR SOLAR 4 LIMITED,Wymondley 400kV Substation,,0.00,50.00,50.00,2025-10-31,Consents Approved,Direct Connection,NGET,Energy Storage System;PV Array (Photo Voltaic/solar),a0l4L0000005igqQAA,PRO-001105,
Wyseby Hill Energy Farm,WYSEBYHILL ENERGY FARM LIMITED,Wyseby Hill Energy Farm 400kV Substation,,0.00,750.00,750.00,2031-10-31,Scoping,Direct Connection,SPT,Energy Storage System;PV Array (Photo Voltaic/solar),a0l4L0000005iQSQAY,PRO-001884,
Y Bryn Wind Farm,Y BRYN WIND FARM LIMITED,Margam 275kV Substation,,0.00,151.20,151.20,2029-05-10,Scoping,Direct Connection,NGET,Wind Onshore,a0l4L0000005ib4QAA,PRO-002029,
YAMAL BESS,OPDE UK LIMITED,MacDuff 132/33kV GSP Substation,,0.00,50.00,50.00,2033-10-31,Scoping,Embedded,SHET,Energy Storage System,a0lJ9000000PGmHIAW,PRO-005918,1
Yaxley,CONNECTID 2 LIMITED,North Anglia Connection Node E 400kV Substation,,0.00,520.00,520.00,2034-10-31,Scoping,Direct Connection,NGET,Demand;Energy Storage System;PV Array (Photo Voltaic/solar);Reactive Compensation,a0l8e000000TPMiAAO,PRO-003272,
Yaxley BESS,Field Yaxley  Ltd,North Anglia Connection Node E 400kV Substation,,0.00,200.00,200.00,2034-10-31,Scoping,Direct Connection,NGET,Energy Storage System,a0l8e000000f6ABAAY,PRO-003964,
Yaxley GEC (Ethos Green),YAXLEY GREEN ENERGY CENTRE LTD,Yaxley 400kV Substation,,0.00,450.00,450.00,2031-10-31,Awaiting Consents,Direct Connection,NGET,Energy Storage System;PV Array (Photo Voltaic/solar),a0l8e000000f5YCAAY,PRO-003935,
Zenobe Blackhillock 300 MW,ZENOBE BLACKHILLOCK LIMITED,Blackhillock 275kV Substation,1.00,200.00,0.00,200.00,,Built,Direct Connection,SHET,Energy Storage System,a0l4L0000005iNTQAY,PRO-001624-1,
Zenobe Blackhillock 300 MW,ZENOBE BLACKHILLOCK LIMITED,Blackhillock 275kV Substation,2.00,0.00,100.00,300.00,2026-04-01,Consents Approved,Direct Connection,SHET,Energy Storage System,a0l4L0000005iNTQAY,PRO-001624-2,
Zenobe Butler's Wood BESS,ZENOBE ENERGY LIMITED,Butlers Wood 400kV Substation,,0.00,330.00,330.00,2037-10-31,Scoping,Direct Connection,NGET,Energy Storage System,a0l8e000001Hod1AAC,PRO-004085,1
Zenobe Coalburn Battery Storage,Zenobe Coalburn Limited,Coalburn North 400kV Substation,,0.00,200.00,200.00,2027-08-31,Scoping,Direct Connection,SPT,Energy Storage System,a0l4L0000005j1WQAQ,PRO-001780,2
Zenobe Eccles Battery Storage,ZENOBE ECCLES LIMITED,Eccles 400kV Substation,,0.00,400.00,400.00,2026-04-30,Scoping,Direct Connection,SPT,Energy Storage System,a0l4L0000005ij4QAA,PRO-001779,2
Zenobe Hartmoor BESS,ZENOBE ENERGY LIMITED,Wearside Connection Node A 275kV Substation,,0.00,300.00,300.00,2035-10-30,Scoping,Direct Connection,NGET,Energy Storage System,a0l8e000000ewx2AAA,PRO-003696,1
Zenobe Hawthorn Pit BESS,ZENOBE ENERGY LIMITED,Wearside Connection Node B 400kV Substation,,0.00,300.00,300.00,2037-10-31,Scoping,Direct Connection,NGET,Energy Storage System,a0l8e000001Hod6AAC,PRO-004086,1
Zenobe Kilmarnock South,ZENOBE KILMARNOCK SOUTH LIMITED,Kilmarnock South 400kV Substation,,300.00,0.00,300.00,,Built,Direct Connection,SPT,Energy Storage System,a0l4L0000005ieoQAA,PRO-001687,
Zenobe Little Horsted BESS,ZENOBE ENERGY LIMITED,Sussex and Romney Connection Node A 400kV Substation,,0.00,300.00,300.00,2037-10-31,Scoping,Direct Connection,NGET,Energy Storage System,a0l8e000000f8PiAAI,PRO-004032,1
Zenobe Necton BESS,ZENOBE ENERGY LIMITED,Necton 400kV Substation,,0.00,300.00,300.00,2034-10-31,Scoping,Direct Connection,NGET,Energy Storage System,a0l8e000000TPQMAA4,PRO-003402,1
Zenobe New Deer Battery Storage,ZENOBE ENERGY LIMITED,New Deer 400kV Substation,,0.00,200.00,200.00,2029-10-31,Scoping,Direct Connection,SHET,Energy Storage System,a0l4L0000005ij3QAA,PRO-001778,
Zenobe Norton,ZENOBE ENERGY LIMITED,Norton East 400kV Substation,,0.00,150.00,150.00,2031-10-31,Awaiting Consents,Direct Connection,NGET,Energy Storage System,a0l4L0000005iy8QAA,PRO-001691,1
Zenobe Spennymoor BESS,ZENOBE ENERGY LIMITED,Wearside Connection Node D 400kV Substation,,0.00,300.00,300.00,2034-10-30,Scoping,Direct Connection,NGET,Energy Storage System,a0l8e000000ewwYAAQ,PRO-003692,1
Zenobe Stalybridge Project,ZENOBE STALYBRIDGE LIMITED,Stalybridge 275kV Substation,,0.00,150.00,150.00,2027-09-30,Scoping,Direct Connection,NGET,Energy Storage System,a0l4L0000005iuVQAQ,PRO-001940,
Zenobe Yaxley BESS,ZENOBE ENERGY LIMITED,North Anglia Connection Node E 400kV Substation,,0.00,300.00,300.00,2034-10-31,Scoping,Direct Connection,NGET,Energy Storage System,a0l8e000001HodGAAS,PRO-004088,
