category,name,matched_with
confident_match,Cilfynydd 400kV Substation,Cilfynydd Substation
confident_match,Cowley 400kV Substation,ROWLEY ST
confident_match,Cowley GSP,ROWLEY ST
confident_match,Future Swansea North 132kV,Swansea North Local Substation
confident_match,Imperial Park 400kV Substation,Imperial Park Substation
confident_match,Imperial Park B 400kV Substation,Imperial Park Substation
confident_match,Llandyfaelog 132kV Substation,Llangyfelach Substation
confident_match,Llandyfaelog 400/132kV Substation,Llangyfelach Substation
confident_match,Llanteg 400kV Substation,Llanwern Substation
confident_match,MID WALES CONNECTION NODE A 400KV SUBSTATION,Middle Walls Substation
confident_match,Margam 275kV Substation,Margam Substation
confident_match,Margam B 400kV Substation,Margam Substation
confident_match,Mid Wales Connection Node A,Middle Walls Substation
confident_match,Mid Wales West 132kV Substation,Waterside West Substation
confident_match,North Wales connection Node A 400kV Substation,Northway Substation
confident_match,Pembroke 132kV Substation,Pembroke Substation
confident_match,Pembroke 400kV Substation,Pembroke Substation
confident_match,Rassau 400kV Substation,Tvr Rassau Substation
confident_match,Rassau GSP,Tvr Rassau Substation
confident_match,Rhigos 400kV Substation,Craigynos Substation
confident_match,Rhigos B 400kV Substation,Rhigos School Substation
confident_match,SOUTH WALES WEST CONNECTION NODE A 132KV SUBSTATION,Southgate St Substation
confident_match,South Wales East Connection Node A 275kV Substation,Southgate St Substation
confident_match,South Wales East Connection Node B 400kV,Southgate St Substation
confident_match,South Wales East Node A 275kV Substation,Southgate St Substation
confident_match,South Wales West Connection Node A 400kV Substation,Southgate St Substation
confident_match,South Wales West Connection Node B 400kV Substation,Southgate St Substation
confident_match,South Wales West Connection Node C 400kV,Southgate St Substation
confident_match,Swansea North 132kV Substation,Swansea North Local Substation
confident_match,Swansea North 400kV Substation,Swansea North Local Substation
confident_match,Upper Boat 275kV Substation,Upper St Substation
confident_match,Upperboat 132kV Substation,Upper St Substation
confident_match,Uskmouth 132kV Substation,Uskmouth Grid Substation
confident_match,Uskmouth 275kV Substation,Uskmouth Grid Substation
confident_match,Whitson 275kV Substation,Whitson Substation
no_osm_match,Walham 400kV Substation,
unmatched_osm,/1 New Caradog Rd Substation,
unmatched_osm,0159 Church Road K,
unmatched_osm,10 Chapelwood Substation,
unmatched_osm,109 Queen Street Substation,
unmatched_osm,157-175 SOUTH LIBERTY LANE,
unmatched_osm,179 Newport Road Substation,
unmatched_osm,213 Newport Rd Substation,
unmatched_osm,235 Bryncelyn Pentwyn Substation,
unmatched_osm,24 Cathedral Rd Substation,
unmatched_osm,241 Chapelwood Llanedeyrn Substation,
unmatched_osm,241 Coed-Y-Gores Llanedeyrn Substation,
unmatched_osm,254 Pensylvania Substation,
unmatched_osm,27 Cliff Rd Substation,
unmatched_osm,296 Coedygores Substation,
unmatched_osm,3 A Caravans Substation,
unmatched_osm,319 Pensylvania Substation,
unmatched_osm,35 Newport Rd Substation,
unmatched_osm,35-37 The Parade Substation,
unmatched_osm,36 Newport Rd Substation,
unmatched_osm,37-39 Cathedral Rd Substation,
unmatched_osm,372 Coedygores Substation,
unmatched_osm,3Dm Group Bedwas Substation,
unmatched_osm,49 Bryncelyn Pentwyn Substation,
unmatched_osm,84 Coed-Y-Gores Llanedeyrn Substation,
unmatched_osm,90/92 Queen St Substation,
unmatched_osm,94 Willow Close Substation,
unmatched_osm,99 PHOENIX WAY,
unmatched_osm,A B Electronics Substation,
unmatched_osm,A B Electronics Williamstown Substation,
unmatched_osm,A J Lowther,
unmatched_osm,A L Jenkins Substation,
unmatched_osm,A.B.Electronics S/S Coryton Substation,
unmatched_osm,A.V.P. Substation,
unmatched_osm,AHSLANDS LOCAL,
unmatched_osm,ALBERT ROAD,
unmatched_osm,ALBION PAPER CO,
unmatched_osm,ALDERMAN,
unmatched_osm,ALLINGTON ROAD,
unmatched_osm,ANSTEE & WARE,
unmatched_osm,ASHTON CORRUGATED,
unmatched_osm,ASHTON DRIVE OD,
unmatched_osm,AUBREY ROAD,
unmatched_osm,AVON WAY,
unmatched_osm,AVONMOUTH POWER STATION CENTRAL AVENUE,
unmatched_osm,AVONMOUTH WAY,
unmatched_osm,AYLESBURY ROAD,
unmatched_osm,Ab Electronics No2 Rogerstone Substation,
unmatched_osm,Ab Electronics No2 Trebanog Substation,
unmatched_osm,Ab Metals Ynysboeth Abercynon Substation,
unmatched_osm,Abattoir Xhands Bus Park Substation,
unmatched_osm,Abbey Business Park Substation,
unmatched_osm,Abbey Fields Substation,
unmatched_osm,Abbey Glass Substation,
unmatched_osm,Abbey Road,
unmatched_osm,Abbey Sps No1 Substation,
unmatched_osm,Abbey Tce Llandeilo Substation,
unmatched_osm,Abbeyville Substation,
unmatched_osm,Abbots Close Substation,
unmatched_osm,Abc Cinema Substation,
unmatched_osm,Aber Substation,
unmatched_osm,Aber Valley Sec Mod School Substation,
unmatched_osm,Aberafan Rd Substation,
unmatched_osm,Aberafan Shopping Centre Substation,
unmatched_osm,Aberaman Gas Wks Substation,
unmatched_osm,Aberavon Leisure Centre Substation,
unmatched_osm,Aberavon Sea Front Substation,
unmatched_osm,Aberbeeg Kiosk Substation,
unmatched_osm,Abercanaid South Merthyr Substation,
unmatched_osm,Abercarn Substation,
unmatched_osm,Abercrave East Substation,
unmatched_osm,Abercrave Primary Substation,
unmatched_osm,Abercwmboi Rfc Substation,
unmatched_osm,Abercwmboi Substation,
unmatched_osm,Abercynon Railway Station Substation,
unmatched_osm,Abercynon School Substation,
unmatched_osm,Abercynon St Westmoors Substation,
unmatched_osm,Abercynon Substation,
unmatched_osm,Aberdare Boys Comp' School Substation,
unmatched_osm,Aberdare Cables Substation,
unmatched_osm,Aberdare College Substation,
unmatched_osm,Aberdare General Hospital Substation,
unmatched_osm,Aberdare Power Station,
unmatched_osm,Aberdare Primary Substation,
unmatched_osm,Aberdovey St Splott Substation,
unmatched_osm,Aberdulais Local Tx Substation,
unmatched_osm,Aberdulais Pump.Sta Substation,
unmatched_osm,Aberdulais Substation,
unmatched_osm,Aberfan Fach Substation,
unmatched_osm,Aberfawr Tce Substation,
unmatched_osm,Abergarw Rd Substation,
unmatched_osm,Abergavenny Grid Substation,
unmatched_osm,Abergavenny Rd Gilwern Substation,
unmatched_osm,Abergele Road Llanrumney Substation,
unmatched_osm,Abergelli Pv Generation,
unmatched_osm,Abergorky Factories Treorchy Substation,
unmatched_osm,Abergwawr Place Substation,
unmatched_osm,Abergwili Sawmills Substation,
unmatched_osm,Abergwynfi Substation,
unmatched_osm,Abernant Ind Est Substation,
unmatched_osm,Abernant Nelson Substation,
unmatched_osm,Abernant Road Substation,
unmatched_osm,Aberpergwm Primary Substation,
unmatched_osm,Aberporth Rd Gabalfa Substation,
unmatched_osm,Aberrhondda Garage Substation,
unmatched_osm,Abersychan Primary Substation,
unmatched_osm,Abersychan Town Substation,
unmatched_osm,Aberthaw Cement Substation,
unmatched_osm,Aberthaw East Substation,
unmatched_osm,Aberthaw Substation,
unmatched_osm,Aberthaw West Sw Substation,
unmatched_osm,Abertillery Minewater Substation,
unmatched_osm,Abertillery Primary Substation,
unmatched_osm,Abertillery School Substation,
unmatched_osm,Abertonllwyd Treherbert Substation,
unmatched_osm,Abertridwr Local Frmu Substation,
unmatched_osm,Abertysswg Primary Substation,
unmatched_osm,Abingdon Carpets Substation,
unmatched_osm,Able Site Sandfield Substation,
unmatched_osm,Abp Longships Substation,
unmatched_osm,Acacia Ave Hengoed Substation,
unmatched_osm,Acacia Ave Merthyr Substation,
unmatched_osm,Acacia Ave Substation,
unmatched_osm,Acacia Avenue Substation,
unmatched_osm,Acco Uk Substation,
unmatched_osm,Ace Holdings Substation,
unmatched_osm,Acer Substation,
unmatched_osm,Achddu Substation,
unmatched_osm,Acland Rd Substation,
unmatched_osm,Acorn Substation,
unmatched_osm,Adams Bros Substation,
unmatched_osm,Adams Court Substation,
unmatched_osm,Adamsdown Lane Substation,
unmatched_osm,Adamsdown Substation,
unmatched_osm,Adare St Bridgend Substation,
unmatched_osm,Adare St Substation,
unmatched_osm,Addicott Road Substation,
unmatched_osm,Addison House Llanrumney Substation,
unmatched_osm,Addison Rd Substation,
unmatched_osm,Addison St Cefn Fforest Substation,
unmatched_osm,Adelaide Street Substation,
unmatched_osm,Adelphi Substation,
unmatched_osm,Adenfield Way Porthkerry Substation,
unmatched_osm,Admiral House No1 Substation,
unmatched_osm,Admiral House No2 Substation,
unmatched_osm,Admiral Insurance Substation,
unmatched_osm,Admirals Landing Substation,
unmatched_osm,Admiralty Pembroke Dock Substation,
unmatched_osm,Adv Factory Tafarnaubach Substation,
unmatched_osm,Advance Factory Abercrave Substation,
unmatched_osm,Advance Factory Aberdulais Substation,
unmatched_osm,Advance Factory Crosshands Substation,
unmatched_osm,Advance Factory No 1 Aberdare Substation,
unmatched_osm,Advance Factory Pontardulais Substation,
unmatched_osm,Advance Factory Substation,
unmatched_osm,Ael Y Bryn Tce Newbridge Substation,
unmatched_osm,Aelybryn Felinfoel Rd Substation,
unmatched_osm,Aelybryn Fochriw Substation,
unmatched_osm,Aelybryn Substation,
unmatched_osm,Aeron Place Bargoed Substation,
unmatched_osm,Aeron Tce Merthyr Substation,
unmatched_osm,Afan Parc Substation,
unmatched_osm,Afan Valley Road Substation,
unmatched_osm,Afan Way STOR Generation,
unmatched_osm,Afan Wtw No1 Substation,
unmatched_osm,Afan Wtw No2 Substation,
unmatched_osm,Afon Close Substation,
unmatched_osm,Afon Engineering Substation,
unmatched_osm,Afon Fach Substation,
unmatched_osm,Afon Lan Solar Park,
unmatched_osm,Afon Morlais Housing Site Substation,
unmatched_osm,Afonwen Laundry Substation,
unmatched_osm,Afrd Pump Station Substation,
unmatched_osm,Africa Gardens Gabalfa Substation,
unmatched_osm,Ag Quidnet Substation,
unmatched_osm,Agents Row Substation,
unmatched_osm,Air Products Rover Way Substation,
unmatched_osm,Airfield Park Substation,
unmatched_osm,Airmans Married Quarters No 2 Substation,
unmatched_osm,Aiwa Newbridge Substation,
unmatched_osm,Aiwa No2 Substation,
unmatched_osm,Akg Tonyrefail Substation,
unmatched_osm,Alan Close. Rogerstone Substation,
unmatched_osm,Alban Road Substation,
unmatched_osm,Albany Court Penarth Substation,
unmatched_osm,Albany Rd Roath Substation,
unmatched_osm,Albany Rd Substation,
unmatched_osm,Albany Street Substation,
unmatched_osm,Albert Road Penarth Substation,
unmatched_osm,Albert Row Substation,
unmatched_osm,Albert St Substation,
unmatched_osm,Albert Town Housing Substation,
unmatched_osm,Alberto Culver Substation,
unmatched_osm,Albetina Rd Crumlin Substation,
unmatched_osm,Albie Freemans Substation,
unmatched_osm,Albion Rd Baglan Substation,
unmatched_osm,Albion Road Substation,
unmatched_osm,Albion St Ton Pentre Substation,
unmatched_osm,Alder Road Roath Substation,
unmatched_osm,Alderway Westcross Substation,
unmatched_osm,Aldi Depot Wentloog Substation,
unmatched_osm,Aldi Newport Substation,
unmatched_osm,Aldi Pontypool Substation,
unmatched_osm,Aldis Parc Tawe Substation,
unmatched_osm,Alexander Court Substation,
unmatched_osm,Alexander Engineering Neath Substation,
unmatched_osm,Alexandra Court Substation,
unmatched_osm,Alexandra Foundry Substation,
unmatched_osm,Alexandra Gardens,
unmatched_osm,Alexandra Gate Newport Substation,
unmatched_osm,Alexandra Gate Substation,
unmatched_osm,Alexandra Gdns Barry Substation,
unmatched_osm,Alexandra Rd Caerau Substation,
unmatched_osm,Alexandra Road Abertillery Substation,
unmatched_osm,Alexandra Road Gorseinon Substation,
unmatched_osm,Alexandre Road Merthyr Substation,
unmatched_osm,Alexandria Apartments Substation,
unmatched_osm,Alford Rd Substation,
unmatched_osm,Alfred Cook Dumballs Road Substation,
unmatched_osm,Alfred St Gilfach Substation,
unmatched_osm,Alfred Street Substation,
unmatched_osm,Alfred Teves Substation,
unmatched_osm,Align Rite Substation,
unmatched_osm,All Plant Substation,
unmatched_osm,All Saints Penarth Substation,
unmatched_osm,All Saints Substation,
unmatched_osm,Allensbank Rd Heath Substation,
unmatched_osm,Alliance Insurance Substation,
unmatched_osm,Allied Suppliers Ltd Trethomas Substation,
unmatched_osm,Allt Yr Yn Avenue Newport Substation,
unmatched_osm,Allt-Yr-Yn Close. Newport Substation,
unmatched_osm,Allt-Yr-Yn View Newport Substation,
unmatched_osm,Alltacham Kiosk Mg Board Substation,
unmatched_osm,Alltacham North Substation,
unmatched_osm,Alltwen Hill Substation,
unmatched_osm,Alltwen Substation,
unmatched_osm,Alltygog Substation,
unmatched_osm,Alltygrug Gurnos Substation,
unmatched_osm,Alma St Abertillery Substation,
unmatched_osm,Alma St South Abertillery Substation,
unmatched_osm,Almond Drive Substation,
unmatched_osm,Alpha Catering Substation,
unmatched_osm,Alpha Flocking Substation,
unmatched_osm,Alps Quarry Wenvoe Substation,
unmatched_osm,Alstred Street Substation,
unmatched_osm,Altair Junction Lock Substation,
unmatched_osm,Altmar No1 Substation,
unmatched_osm,Altmar No2 Substation,
unmatched_osm,Altolusso No.1 Substation,
unmatched_osm,Altolusso No.2 Substation,
unmatched_osm,Altolusso No.3 Substation,
unmatched_osm,Altron Capel Hendre Substation,
unmatched_osm,Alumelt Substation,
unmatched_osm,Alun Paine Substation,
unmatched_osm,Alupac Substation,
unmatched_osm,Alzir Substation,
unmatched_osm,Amazon Mg Board Substation,
unmatched_osm,Amberley Substation,
unmatched_osm,Ambulance Station Substation,
unmatched_osm,Amesbury Road Roath Substation,
unmatched_osm,Amf Plastics Substation,
unmatched_osm,Amg Resources Substation,
unmatched_osm,Amk Plastics Substation,
unmatched_osm,Ammanford Grid Substation,
unmatched_osm,Ammanford Square A Substation,
unmatched_osm,Ammanford Square B Substation,
unmatched_osm,Amoco Pontyclun Substation,
unmatched_osm,Amroth Arms Substation,
unmatched_osm,Amroth Rd Ely Substation,
unmatched_osm,Amroth Villets Substation,
unmatched_osm,Amroth Walk Substation,
unmatched_osm,Anchor Down Solva Substation,
unmatched_osm,Anchor Works Substation,
unmatched_osm,Anderson Lane Substation,
unmatched_osm,Andrew Rd Cogan Substation,
unmatched_osm,Andrew Rd East Cogan Substation,
unmatched_osm,Andrews Buildings No1 Substation,
unmatched_osm,Andrews Buildings No2 Substation,
unmatched_osm,Andrews Buildings No3 Substation,
unmatched_osm,Andrews Buildings No4 Substation,
unmatched_osm,Andrews Rd Llandaff Substation,
unmatched_osm,Aneurin Bevan Substation,
unmatched_osm,Angel Hotel Substation,
unmatched_osm,Angel Lane Britannia Substation,
unmatched_osm,Angelina St Docks Substation,
unmatched_osm,Angus St Substation,
unmatched_osm,Ankle Creak Rhoose Substation,
unmatched_osm,Anns Pantry Substation,
unmatched_osm,Ansell'S Substation,
unmatched_osm,Anthony Grove Merthyr Substation,
unmatched_osm,Anthracite Duff Plant Substation,
unmatched_osm,Apple Grove Substation,
unmatched_osm,Appledore Substation,
unmatched_osm,Approach Road Manselton Substation,
unmatched_osm,Arabella St Substation,
unmatched_osm,Arael View Substation,
unmatched_osm,Arbutus Close Merthyr Substation,
unmatched_osm,Archbishop Mcgrath School Substation,
unmatched_osm,Archer Place Penarth Substation,
unmatched_osm,Archer Rd Ely Substation,
unmatched_osm,Archer Road. Cwmbran Substation,
unmatched_osm,Arcot Street Penarth Substation,
unmatched_osm,Ardnave Crookes Lane Kewstoke Substation,
unmatched_osm,Ardwyn Close Whitchurch Substation,
unmatched_osm,Area 2B Tarmac Substation,
unmatched_osm,Arfryn Tce Tylorstown Substation,
unmatched_osm,Argoed Terrace Llanharan Substation,
unmatched_osm,Arlbee House Substation,
unmatched_osm,Arlington Motor Co Trethomas Substation,
unmatched_osm,Armco House Cwmbran Substation,
unmatched_osm,Armstrong Springs Substation,
unmatched_osm,Arno Quay Substation,
unmatched_osm,Arnold Avenue Llanrumney Substation,
unmatched_osm,Arnold St Mountain Ash Substation,
unmatched_osm,Arosfa Substation,
unmatched_osm,Art College Substation,
unmatched_osm,Art School Llanelli Substation,
unmatched_osm,Arthur St Mountain Ash Substation,
unmatched_osm,Arundel Place Substation,
unmatched_osm,Arvin Meritor Substation,
unmatched_osm,Arvonia Terrace Substation,
unmatched_osm,Asat Substation,
unmatched_osm,Ascot Drive Baglan Substation,
unmatched_osm,Asda Barry Waterfront Substation,
unmatched_osm,Asda Bridgend Substation,
unmatched_osm,Asda Brynmawr Substation,
unmatched_osm,Asda Car Park Caerphilly Substation,
unmatched_osm,Asda Cwmbran Substation,
unmatched_osm,Asda Ferry Road Substation,
unmatched_osm,Asda Forest Farm Substation,
unmatched_osm,Asda Gorseinon Substation,
unmatched_osm,Asda Llanelli Substation,
unmatched_osm,Asda Lower Dock Street Substation,
unmatched_osm,Asda Morriston Substation,
unmatched_osm,Asda Newport Substation,
unmatched_osm,Asda Pontprennau Substation,
unmatched_osm,Asda Store Dowlais Substation,
unmatched_osm,Asda Store Trallwn Substation,
unmatched_osm,Asda Superstore Substation,
unmatched_osm,Asda Trostre Substation,
unmatched_osm,Asda Ystalyfera Substation,
unmatched_osm,Ash Crescent Gurnos Substation,
unmatched_osm,Ash Grove (Nelson) Substation,
unmatched_osm,Ash Grove Talbot Green Substation,
unmatched_osm,Ash Park Kilgetty Substation,
unmatched_osm,Ash Rd Fairwater Substation,
unmatched_osm,Ashbridge Hotel Substation,
unmatched_osm,Ashburnham Pembrey Substation,
unmatched_osm,Ashbury Drive Substation,
unmatched_osm,Ashcombe Hotel Substation,
unmatched_osm,Ashcombe Park Bottom Gate Substation,
unmatched_osm,Ashcombe Park Substation,
unmatched_osm,Ashcombe Pk Top Gate Substation,
unmatched_osm,Ashcombe School Substation,
unmatched_osm,Ashcroft Cres Fairwater Substation,
unmatched_osm,Ashdale Court Substation,
unmatched_osm,Ashdene Road Substation,
unmatched_osm,Ashfield Close Substation,
unmatched_osm,Ashford Close Substation,
unmatched_osm,Ashford Hall Substation,
unmatched_osm,Ashgrove House Glyntaff Substation,
unmatched_osm,Ashgrove Primary Substation,
unmatched_osm,Ashlands Changing Room Substation,
unmatched_osm,Ashleigh Drive Crundale Substation,
unmatched_osm,Ashley Road Substation,
unmatched_osm,Ashvale House Dukestown Substation,
unmatched_osm,Aspen Grove Llanrumney Substation,
unmatched_osm,Assembly Square No1 Substation,
unmatched_osm,Assembly Square No2 Substation,
unmatched_osm,Asset International Substation,
unmatched_osm,Assisted Living Centre Substation,
unmatched_osm,Assoc Family Bakeries Substation,
unmatched_osm,Astra Zeneca Substation,
unmatched_osm,Astrol House Substation,
unmatched_osm,Asw Site East Moors Substation,
unmatched_osm,Atlantic Close Substation,
unmatched_osm,Atlantic House Tyndall Street Substation,
unmatched_osm,Atlantic Living Substation,
unmatched_osm,Atlantic Plastics Substation,
unmatched_osm,Atlantic Trading Estate Substation,
unmatched_osm,Atlas Fabricators Clydach Substation,
unmatched_osm,Atlas Junction Lock Substation,
unmatched_osm,Atlas Sprinkler Substation,
unmatched_osm,Attlee Way Tredegar Substation,
unmatched_osm,Aubrey Arms Supermarket Substation,
unmatched_osm,Aubrey Homes Substation,
unmatched_osm,Aubrey Rd Penygraig Substation,
unmatched_osm,Auburn Ave Substation,
unmatched_osm,Auburn Villa Pembroke Substation,
unmatched_osm,Audi Cardiff Gate Substation,
unmatched_osm,Audley Grove Substation,
unmatched_osm,Augusta Road Penarth Substation,
unmatched_osm,Augustan Way Substation,
unmatched_osm,Aurora Substation,
unmatched_osm,Austen Close Llanrumney Substation,
unmatched_osm,Austin Ave Substation,
unmatched_osm,Autobar Polyfilm Substation,
unmatched_osm,Automotive Engineering Wattstown Substation,
unmatched_osm,Autotechnium Substation,
unmatched_osm,Avana Bakery No 1 Substation,
unmatched_osm,Avana Bakery No 2 Substation,
unmatched_osm,Avana Student Accommodation Substation,
unmatched_osm,Avenue Crescent Substation,
unmatched_osm,Avenue Garage Ely Substation,
unmatched_osm,Avenue Rd Substation,
unmatched_osm,Avon Court Beaufort Substation,
unmatched_osm,Avon Rd Substation,
unmatched_osm,Avondale Hostel Substation,
unmatched_osm,Avondale Rd West Moors Substation,
unmatched_osm,Avonmouth Biogas Substation,
unmatched_osm,Avonmouth Docks Substation,
unmatched_osm,Avonmouth Substation,
unmatched_osm,Avonmouth Waste Kingsweston Lane Substation,
unmatched_osm,Avonmouth Windfarm Substation,
unmatched_osm,Awco Baglan Substation,
unmatched_osm,Awe South Substation,
unmatched_osm,Awel Mor North Substation,
unmatched_osm,Awel Mor South Substation,
unmatched_osm,Axis Court Substation,
unmatched_osm,Axminster Lane Substation,
unmatched_osm,Ayron St Ferndale Substation,
unmatched_osm,B & Q Aisecome Way Substation,
unmatched_osm,B & Q Liswerry Substation,
unmatched_osm,B & Q Substation,
unmatched_osm,B & Q Trostre Substation,
unmatched_osm,B E R L Landore Substation,
unmatched_osm,B H C Pumphouse Briton Ferry Substation,
unmatched_osm,B T Cons Electronics Cwmcarn Substation,
unmatched_osm,B&Q HIGHWOOD LANE,
unmatched_osm,B&Q Llansamlet Substation,
unmatched_osm,B&Q Newport Road Substation,
unmatched_osm,B&Q Pontprennau Substation,
unmatched_osm,B&Q Pontypridd Substation,
unmatched_osm,B&Q Swansea Rd Substation,
unmatched_osm,B.B.C. Wood Street Substation,
unmatched_osm,BACKWELL,
unmatched_osm,BACKWELL SCHOOL,
unmatched_osm,BACKWELL SCHOOL 6TH FORM CENTRE,
unmatched_osm,BALI HI,
unmatched_osm,BANGROVE WALK,
unmatched_osm,BANK ROAD CHITTENING,
unmatched_osm,BANK STREET CARE HOME - RMU,
unmatched_osm,BANKS ROAD O.D,
unmatched_osm,BANWELL CLOSE,
unmatched_osm,BARNYARD WAY,
unmatched_osm,BATTERY LANE,
unmatched_osm,BEACH AVE OD,
unmatched_osm,BEACH HILL,
unmatched_osm,BEASLEY FRENCH,
unmatched_osm,BEAULEY ROAD,
unmatched_osm,BEDMINSTER DOWN SCHOOL,
unmatched_osm,BEECHWOOD DRIVE,
unmatched_osm,BELLVUE CRESCENT NORTH,
unmatched_osm,BERRY HILL,
unmatched_osm,BERWICK LANE LAND RECLAMATION,
unmatched_osm,BERWICK WOOD PUMPING STATION HVM,
unmatched_osm,BISHOPSWORTH KIOSK,
unmatched_osm,BLACKFRIARS ROAD,
unmatched_osm,BLACKFRIARS ROAD WEST,
unmatched_osm,BOC Biomass,
unmatched_osm,BOC Margam Substation,
unmatched_osm,BOCM PORTBURY,
unmatched_osm,BOLLOMS LOCKS MILLS,
unmatched_osm,BOWENS HILL,
unmatched_osm,BOWER ROAD,
unmatched_osm,BRABYS,
unmatched_osm,BRADLEY ROAD,
unmatched_osm,BRANCHES CROSS,
unmatched_osm,BRANDON HOUSE,
unmatched_osm,BRANSCOMBE PARK,
unmatched_osm,BRISTOL CITY FC-HVM,
unmatched_osm,BRISTOL DAIRIES,
unmatched_osm,BRISTOL ROAD,
unmatched_osm,BROMPTON WAY,
unmatched_osm,BROOKDALE RD,
unmatched_osm,BROOKLYN RD TS,
unmatched_osm,BRUIN WOOD,
unmatched_osm,BRUNEL COURT,
unmatched_osm,BRUNEL WAY NORTH,
unmatched_osm,BWW Chew Stoke Substation,
unmatched_osm,BWW Pmp St Chew Magna Substation,
unmatched_osm,Ba Cash & Carry Llansamlet Substation,
unmatched_osm,Ba Cash & Carry Substation,
unmatched_osm,Back Lane Prendergast Substation,
unmatched_osm,Back Street Substation,
unmatched_osm,Bacton Rd Gabalfa Substation,
unmatched_osm,Badgers Bar Substation,
unmatched_osm,Badgers Wood Bedwas Substation,
unmatched_osm,Badminton Grove Substation,
unmatched_osm,Baglan Bay Innovation Centre Substation,
unmatched_osm,Baglan Bay Ngc Substation,
unmatched_osm,Baglan Bay PV Generation,
unmatched_osm,Baglan Bay Substation,
unmatched_osm,Baglan Child Development Substation,
unmatched_osm,Baglan Cottage Substation,
unmatched_osm,Baglan Hall Substation,
unmatched_osm,Baglan Hospital Substation,
unmatched_osm,Baglan Infants School Substation,
unmatched_osm,Baglan Lodge Substation,
unmatched_osm,Baglan Moors Industrial Park Substation,
unmatched_osm,Baglan Sewage Disposal Works Substation,
unmatched_osm,Baglan St Pentre Substation,
unmatched_osm,Baglan Way Substation,
unmatched_osm,Baglan Way Unit 21 Substation,
unmatched_osm,Bailey Bedwas Substation,
unmatched_osm,Bailey St Brynmawr Substation,
unmatched_osm,Bailey St Mountain Ash Substation,
unmatched_osm,Bailey St Pentre Substation,
unmatched_osm,Bakers Garage Merthyr Substation,
unmatched_osm,Bakers Row Substation,
unmatched_osm,Bakers Way Substation,
unmatched_osm,Bala Close Beaufort Substation,
unmatched_osm,Balaclava Rd Glais Substation,
unmatched_osm,Balaclava Rd Merthyr Substation,
unmatched_osm,Baling Plant Morriston Substation,
unmatched_osm,Ball Road Llanrumney Substation,
unmatched_osm,Ballands Site Port Eynon Substation,
unmatched_osm,Balmoral Way Substation,
unmatched_osm,Baltic House Substation,
unmatched_osm,Banana Tip Substation,
unmatched_osm,Banastre Avenue Heath Substation,
unmatched_osm,Bandhall Substation,
unmatched_osm,Bangor Wharf Substation,
unmatched_osm,Bank House Llandeilo Substation,
unmatched_osm,Bank Lane No2 Substation,
unmatched_osm,Bank Lane Tenby Substation,
unmatched_osm,Bank Of Lauriet Substation,
unmatched_osm,Bank Street Newport Substation,
unmatched_osm,Bannatyne Fitness Substation,
unmatched_osm,Bantock Close Newport Substation,
unmatched_osm,Banwen Rd Substation,
unmatched_osm,Banwen School Substation,
unmatched_osm,Baptist Church Substation,
unmatched_osm,Bar Foods Substation,
unmatched_osm,Barclays Bank Blackwood Substation,
unmatched_osm,Bargoed Solar Park Substation,
unmatched_osm,Bargoed Terrace Deri Substation,
unmatched_osm,Barham Chapel Ebbw Vale Substation,
unmatched_osm,Baring Gouldway Substation,
unmatched_osm,Barley Fields Nantyglo Substation,
unmatched_osm,Barleycorn Substation,
unmatched_osm,Barn Hill Substation,
unmatched_osm,Barn St Tabernacle Substation,
unmatched_osm,Barnes Ave Substation,
unmatched_osm,Barnlake Point Substation,
unmatched_osm,Baron Street Substation,
unmatched_osm,Barrack Hill. Newport. Substation,
unmatched_osm,Barrage Frmu No2 Substation,
unmatched_osm,Barratts Blackmill Substation,
unmatched_osm,Barratts Cockynorth Substation,
unmatched_osm,Barratts Cwm Ifor Substation,
unmatched_osm,Barratts Llangynwyd Substation,
unmatched_osm,Barratts Llanharan Substation,
unmatched_osm,Barry Dock Biomass Substation,
unmatched_osm,Barry Dock Gwr Barry Substation,
unmatched_osm,Barry Docks Office Substation,
unmatched_osm,Barry Headlands Substation,
unmatched_osm,Barry Hospital Substation,
unmatched_osm,Barry Hotel Substation,
unmatched_osm,Barry Island Substation,
unmatched_osm,Barry Magistrates Substation,
unmatched_osm,Barry Pleasure Park Substation,
unmatched_osm,Barry School Substation,
unmatched_osm,Barry Waterfront Substation,
unmatched_osm,Barry West Sewage Substation,
unmatched_osm,Bartlett St Caerphilly Substation,
unmatched_osm,Bartoffs Pontypridd Substation,
unmatched_osm,Basil Place Substation,
unmatched_osm,Bass Brewery Substation,
unmatched_osm,Bassaleg Comprehensive School Substation,
unmatched_osm,Bassaleg Rd Substation,
unmatched_osm,Bassett St Abercynon Substation,
unmatched_osm,Bassett Terrace Substation,
unmatched_osm,Batemans Substation,
unmatched_osm,Batleys Substation,
unmatched_osm,Baverstocks Substation,
unmatched_osm,Bawn Foundry Substation,
unmatched_osm,Bay View Port Talbot Substation,
unmatched_osm,Bay View Road Cardiff Bay Substation,
unmatched_osm,Bay View Terrace Bryn Mill Substation,
unmatched_osm,Bayliss Metals Tremorfa Substation,
unmatched_osm,Bayliss Rd Substation,
unmatched_osm,Bayscape Substation,
unmatched_osm,Baytree Road Kiosk Substation,
unmatched_osm,Bbc Clevedon Substation,
unmatched_osm,Bbc Drama Village Substation,
unmatched_osm,Bbc Now Substation,
unmatched_osm,Bcc Llandough Substation,
unmatched_osm,Beach Lawns Substation,
unmatched_osm,Beach Rd Pump.Sta Substation,
unmatched_osm,Beacon Wind Turbine Substation,
unmatched_osm,Beaconing Fields Housing Substation,
unmatched_osm,Beaconing View Wooden Substation,
unmatched_osm,Beacons Arcade Substation,
unmatched_osm,Beacons View Substation,
unmatched_osm,Beatty Ave Heath Substation,
unmatched_osm,Beatus Substation,
unmatched_osm,Beaufort Hospital Substation,
unmatched_osm,Beaufort Morriston Substation,
unmatched_osm,Beaufort Road Newport Substation,
unmatched_osm,Beaufort Substation,
unmatched_osm,Beaufort Switching Station,
unmatched_osm,"Becket Road,112 Substation",
unmatched_osm,Beckett Road Substation,
unmatched_osm,Beddau Farm Caerphilly Substation,
unmatched_osm,Beddau No1 Substation,
unmatched_osm,Beddau North Caerphilly Substation,
unmatched_osm,Beddau School Substation,
unmatched_osm,Beddau South Substation,
unmatched_osm,Beddau Square Substation,
unmatched_osm,Beddick Cwmbran Substation,
unmatched_osm,Bedford Place Substation,
unmatched_osm,Bedford Rise Substation,
unmatched_osm,Bedlinog Substation,
unmatched_osm,Bedlwyn Farm Turbine Substation,
unmatched_osm,Bedw St Substation,
unmatched_osm,Bedwas Park Housing Estate Substation,
unmatched_osm,Bedwas Place Penarth Substation,
unmatched_osm,Bedwas Road Substation,
unmatched_osm,Bedwas Substation,
unmatched_osm,Bedwlwyn Road Substation,
unmatched_osm,Beech Close Substation,
unmatched_osm,Beech Grove Merthyr Substation,
unmatched_osm,Beech House Substation,
unmatched_osm,Beech Rd Fairwater Substation,
unmatched_osm,Beechdale Rd Substation,
unmatched_osm,Beechfield Hengoed Substation,
unmatched_osm,Beechley Drive North Fairwater Substation,
unmatched_osm,Beechley Drive South Fairwater Substation,
unmatched_osm,Beechwood Avenue Substation,
unmatched_osm,Beechwood Bottom Newport Substation,
unmatched_osm,Beechwood Top Newport Substation,
unmatched_osm,Began Road Solar Park Substation,
unmatched_osm,Beili-Glas Cwmgorse Substation,
unmatched_osm,Beilliglas Road Substation,
unmatched_osm,Belfords Canton Substation,
unmatched_osm,Belgrave Court Substation,
unmatched_osm,Belgrave Hotel Tenby Substation,
unmatched_osm,Belgrave Road Gorseinon Substation,
unmatched_osm,Bell Barn Road ID,
unmatched_osm,Belle Vue Cwmbran Substation,
unmatched_osm,Belle Vue Substation,
unmatched_osm,Belle Vue Way Substation,
unmatched_osm,Bellways Block K No1 Substation,
unmatched_osm,Bellways Block K No2 Substation,
unmatched_osm,Bellways Block T No1 Substation,
unmatched_osm,Bellways Block T No2 Substation,
unmatched_osm,Belmont Road Substation,
unmatched_osm,Belvedere Avenue Carmarthen Substation,
unmatched_osm,Belvedere Cres Barry Substation,
unmatched_osm,Bendricks Barry Substation,
unmatched_osm,Bendricks Rd Pump St Substation,
unmatched_osm,Bennet Beaufort Substation,
unmatched_osm,Bennett Street Nest Substation,
unmatched_osm,Benson St Substation,
unmatched_osm,Beresford House Victoria Substation,
unmatched_osm,Berkeley Rd Substation,
unmatched_osm,Berleis Factory Ebbw Vale Substation,
unmatched_osm,Berllanlwyd Markham Substation,
unmatched_osm,Berry Square Dowlais Substation,
unmatched_osm,Berrys Corner New Inn Substation,
unmatched_osm,Bertha Rd Substation,
unmatched_osm,Berthllwyd Solar Park Gen,
unmatched_osm,Berthnin St Pontcanna Substation,
unmatched_osm,Bertrand Faure Substation,
unmatched_osm,Berw Rd Substation,
unmatched_osm,Bessemer Close Substation,
unmatched_osm,Bessemer Rd Market Leckwith Substation,
unmatched_osm,Best Foods No1 Substation,
unmatched_osm,Best Foods No2 Substation,
unmatched_osm,Bestways Substation,
unmatched_osm,Bethania Maesteg Substation,
unmatched_osm,Bethania St Glynneath Substation,
unmatched_osm,Bethany Corner Pembroke Substation,
unmatched_osm,Bethcar St Substation,
unmatched_osm,Bethel Lane Pentwynmawr Substation,
unmatched_osm,Bethel Newydd Substation,
unmatched_osm,Bethesda Chapel Substation,
unmatched_osm,Bethesda Chapel Tycroes Substation,
unmatched_osm,Bethesda Rd Tumble Substation,
unmatched_osm,Bethuel St Aberdare Substation,
unmatched_osm,Bettws Consortium Substation,
unmatched_osm,Bettws Mill Newport Substation,
unmatched_osm,Bettws North Substation,
unmatched_osm,Bettws Pump. Sta No1 Substation,
unmatched_osm,Bettws Pump. Sta No2 Substation,
unmatched_osm,Bettws Rd Ammanford Substation,
unmatched_osm,Bettws West Substation,
unmatched_osm,Betws Wind Farm Substation,
unmatched_osm,Beulah Rd Rhiwbina Substation,
unmatched_osm,Bevans Lane 11Kv Sw Stn Substation,
unmatched_osm,Bevans Row Substation,
unmatched_osm,Bevelin Hall Substation,
unmatched_osm,Beverly Gardens Substation,
unmatched_osm,Bevin Avenue Substation,
unmatched_osm,Bfi Substation,
unmatched_osm,Bhs Ferry Road Substation,
unmatched_osm,Bibbys Mill Johnstown Substation,
unmatched_osm,Biddulph Substation,
unmatched_osm,Big Batteries Substation,
unmatched_osm,Big Mac Substation,
unmatched_osm,Big W Substation,
unmatched_osm,Big Yellow Storage Substation,
unmatched_osm,Biggs Dairies O/D,
unmatched_osm,Biglis Solar Park 11Kv Sw Stn Substation,
unmatched_osm,Bigyn Llanelli Substation,
unmatched_osm,Bike Park Wales Substation,
unmatched_osm,Bilbie Road Substation,
unmatched_osm,Bindles Substation,
unmatched_osm,Bio Lab Heath Hospital Substation,
unmatched_osm,Biocat Parc Nantgarw 11Kv Sw Stn Substation,
unmatched_osm,Biomass Generation Plant Bryn Pica Substation,
unmatched_osm,Biomet Bridgend Substation,
unmatched_osm,Bioscience Llanarthney Substation,
unmatched_osm,Biotage Ystrad Substation,
unmatched_osm,Biotec Substation,
unmatched_osm,Birch Road Fairwater Substation,
unmatched_osm,Birchfield Westcross Substation,
unmatched_osm,Birchgrove Cardiff Substation,
unmatched_osm,Birchgrove Comp School Substation,
unmatched_osm,Birchgrove Inn Substation,
unmatched_osm,Birchgrove Llangewydd Substation,
unmatched_osm,Birchgrove Llansamlet Substation,
unmatched_osm,Birchgrove Primary Substation,
unmatched_osm,Birchgrove Pump Sta No2 Substation,
unmatched_osm,Birchgrove Pumping Station No1 Substation,
unmatched_osm,Birchwood Grange Frmu Substation,
unmatched_osm,Birdcage Walk Substation,
unmatched_osm,Birds Lane Housing Substation,
unmatched_osm,Birds Lane Substation,
unmatched_osm,Birnbeck Court Substation,
unmatched_osm,Bishop Gore Sketty Substation,
unmatched_osm,Bishop Headly Substation,
unmatched_osm,Bishop Road Ammanford Substation,
unmatched_osm,Bishop Vaughan School Substation,
unmatched_osm,Bishops Park Pembroke Substation,
unmatched_osm,Bishops Rd Local Rmu Whitchurch Substation,
unmatched_osm,Bishopston Primary Substation,
unmatched_osm,Bishopston Rd School Substation,
unmatched_osm,Bishopston Valley Pump.Sta Substation,
unmatched_osm,Bishopston Village Substation,
unmatched_osm,Bishopsworth Substation,
unmatched_osm,Bishton Village Substation,
unmatched_osm,Bishwell Park Gowerton Substation,
unmatched_osm,Black Horse Square Substation,
unmatched_osm,Black Oak Rd Cyncoed Substation,
unmatched_osm,Black Pill Substation,
unmatched_osm,Black Rock Tenby Substation,
unmatched_osm,Blackbird Road Substation,
unmatched_osm,Blackbirds Nest Substation,
unmatched_osm,Blackbirds Substation,
unmatched_osm,Blackboy Substation,
unmatched_osm,Blackbridge Milford Haven Substation,
unmatched_osm,Blackbrook Treharris Substation,
unmatched_osm,Blackett Ave Substation,
unmatched_osm,Blackrock Quarries Substation,
unmatched_osm,Blacksmiths Yard Substation,
unmatched_osm,Blackstone St Canton Substation,
unmatched_osm,Blackthorn Gardens Substation,
unmatched_osm,Blackthorn Rise Substation,
unmatched_osm,Blacktown Pmg Sta No. 1 Substation,
unmatched_osm,Blacktown Pmg Sta No.2 Substation,
unmatched_osm,Blacktown Substation,
unmatched_osm,Blackweir Rec Ground Substation,
unmatched_osm,Blackweir Substation,
unmatched_osm,Blackweir Terrace Substation,
unmatched_osm,Blackwood Asda Substation,
unmatched_osm,Blackwood Centre Substation,
unmatched_osm,Blackwood Gate Substation,
unmatched_osm,Blackwood Hodge Bedwas Substation,
unmatched_osm,Blackwood Retail Substation,
unmatched_osm,Blackwood Secondary Modern School Substation,
unmatched_osm,Blackwood South Substation,
unmatched_osm,Blaen Baglan School Substation,
unmatched_osm,Blaen Blodau Newbridge Substation,
unmatched_osm,Blaen-Y-Pant Newport Substation,
unmatched_osm,Blaenant Rd Nantyglo Substation,
unmatched_osm,Blaenau Fuel Depot Generation Substation,
unmatched_osm,Blaenau Road Llandebie Substation,
unmatched_osm,Blaenavon House Substation,
unmatched_osm,Blaenavon Primary Substation,
unmatched_osm,Blaenavon School Substation,
unmatched_osm,Blaenavon Town. Blaenavon. Substation,
unmatched_osm,Blaencaerau Housing Site Substation,
unmatched_osm,Blaencefn Substation,
unmatched_osm,Blaencilgoed Quarry Substation,
unmatched_osm,Blaencilgoed Turbine Substation,
unmatched_osm,Blaenclydach St Grangetown Substation,
unmatched_osm,Blaencrymlyn Parc Substation,
unmatched_osm,Blaencwm Rhondda Substation,
unmatched_osm,Blaencyffin Rd Substation,
unmatched_osm,Blaendare Rd Substation,
unmatched_osm,Blaendowlais Street Dowlais Substation,
unmatched_osm,Blaengarw Substation,
unmatched_osm,Blaengwawr Secondary School Substation,
unmatched_osm,Blaengwawr Substation,
unmatched_osm,Blaenlau Substation,
unmatched_osm,Blaenllechau Substation,
unmatched_osm,Blaenlliedi Wind Farm Substationn,
unmatched_osm,Blaenllynfi Substation,
unmatched_osm,Blaenogwr Substation,
unmatched_osm,Blaenpant W T Substation,
unmatched_osm,Blaenrhondda Park Substation,
unmatched_osm,Blaenrhondda Substation,
unmatched_osm,Blaentillery Turbine Substation,
unmatched_osm,Blaenwern Road Substation,
unmatched_osm,Blaenymorfa Substation,
unmatched_osm,Blagdon Primary Substation,
unmatched_osm,Blaina Central Substation,
unmatched_osm,Blaina Church Substation,
unmatched_osm,Blaina Hospital Blaina Substation,
unmatched_osm,Blaina Road Brynmawr Substation,
unmatched_osm,Blaina South Substation,
unmatched_osm,Blaina Wharf Newport Substation,
unmatched_osm,Blanche St Merthyr Substation,
unmatched_osm,Blanche St Splott Substation,
unmatched_osm,Blende Road Substation,
unmatched_osm,Blewit Sq Brynmawr Substation,
unmatched_osm,Blind Workshops Coed Substation,
unmatched_osm,Blind Workshops Newport Substation,
unmatched_osm,Block A Prospect Place Substation,
unmatched_osm,Block C Bellways No1 Substation,
unmatched_osm,Block C Bellways No2 Substation,
unmatched_osm,Block G Tyndall St Substation,
unmatched_osm,Blockett Farm Substation,
unmatched_osm,Blodwen Rd New Inn Substation,
unmatched_osm,Blood Transfusion Unit Substation,
unmatched_osm,Bloomfield Gardens Substation,
unmatched_osm,Bloomfield Rd Cefn Fforest Substation,
unmatched_osm,Blue Anchor Penclawdd Substation,
unmatched_osm,Blue House Road Llanishen Substation,
unmatched_osm,Blue St Llantrisant Substation,
unmatched_osm,Bluebell Road Substation,
unmatched_osm,Bluebird No1 Substation,
unmatched_osm,Bluebird No2 Substation,
unmatched_osm,Bluestone Village Substation,
unmatched_osm,Bluetts Road Substation,
unmatched_osm,Blundell Avenue Substation,
unmatched_osm,Bmw Garage Penarth Rd Substation,
unmatched_osm,Bmw Penarth Rd Substation,
unmatched_osm,Boars Head Substation,
unmatched_osm,Boarspit Westcross Substation,
unmatched_osm,Boat Stores No.1 Substation,
unmatched_osm,Bocam Park Commercial Substation,
unmatched_osm,Bocam Park Housing Substation,
unmatched_osm,Bocam Park Phase 2 Substation,
unmatched_osm,Bocm Johnstown Substation,
unmatched_osm,Bodringallt Rd Substation,
unmatched_osm,Boiler House Penrhys Substation,
unmatched_osm,Bolahaul Road Substation,
unmatched_osm,Bolt St Substation,
unmatched_osm,Bolton Hill Quarry Supply No2 Substation,
unmatched_osm,Bolton Hill Substation,
unmatched_osm,Bolton Hill Water Process Substation,
unmatched_osm,Bolts Row Newport Substation,
unmatched_osm,Bond Avenue Llanelli Substation,
unmatched_osm,Bonded Particles No1 Substation,
unmatched_osm,Bonded Particles No2 Substation,
unmatched_osm,Bonvilston Cross Substation,
unmatched_osm,Bonvilston Rd Substation,
unmatched_osm,Bonvilston Swg Site Substation,
unmatched_osm,Bonymaen Housing Substation,
unmatched_osm,Bonymaen Substation,
unmatched_osm,Boots Cwmbran Substation,
unmatched_osm,Boots No1 Newport Substation,
unmatched_osm,Boots No2 Newport Substation,
unmatched_osm,Border Ebbw Vale Substation,
unmatched_osm,Border Profile Llantarnam Substation,
unmatched_osm,Borg Warner Substation,
unmatched_osm,Borides No1 Newport Substation,
unmatched_osm,Borides No2 Newport Substation,
unmatched_osm,Borough Rd Substation,
unmatched_osm,Bosal Autoproducts Rassau Substation,
unmatched_osm,Bosch Substation,
unmatched_osm,Bot Census Substation,
unmatched_osm,Botanical Gardens Roath Substation,
unmatched_osm,Boulevard Substation,
unmatched_osm,Bourneville Chapel Abertillery Substation,
unmatched_osm,Bournville Substation,
unmatched_osm,Bouvier Farm Substation,
unmatched_osm,Boverton Brook Substation,
unmatched_osm,Boverton Primary Substation,
unmatched_osm,Bovil Park Substation,
unmatched_osm,Bovis Homes Substation,
unmatched_osm,Bowen Road Substation,
unmatched_osm,Bowens Ind.Est Substation,
unmatched_osm,Bower Ashton Substation,
unmatched_osm,Bower St Kenfig Hill Substation,
unmatched_osm,Bowham Avenue Substation,
unmatched_osm,Bowles Garage West Moors Substation,
unmatched_osm,Bowls Inn Substation,
unmatched_osm,Bowls Lane Caerphilly Substation,
unmatched_osm,Bowmans Way Substation,
unmatched_osm,Bp Chemicals Gate No1 Substation,
unmatched_osm,Bp Chemicals Hayes Rd Substation,
unmatched_osm,Bracelet Mumbles Substation,
unmatched_osm,Braces Bakery Substation,
unmatched_osm,Brachdy Lane Rumney Substation,
unmatched_osm,Brackla Hill Substation,
unmatched_osm,Brackla M Substation,
unmatched_osm,Brackla Reservoir Substation,
unmatched_osm,Bradenham Place Penarth Substation,
unmatched_osm,Bradenham Place Swg Site Substation,
unmatched_osm,Bradford Place Penarth Substation,
unmatched_osm,Bradley Court Substation,
unmatched_osm,Bradley St Substation,
unmatched_osm,Bragdy Substation,
unmatched_osm,Brains Brewery Grmu No1 Substation,
unmatched_osm,Brains Brewery Grmu No2 Substation,
unmatched_osm,Braithwaites Substation,
unmatched_osm,Brandy Cove Gardens Substation,
unmatched_osm,Brandy Way Pontyberem Substation,
unmatched_osm,Branfield Substation,
unmatched_osm,Brangwyn Crescent Substation,
unmatched_osm,Brattice Cloth Substation,
unmatched_osm,Brawdy Business Park Substation,
unmatched_osm,Brawdy Primary Substation,
unmatched_osm,Brecon Gate Nantgarw Substation,
unmatched_osm,Brecon Power STOR Substation,
unmatched_osm,Brecon Rd Abergavenny Substation,
unmatched_osm,Brecon Rd Stn Substation,
unmatched_osm,Brecon Rise Pant Dowlais Substation,
unmatched_osm,Brecon View Winchfawr Substation,
unmatched_osm,Bredon Close Substation,
unmatched_osm,Brelston Green Supergrid Substation,
unmatched_osm,Brett Road Abercarn Substation,
unmatched_osm,Brewers End Substation,
unmatched_osm,Brewery Lane Substation,
unmatched_osm,Brewery Meadow E V Car Chargers Substation,
unmatched_osm,Brewery Neath Abbey Substation,
unmatched_osm,Brewery Road Carmarthen Substation,
unmatched_osm,Brewery St Pontygwaith Substation,
unmatched_osm,Briar Dene Substation,
unmatched_osm,Briardale Substation,
unmatched_osm,Brick Row Substation,
unmatched_osm,Brickhurst Park Johnston Substation,
unmatched_osm,Brickworks Grove Quarry Substation,
unmatched_osm,Brickyard Lane Substation,
unmatched_osm,Bridge Farm Housing No1 St Edeyrns Substation,
unmatched_osm,Bridge Inn Ely Substation,
unmatched_osm,Bridge Road Industrial Units West Substation,
unmatched_osm,Bridge Road Substation,
unmatched_osm,Bridge Road Treforest Substation,
unmatched_osm,Bridge St Aberfan Substation,
unmatched_osm,Bridge St Glais Substation,
unmatched_osm,Bridge St Haverfordwest Substation,
unmatched_osm,Bridge St Maesteg Substation,
unmatched_osm,Bridge St Six Bells Abertillery Substation,
unmatched_osm,Bridge St Six Bells Swg Site S/S Substation,
unmatched_osm,Bridge St St Clears Substation,
unmatched_osm,Bridge Street Carmarthen Substation,
unmatched_osm,Bridge Street Crickhowell Substation,
unmatched_osm,Bridge Street Robertstown Substation,
unmatched_osm,Bridgeman Road Penarth Substation,
unmatched_osm,Bridgend Central Park Substation,
unmatched_osm,Bridgend Comp School Substation,
unmatched_osm,Bridgend Creamery Substation,
unmatched_osm,Bridgend Grid Substation,
unmatched_osm,Bridgend Job Centre Substation,
unmatched_osm,Bridgend Railway Station Substation,
unmatched_osm,Bridgend Recreation Centre Substation,
unmatched_osm,Bridgend Telephone Exchange Substation,
unmatched_osm,Bridgend Trading Estate Primary Substation,
unmatched_osm,Briery Hill Ebbw Vale Substation,
unmatched_osm,Brigantine Place Substation,
unmatched_osm,Brighton Road Gorseinon Substation,
unmatched_osm,Brimbleworth S/S No 2 Substation,
unmatched_osm,Brimbleworth Substation,
unmatched_osm,Brindley Rd Substation,
unmatched_osm,Brinselway Substation,
unmatched_osm,Bristol Airport Primary Substation,
unmatched_osm,Bristol Rd Substation,
unmatched_osm,Bristol Waste Water Trtmt Wks Substation,
unmatched_osm,Britannia Fire Station Substation,
unmatched_osm,Britannia Ind Est Substation,
unmatched_osm,Britannia Park Cardiff Bay Substation,
unmatched_osm,Britannia Pmg Station Substation,
unmatched_osm,Britannia Tce Britannia Substation,
unmatched_osm,Britax No1 Substation,
unmatched_osm,Britax No2 Substation,
unmatched_osm,Brithdir St Maindy Substation,
unmatched_osm,Brithwen Rd Substation,
unmatched_osm,Brithwen Road South Gowerton Substation,
unmatched_osm,Brithweunydd Rd Trealaw Substation,
unmatched_osm,British Airways Nantgarw Substation,
unmatched_osm,British Airways Rhoose Substation,
unmatched_osm,British Airways Training Centre Substation,
unmatched_osm,British Airways Ynysmaerdy Substation,
unmatched_osm,British Bakeries Substation,
unmatched_osm,British Dredging Substation,
unmatched_osm,British Gas Hallen Substation,
unmatched_osm,British Legion Oakfield St Substation,
unmatched_osm,British Rail Cottages Machen Substation,
unmatched_osm,British Rail Deisel Services Substation,
unmatched_osm,British Rail Hq Substation,
unmatched_osm,British Rail Sidings Substation,
unmatched_osm,British Railways Substation,
unmatched_osm,British Steel Industry Substation,
unmatched_osm,Briton Ferry Grid Substation,
unmatched_osm,Briton Ferry North CSE Compound,
unmatched_osm,Briton Ferry Occupational Centre Substation,
unmatched_osm,Briton Ferry Rd Substation,
unmatched_osm,Briton Ferry South CSE Compound,
unmatched_osm,Brittanic House Llandarcy Substation,
unmatched_osm,Britway Rd Dinas Powis Substation,
unmatched_osm,Broad Haven Hill Substation,
unmatched_osm,Broad Haven Hotel Substation,
unmatched_osm,Broad Shoard Substation,
unmatched_osm,Broad St Barry Primary Substation,
unmatched_osm,Broadacre Dunvant Substation,
unmatched_osm,Broadfield Local Rmu Substation,
unmatched_osm,Broadfield Primary Substation,
unmatched_osm,Broadlands Farm Substation,
unmatched_osm,Broadlands North Cornelly Substation,
unmatched_osm,Broadmead Pontllanfraith Substation,
unmatched_osm,Broadwalk Caerleon Substation,
unmatched_osm,Broadway Fach Substation,
unmatched_osm,Broadway Farm Substation,
unmatched_osm,Broadway Retail Substation,
unmatched_osm,Broadway Substation,
unmatched_osm,Broadway Swansea Substation,
unmatched_osm,Broadwood Close Substation,
unmatched_osm,Brocastle Dev Substation,
unmatched_osm,Brocastle House Substation,
unmatched_osm,Brocastle Path Substation,
unmatched_osm,Brockhill Rise S/Stn Penarth Substation,
unmatched_osm,Brofiscin Housing Site Groesfaen Substation,
unmatched_osm,Brokesby Road Bonymaen Substation,
unmatched_osm,Brolas Felinfoel Substation,
unmatched_osm,Brompton Tredegar Substation,
unmatched_osm,Bron Y Dre Tregynwr Substation,
unmatched_osm,Bronallt Hsg Substation,
unmatched_osm,Broncynon Substation,
unmatched_osm,Brondeg Manselton Substation,
unmatched_osm,Brondeg Merthyr Substation,
unmatched_osm,Broniestyn Tce Hirwaun Substation,
unmatched_osm,Bronwydd Park Porth Substation,
unmatched_osm,Bronwydd Rd Substation,
unmatched_osm,Bronyrynn Hsg Site Substation,
unmatched_osm,Bronywawr Substation,
unmatched_osm,Brook Row Fochriw Substation,
unmatched_osm,Brook Row Substation,
unmatched_osm,Brook St Abercarn Substation,
unmatched_osm,Brook St Barry Substation,
unmatched_osm,Brook St Canton Substation,
unmatched_osm,Brook St Treforest Substation,
unmatched_osm,Brook St Ystrad Substation,
unmatched_osm,Brook Street Substation,
unmatched_osm,Brookfield Close Keeston Substation,
unmatched_osm,Brookfield Drive Substation,
unmatched_osm,Brookfield Neath Abbey Substation,
unmatched_osm,Brookfield Park Substation,
unmatched_osm,Brookhouse Farm Substation,
unmatched_osm,Brooklands Terrace Substation,
unmatched_osm,Brooklea Llanishen Substation,
unmatched_osm,Brooklyn Llanishen Substation,
unmatched_osm,Brookside Cwmbran Substation,
unmatched_osm,Brookside Dinas Powis Substation,
unmatched_osm,Brookvale Rd Westcross Substation,
unmatched_osm,Brookway Close Substation,
unmatched_osm,Broomfield St Eglwysilan Substation,
unmatched_osm,Broughton Ave Substation,
unmatched_osm,Brown St Substation,
unmatched_osm,Brs Depot Substation,
unmatched_osm,Brue Close Substation,
unmatched_osm,Brunel Park Batch Substation,
unmatched_osm,Brunel Quay Substation,
unmatched_osm,Brunel Road Cwmbran Substation,
unmatched_osm,Brunel St Substation,
unmatched_osm,Brunel Way Substation,
unmatched_osm,Brunswick St Canton Substation,
unmatched_osm,Brunswick St Swansea Substation,
unmatched_osm,Bryant Homes Pontprennau Substation,
unmatched_osm,Bryn Avenue Brynamman Substation,
unmatched_osm,Bryn Bevan Substation,
unmatched_osm,Bryn Brithdir Oakdale No1 Substation,
unmatched_osm,Bryn Brithdir Oakdale No2 Substation,
unmatched_osm,Bryn Cyn (Pantlacca B) Llanedeyrn Substation,
unmatched_osm,Bryn Eglur Substation,
unmatched_osm,Bryn Eirw Trehafod Substation,
unmatched_osm,Bryn Farm Brynmawr Substation,
unmatched_osm,Bryn Farm Substation,
unmatched_osm,Bryn Fedw Llanedeyrn Substation,
unmatched_osm,Bryn Gurnos St Substation,
unmatched_osm,Bryn Heulog Caerau Substation,
unmatched_osm,Bryn Heulog Newbridge Substation,
unmatched_osm,Bryn Isaf Substation,
unmatched_osm,Bryn Melyn Maerdy Substation,
unmatched_osm,Bryn Morgrug Substation,
unmatched_osm,Bryn Penwydden Substation,
unmatched_osm,Bryn Pica Landfill Substation,
unmatched_osm,Bryn Pica Recycling Substation,
unmatched_osm,Bryn Pica Sirhowy Substation,
unmatched_osm,Bryn Pica Waste Pump Station Substation,
unmatched_osm,Bryn Quarry Generation Substation,
unmatched_osm,Bryn Rd Brynmill Substation,
unmatched_osm,Bryn Rd Coychurch Substation,
unmatched_osm,Bryn Rd Waunarlwydd Substation,
unmatched_osm,Bryn Rock Morriston Substation,
unmatched_osm,Bryn Saeson Substation,
unmatched_osm,Bryn Tce Llanelli Substation,
unmatched_osm,Bryn Tce Substation,
unmatched_osm,Bryn Whilach Solar Farm,
unmatched_osm,Bryn Y Fran Bedwas Substation,
unmatched_osm,Brynamlwg Clydach Substation,
unmatched_osm,Brynamlwg Gorseinon Substation,
unmatched_osm,Brynamlwg Tonypandy Substation,
unmatched_osm,Brynamman North Substation,
unmatched_osm,Brynau Duon Fforestfach Substation,
unmatched_osm,Brynau Farm Caerphilly Substation,
unmatched_osm,Brynavon Hengoed Substation,
unmatched_osm,Brynawel Rd Substation,
unmatched_osm,Brynawel Substation,
unmatched_osm,Brynawel Treboeth Substation,
unmatched_osm,Brynbala Way Llanrumney Substation,
unmatched_osm,Brynbryddan Substation,
unmatched_osm,Bryncae Llanharan Substation,
unmatched_osm,Bryncelyn Ave Substation,
unmatched_osm,Bryncelyn Lougher Substation,
unmatched_osm,Bryncenydd Substation,
unmatched_osm,Bryncethin Comprehensive Substation,
unmatched_osm,Bryncethin Housing Site Substation,
unmatched_osm,Bryncethin Transport Depot Substation,
unmatched_osm,Bryncoch Neath Abbey Substation,
unmatched_osm,Bryncoch Road Substation,
unmatched_osm,Bryncynon Substation,
unmatched_osm,Bryncyrnau Isaf Solar Park,
unmatched_osm,Brynderwen Cilfynydd Substation,
unmatched_osm,Brynelli Dafen Substation,
unmatched_osm,Brynffrwd Substation,
unmatched_osm,Brynffynon Ynysybwl Substation,
unmatched_osm,Brynfield Court Substation,
unmatched_osm,Bryngarw House Substation,
unmatched_osm,Bryngelli Industrial Estate Hirwaun Substation,
unmatched_osm,Bryngelli Substation,
unmatched_osm,Brynglas Close Substation,
unmatched_osm,Brynglas Flats Whitchurch Substation,
unmatched_osm,Brynglas Housing Site Gilwern Substation,
unmatched_osm,Brynglas Hsg Site Drefach Substation,
unmatched_osm,Brynglas Newport Substation,
unmatched_osm,Brynglas Tunnels East Substation,
unmatched_osm,Brynglas Tunnels West Eastbound Traffic Substation,
unmatched_osm,Bryngolau Dafen Substation,
unmatched_osm,Bryngolau No 1 Tonyrefail Substation,
unmatched_osm,Bryngolau No2 Substation,
unmatched_osm,Bryngolau Substation,
unmatched_osm,Bryngolwg Croespenmaen Substation,
unmatched_osm,Bryngolwg School Mountain Ash Substation,
unmatched_osm,Bryngwenllian Housing Site Whitland Substation,
unmatched_osm,Bryngwyn Pumping Station Substation,
unmatched_osm,Bryngwyn Road Newport Substation,
unmatched_osm,Bryngwyn Village Substation,
unmatched_osm,Bryngwynmawr School Substation,
unmatched_osm,Brynhafod Waterhall Substation,
unmatched_osm,Brynhenllan Substation,
unmatched_osm,Brynheulog Pentwyn Substation,
unmatched_osm,Brynheulog Porth Substation,
unmatched_osm,Brynheulog St Substation,
unmatched_osm,Brynheulog Substation,
unmatched_osm,Brynhill Barry Grid Substation,
unmatched_osm,Brynhill Terrace Church Village Substation,
unmatched_osm,Brynhyffryd Rd Substation,
unmatched_osm,Brynhyfryd Bettws Substation,
unmatched_osm,Brynhyfryd Briton Ferry Substation,
unmatched_osm,Brynhyfryd Llangunnor Substation,
unmatched_osm,Brynhyfryd Substation,
unmatched_osm,Brynhyfryd West Substation,
unmatched_osm,Brynhyfrydd South Substation,
unmatched_osm,Brynilltyd Substation,
unmatched_osm,Brynithel Substation,
unmatched_osm,Brynllefrith Substation,
unmatched_osm,Brynllidiard Substation,
unmatched_osm,Brynllwchwr Lower Loughor Substation,
unmatched_osm,Brynmair Rd Cwmaman Substation,
unmatched_osm,Brynmawr Comprehensive School Substation,
unmatched_osm,Brynmawr Place Substation,
unmatched_osm,Brynmawr Primary Substation,
unmatched_osm,Brynmawr Retail Park Substation,
unmatched_osm,Brynmead Tycoch Substation,
unmatched_osm,Brynmenin Primary School Substation,
unmatched_osm,Brynmill Ave Substation,
unmatched_osm,Brynmill Substation,
unmatched_osm,Brynmor Duffryn Ind Est Substation,
unmatched_osm,Brynmynach Ystrad Mynach Substation,
unmatched_osm,Brynquills Substation,
unmatched_osm,Brynrhyd Solar Farm,
unmatched_osm,Brynsadler Substation,
unmatched_osm,Brynserth Rassau Substation,
unmatched_osm,Bryntaf Aberfan Substation,
unmatched_osm,Bryntawe Substation,
unmatched_osm,Brynteg Chapel Gorseinon Substation,
unmatched_osm,Brynteg Housing Gorseinon Substation,
unmatched_osm,Brynteg Llanishen Substation,
unmatched_osm,Brynteg Neath Abbey Substation,
unmatched_osm,Brynteg Solar Farm,
unmatched_osm,Brynteg Substation,
unmatched_osm,Brynteg Tce Porth Substation,
unmatched_osm,Brynteg Terrace Substation,
unmatched_osm,Bryntirion Hospital Substation,
unmatched_osm,Bryntirion Hostel Substation,
unmatched_osm,Bryntirion Road Substation,
unmatched_osm,Brynwern Substation,
unmatched_osm,Brynyfedw Substation,
unmatched_osm,Brynymor Rd Substation,
unmatched_osm,Brynynant Substation,
unmatched_osm,Brynysgawen Wind Turbine Substation,
unmatched_osm,Brythons Reach Substation,
unmatched_osm,Bsc Industries Substation,
unmatched_osm,Bsc Tafarnaubach Substation,
unmatched_osm,Bsc Warehouse Substation,
unmatched_osm,Bt Call Centre Substation,
unmatched_osm,Bt Consumer Electronics No2 Substation,
unmatched_osm,Bt Exchange Wooler Road Substation,
unmatched_osm,Bt Internet Substation,
unmatched_osm,Bulford Road Johnston Substation,
unmatched_osm,Bulk Stores Depot Substation,
unmatched_osm,Bulk Stores Substation,
unmatched_osm,Bulwarks Rhoose Substation,
unmatched_osm,Bunkers Hill Milford Haven Substation,
unmatched_osm,Bupa Hospital Substation,
unmatched_osm,Burgess Meadows Substation,
unmatched_osm,Burlington Street Substation,
unmatched_osm,Burlingtons Fabrics Watford Caerphilly Substation,
unmatched_osm,Burnaby St Splott Substation,
unmatched_osm,Burnham Avenue Llanrumney Substation,
unmatched_osm,Burnham Avenue Sully Substation,
unmatched_osm,Burns Close Trethomas Substation,
unmatched_osm,Burridge Quarry Offices Ystradowen Swt/S Substation,
unmatched_osm,Burry Port Advance Factory Substation,
unmatched_osm,Burry Port Substation,
unmatched_osm,Burry Rd Substation,
unmatched_osm,Burt St Substation,
unmatched_osm,Bus Station Substation,
unmatched_osm,Bush Hotel Pembroke Dock Substation,
unmatched_osm,Bushey Park Substation,
unmatched_osm,Business Development Substation,
unmatched_osm,Business Park Herluin Way Substation,
unmatched_osm,Butchers Arms Glynneath Substation,
unmatched_osm,Butchers Arms Penygraig Substation,
unmatched_osm,Butchers Arms Substation,
unmatched_osm,Bute Place Butetown Substation,
unmatched_osm,Bute Plaza Substation,
unmatched_osm,Bute Rd Station Butetown Substation,
unmatched_osm,Bute Square No1 Substation,
unmatched_osm,Bute Square No2 Substation,
unmatched_osm,Bute St Aberdare Substation,
unmatched_osm,Bute St Treherbert Substation,
unmatched_osm,Bute Terrace Hotel Substation,
unmatched_osm,Bute Terrace No1 Substation,
unmatched_osm,Bute Terrace No2 Substation,
unmatched_osm,Butterhill Llangwm Substation,
unmatched_osm,Buttermilk Lane Substation,
unmatched_osm,Buttrills Barry Substation,
unmatched_osm,Buy & View Substation,
unmatched_osm,Buzzard Way Substation,
unmatched_osm,Bwl Rd Substation,
unmatched_osm,Bwlch Crescent Substation,
unmatched_osm,Bwlch Rd Fairwater Substation,
unmatched_osm,Bwlchgwynt Wt Substation,
unmatched_osm,Bwllfa Farm Wind Turbine Substation,
unmatched_osm,Bww Ashcombe Park Substation,
unmatched_osm,Bww Montpelier Pump Substation,
unmatched_osm,Byeways Caravans Substation,
unmatched_osm,Bynea Sewage Plant 1 Substation,
unmatched_osm,Bynea Sewage Plant 2 Substation,
unmatched_osm,Bywaters Row Abertillery Substation,
unmatched_osm,C & A Modes Substation,
unmatched_osm,C & A Substation Swansea Substation,
unmatched_osm,C E G B Pyle Substation,
unmatched_osm,C G I Waterton No1 Substation,
unmatched_osm,C G I Waterton No2 Substation,
unmatched_osm,C R S Porth Substation Substation,
unmatched_osm,C&A No2 Swansea Substation,
unmatched_osm,C&A Substation,
unmatched_osm,CABSTAND,
unmatched_osm,CAMBRIAN LODGE,
unmatched_osm,CAMPBELLS FARM DRIVE,
unmatched_osm,CARBON 8 AGGREGATES HVM,
unmatched_osm,CATER ROAD,
unmatched_osm,CAULDRON FOODS,
unmatched_osm,CENTRAL AVENUE WEST SEVERNSIDE,
unmatched_osm,CENTRE QUAY,
unmatched_osm,CHALCROFT HOUSE,
unmatched_osm,CHANNEL VIEW WEST,
unmatched_osm,CHARLECOMBE BAY,
unmatched_osm,CHARLTON NURSERY WRAXHALL,
unmatched_osm,CHEDDAR GROVE,
unmatched_osm,CHRISTIES PANEL,
unmatched_osm,CHURCH LANE NO 31,
unmatched_osm,CHURCH ROAD P,
unmatched_osm,CLAYPIECE RD OD,
unmatched_osm,CLEARVIEW COURT,
unmatched_osm,CLEVEDON EAST KIOSK,
unmatched_osm,CLEVEDON PUMP STN,
unmatched_osm,CLIFTON HILL HOUSE,
unmatched_osm,CLIFTON LOCAL,
unmatched_osm,CLINTON ROAD OD,
unmatched_osm,COLEFORD GAS WKS.,
unmatched_osm,COLESHILL DRIVE,
unmatched_osm,CONFFERENCE AVENUE PORTISHEAD,
unmatched_osm,COOK STREET P,
unmatched_osm,COOMBE AVENUE,
unmatched_osm,COOMBE FARM CHICKEN SHED,
unmatched_osm,COOMBE FARM WIND TURBINE,
unmatched_osm,COOPERAGE LANE,
unmatched_osm,COS STORAGE DEPOT,
unmatched_osm,COSTILAND DRIVE,
unmatched_osm,COUNCIL HOUSES NORTHWESTON,
unmatched_osm,COURT HOUSE LLANVAIR DISCOED,
unmatched_osm,CROSS HANDS ROAD OD,
unmatched_osm,CUTLER RD K,
unmatched_osm,Cabletel Ely Fields Substation,
unmatched_osm,Cabletel No.2 Substation,
unmatched_osm,Cabletel Substation,
unmatched_osm,Cabot Carbon Sully Substation,
unmatched_osm,Cadfor Pumping Station No 1 Substation,
unmatched_osm,Cadfor Pumping Station No 2 Substation,
unmatched_osm,Cadnant Rd Substation,
unmatched_osm,Cadoxton Housing Site Substation,
unmatched_osm,Cadwalladers Yard Substation,
unmatched_osm,Cae Banadl Killay Substation,
unmatched_osm,Cae Brynton Road Newport Substation,
unmatched_osm,Cae Buddy Substation,
unmatched_osm,Cae Cerrig Substation,
unmatched_osm,Cae Ddu Rd Substation,
unmatched_osm,Cae Draw School Merthyr Substation,
unmatched_osm,Cae Duke Substation,
unmatched_osm,Cae Fardre Church Village Substation,
unmatched_osm,Cae Felin Substation,
unmatched_osm,Cae Garw Pump Sta. Substation,
unmatched_osm,Cae Garw Solar Park 11Kv Sw Stn Substation,
unmatched_osm,Cae Glas Rogerstone Substation,
unmatched_osm,Cae Glas Substation,
unmatched_osm,Cae Gwyrdd St Clears Substation,
unmatched_osm,Cae Isaf Roadl Lanelli Substation,
unmatched_osm,Cae Lewis Substation,
unmatched_osm,Cae Mari Dwn Substation,
unmatched_osm,Cae Mawr Substation,
unmatched_osm,Cae Meldon Gilwern Substation,
unmatched_osm,Cae Newydd Gwaun Cae Gurwen Substation,
unmatched_osm,Cae Odin Substation,
unmatched_osm,Cae Perllan North Substation,
unmatched_osm,Cae Tinker No 1 Substation,
unmatched_osm,Cae Wathen Skewen Substation,
unmatched_osm,Cae Yr Ebol Substation,
unmatched_osm,Cae'R Bryn Substation,
unmatched_osm,Caeau Gleision Broadlands Substation,
unmatched_osm,Caeconna Rd Substation,
unmatched_osm,Caedelyn Rd Rhiwbina Substation,
unmatched_osm,Caefynnon Substation,
unmatched_osm,Caegroes Ely Substation,
unmatched_osm,Caegwyn Rd Whitchurch Substation,
unmatched_osm,Caemawr Morriston Substation,
unmatched_osm,Caenant Rd Caerphilly Substation,
unmatched_osm,Caer Castell School Frmu Substation,
unmatched_osm,Caer Castell Substation,
unmatched_osm,Caer Cynffig Substation,
unmatched_osm,Caer Graig Radyr Substation,
unmatched_osm,Caer Gynydd Substation,
unmatched_osm,Caer Rex Substation,
unmatched_osm,Caer St Substation,
unmatched_osm,Caer Wenallt Substation,
unmatched_osm,Caerau Court Ely Substation,
unmatched_osm,Caerau Lane Substation,
unmatched_osm,Caerau Primary Substation,
unmatched_osm,Caerau Square Ely Substation,
unmatched_osm,Caereithin Substation,
unmatched_osm,Caerhendy St Substation,
unmatched_osm,Caerleon Endowed School Substation,
unmatched_osm,Caerleon Secondary Mod School Substation,
unmatched_osm,Caerleon Substation,
unmatched_osm,Caerleon Town Pump Sta Substation,
unmatched_osm,Caernant School Caerphilly Substation,
unmatched_osm,Caernarvon Crescent Substation,
unmatched_osm,Caernarvon Grove Merthyr Substation,
unmatched_osm,Caernarvon Way Llanrumney Substation,
unmatched_osm,Caerphilly Business Park Substation,
unmatched_osm,Caerphilly Comprehensive School S/S Substation,
unmatched_osm,Caerphilly Primary Substation,
unmatched_osm,Caerphilly Pumping Station Substation,
unmatched_osm,Caerphilly Radiator Substation,
unmatched_osm,Caerphilly Rd Substation,
unmatched_osm,Caevatry Substation,
unmatched_osm,Caewern House Substation,
unmatched_osm,Cairns Road Substation,
unmatched_osm,Caldicot Levels Substation,
unmatched_osm,Caldicot Substation,
unmatched_osm,Caldy Place Substation,
unmatched_osm,Caldy Rd Llandaff North Substation,
unmatched_osm,Call Centre Pembroke Dock Substation,
unmatched_osm,Call Centre Pencoed Substation,
unmatched_osm,Call Centre Substation,
unmatched_osm,Callans Drive Substation,
unmatched_osm,Callow Rock Substation,
unmatched_osm,Calnay Substation,
unmatched_osm,Calsonic Radiators Substation,
unmatched_osm,Calvaria Chapel Substation,
unmatched_osm,Calvary Substation,
unmatched_osm,Calvert Tce Substation,
unmatched_osm,Cam Gears Resolven Substation,
unmatched_osm,Cambria Apartments Substation,
unmatched_osm,Cambria House Substation,
unmatched_osm,Cambria Treforest Substation,
unmatched_osm,Cambrian Ave Substation,
unmatched_osm,Cambrian Box Substation,
unmatched_osm,Cambrian Centre No1 Substation,
unmatched_osm,Cambrian Centre No2 Substation,
unmatched_osm,Cambrian Court Substation,
unmatched_osm,Cambrian Dairies Substation,
unmatched_osm,Cambrian H'Sing Site Substation,
unmatched_osm,Cambrian Offices Clydach Vale Substation,
unmatched_osm,Cambrian Place Carmarthen Substation,
unmatched_osm,Cambrian Place Swansea Substation,
unmatched_osm,Cambrian Point Substation,
unmatched_osm,Cambrian Saundersfoot Substation,
unmatched_osm,Cambrian St Substation,
unmatched_osm,Cambrian Windows Pembroke Dock Substation,
unmatched_osm,Cambridge Cres P. S/S,
unmatched_osm,Cambridge Gardens Beaufort Substation,
unmatched_osm,Cambridge St Grangetown Substation,
unmatched_osm,Camelot Way Thornhill Substation,
unmatched_osm,Cameron Blackweir Substation,
unmatched_osm,Camffrwd Way Substation,
unmatched_osm,Campbell Drive Substation,
unmatched_osm,Canal Bridge Substation,
unmatched_osm,Canal Parade Butetown Cardiff Substation,
unmatched_osm,Canal Side Neath Substation,
unmatched_osm,Canal Tce Substation,
unmatched_osm,Canaston Pumping Station Substation,
unmatched_osm,Canford Lane Cemtry P. S/S,
unmatched_osm,Canford Lane S/Mkt,
unmatched_osm,Canford Lane S/S,
unmatched_osm,Canford Park,
unmatched_osm,Canning St Cwm Substation,
unmatched_osm,Canola Sarn Substation,
unmatched_osm,Canolfan Hamdden Tre Ioan Substation,
unmatched_osm,Canterbury Gate Substation,
unmatched_osm,Canton ATFS,
unmatched_osm,Canton Primary Substation,
unmatched_osm,Cantonian High School Fairwater Substation,
unmatched_osm,Cantref Reservoir Substation,
unmatched_osm,Cantref Ymddeol Substation,
unmatched_osm,Cape Lookout Walk Substation,
unmatched_osm,Cape Yelcho Road Substation,
unmatched_osm,Capel Bethania Substation,
unmatched_osm,Capel Farm Tonyrefail Substation,
unmatched_osm,Capel Hendre Industrial Site Substation,
unmatched_osm,Capel Hendre Wda Substation,
unmatched_osm,Capel Housing Site Substation,
unmatched_osm,Capel Isaf Dafen Substation,
unmatched_osm,Capel Newydd Llanelli Substation,
unmatched_osm,Capel Rd Pit Substation,
unmatched_osm,Capel Road Clydach Substation,
unmatched_osm,Capel St Bargoed Substation,
unmatched_osm,Capel-Dewi Water Treatment Works Substation,
unmatched_osm,Capital Business Park Substation,
unmatched_osm,Capital Coated Steel Substation,
unmatched_osm,Capital Link Substation,
unmatched_osm,Capital Quarter 2 Substation,
unmatched_osm,Capital Quarter No 5 Substation,
unmatched_osm,Capital Quarter Substation,
unmatched_osm,Capital Valley Plastics Substation,
unmatched_osm,Capse Facility Substation,
unmatched_osm,Captains Cabins Substation,
unmatched_osm,Captains Hill Trelewis Substation,
unmatched_osm,Car Park Frmu 1 Substation,
unmatched_osm,Car Park Frmu 2 Substation,
unmatched_osm,Caradoc Rd Substation,
unmatched_osm,Caradog House Park Lane Substation,
unmatched_osm,Caradog Substation,
unmatched_osm,Carcraft Substation,
unmatched_osm,Cardboard Products Substation,
unmatched_osm,Cardiff & Vale College Substation,
unmatched_osm,Cardiff Airport Hotel Substation,
unmatched_osm,Cardiff Airport No2 Tremorfa Substation,
unmatched_osm,Cardiff Athletics Club Substation,
unmatched_osm,Cardiff Bay Hotel Substation,
unmatched_osm,Cardiff Bus Depot Substation,
unmatched_osm,Cardiff Central Grid Substation,
unmatched_osm,Cardiff Crown Court Substation,
unmatched_osm,Cardiff East Grid Substation,
unmatched_osm,Cardiff East Supergrid Substation,
unmatched_osm,Cardiff Gate North Pentwyn Substation,
unmatched_osm,Cardiff Gate Services Substation,
unmatched_osm,Cardiff General Signal Box Substation,
unmatched_osm,Cardiff High School Substation,
unmatched_osm,Cardiff Hilton No2 Substation,
unmatched_osm,Cardiff Hilton Substation,
unmatched_osm,Cardiff Hotel Bute Terrace Cardiff Substation,
unmatched_osm,Cardiff North Grid Substation,
unmatched_osm,Cardiff Prison Substation,
unmatched_osm,Cardiff Rd Business Park Substation,
unmatched_osm,Cardiff Rd Dinas Powis Substation,
unmatched_osm,Cardiff Rd Llantrisant Substation,
unmatched_osm,Cardiff Rd Substation,
unmatched_osm,Cardiff School Cci Substation,
unmatched_osm,Cardiff South Primary Substation,
unmatched_osm,Cardiff West Grid Substation,
unmatched_osm,Cardiff West High School Ely Substation,
unmatched_osm,Cardiff Workshops Dumballs Road Substation,
unmatched_osm,Cardigan Crescent Substation,
unmatched_osm,Cardigan St Canton Substation,
unmatched_osm,Cardinal Packaging Substation,
unmatched_osm,Cardinals Substation,
unmatched_osm,Carditch Drove 33kV Solar,
unmatched_osm,Cardonnel Substation,
unmatched_osm,Care Home Substation,
unmatched_osm,Carew Quarry Substation,
unmatched_osm,Cargo Road Cardiff Docks Substation,
unmatched_osm,Carillions Rassau Substation,
unmatched_osm,Carisbrooke Way Cyncoed Substation,
unmatched_osm,Carlisle Brakes Substation,
unmatched_osm,Carlton Croespenmaen Substation,
unmatched_osm,Carlton Mansions North Substation,
unmatched_osm,Carlton Mansions South Substation,
unmatched_osm,Carlton Pontllanfraith Substation,
unmatched_osm,Carlton Road Clydach Substation,
unmatched_osm,Carlton Tce Merthyr Substation,
unmatched_osm,Carlyle St Abertillery Substation,
unmatched_osm,Carmarthen District Council Offices Substation,
unmatched_osm,Carmarthen Grid Substation,
unmatched_osm,Carmarthen Mart Substation,
unmatched_osm,Carmarthen Park Substation,
unmatched_osm,Carmarthen Road Substation,
unmatched_osm,Carmarthen St Canton Substation,
unmatched_osm,Carmarthen St Switching Site Substation,
unmatched_osm,Carmel Church New Tredegar Substation,
unmatched_osm,Carmel St Abertillery Substation,
unmatched_osm,Carn Gethin Farm Substation,
unmatched_osm,Carn Y Cefn Substation,
unmatched_osm,Carnegie Court Substation,
unmatched_osm,Carnetown Substation,
unmatched_osm,Carnglas Tycoch Substation,
unmatched_osm,Carno Court Rhymney Substation,
unmatched_osm,Caroline St Bridgend Substation,
unmatched_osm,Caroline St Substation,
unmatched_osm,Caroline Substation,
unmatched_osm,Carpet Tiles Substation,
unmatched_osm,Carreg Holt Substation,
unmatched_osm,Carreg Pumping Station Substation,
unmatched_osm,Carrog Road Penlan Substation,
unmatched_osm,Cartlett Road Substation,
unmatched_osm,Carway Lagoon Substation,
unmatched_osm,Carway Racecourse Substation,
unmatched_osm,Casablanca Substation,
unmatched_osm,Cases Factory Substation,
unmatched_osm,Cashfield Housing Site Substation,
unmatched_osm,Caspian Point Substation,
unmatched_osm,Castan Road Pontyclun Substation,
unmatched_osm,Castell Coch Substation,
unmatched_osm,Castell Gwyn Substation,
unmatched_osm,Castell Howell Food Crosshands Substation,
unmatched_osm,Castell Howell Substation,
unmatched_osm,Castell Llwyd Turbine 11Kv Sw Stn Substation,
unmatched_osm,Castell Toch W T Substation,
unmatched_osm,Castle Arcade Substation,
unmatched_osm,Castle Ave Penarth Substation,
unmatched_osm,Castle Bingo Morriston Substation,
unmatched_osm,Castle Bingo Substation,
unmatched_osm,Castle Court Cardiff Substation,
unmatched_osm,Castle Court Llantwit Major Substation,
unmatched_osm,Castle Court Morriston Substation,
unmatched_osm,Castle Dairies Substation,
unmatched_osm,Castle Drive Dinas Powis Substation,
unmatched_osm,Castle Heights S/S Substation,
unmatched_osm,Castle Hill Llantrisant Substation,
unmatched_osm,Castle Lane Substation,
unmatched_osm,Castle Leisure Substation,
unmatched_osm,Castle Lofts Substation,
unmatched_osm,Castle Martin Camp Substation,
unmatched_osm,Castle Meadows Substation,
unmatched_osm,Castle Mews Substation,
unmatched_osm,Castle Museum Substation,
unmatched_osm,Castle Oaks Substation,
unmatched_osm,Castle Park Estate Substation,
unmatched_osm,Castle Pill Crescent Site Substation,
unmatched_osm,Castle Pill Farm Wind Turbine Substation,
unmatched_osm,Castle Quarry Monkton Substation,
unmatched_osm,Castle Rd Substation,
unmatched_osm,Castle Road Substation,
unmatched_osm,Castle Shopping Centre Substation,
unmatched_osm,Castle Square Treforest Substation,
unmatched_osm,Castle St Gpo Merthyr Substation,
unmatched_osm,Castle St Maesteg Substation,
unmatched_osm,Castle Street Glyncorrwg Substation,
unmatched_osm,Castle View Coity Substation,
unmatched_osm,Castle View Morganstown Substation,
unmatched_osm,Castle View Simpsons Cross Substation,
unmatched_osm,Castlegate Substation,
unmatched_osm,Castleland St Barry Substation,
unmatched_osm,Castlemead Substation,
unmatched_osm,Castleton East Substation,
unmatched_osm,Caswell Bay Apartments Substation,
unmatched_osm,Caswell Bay Chalets Substation,
unmatched_osm,Caswell Bay Substation,
unmatched_osm,Caswell Corner Substation,
unmatched_osm,Caswell Hill Substation,
unmatched_osm,Caswell Way Substation,
unmatched_osm,Catbrain Hill S/S,
unmatched_osm,Cathays Cemetery Substation,
unmatched_osm,Cathays High School Substation,
unmatched_osm,Cathays Terrace 3Ph Tx Substation,
unmatched_osm,Cathedral Rd Lane Canton Substation,
unmatched_osm,Cathedral Rd Substation,
unmatched_osm,Cathedral School Llandaff Substation,
unmatched_osm,Cathedral View Llandaff Substation,
unmatched_osm,Catherine St Cymmer Substation,
unmatched_osm,Catherine St Substation,
unmatched_osm,Catholic Church Miskin Substation,
unmatched_osm,Catnic Substation,
unmatched_osm,Cats Ash Road Substation,
unmatched_osm,Cattle Market No.1 Neath Substation,
unmatched_osm,Cattle Market Substation,
unmatched_osm,Cavan Row Substation,
unmatched_osm,Cave St Substation,
unmatched_osm,Cavendish Court Substation,
unmatched_osm,Caversham Park Substation,
unmatched_osm,Cawdor Barracks Substation,
unmatched_osm,Cawdor Place Llanelli Substation,
unmatched_osm,Cawnpore St Penarth Substation,
unmatched_osm,Cbc Tredomen Substation,
unmatched_osm,Cbs Substation,
unmatched_osm,Ccha No.1 Junction Lock Substation,
unmatched_osm,Ccha No2 Junction Lock Substation,
unmatched_osm,Cecil Rd East Substation,
unmatched_osm,Cecil Rd Gorseinon Substation,
unmatched_osm,Cedar Court Substation,
unmatched_osm,Ceder Tree Caerphilly Substation,
unmatched_osm,Cefn Bach Turbine Substation,
unmatched_osm,Cefn Betingau Solar PV Gen,
unmatched_osm,Cefn Caeau North Substation,
unmatched_osm,Cefn Caeau South Llanelli Substation,
unmatched_osm,Cefn Coed Bach Lakeside Substation,
unmatched_osm,Cefn Coed Cwmavon Substation,
unmatched_osm,Cefn Coed Cyncoed Substation,
unmatched_osm,Cefn Coed Hospital No 2 Substation,
unmatched_osm,Cefn Coed Hospital Substation,
unmatched_osm,Cefn Coed North Frmu Substation,
unmatched_osm,Cefn Coop Substation,
unmatched_osm,Cefn Eithen Substation,
unmatched_osm,Cefn Fforest Ave Cefn Fforest Substation,
unmatched_osm,Cefn Fforest Wind Turbine Substation,
unmatched_osm,Cefn Ffynnon Substation,
unmatched_osm,Cefn Garew Quarry Substation,
unmatched_osm,Cefn Glas Road Substation,
unmatched_osm,Cefn Golau Substation,
unmatched_osm,Cefn Gorwydd Gowerton Substation,
unmatched_osm,Cefn Gwrgan Substation,
unmatched_osm,Cefn Hengoed School Bonymaen Substation,
unmatched_osm,Cefn Hengoed Substation,
unmatched_osm,Cefn Hirgoed Common Substation,
unmatched_osm,Cefn Hirgoed Pump. Sta Substation,
unmatched_osm,Cefn Lane Substation,
unmatched_osm,Cefn Mabley Farm Substation,
unmatched_osm,Cefn Mabley Hospital Substation,
unmatched_osm,Cefn Mably Booster Pump Stn Cefn Mably Substation,
unmatched_osm,Cefn Milwr Hollybush Cwmbran Substation,
unmatched_osm,Cefn No3 Substation,
unmatched_osm,Cefn Parc Skewen Substation,
unmatched_osm,Cefn Pennar South Substation,
unmatched_osm,Cefn Road Bonymaen Substation,
unmatched_osm,Cefn Road Church Substation,
unmatched_osm,Cefn Road Wattstown Substation,
unmatched_osm,Cefn Rogerstone Substation,
unmatched_osm,Cefn School Kitchen Substation,
unmatched_osm,Cefn Ydfa Substation,
unmatched_osm,Cefn Yr Hendy Substation,
unmatched_osm,Cefneithen School Substation,
unmatched_osm,Cegb Bwlch Gwyn Substation,
unmatched_osm,Cegb No 1 Llangyfelach Substation,
unmatched_osm,Cegb No 2 Llangyfelach Substation,
unmatched_osm,Cegelec Substation,
unmatched_osm,Ceiriog Crescent Rhydyfelin Substation,
unmatched_osm,Celatone Rassau Substation,
unmatched_osm,Celenyn South Substation,
unmatched_osm,Cellnet Substation,
unmatched_osm,Celnik Llwynypia Substation,
unmatched_osm,Celsa Seawall Rd Substation,
unmatched_osm,Celtic Business Park Substation,
unmatched_osm,Celtic Gateway Substation,
unmatched_osm,Celtic Horizons Substation,
unmatched_osm,Celtic Lakes Substation,
unmatched_osm,Celtic Manor Golf Academy Substation,
unmatched_osm,Celtic Manor Hotel Substation,
unmatched_osm,Celtic Manor Icc Substation,
unmatched_osm,Celtic Rd Substation,
unmatched_osm,Celtic Springs Substation,
unmatched_osm,Celyn Ave Cyncoed Substation,
unmatched_osm,Celyn Close Development Substation,
unmatched_osm,Celyn Fields Efail Isaf Substation,
unmatched_osm,Celyn Wood Cyncoed Substation,
unmatched_osm,Cemaes Road Substation,
unmatched_osm,Cemetery Rd Abecarn Substation,
unmatched_osm,Cemetery Rd Hsg Site Substation,
unmatched_osm,Cemetery Rd Substation,
unmatched_osm,Cemetery Rd Taffs Well Substation,
unmatched_osm,Cemetery Road Barry Substation,
unmatched_osm,Cemetery Road Substation,
unmatched_osm,Cendle Terrace Cwm Substation,
unmatched_osm,Cenin Energy Park 33Kv Sw Stn Substation,
unmatched_osm,Central Avenue Substation,
unmatched_osm,Central Bridgend Substation,
unmatched_osm,Central Buildings Substation,
unmatched_osm,Central Buisness Park No.1 Substation,
unmatched_osm,Central Business Park No. 2 Substation,
unmatched_osm,Central Grid 11Kv S/S Tyndall Street Substation,
unmatched_osm,Central Hall Ebbw Vale Substation,
unmatched_osm,Central Library No.1 Substation,
unmatched_osm,Central Library No.2 Substation,
unmatched_osm,Central Park No1 Substation,
unmatched_osm,Central Substation,
unmatched_osm,Century Wharf No 3 Substation,
unmatched_osm,Century Wharf No.5 Substation,
unmatched_osm,Century Wharf No1 Substation,
unmatched_osm,Century Wharf No2 Substation,
unmatched_osm,Century Wharf No4 Substation,
unmatched_osm,Cenydd Tce Substation,
unmatched_osm,Ceri Rd Porthkerry Substation,
unmatched_osm,Cfp Depot Leckwith Substation,
unmatched_osm,Chain Rd Glynneath Substation,
unmatched_osm,Chain Road Abergavenny Substation,
unmatched_osm,Chamberlain Row Penarth Substation,
unmatched_osm,Champion Process Substation,
unmatched_osm,Channel Dry Dock Substation,
unmatched_osm,Channel Service Station Substation,
unmatched_osm,Channel View Pontymister Substation,
unmatched_osm,Channel View Substation,
unmatched_osm,Chantell Ave Substation,
unmatched_osm,Chantry Rise Penarth Substation,
unmatched_osm,Chapel Lane Machen Substation,
unmatched_osm,Chapel Rd Abergavenny Substation,
unmatched_osm,Chapel Road Six Bells Substation,
unmatched_osm,Chapel St Pontnewydd Substation,
unmatched_osm,Chapel Street Substation,
unmatched_osm,Chard Avenue Llanrumney Substation,
unmatched_osm,Chargot Rd Canton Substation,
unmatched_osm,Charles Crescent Substation,
unmatched_osm,Charles St Llanelli Substation,
unmatched_osm,Charles St Porth Substation,
unmatched_osm,Charles St Tredegar Substation,
unmatched_osm,Charles Street Milford Haven Substation,
unmatched_osm,Charles Street Substation,
unmatched_osm,Charles Thomas Ave Substation,
unmatched_osm,Charlestown Blackwood Substation,
unmatched_osm,Charlotte Green Substation,
unmatched_osm,Charlotte Substation,
unmatched_osm,Charlton Place Substation,
unmatched_osm,Charston Cwmbran Substation,
unmatched_osm,Charter Court Substation,
unmatched_osm,Chartist Tower Newport Substation,
unmatched_osm,Chartist Tower No2 Substation,
unmatched_osm,Chase Ltd Pontygwindy Substation,
unmatched_osm,Cheapside Substation,
unmatched_osm,Cheddar Crescent Llanrumney Substation,
unmatched_osm,Chelsea Ave Substation,
unmatched_osm,Cheltenham Rd Substation,
unmatched_osm,Chepstow Substation,
unmatched_osm,Cherry Grove Baglan Substation,
unmatched_osm,Cherry Grove Sketty Park Substation,
unmatched_osm,Cherry Orchard Rd Lisvane Substation,
unmatched_osm,Cherry Tree Close Substation,
unmatched_osm,Cherry Tree Porthcawl Substation,
unmatched_osm,Cherry Trees Substation,
unmatched_osm,Cherrywood Substation,
unmatched_osm,Chester Close Substation,
unmatched_osm,Chester Substation,
unmatched_osm,Chestnut Ave Substation,
unmatched_osm,Chew Magna Kiosk Substation,
unmatched_osm,Chew Stoke Kiosk Substation,
unmatched_osm,Chew Stoke Primary Substation,
unmatched_osm,Childrens Centre Substation,
unmatched_osm,Chilham Engineering Substation,
unmatched_osm,Chopin Rd Substation,
unmatched_osm,Christchurch Ferndale Substation,
unmatched_osm,Christchurch Link Substation,
unmatched_osm,Christchurch Newport Substation,
unmatched_osm,Christchurch Rd Substation,
unmatched_osm,Christiani Shand Substation,
unmatched_osm,Christina St Docks Substation,
unmatched_osm,Christina St Substation,
unmatched_osm,Christopher Court Substation,
unmatched_osm,Chrome Deposit Substation,
unmatched_osm,Church Hall Port Eynon Substation,
unmatched_osm,Church House Farm Substation,
unmatched_osm,Church Lane Substation,
unmatched_osm,Church Place Bargoed Substation,
unmatched_osm,Church Rd Cwm Tawe Substation,
unmatched_osm,Church Rd Ely Substation,
unmatched_osm,Church Rd Penrhiwfer Substation,
unmatched_osm,Church Road Rhoose Substation,
unmatched_osm,Church Road Substation,
unmatched_osm,Church St Gowerton Substation,
unmatched_osm,Church St Merthyr Substation,
unmatched_osm,Church St Switching Substation,
unmatched_osm,Church St Tredegar Substation,
unmatched_osm,Church St Tyrydail Substation,
unmatched_osm,Church St Ystrad Mynach Substation,
unmatched_osm,Church Street Substation,
unmatched_osm,Church Terrace Tylorstown Substation,
unmatched_osm,Church View Bryncoch Substation,
unmatched_osm,Church View Port Talbot Substation,
unmatched_osm,Church Village Control Centre Local Rmu Substation,
unmatched_osm,Church Village Control Centre Mg Board Substation,
unmatched_osm,Church Village Estate Substation,
unmatched_osm,Churchill Drive O/D,
unmatched_osm,Churchill Estate Pontygwindy Substation,
unmatched_osm,Churchill Gate Primary Substation,
unmatched_osm,Churchill Gate Substation,
unmatched_osm,Churchill Lights SW STN Substation,
unmatched_osm,Churchill Park Substation,
unmatched_osm,Churchill Road Substation,
unmatched_osm,Churchill Substation,
unmatched_osm,Churchward Drive Substation,
unmatched_osm,Churchwood Substation,
unmatched_osm,Ciffic Wt Substation,
unmatched_osm,Cil Ely Substation,
unmatched_osm,Cil Maen Llwyd Pwll Substation,
unmatched_osm,Cilcennen Terrace (Llandeilo) Substation,
unmatched_osm,Cildewi Park Substation,
unmatched_osm,Cilfrew Hsing Site Substation,
unmatched_osm,Cilfrew School Substation,
unmatched_osm,Cilfynydd Grid No1 Substation,
unmatched_osm,Cilfynydd Grid No2 Substation,
unmatched_osm,Cilfynydd Memorial Pump Sta Substation,
unmatched_osm,Cilfynydd Sewage Works Substation,
unmatched_osm,Cilfynydd Supergrid Substation,
unmatched_osm,Cilgrug Farm Wind Turbine Substation,
unmatched_osm,Cillefwr Estate Substation,
unmatched_osm,Cilma Crescent Substation,
unmatched_osm,Cilmaengwyn Substation,
unmatched_osm,Cilonnen Substation,
unmatched_osm,Cilparc Rd Substation,
unmatched_osm,Cilyrychen Ind Estate Substation,
unmatched_osm,Cimla Hospital Substation,
unmatched_osm,Cimla Substation,
unmatched_osm,Cinema Complex No 2 Substation,
unmatched_osm,Cinema Complex No1 Substation,
unmatched_osm,Cinema Complex Substation,
unmatched_osm,Cinema Rhydycar Substation,
unmatched_osm,City Gardens Substation,
unmatched_osm,City Hall Substation,
unmatched_osm,City Heights Substation,
unmatched_osm,City Link Substation,
unmatched_osm,City Rd Substation,
unmatched_osm,Civic Centre Ebbw Vale Substation,
unmatched_osm,Civic Centre Merthyr Substation,
unmatched_osm,Civic Centre Newport Substation,
unmatched_osm,Civic Offices Port Talbot Substation,
unmatched_osm,Civil & Marine Substation,
unmatched_osm,Clare Rd Grangetown Substation,
unmatched_osm,Clare St Merthyr Substation,
unmatched_osm,Clare St. (Cwmparc) Substation,
unmatched_osm,Clare Walk Substation,
unmatched_osm,Claremont Drive Substation,
unmatched_osm,Clarence Corner Sw Site Substation,
unmatched_osm,Clarence House Substation,
unmatched_osm,Clarence Park East Substation,
unmatched_osm,Clarence Park West Substation,
unmatched_osm,Clarence Rd Local Tx.No2 Substation,
unmatched_osm,Clarence Road Local Tx.No1 Substation,
unmatched_osm,Clarence St Substation,
unmatched_osm,Clarence Street Substation,
unmatched_osm,Clarendon Road Substation,
unmatched_osm,Clareston Court Substation,
unmatched_osm,Clarion Close Substation,
unmatched_osm,Clarke St Lane Ely Substation,
unmatched_osm,Clarke St Treorchy Substation,
unmatched_osm,Clarks Locking Road Substation,
unmatched_osm,Clase Primary Substation,
unmatched_osm,Clasemont Morriston Substation,
unmatched_osm,Clasemont Park Morriston Substation,
unmatched_osm,Claude Place Substation,
unmatched_osm,Clawdd Ddu Solar Farm,
unmatched_osm,Clayphon Ynyscedwyn Substation,
unmatched_osm,Clearwater Way Lakeside Substation,
unmatched_osm,Clearwell Solar Park Substation,
unmatched_osm,Clearwell Wind Turbine Substation,
unmatched_osm,Clearwen Drive Lakeside Substation,
unmatched_osm,Cleddau Avenue Haverfordwest Substation,
unmatched_osm,Cleddau Bridge Business Park Substation,
unmatched_osm,Cleddau Reach Substation,
unmatched_osm,Cleggars Park Substation,
unmatched_osm,Cleppa Park Duffryn Substation,
unmatched_osm,Cleppa Park Hi-Tech Substation,
unmatched_osm,Clevedon Ave Sully Substation,
unmatched_osm,Clevedon Primary Substation,
unmatched_osm,Clevedon Rd Newport Substation,
unmatched_osm,Clevedon Road Llanrumney Substation,
unmatched_osm,Clevedon Road Substation,
unmatched_osm,Clevedon Seawalls Pu Substation,
unmatched_osm,Clevisfield Ave Substation,
unmatched_osm,Clicketts Park Substation,
unmatched_osm,Cliff Cottage Caswell Substation,
unmatched_osm,Cliff Road Substation,
unmatched_osm,Cliff St Substation,
unmatched_osm,Cliff Walk Lavernock Substation,
unmatched_osm,Clifton Row Substation,
unmatched_osm,Clifton Square Substation,
unmatched_osm,Clifton Substation,
unmatched_osm,Clint Substation,
unmatched_osm,Clinton Rd Penarth Substation,
unmatched_osm,Clinton Road Flats Penarth Substation,
unmatched_osm,Clist Rd Substation,
unmatched_osm,Clive Cresc Penarth Substation,
unmatched_osm,Clive Hall Canton Substation,
unmatched_osm,Clive St Police Stn Grangetown Substation,
unmatched_osm,Clive St Substation,
unmatched_osm,Clive St Supermarket Substation,
unmatched_osm,Clive Street Senghenydd Substation,
unmatched_osm,Clivetown Substation,
unmatched_osm,Clock Row Blaina Substation,
unmatched_osm,Clock Tower Substation,
unmatched_osm,Clodien Avenue Substation,
unmatched_osm,Clomendy Rd Substation,
unmatched_osm,Clordir Road Pontlliw Substation,
unmatched_osm,Clos Cilsaig Substation,
unmatched_osm,Clos Coed Substation,
unmatched_osm,Clos Dewi Sant Substation,
unmatched_osm,Clos Llys Faen Substation,
unmatched_osm,Clovelly Avenue Tyllwyn Ebbw Vale Substation,
unmatched_osm,Clover Road Merthyr Substation,
unmatched_osm,Cloverdale Merthyr Substation,
unmatched_osm,Club House Catsash Substation,
unmatched_osm,Club Street Substation,
unmatched_osm,Clun Terrace Cathays Substation,
unmatched_osm,Clwydyfagwr Substation,
unmatched_osm,Clydach Advance Factory Substation,
unmatched_osm,Clydach Depot Substation,
unmatched_osm,Clydach Glyncoch Substation,
unmatched_osm,Clydach High St Substation,
unmatched_osm,Clydach Hospital Substation,
unmatched_osm,Clydach St Brynmawr Substation,
unmatched_osm,Clydach Vale Factory Substation,
unmatched_osm,Clydesmuir Estate Substation,
unmatched_osm,Clydesmuir Rd Tremorfa Substation,
unmatched_osm,Clyffard Crescent Substation,
unmatched_osm,Clyn Maes Place Substation,
unmatched_osm,Clyne Castle Substation,
unmatched_osm,Clyne Court 1 Sketty Park Substation,
unmatched_osm,Clyne Davies Court Substation,
unmatched_osm,Clyne Estate Substation,
unmatched_osm,Clytha Park Rd Substation,
unmatched_osm,Clytha Square Substation,
unmatched_osm,Co Op Brackla Substation,
unmatched_osm,Co Op High St Substation,
unmatched_osm,Coach And Horses Castleton Substation,
unmatched_osm,Coachlands Quarry 11Kv Sw Stn Substation,
unmatched_osm,Coachlands Turbine St Florence Substation,
unmatched_osm,Coal Disposal Substation,
unmatched_osm,Coal Wash Plant Substation,
unmatched_osm,Coastal Village Substation,
unmatched_osm,Coated Metals Substation,
unmatched_osm,Coates Row Substation,
unmatched_osm,Cobden Street Crosskeys Substation,
unmatched_osm,Cobden Street Substation,
unmatched_osm,Cocker Ave Substation,
unmatched_osm,Cockett Bridge Substation,
unmatched_osm,Cockett Inn Substation,
unmatched_osm,Cockett Valley Solar Park,
unmatched_osm,Codan Rubber Substation,
unmatched_osm,Coed Bodwenarth Substation,
unmatched_osm,Coed Brydwen South Lougher Substation,
unmatched_osm,Coed Cae Row Dowlais Substation,
unmatched_osm,Coed Camlas Substation,
unmatched_osm,Coed Castell Substation,
unmatched_osm,Coed Darcy Pumping Station Substation,
unmatched_osm,Coed Darcy Substation,
unmatched_osm,Coed Edyrn Car Park Substation,
unmatched_osm,Coed Edyrn Shops Substation,
unmatched_osm,Coed Ely Pumping Station Substation,
unmatched_osm,Coed Ely Unit C9 Substation,
unmatched_osm,Coed Ely Village Substation,
unmatched_osm,Coed Gwilyn Clydach Substation,
unmatched_osm,Coed Hirwaun Margam Substation,
unmatched_osm,Coed Penmaen Substation,
unmatched_osm,Coed Y Brain Substation,
unmatched_osm,Coed Y Caeau Llanishen Substation,
unmatched_osm,Coed Y Caeau West Substation,
unmatched_osm,Coed Y Cwm Substation,
unmatched_osm,Coed Y Gloriau Substation,
unmatched_osm,Coed Y Wenallt Substation,
unmatched_osm,Coedbrydwen North Substation,
unmatched_osm,Coedcae Lane Industrial Estate No1 Substation,
unmatched_osm,Coedcae Lane Industrial Estate No2 Substation,
unmatched_osm,Coedcae Substation,
unmatched_osm,Coeden Dal Pentwyn Substation,
unmatched_osm,Coedeva Mill. Cwmbran Substation,
unmatched_osm,Coedkernew Housing Substation,
unmatched_osm,Coedybrain Substation,
unmatched_osm,Coedycando Park New Inn Substation,
unmatched_osm,Coedyhela Substation,
unmatched_osm,Coedylan Comprehensive School Substation,
unmatched_osm,Coedywernlys Substation,
unmatched_osm,Cog Moors Sewage Treatment Works Substation,
unmatched_osm,Cog Road North Sully Substation,
unmatched_osm,Cog Road South Sully Substation,
unmatched_osm,Cogan Leisure Centre Substation,
unmatched_osm,Cogan Pill Substation,
unmatched_osm,Coil Colour Substation,
unmatched_osm,Coity Bypass Substation,
unmatched_osm,Coity Close St Mellons Substation,
unmatched_osm,Coity Development No 4 Substation,
unmatched_osm,Coity Substation,
unmatched_osm,Coker Road Substation,
unmatched_osm,Colby Road Burry Port Substation,
unmatched_osm,Colchester Avenue Substation,
unmatched_osm,Colcot Arms Barry Substation,
unmatched_osm,Colcot Barry Substation,
unmatched_osm,Cold Knap Barry Substation,
unmatched_osm,Cold Mill School Substation,
unmatched_osm,Coldbrook Rd East Substation,
unmatched_osm,Coldra Hotel Substation,
unmatched_osm,Coldra Newport Substation,
unmatched_osm,Coleford Drive St Mellons Substation,
unmatched_osm,Coleg Gwent Substation,
unmatched_osm,Coleg Y Cymoedd Aberdare Substation,
unmatched_osm,Coleridge Ave Penarth Substation,
unmatched_osm,Colhugh Villa Substation,
unmatched_osm,Colin Way Ely Substation,
unmatched_osm,Collage Main Intake B Substation,
unmatched_osm,College Gardens Substation,
unmatched_osm,College Glade Substation,
unmatched_osm,College Heights Substation,
unmatched_osm,College House Substation,
unmatched_osm,College Of Further Education Substation,
unmatched_osm,College Of Music + Drama Blackweir Substation,
unmatched_osm,College Rd Caerleon Substation,
unmatched_osm,College Rd Carmarthen Substation,
unmatched_osm,College Rd Llandaff North Substation,
unmatched_osm,Collenna Rd Tonyrefail Substation,
unmatched_osm,Colliers Row Machen Substation,
unmatched_osm,Collingdon Rd Pumping Station Substation,
unmatched_osm,Collingwood Rd Newport Substation,
unmatched_osm,Colonial Furniture Substation,
unmatched_osm,Color Steel Crosskeys Substation,
unmatched_osm,Color Steel No2 Substation,
unmatched_osm,Colum Drive Substation,
unmatched_osm,Colum Tce Blackweir Substation,
unmatched_osm,Columbus House Substation,
unmatched_osm,Column St Treorchy Substation,
unmatched_osm,Colwinstone St Llandaff North Substation,
unmatched_osm,Colwyn Ave Winch Wen Substation,
unmatched_osm,Colwyn Rd Gelli Substation,
unmatched_osm,Com-Rad Hirwaun Substation,
unmatched_osm,Comfort Lodge Inn Substation,
unmatched_osm,Comin Y Coed Coed Ely Substation,
unmatched_osm,Comm Developments Substation,
unmatched_osm,Commerce Place Substation,
unmatched_osm,Commercial Dry Docks Cardiff Docks Substation,
unmatched_osm,Commercial Rd Cwmfelinfach Substation,
unmatched_osm,Commercial St Griffithstown Substation,
unmatched_osm,Commercial St Kenfig Hill Substation,
unmatched_osm,Commercial St Maesteg Substation,
unmatched_osm,Commercial St Neath Primary Substation,
unmatched_osm,Commin Estate Aberbargoed Substation,
unmatched_osm,Commin Rd Substation,
unmatched_osm,Community Gelligaer Substation,
unmatched_osm,Company Street Resolven Substation,
unmatched_osm,Compass Rd Substation,
unmatched_osm,Component Industries Merthyr Substation,
unmatched_osm,Comprehensive School Bargoed Substation,
unmatched_osm,Compressed Air Pentwyn Substation,
unmatched_osm,Compton Martin Primary Substation,
unmatched_osm,Compton Rd Rmu No2 Substation,
unmatched_osm,Compton Rd Skewen Substation,
unmatched_osm,Compton Rd Tonypandy Substation,
unmatched_osm,Con Club Dowlais Substation,
unmatched_osm,Conblock Penderyn Substation,
unmatched_osm,Concorde Drive No 39 P. S/S,
unmatched_osm,Concrete Canvas Idno Substation,
unmatched_osm,Concrete Plant Temp Substation,
unmatched_osm,Concrete Works Winterstoke Road Substation,
unmatched_osm,Coney Beach Porthcawl Substation,
unmatched_osm,Congresbury Substation,
unmatched_osm,Coniston Rise Substation,
unmatched_osm,Connect Tondu Substation,
unmatched_osm,Consort Thornton Substation,
unmatched_osm,Constable Drive Substation,
unmatched_osm,Constant Road Substation,
unmatched_osm,Constellation St Substation,
unmatched_osm,Container Village Hood Rd Barry Substation,
unmatched_osm,Continental Cans No1 Substation,
unmatched_osm,Continental Cans No2 Substation,
unmatched_osm,Contractors Yard Substation,
unmatched_osm,Control Centre St Mellons Phase 3 Substation,
unmatched_osm,Convatec No1 Substation,
unmatched_osm,Convent Swansea Substation,
unmatched_osm,Convertec No1 Substation,
unmatched_osm,Convertec No2 Substation,
unmatched_osm,Convertec No3 Substation,
unmatched_osm,Conway Close Dinas Powis Substation,
unmatched_osm,Conway Drive Cwm Talwg Barry Substation,
unmatched_osm,Conway Rd Canton Substation,
unmatched_osm,Conway Rd Cwmparc Substation,
unmatched_osm,Conway Rd Newport Substation,
unmatched_osm,Conway Rd Swansea Substation,
unmatched_osm,Conway Rd Trinant Substation,
unmatched_osm,Conybeare Rd Canton Substation,
unmatched_osm,Cooks Hsg Site Substation,
unmatched_osm,Cools Close Cwm Substation,
unmatched_osm,Coombe Dingle,
unmatched_osm,Coombe Farm A D Plant Substation,
unmatched_osm,Coombe Lane K,
unmatched_osm,Coombes Estate Milford Haven Substation,
unmatched_osm,Coop Swansea Substation,
unmatched_osm,Coopers Meadows Substation,
unmatched_osm,Coplestone St Substation,
unmatched_osm,Copley St Substation,
unmatched_osm,Copper Coins St Ishmaels Substation,
unmatched_osm,Copper North Substation,
unmatched_osm,Copper Quarter No1 Substation,
unmatched_osm,Copper West Quarter Substation,
unmatched_osm,Copperworks Road School Substation,
unmatched_osm,Coppet Hall Business Centre Substation,
unmatched_osm,Copthorne Hotel Substation,
unmatched_osm,Corbett Road Library Substation,
unmatched_osm,Corbett St Treherbert Substation,
unmatched_osm,Cormorant Close Substation,
unmatched_osm,Cornelly Cross Substation,
unmatched_osm,Cornelly Quarries Substation,
unmatched_osm,Corner House Scurlage Substation,
unmatched_osm,Cornfields Substation,
unmatched_osm,Cornmill Substation,
unmatched_osm,Corntown Housing Site Substation,
unmatched_osm,Corntown Solar Farm 11Kv Sw Stn Substation,
unmatched_osm,Cornwall Rd Barry Substation,
unmatched_osm,Corona Substation,
unmatched_osm,Coronation Road Substation,
unmatched_osm,Coronation Tce Senghenydd Substation,
unmatched_osm,Coronation Terrace Substation,
unmatched_osm,Corporation Avenue Substation,
unmatched_osm,Corporation Hotel Newport Substation,
unmatched_osm,Corporation Road Fforestfach Substation,
unmatched_osm,Corporation Stalls Substation,
unmatched_osm,Corpus Christi School Cyncoed Substation,
unmatched_osm,Corus Offices Substation,
unmatched_osm,Corvus Suspension Substation,
unmatched_osm,Cory Way Substation,
unmatched_osm,Coryton Flats Substation,
unmatched_osm,Coryton Rise Substation,
unmatched_osm,Cosheston Rd Substation,
unmatched_osm,Cosheston Village Substation,
unmatched_osm,Cosmeston Pumping Station Substation,
unmatched_osm,Cosmeston St Cathays Substation,
unmatched_osm,Costa Substation,
unmatched_osm,Cot Farm Kenfig Hill Substation,
unmatched_osm,Cot Farm Newport Substation,
unmatched_osm,Cot Hill Llanwern Substation,
unmatched_osm,Cotham Substation,
unmatched_osm,Cotman Walk Substation,
unmatched_osm,Cottrell Rd Roath Substation,
unmatched_osm,Council Depot Tir Y Berth Substation,
unmatched_osm,Council Offices Brynmawr Substation,
unmatched_osm,Council Offices Cwmbran Substation,
unmatched_osm,Countisbury Avenue Llanrumney Substation,
unmatched_osm,County Annexe Park Place No1 Substation,
unmatched_osm,County Annexe Park Place No2 Substation,
unmatched_osm,County Cinema Rumney Substation,
unmatched_osm,County Flats Substation,
unmatched_osm,County Hall Carmarthen Substation,
unmatched_osm,County Hall Croesyceiliog Substation,
unmatched_osm,County Hall Substation,
unmatched_osm,County Hall Swansea Substation,
unmatched_osm,County Hospital Substation,
unmatched_osm,County Hq East Dock Substation,
unmatched_osm,County School Narberth Substation,
unmatched_osm,County Workshop Albert Street Llanelli Substation,
unmatched_osm,Court Coleman Pv Gen Substation,
unmatched_osm,Court Colman Hse Substation,
unmatched_osm,Court Colman Pump. Sta Substation,
unmatched_osm,Court Crescent Substation,
unmatched_osm,Court Farm Cwmbran Substation,
unmatched_osm,Court Farm Rhoose Substation,
unmatched_osm,Court Farm Solar Substation,
unmatched_osm,Court Herbert Hsg Site Substation,
unmatched_osm,Court Herbert Stadium Substation,
unmatched_osm,Court Hotel Substation,
unmatched_osm,Court House Substation,
unmatched_osm,Court Rd Roundabout Barry Substation,
unmatched_osm,Court Rd Substation,
unmatched_osm,Court Rise Hubberston Substation,
unmatched_osm,Court Road Primary Substation,
unmatched_osm,Court Solar Farm Substation,
unmatched_osm,Courtenay Road Substation,
unmatched_osm,Courtland Place Substation,
unmatched_osm,Courtney St Substation,
unmatched_osm,Courtney Substation,
unmatched_osm,Coventry Climax Substation,
unmatched_osm,Coverack Road Substation,
unmatched_osm,Cow & Gate If4X Panel Substation,
unmatched_osm,Cow & Gate Local Frmu Substation,
unmatched_osm,Cowbridge Comprehensive School Substation,
unmatched_osm,Cowbridge Leisure Centre Substation,
unmatched_osm,Cowbridge Primary Substation,
unmatched_osm,Cowbridge Rd Bridgend Substation,
unmatched_osm,Cowbridge Rd East Substation,
unmatched_osm,Cowbridge Road Talbot Green Substation,
unmatched_osm,Cowbridge Road West Substation,
unmatched_osm,Cowbridge Tee Substation,
unmatched_osm,Cowindale Feeds Substation,
unmatched_osm,Cowslip Estate Cogan Substation,
unmatched_osm,Coychurch Gardens Substation,
unmatched_osm,Coychurch Road Garage Substation,
unmatched_osm,Coygen Quarry Substation,
unmatched_osm,Craftdene Cwmgorse S/S Substation,
unmatched_osm,Crai Water Works Substation,
unmatched_osm,Craig Substation,
unmatched_osm,Craig Yr Eos Ogmore Substation,
unmatched_osm,Craig Yr Haul Castleton Substation,
unmatched_osm,Craigybedw Substation,
unmatched_osm,Cramic Substation,
unmatched_osm,Crane Cwmbran 11Kv Sw Stn Substation,
unmatched_osm,Crane Street Pontypool Substation,
unmatched_osm,Cranham Park Johnston Substation,
unmatched_osm,Crawley Products Llanelli Substation,
unmatched_osm,Crawshay Arms Cefn Coed Substation,
unmatched_osm,Crawshay Drive Substation,
unmatched_osm,Creative Upholstery Substation,
unmatched_osm,Creigiau Primary Substation,
unmatched_osm,Creigiau West Substation,
unmatched_osm,Crescent Park Substation,
unmatched_osm,Cribbyn Ddu Street Ynysybwl Substation,
unmatched_osm,Criccieth Place No1 Substation,
unmatched_osm,Crichton Place Substation,
unmatched_osm,Cricket View Pembroke Dock Substation,
unmatched_osm,Crickhowell High School Substation,
unmatched_osm,Crickhowell Road St Mellons Substation,
unmatched_osm,Crickhowell Substation,
unmatched_osm,Crickhowell Town Substation,
unmatched_osm,Cricklewood Close Substation,
unmatched_osm,Crimpfil Aberbargoed Substation,
unmatched_osm,Crindau Gasworks Substation,
unmatched_osm,Crindau Road Substation,
unmatched_osm,Crockherbtown Garage Park Place Substation,
unmatched_osm,Croes Erw Substation,
unmatched_osm,Croescadarn House Substation,
unmatched_osm,Croescadarn Road North Pentwyn Cardiff Substation,
unmatched_osm,Croesdy Substation,
unmatched_osm,Croeserw School Substation,
unmatched_osm,Croeserw Wda Substation,
unmatched_osm,Croeso Square Blackwood Substation,
unmatched_osm,Croesonen Rd Substation,
unmatched_osm,Croesyceiliog School Substation,
unmatched_osm,Croesyceiliog Substation,
unmatched_osm,Croesymwlach Substation,
unmatched_osm,Croft Cottage Substation,
unmatched_osm,Croft Court Substation,
unmatched_osm,Croft Goch Substation,
unmatched_osm,Croft Rd Substation,
unmatched_osm,Crofty Village Substation,
unmatched_osm,Crompton Parkinson Substation,
unmatched_osm,Cromwell Corner Milford Haven Substation,
unmatched_osm,Cromwell Rd Substation,
unmatched_osm,Crosby Discs No1 Substation,
unmatched_osm,Crosby Discs No2 Substation,
unmatched_osm,Crosby Stone Substation,
unmatched_osm,Cross Hands Bness Park North Substation,
unmatched_osm,Cross Hands Caravan Park Substation,
unmatched_osm,Cross Hands Co Op Substation,
unmatched_osm,Cross Hands East Ind Est Substation,
unmatched_osm,Cross Hands Primary Substation,
unmatched_osm,Cross Hands Square Substation,
unmatched_osm,Cross Inn Llantrisant Substation,
unmatched_osm,Cross Keys Skewen Substation,
unmatched_osm,Cross Park Substation,
unmatched_osm,Cross Roads St Clears Substation,
unmatched_osm,Cross St Garndiffaith Substation,
unmatched_osm,Cross St Gilfach Substation,
unmatched_osm,Cross Street Senghenydd Substation,
unmatched_osm,Crossfield Rd Barry Substation,
unmatched_osm,Crosshands Business Park West Pmg Sta Substation,
unmatched_osm,Crosshands Retail Park Substation,
unmatched_osm,Crosshands Roundabout Substation,
unmatched_osm,Crosshands Unit 3 Substation,
unmatched_osm,Crosshands Wwtw Substation,
unmatched_osm,Crosskeys Substation,
unmatched_osm,Crosskeys Tech College Substation,
unmatched_osm,Crossways Bronwydd Rd Substation,
unmatched_osm,Crossways No1 Caerphilly Substation,
unmatched_osm,Crossways Substation,
unmatched_osm,Crossways Sw Site Substation,
unmatched_osm,Crow Ash Housing,
unmatched_osm,Crowfield Substation,
unmatched_osm,Crown Bldgs Newport Substation,
unmatched_osm,Crown Bridge Croesyceiliog Substation,
unmatched_osm,Crown Building Aberdare Substation,
unmatched_osm,Crown Buildings Substation,
unmatched_osm,Crown Hill Estate Substation,
unmatched_osm,Crown Hill Substation,
unmatched_osm,Crown Inn Abercarn Substation,
unmatched_osm,Crown Lane Substation,
unmatched_osm,Crown Offices Maindy Substation,
unmatched_osm,Crown Offices No 1 Cathays Park Substation,
unmatched_osm,Crown Offices No2 Substation,
unmatched_osm,Crown Precinct Llanelli No1 Substation,
unmatched_osm,Crown Precinct Llanelli No2 Substation,
unmatched_osm,Crown Rd Kenfig Hill Substation,
unmatched_osm,Crown Rd Substation,
unmatched_osm,Crown Street Crumlin Substation,
unmatched_osm,Crows Nest Substation,
unmatched_osm,Croxton And Garry Substation,
unmatched_osm,Croyde Avenue Llanrumney Substation,
unmatched_osm,Croydon Asbestos Substation,
unmatched_osm,Croydon Road Newport Substation,
unmatched_osm,Crs Gabalfa Substation,
unmatched_osm,Crt Factory Substation,
unmatched_osm,Cruglwyn Turbine 2 Substation,
unmatched_osm,Cruglwyn Turbine Substation,
unmatched_osm,Crumlin Primary Substation,
unmatched_osm,Crumlin STOR Substation,
unmatched_osm,Crumlin Viaduct Substation,
unmatched_osm,Crundale Crescent Llanishen Substation,
unmatched_osm,Crwys Penlan Substation,
unmatched_osm,Crwys Place Substation,
unmatched_osm,Crwys Road Primary Substation,
unmatched_osm,Crymlyn Bridge Substation,
unmatched_osm,Crymlyn Burrows Substation,
unmatched_osm,Crymlyn Parc Substation,
unmatched_osm,Crynant Kiosk Substation,
unmatched_osm,Crynant Square Substation,
unmatched_osm,Crystal Glen Heath Substation,
unmatched_osm,Crystals Substation,
unmatched_osm,Crystalwood Road Heath Substation,
unmatched_osm,Cs 2000 Substation,
unmatched_osm,Cs 3001 Cleppa Park Newport Substation,
unmatched_osm,Cuckoo Grove Solar Farm Substation,
unmatched_osm,Cul Afon Substation,
unmatched_osm,Culfor Rd Substation,
unmatched_osm,Cultural Centre Substation,
unmatched_osm,Culverhouse Cross Ely Substation,
unmatched_osm,Cumberland Road. Newport. Substation,
unmatched_osm,Cunard Row Substation,
unmatched_osm,Curran Rd Docks Cardiff Substation,
unmatched_osm,Curran Rd Pump.Sta Substation,
unmatched_osm,Curre St Cwm Substation,
unmatched_osm,Currys Merthyr Substation,
unmatched_osm,Curwen Terrace Substation,
unmatched_osm,Custody Substation,
unmatched_osm,Custom House St Substation,
unmatched_osm,Cvr Penarth Rd Substation,
unmatched_osm,Cwm Alsie Crescent Pontllanfraith Substation,
unmatched_osm,Cwm Barri Substation,
unmatched_osm,Cwm Barry Pump. Sta Substation,
unmatched_osm,Cwm Cae Singrug Solar Park Substation,
unmatched_osm,Cwm Calon Substation,
unmatched_osm,Cwm Chapel Road Bonymaen Substation,
unmatched_osm,Cwm Cottage Road Substation,
unmatched_osm,Cwm Cwddy Drive Substation,
unmatched_osm,Cwm Cynon Mtn Ash Substation,
unmatched_osm,Cwm Farm Housing Development Substation,
unmatched_osm,Cwm Felin Substation,
unmatched_osm,Cwm Gelli Idno Substation,
unmatched_osm,Cwm Gelli Village Substation,
unmatched_osm,Cwm Hir Beaufort Substation,
unmatched_osm,Cwm Ivy Salt Marsh Substation,
unmatched_osm,Cwm Las Substation,
unmatched_osm,Cwm Nant Gwyn S/S Substation,
unmatched_osm,Cwm Rd Cwm Substation,
unmatched_osm,Cwmaman Substation,
unmatched_osm,Cwmavon Pump. Sta. Substation,
unmatched_osm,Cwmavon Tip Site Substation,
unmatched_osm,Cwmavon Waterworks Substation,
unmatched_osm,Cwmbargoed Coal Washery,
unmatched_osm,Cwmbath Road Morriston Substation,
unmatched_osm,Cwmbran Primary Substation,
unmatched_osm,Cwmbran Retail Park Substation,
unmatched_osm,Cwmbwrla Park Substation,
unmatched_osm,Cwmcarn Secondary Mod School Substation,
unmatched_osm,Cwmcelyn Blaina Substation,
unmatched_osm,Cwmclais Substation,
unmatched_osm,Cwmcrachen Nantyglo Substation,
unmatched_osm,Cwmdare Substation,
unmatched_osm,Cwmdonkin Drive Swansea Substation,
unmatched_osm,Cwmdows Substation,
unmatched_osm,Cwmdraw Industrial Estate Substation,
unmatched_osm,Cwmdu Ind Est Substation,
unmatched_osm,Cwmdu St Substation,
unmatched_osm,Cwmfelinfach Advance Factory Substation,
unmatched_osm,Cwmfelinfach Primary Substation,
unmatched_osm,Cwmffrwd Primary Substation,
unmatched_osm,Cwmgelli Treboeth Substation,
unmatched_osm,Cwmgorse Central Substation,
unmatched_osm,Cwmgwrach North Substation,
unmatched_osm,Cwmneol Substation,
unmatched_osm,Cwmpant Merthyr Substation,
unmatched_osm,Cwmparc Barry Substation,
unmatched_osm,Cwmparc Substation,
unmatched_osm,Cwmrhydyceirw Junior School Morriston Substation,
unmatched_osm,Cwmrhydyceirw Morriston Substation,
unmatched_osm,Cwmtillery Glass Substation,
unmatched_osm,Cwmtillery Treatment Works Substation,
unmatched_osm,Cwmynyscoy Substation,
unmatched_osm,Cwrdy Substation,
unmatched_osm,Cwrt Farm Treatment Substation,
unmatched_osm,Cwrt Goch Aberbargoed Substation,
unmatched_osm,Cwrt Henllys Solar Substation,
unmatched_osm,Cwrt Mawr W T Generation Felindre Substation,
unmatched_osm,Cwrt Sart School Substation,
unmatched_osm,Cwrt Tce Tonypandy Substation,
unmatched_osm,Cwrt Y Clafdy Skewen Substation,
unmatched_osm,Cwrt Y Gollen Barracks Substation,
unmatched_osm,Cwrt Yr Ala Ely Substation,
unmatched_osm,Cwrt-Y-Vill East Penarth Substation,
unmatched_osm,Cwrt-Y-Vill West Penarth Substation,
unmatched_osm,Cwrtyclafdy West Substation,
unmatched_osm,Cwrtydefaid Pump. Sta Substation,
unmatched_osm,Cwrtygollen Married Quarters No 2 Crickh Substation,
unmatched_osm,Cws Bakeries Taffs Well Substation,
unmatched_osm,Cws Fforestfach Substation,
unmatched_osm,Cyfartha St Substation,
unmatched_osm,Cyfarthfa Factories Merthyr Substation,
unmatched_osm,Cygnet Crescent Substation,
unmatched_osm,Cymmer Avondale Pump. Sta Substation,
unmatched_osm,Cymmer Avondale Substation,
unmatched_osm,Cymmer Rd Trading Estate Porth Substation,
unmatched_osm,Cymmer School Substation,
unmatched_osm,Cymmer Yard Porth Substation,
unmatched_osm,Cyncoed Athletics Centre Substation,
unmatched_osm,Cyncoed Place Substation,
unmatched_osm,Cyncoed Primary Substation,
unmatched_osm,Cyncoed Teachers Training Substation,
unmatched_osm,Cyncoed Training College Substation,
unmatched_osm,Cynllwyndu Road Substation,
unmatched_osm,Cynon Power Station,
unmatched_osm,Cynon Tce Substation,
unmatched_osm,Cynon Valley Sewage Plant Substation,
unmatched_osm,Cynonville Pumping Stn Substation,
unmatched_osm,Cyntwell School Ely Substation,
unmatched_osm,Cyprium No 2 Substation,
unmatched_osm,Cyril Crescent Lane Substation,
unmatched_osm,D B Plastics Bedwas Substation,
unmatched_osm,D Of E Brackla Substation,
unmatched_osm,DEAN LANE,
unmatched_osm,DENNYS VIEW,
unmatched_osm,DOCK GATES,
unmatched_osm,DOCOLON,
unmatched_osm,DONALD ROAD K,
unmatched_osm,DOWN ROAD,
unmatched_osm,DOWN ROAD RESERVOIR,
unmatched_osm,DOWN ROAD WEST,
unmatched_osm,DRY HILL PUMPING STATION,
unmatched_osm,DUCKMOOR RD K,
unmatched_osm,DURVILLE ROAD,
unmatched_osm,Dafen Crematorium Substation,
unmatched_osm,Dafen Gate Substation,
unmatched_osm,Dafen Hi Tec Substation,
unmatched_osm,Dafen Industrial Estate Substation,
unmatched_osm,Dafen Village Substation,
unmatched_osm,Dalgetty Spillers Substation,
unmatched_osm,Dallimores Substation,
unmatched_osm,Dalrymple St Substation,
unmatched_osm,Dan Evans Barry Substation,
unmatched_osm,Dan Y Bryn Substation,
unmatched_osm,Dan Y Lan Swiss Valley Substation,
unmatched_osm,Dan-Y-Deri Switching Site Merthyr Vale Substation,
unmatched_osm,Dan-Y-Graig. Newport Substation,
unmatched_osm,Dan-Y-Pentre Farm Estate Penpedairheol Substation,
unmatched_osm,Dan-Yr-Odyn Pentyrch Substation,
unmatched_osm,Dancey Mead K Substation,
unmatched_osm,Danescourt Radyr Substation,
unmatched_osm,Danescourt Shopping Centre Radyr Substation,
unmatched_osm,Danescourt Way Radyr Substation,
unmatched_osm,Daniel Doncaster Substation,
unmatched_osm,Daniel James School Tirdeunaw Substation,
unmatched_osm,Daniel St Barry Substation,
unmatched_osm,Daniel Street Cathays Substation,
unmatched_osm,Danish Bacon Penylan Substation,
unmatched_osm,Danybryn Ave Radyr Substation,
unmatched_osm,Danycoed Birchgrove Substation,
unmatched_osm,Danycoed Cwmavon Substation,
unmatched_osm,Danycoed Cyncoed Substation,
unmatched_osm,Danycoed Rd No2 Substation,
unmatched_osm,Danycoedcae Substation,
unmatched_osm,Danycribyn Estate Substation,
unmatched_osm,Danygraig Abertridwr Substation,
unmatched_osm,Danygraig Brickworks Substation,
unmatched_osm,Danygraig Croesyceiliog Substation,
unmatched_osm,Danygraig Graigfelin Substation,
unmatched_osm,Danygraig Merthyr Substation,
unmatched_osm,Danygraig Road Risca Substation,
unmatched_osm,Danygraig Substation,
unmatched_osm,Danygraig Swg Site Substation,
unmatched_osm,Danygraig Talbot Green Substation,
unmatched_osm,Darby Cresc Ebbw Vale Substation,
unmatched_osm,Darcy Industrial Park Llandarcy Substation,
unmatched_osm,Darcy Sw. Site Substation,
unmatched_osm,Dare Rd Substation,
unmatched_osm,Darent Close Substation,
unmatched_osm,Dark Gate Substation,
unmatched_osm,Darren Farm Solar Park Substation,
unmatched_osm,Darren Farm Substation,
unmatched_osm,Darren Park Substation,
unmatched_osm,Darren Rd Mountain Ash Substation,
unmatched_osm,Darren Rd Ystalyfera Substation,
unmatched_osm,Dartmouth Close Substation,
unmatched_osm,Datamatic Substation,
unmatched_osm,Davenco Substation,
unmatched_osm,David Evans No1 Cwmbran Substation,
unmatched_osm,David Evans No2 Cwmbran Substation,
unmatched_osm,David Evans Substation,
unmatched_osm,David Lloyd Tennis Centre Substation,
unmatched_osm,David St Barry Substation,
unmatched_osm,David St Cwmparc Substation,
unmatched_osm,David St Wick Substation,
unmatched_osm,Davids Bishop Sutton Substation,
unmatched_osm,Davidstown Hsg Estate Substation,
unmatched_osm,Davies Cranes Substation,
unmatched_osm,Davies Estate Llanerch Substation,
unmatched_osm,Davies Estates Llanstephan Road Substation,
unmatched_osm,Davies St Barry Substation,
unmatched_osm,Davies Tce Substation,
unmatched_osm,Davis Street Substation,
unmatched_osm,Dawn Meats Mg Board Substation,
unmatched_osm,Dawnpac Substation,
unmatched_osm,Day Surgery Cleppa Park Substation,
unmatched_osm,Dayron Substation,
unmatched_osm,Days Garage Substation,
unmatched_osm,Dderwen Substation,
unmatched_osm,Ddol Site Dunvant Substation,
unmatched_osm,De Burge St Canton Substation,
unmatched_osm,De Burgh St Grmu No2 Substation,
unmatched_osm,De Croche Place Substation,
unmatched_osm,De Croche Signalling No1 Substation,
unmatched_osm,De Croche Signalling No2 Substation,
unmatched_osm,De Rutzen Substation,
unmatched_osm,De Winton St Tonypandy Substation,
unmatched_osm,De Winton Tce Substation,
unmatched_osm,Dean Street Aberdare Substation,
unmatched_osm,Debenhams Carmarthen Substation,
unmatched_osm,Debenhams No1 Cardiff Substation,
unmatched_osm,Debenhams Swansea Substation,
unmatched_osm,Deene Side Substation,
unmatched_osm,Deere Rd Ely Substation,
unmatched_osm,Deganwy Close Llanishen Substation,
unmatched_osm,Delapoer Drive Substation,
unmatched_osm,Delhi Street St Thomas Substation,
unmatched_osm,Delyn Packages Substation,
unmatched_osm,Denham Ave West Substation,
unmatched_osm,Denham Avenue East Llanelli Substation,
unmatched_osm,Denhams Factory Tredegar Substation,
unmatched_osm,Denison Way Michealston Super Ely Substation,
unmatched_osm,Dennis Place Substation,
unmatched_osm,Denny Mott And Dickson Roath Dock Substation,
unmatched_osm,Dering Road Retail Substation,
unmatched_osm,Derllwyn Hill Substation,
unmatched_osm,Derlwyn Killay Substation,
unmatched_osm,Derlwyn Tumble Substation,
unmatched_osm,Derwen Fawr Substation,
unmatched_osm,Derwyn 33kV Solar Farm,
unmatched_osm,Derwyn Washery Substation,
unmatched_osm,Designer Village Substation,
unmatched_osm,Despenser Place Canton Substation,
unmatched_osm,Deuplas Substation,
unmatched_osm,Devon Court Substation,
unmatched_osm,Devonshire House Substation,
unmatched_osm,Devonshire Place Substation,
unmatched_osm,Dew Street Substation,
unmatched_osm,Dewhirst Substation,
unmatched_osm,Dia Plastics Substation,
unmatched_osm,Diamond Batch Substation,
unmatched_osm,Dibdin Close Newport Substation,
unmatched_osm,Dick Lovett Cribbs Causeway,
unmatched_osm,Dickens Avenue Llanrumney Substation,
unmatched_osm,Dickenson Road Substation,
unmatched_osm,Digby Road Substation,
unmatched_osm,Dillwyn Llewellyn Comp School Substation,
unmatched_osm,Dillwyn Rd Substation,
unmatched_osm,Dimo Engineering New Inn Substation,
unmatched_osm,Dinas Baglan Substation,
unmatched_osm,Dinas Isaf Ind Est Substation,
unmatched_osm,Dinas Isaf Substation,
unmatched_osm,Dinas Powis Golf Club Substation,
unmatched_osm,Dinas Powis Substation,
unmatched_osm,Dinas Rd Roundabout Substation,
unmatched_osm,Dinas Road Factories Substation,
unmatched_osm,Dinas St Substation,
unmatched_osm,Dingle Lisvane Substation,
unmatched_osm,Dingle Penarth Substation,
unmatched_osm,Dinham Park Tonpentre Substation,
unmatched_osm,Diplomat Hotel Llanelli Substation,
unmatched_osm,Disability Resource Centre Llansamlet Substation,
unmatched_osm,Distillers Treforest Substation,
unmatched_osm,District Centre (Barry Water Front) Substation,
unmatched_osm,District Centre Substation,
unmatched_osm,Dixons Retail Fforestfach Substation,
unmatched_osm,Dixons Talbot Green Substation,
unmatched_osm,Dmp St Clears Substation,
unmatched_osm,Dobbins Road Cadoxton Barry Substation,
unmatched_osm,Dochdwys Rd Llandough Substation,
unmatched_osm,Dock Rd Port Talbot Substation,
unmatched_osm,Dock Street Substation,
unmatched_osm,Dock View Rd Barry Substation,
unmatched_osm,Docks Way Stor 11Kv Sw Stn Substation,
unmatched_osm,Docksway Substation,
unmatched_osm,Dockyard Flats Substation,
unmatched_osm,Dog Lane Substation,
unmatched_osm,Doggetts Substation,
unmatched_osm,Dogs Trust Nettlefold Road Substation,
unmatched_osm,Dol Afon Substation,
unmatched_osm,Dol Gorwel Substation,
unmatched_osm,Dolau Llanharan Substation,
unmatched_osm,Dolebury Bottom Substation,
unmatched_osm,Dolfain Substation,
unmatched_osm,Dolphin Square Substation,
unmatched_osm,Dolydderwen Substation,
unmatched_osm,Donald St Roath Substation,
unmatched_osm,Dorchester Avenue Penylan Substation,
unmatched_osm,Dovey Holdings Substation,
unmatched_osm,Dowlais Brook Substation,
unmatched_osm,Dowlais Chocolate Factory No2 Substation,
unmatched_osm,Dowlais Chocolate Factory Substation,
unmatched_osm,Dowlais Grid Substation,
unmatched_osm,Dowlais Meat Plant Substation,
unmatched_osm,Dowlais No.1 Substation,
unmatched_osm,Dowlais STOR East Substation,
unmatched_osm,Dowlais STOR West Substation,
unmatched_osm,Dowlais Wind Farm Substation,
unmatched_osm,Down Street Clydach Substation,
unmatched_osm,Downcross Substation,
unmatched_osm,Downleaze Substation,
unmatched_osm,Doyle Ave Fairwater Substation,
unmatched_osm,Dpd Depot Felindre Business Park Substation,
unmatched_osm,Dragon Ovoids Tremorfa Substation,
unmatched_osm,Dragon Plastics No.1 Substation,
unmatched_osm,Dragon Plastics No2 Substation,
unmatched_osm,Drake Close Substation,
unmatched_osm,Drayton Rd P. S/S,
unmatched_osm,Drefach W T Substation,
unmatched_osm,Drill Hall Aberbargoed Substation,
unmatched_osm,Drill Hall Blaina Substation,
unmatched_osm,Drill Hall Crosskeys Substation,
unmatched_osm,Drill Hall Gurnos Substation,
unmatched_osm,Drillground Ebbw Vale Substation,
unmatched_osm,Dring St Substation,
unmatched_osm,Driscoll Rd Radyr Substation,
unmatched_osm,Dristywaun Substation,
unmatched_osm,Drope Road School Saint Georges Substation,
unmatched_osm,Drope Road Solar Farm Substation,
unmatched_osm,Drought Pump. Sta Substation,
unmatched_osm,Drought Pumping Station Cilfynydd Substation,
unmatched_osm,Druid Stoke Ave East,
unmatched_osm,Druids Green Substation,
unmatched_osm,Drummau Park Estate Substation,
unmatched_osm,Drummau Rd S/S Substation,
unmatched_osm,Dry Dock Substation,
unmatched_osm,Dryden Rd Penarth Substation,
unmatched_osm,Drysdale Close Substation,
unmatched_osm,Ds Smith Substation,
unmatched_osm,Duckpool Road. Newport. Substation,
unmatched_osm,Ducks Lane Substation,
unmatched_osm,Duct And Access Crosskeys Substation,
unmatched_osm,Ducts And Access Covers Pen-Y-Fan Substation,
unmatched_osm,Dudley St Substation,
unmatched_osm,Duel Ty Coch Substation,
unmatched_osm,Duffryn Bach Substation,
unmatched_osm,Duffryn Close Bassaleg Substation,
unmatched_osm,Duffryn District Centre Substation,
unmatched_osm,Duffryn Dowlais Substation,
unmatched_osm,Duffryn Farm Housing Site Substation,
unmatched_osm,Duffryn Foul Pump.Sta Substation,
unmatched_osm,Duffryn Gdns Glyntaff Substation,
unmatched_osm,Duffryn House Duffryn Substation,
unmatched_osm,Duffryn Isaf Sewage Works Substation,
unmatched_osm,Duffryn Linked Flats Substation,
unmatched_osm,Duffryn Meadows Substation,
unmatched_osm,Duffryn Mountain Ash Substation,
unmatched_osm,Duffryn Park Estate Substation,
unmatched_osm,Duffryn Rd Ammanford Substation,
unmatched_osm,Duffryn Rd Gorseinon Substation,
unmatched_osm,Duffryn Rd Substation,
unmatched_osm,Duffryn Road Rhydyfelin Substation,
unmatched_osm,Duffryn School Substation,
unmatched_osm,Duffryn St Substation,
unmatched_osm,Duffryn Substation,
unmatched_osm,Duffryn Tce New Tredegar Substation,
unmatched_osm,Duffryn Villas Drefach Substation,
unmatched_osm,Duke Street Swansea Substation,
unmatched_osm,Dukestown Road Substation,
unmatched_osm,Dulais Drive Substation,
unmatched_osm,Dulais Rd Seven Sisters Substation,
unmatched_osm,Dumballs Centre Substation,
unmatched_osm,Dumfries Place Substation,
unmatched_osm,Dumpers Lane Substation,
unmatched_osm,Dunedin Substation,
unmatched_osm,Dunes Hotel Substation,
unmatched_osm,Dunleavy Drive Retail Substation,
unmatched_osm,Dunleavy Drive Substation,
unmatched_osm,Dunlop Hirwaun Substation,
unmatched_osm,Dunmarklyn Substation,
unmatched_osm,Dunnes Lane Oystermouth Substation,
unmatched_osm,Dunraven Place Substation,
unmatched_osm,Dunraven St Aberavon Substation,
unmatched_osm,Dunraven St Barry Substation,
unmatched_osm,Dunraven St Bridgend Substation,
unmatched_osm,Dunraven St Tonypandy Substation,
unmatched_osm,Dunsany Park Substation,
unmatched_osm,Dunster Drive Sully Substation,
unmatched_osm,Dunvant Lane Killay Substation,
unmatched_osm,Dunvant School Substation,
unmatched_osm,Dunvant South Substation,
unmatched_osm,Dunvant Square Substation,
unmatched_osm,Dura Park Generation Bynea Substation,
unmatched_osm,Durleigh Close Substation,
unmatched_osm,Dutton Foreshaw Penylan Substation,
unmatched_osm,Dyfatty A Substation,
unmatched_osm,Dyfatty Flats B Swansea Substation,
unmatched_osm,Dyfatty Park Ind Site Substation,
unmatched_osm,Dyfed Road Neath Substation,
unmatched_osm,Dyffatty Substation,
unmatched_osm,Dyffryn Industrial Estate Substation,
unmatched_osm,Dyfrig Rd Ely Substation,
unmatched_osm,Dyfrig St Substation,
unmatched_osm,Dylan Close Substation,
unmatched_osm,Dynacast No2 Substation,
unmatched_osm,Dynea B I S F Substation,
unmatched_osm,Dynea Rd Substation,
unmatched_osm,Dynea School Substation,
unmatched_osm,Dynevor Avenue Llandeilo Substation,
unmatched_osm,Dynevor Lodge Inn Substation,
unmatched_osm,Dynevor Rd Substation,
unmatched_osm,Dynevor Road Garnant Substation,
unmatched_osm,Dynevor School Substation,
unmatched_osm,Dyserth Rd Penarth Substation,
unmatched_osm,Dythel Park Trimsaran Substation,
unmatched_osm,EASTER COMPTON OD,
unmatched_osm,EASTGATE,
unmatched_osm,ELVARD CLOSE,
unmatched_osm,ENGINE LANE,
unmatched_osm,ENVIROTEC SMOKE LANE,
unmatched_osm,EXETER ROAD,
unmatched_osm,Eads Solutions A & B Substation,
unmatched_osm,Eagle Inn Merthyr Substation,
unmatched_osm,Eagle Road Substation,
unmatched_osm,Eagles Bush Works Substation,
unmatched_osm,Earl Road Penarth Substation,
unmatched_osm,Earlham Grove Substation,
unmatched_osm,Earls Court Road Penylan Substation,
unmatched_osm,Earlswood Church Village Substation,
unmatched_osm,Easibake Substation,
unmatched_osm,East Aberthaw Power Stn. Substation,
unmatched_osm,East Aberthaw Primary Substation,
unmatched_osm,East Avenue Gadlys Substation,
unmatched_osm,East Blockhouse Angle Substation,
unmatched_osm,East Bute Yard Substation,
unmatched_osm,East Camp Saint Athans Substation,
unmatched_osm,East Copper Quarter Substation,
unmatched_osm,East Dock Phase 1 Substation,
unmatched_osm,East Dock Rd Substation,
unmatched_osm,East End Pembroke Substation,
unmatched_osm,East Estate Withybush Substation,
unmatched_osm,East Gate No1 Substation,
unmatched_osm,East Glam Hospital Substation,
unmatched_osm,East Hangar Substation,
unmatched_osm,East Maesglas Substation,
unmatched_osm,East Moor Road Newport Substation,
unmatched_osm,East Moors Rd Business Park Substation,
unmatched_osm,East Moors Substation,
unmatched_osm,East Pentwyn Estate Blaina Substation,
unmatched_osm,East Pit Occs Substation,
unmatched_osm,East Rd Tylorstown Substation,
unmatched_osm,East St Aberkenfig Substation,
unmatched_osm,East St Bridgend Substation,
unmatched_osm,East St Goytre Substation,
unmatched_osm,East Street Newport Substation,
unmatched_osm,East Street Substation,
unmatched_osm,East Tyndall St Substation,
unmatched_osm,East View Brithdir Substation,
unmatched_osm,East View Tce Substation,
unmatched_osm,East Village Substation,
unmatched_osm,Eastern High School Trowbridge Substation,
unmatched_osm,Eastern Outfall No2 Substation,
unmatched_osm,Eastern Outfall Roverway Substation,
unmatched_osm,Eastern Wharf Topmix Substation,
unmatched_osm,Eastfield Rd Substation,
unmatched_osm,Eastfield Terr,
unmatched_osm,Eastgate Business Park Substation,
unmatched_osm,Eastgate House No1 Substation,
unmatched_osm,Eastgate House No2 Substation,
unmatched_osm,Eastland Rd Neath Substation,
unmatched_osm,Eastleigh Drive Milford Haven Substation,
unmatched_osm,Eastlyn Rd Od,
unmatched_osm,Eastmoor Substation,
unmatched_osm,Easton-in-Gordano Substation,
unmatched_osm,Eastville Substation,
unmatched_osm,Easy Space Substation,
unmatched_osm,Eaton Court Substation,
unmatched_osm,Eaton Rd Manselton Substation,
unmatched_osm,Ebbw Bridge Substation,
unmatched_osm,Ebbw Vale Primary Substation,
unmatched_osm,Ebdon Pumping Station Bluebell Road Substation,
unmatched_osm,Ebenezer Drive Rogerstone Substation,
unmatched_osm,Ecolab Substation,
unmatched_osm,Eden Manufacturing No2 Substation,
unmatched_osm,Eden Manufacturing Substation,
unmatched_osm,Edgar Morgan Way Pembroke Dock Substation,
unmatched_osm,Edge Hill Pontllanfraith Substation,
unmatched_osm,Edgemoor Drive Substation,
unmatched_osm,Edlogan Way Cwmbran Substation,
unmatched_osm,Edmonds St Substation,
unmatched_osm,Edward German Crescent Substation,
unmatched_osm,Edward St Abercynon Substation,
unmatched_osm,Edward St Dowlais Substation,
unmatched_osm,Edward St Fairview Substation,
unmatched_osm,Edward Street Milford Haven Substation,
unmatched_osm,Edwards Rd Substation,
unmatched_osm,Edwards St Alltwen Substation,
unmatched_osm,Edwardsville Treharris Substation,
unmatched_osm,Efail Isaf South Substation,
unmatched_osm,Efi Plastics Substation,
unmatched_osm,Eftec Substation,
unmatched_osm,Egerton St Canton Substation,
unmatched_osm,Eglwyswen Whitchurch Substation,
unmatched_osm,Egm Cape Ely Substation,
unmatched_osm,Egremont Rd Substation,
unmatched_osm,Egypt St Trealaw Substation,
unmatched_osm,Eileens Substation,
unmatched_osm,Eisteddfa Rd Substation,
unmatched_osm,Elac Substation,
unmatched_osm,Elaine Substation,
unmatched_osm,Elan Close Substation,
unmatched_osm,Elba Crescent Substation,
unmatched_osm,Elba Sports Substation,
unmatched_osm,Elderberry Road Fiarwater Substation,
unmatched_osm,Eleanor Close Substation,
unmatched_osm,Electra Junction Lock Substation,
unmatched_osm,Electrical Equipment Dumball Rd Butetown Substation,
unmatched_osm,Eleventh Avenue Clase Substation,
unmatched_osm,Elf View Thornton Substation,
unmatched_osm,Elfa Wire Tafarnaubach Substation,
unmatched_osm,Elgam Ave Substation,
unmatched_osm,Elgar Crescent Saint Mellons Substation,
unmatched_osm,Elgin House Substation,
unmatched_osm,Elias Drive Neath Abbey Substation,
unmatched_osm,Elinia Offices Substation,
unmatched_osm,Elkes Biscuits Tremorfa Substation,
unmatched_osm,Elkington Rd Substation,
unmatched_osm,Ellen St Student Accommodation Substation,
unmatched_osm,Ellenborough Park North Substation,
unmatched_osm,Ellenborough Park Substation,
unmatched_osm,Elliots Industrial Estate New Tredegar Substation,
unmatched_osm,Ellwood Path Cwmbran Substation,
unmatched_osm,Elm Drive Substation,
unmatched_osm,Elm Grove Substation,
unmatched_osm,Elm Park Crundale Substation,
unmatched_osm,Elm Road Llanharry Substation,
unmatched_osm,Elm St Ferndale Substation,
unmatched_osm,Elm Street Cwm Substation,
unmatched_osm,Elm Tree Pembroke Substation,
unmatched_osm,Elmsleigh Farm,
unmatched_osm,Elphin Crescent Substation,
unmatched_osm,Elumin Substation,
unmatched_osm,Elwyn Substation,
unmatched_osm,Ely Brewery Substation,
unmatched_osm,Ely Fields Office Substation,
unmatched_osm,Ely Homes Substation,
unmatched_osm,Ely Joinery Substation,
unmatched_osm,Ely Papermills Substation,
unmatched_osm,Ely River Substation,
unmatched_osm,Ely Road Substation,
unmatched_osm,Ely St Tonypandy Substation,
unmatched_osm,Ely Tip Factories Substation,
unmatched_osm,Ely Valley Miners Club Substation,
unmatched_osm,Embassy Blackwood Substation,
unmatched_osm,Emily Fields Birchgrove Substation,
unmatched_osm,Emlyn Ave Frmu Substation,
unmatched_osm,Emlyn Terrace Garndiffaith Substation,
unmatched_osm,Emlyn Terrace Substation,
unmatched_osm,Emlyn Walk Substation,
unmatched_osm,Emr Roath Dock Substation,
unmatched_osm,Endefwr Products Substation,
unmatched_osm,Energlyn Grid Substation,
unmatched_osm,Energlyn South Substation,
unmatched_osm,Engart Fans Hirwaun Substation,
unmatched_osm,Ennerdale Close Lakeside Substation,
unmatched_osm,Ensinger Substation,
unmatched_osm,Enterpirse Centre Rhymney Substation,
unmatched_osm,Enterprise 47 Substation,
unmatched_osm,Enterprise House Substation,
unmatched_osm,Enterprise Park Substation,
unmatched_osm,Entrepreneur Site Barry Substation,
unmatched_osm,Envases Baglan Substation,
unmatched_osm,Enviro Wales Substation,
unmatched_osm,Epitaxial Substation,
unmatched_osm,Eps Abercarn Substation,
unmatched_osm,Erin Park Tonyrefail Substation,
unmatched_osm,Erw Hir Substation,
unmatched_osm,Erwr Delyn Close Substation,
unmatched_osm,Eschol Villas Newport Substation,
unmatched_osm,Esn School Substation,
unmatched_osm,Esplanade Porthcawl Substation,
unmatched_osm,Esso Capel Llaniltern Substation,
unmatched_osm,Esso Service Station Substation,
unmatched_osm,Estateways Substation,
unmatched_osm,Etap Malpas Substation,
unmatched_osm,Ethnic Cuisine Substation,
unmatched_osm,Eton Place Canton Substation,
unmatched_osm,Eureka Place Ebbw Vale Substation,
unmatched_osm,Euro Clad Corporate Park Substation,
unmatched_osm,Euro Pressings Wentloog Substation,
unmatched_osm,Eurocast No1 Substation,
unmatched_osm,Eurocast No2 Substation,
unmatched_osm,Euroclad Wentloog Substation,
unmatched_osm,Eurodean Tafarnaubach Substation,
unmatched_osm,European Profiles Llandybie Substation,
unmatched_osm,Ev Charging Stn Cross Hands Substation,
unmatched_osm,Evan Roberts Substation,
unmatched_osm,Evan St Substation,
unmatched_osm,Evans Square Pontypridd Substation,
unmatched_osm,Evanstown Gilfach Goch Substation,
unmatched_osm,Evelyn Road Skewen Substation,
unmatched_osm,Evelyn Terrace Substation,
unmatched_osm,Evening Post Substation,
unmatched_osm,Everest Avenue Llanishen Substation,
unmatched_osm,Everest Drive Substation,
unmatched_osm,Everwhite Plastics Substation,
unmatched_osm,Ewart Road Substation,
unmatched_osm,Ewenny Cross Substation,
unmatched_osm,Ewenny Quarry Substation,
unmatched_osm,Ewenny River Substation,
unmatched_osm,Ewenny Road Substation,
unmatched_osm,Ex Products Bedwas Substation,
unmatched_osm,Excel S/Stn Substation,
unmatched_osm,Excelsior Trading Estate Substation,
unmatched_osm,Exchange Buildings Substation,
unmatched_osm,Exchange Rd Frmu Substation,
unmatched_osm,Exeter Close Merthyr Substation,
unmatched_osm,Exeter Road Substation,
unmatched_osm,Express Carriers Tremorfa Substation,
unmatched_osm,Express Substation,
unmatched_osm,Extrusions & Mouldings Substation,
unmatched_osm,F C Brown Substation,
unmatched_osm,F K I Pontllanfraith Substation,
unmatched_osm,FEDDEN VILLAGE B,
unmatched_osm,FEDDON VILLAGE PUMPING STATION,
unmatched_osm,FENNEL ROAD,
unmatched_osm,FERNDALE PARC SEYMOUR,
unmatched_osm,FIDDES ROAD,
unmatched_osm,FIFTH WAY,
unmatched_osm,FIRE STATION,
unmatched_osm,FIVE ACRES,
unmatched_osm,FIVE ACRES EST.,
unmatched_osm,FORDWICH CLOSE,
unmatched_osm,FOUR ACRES,
unmatched_osm,FOURTH WAY,
unmatched_osm,FRIARY ROAD,
unmatched_osm,Face Building Substation,
unmatched_osm,Factory Rd Newport Substation,
unmatched_osm,Factory Rd Substation,
unmatched_osm,Factory Tce Substation,
unmatched_osm,Faendre Hall Substation,
unmatched_osm,Fair View South Substation,
unmatched_osm,Fair View Tynant Beddau Substation,
unmatched_osm,Fairacre Llandaff Substation,
unmatched_osm,Fairfield Goytre Substation,
unmatched_osm,Fairfield Risca Substation,
unmatched_osm,Fairfield Rise Substation,
unmatched_osm,Fairfield Road Penarth Substation,
unmatched_osm,Fairfield Substation,
unmatched_osm,Fairhill Drive Substation,
unmatched_osm,Fairlane Switching Station,
unmatched_osm,Fairmeadow Close Herbrandston Substation,
unmatched_osm,Fairoak Avenue Newport Substation,
unmatched_osm,Fairoak Substation,
unmatched_osm,Fairview Ave Substation,
unmatched_osm,Fairview Estate Cefn Fforest Substation,
unmatched_osm,Fairview Garage Substation,
unmatched_osm,Fairview Pontnewynydd Substation,
unmatched_osm,Fairwater Avenue Cwmbran Substation,
unmatched_osm,Fairwater Police Station Substation,
unmatched_osm,Fairwater Primary Substation,
unmatched_osm,Fairwater School Cwmbran Substation,
unmatched_osm,Fairway House Substation,
unmatched_osm,Fairways Crescent Fairwater Substation,
unmatched_osm,Fairwood Drive Substation,
unmatched_osm,Fairwood Training Ground Substation,
unmatched_osm,Falconwood Drive Michaelston Super Ely Substation,
unmatched_osm,Fallowfield Drive Newport Substation,
unmatched_osm,Fanheulog Talbot Green Substation,
unmatched_osm,Faraday Rd Substation,
unmatched_osm,Fardre Isaf Frmu Substation,
unmatched_osm,Fardre Uchaf Substation,
unmatched_osm,Farewell Rassau Substation,
unmatched_osm,Farlow Walk Substation,
unmatched_osm,Farm Drive Lakeside Substation,
unmatched_osm,Farm Drive Substation,
unmatched_osm,Farm Rd Briton Ferry Substation,
unmatched_osm,Farm Road Substation,
unmatched_osm,Farm Tce Substation,
unmatched_osm,Farmers Arms Llangennech Substation,
unmatched_osm,Farmville Rd Splott Substation,
unmatched_osm,Farmwood Estate Newport Substation,
unmatched_osm,Farmwood Newport Substation,
unmatched_osm,Farnaby Close Substation,
unmatched_osm,Farndale Road Substation,
unmatched_osm,Faulty Towers Substation,
unmatched_osm,Felin Fach East Substation,
unmatched_osm,Felin Foel Substation,
unmatched_osm,Felin Fran Housing Substation,
unmatched_osm,Felindre Business Park Substation,
unmatched_osm,Felindre Pumping Station Substation,
unmatched_osm,Felinfach Aberkenfig Substation,
unmatched_osm,Felinfach West Substation,
unmatched_osm,Felinfach Whitchurch Substation,
unmatched_osm,Felinfoel Home Substation,
unmatched_osm,Felinfoel Pumping Station Substation,
unmatched_osm,Felinfoel Substation,
unmatched_osm,Felsend Cwmbran Substation,
unmatched_osm,Fendrod Pump.Sta Substation,
unmatched_osm,Fenners Substation,
unmatched_osm,Fenton Farm PV Generation,
unmatched_osm,Fenton School Substation,
unmatched_osm,Fern Close Substation,
unmatched_osm,Fern Fuels Substation,
unmatched_osm,Fern Place Fairwater Substation,
unmatched_osm,Ferncroft Way Substation,
unmatched_osm,Ferndale Grammar School Substation,
unmatched_osm,Ferndale Terrace Porthkerry Substation,
unmatched_osm,Ferndale Trading Estate Substation,
unmatched_osm,Ferndale Wind Farm Substation,
unmatched_osm,Fernhill Colliery Substation,
unmatched_osm,Ferntree Drive St Mellons Substation,
unmatched_osm,Ferranti Ty Coch Substation,
unmatched_osm,Ferrara Quay No.1 Substation,
unmatched_osm,Ferry Boat Close Lsv Substation,
unmatched_osm,Ferry Houses Substation,
unmatched_osm,Ferry Lane Pembroke Dock Substation,
unmatched_osm,Ferry Rd Generation Substation,
unmatched_osm,Ferry Rd Pennar Substation,
unmatched_osm,Ferry Rd Retail Substation,
unmatched_osm,Ferry Road Pods Substation,
unmatched_osm,Ferry Road Substation,
unmatched_osm,Festiniog Rd Llandaff Substation,
unmatched_osm,Festival Substation,
unmatched_osm,Festive Productions Substation,
unmatched_osm,Ffairfach Central Substation,
unmatched_osm,Ffordd Cynore Substation,
unmatched_osm,Ffordd Ganol Substation,
unmatched_osm,Ffordd Llanellen Substation,
unmatched_osm,Fforesfach Felinfach Mg Substation,
unmatched_osm,Fforest Fach Cross Substation,
unmatched_osm,Fforest Fach Farm Tycroes Substation,
unmatched_osm,Fforest Fach Retail Park Substation,
unmatched_osm,Fforest Fach Substation,
unmatched_osm,Fforest Hall Substation,
unmatched_osm,Fforestfach Prydwen Substation,
unmatched_osm,Ffos Las PV Generation Substation,
unmatched_osm,Ffosyrefail Substation,
unmatched_osm,Ffrwd Philip Church Village Substation,
unmatched_osm,Ffrwdamos Penygraig Substation,
unmatched_osm,Ffynnon Gwaer Penallta Substation,
unmatched_osm,Ffynnon Oer Wind Farm Substation,
unmatched_osm,Ffynon Non Llannon Substation,
unmatched_osm,Ffynone Swansea Substation,
unmatched_osm,Fhp Point No1 Substation,
unmatched_osm,Fhp Point No2 Substation,
unmatched_osm,Fiamm Substation,
unmatched_osm,Fiberweb Aberaman Substation,
unmatched_osm,Fidlas Ave Rhyd-Y-Pennau Substation,
unmatched_osm,Fidlas Rd. Llanishen Substation,
unmatched_osm,Field Street Trelewis Substation,
unmatched_osm,Field Tce Pentyrch Substation,
unmatched_osm,Fields Park Crescent Substation,
unmatched_osm,Fields Park Newport Substation,
unmatched_osm,Fields Road Tredegar Substation,
unmatched_osm,Fieldway Pharmaceuticals Substation,
unmatched_osm,Fieldway Substation,
unmatched_osm,Fifoots Point Power Station Substation,
unmatched_osm,Filers Way Substation,
unmatched_osm,Film Studio Nash Mead Substation,
unmatched_osm,Film Studio Substation,
unmatched_osm,Filtration Plant Substation,
unmatched_osm,Finchley Rd Fairwater Substation,
unmatched_osm,Fine Fare Ammanford Substation,
unmatched_osm,Fine Fare Cwmbran Substation,
unmatched_osm,Finers Arms Substation,
unmatched_osm,Finnings Substation,
unmatched_osm,Finsbury Foods Substation,
unmatched_osm,Fiona Substation,
unmatched_osm,Fir St Ferndale Substation,
unmatched_osm,Fire Service Substation,
unmatched_osm,Fire Station Aberdare Substation,
unmatched_osm,Fire Station Haverfordwest Substation,
unmatched_osm,Fire Training Centre Substation,
unmatched_osm,Firestone Advanced Factory Treherbert Substation,
unmatched_osm,Firs Ave Fairwater Substation,
unmatched_osm,First Ave Substation,
unmatched_osm,First Milk Main Plant Substation,
unmatched_osm,First Milk Merlins Bridge Substation,
unmatched_osm,Firststeel Substation,
unmatched_osm,Firth Cleveland Switching Station Substation,
unmatched_osm,Fish Lane Pontypridd Substation,
unmatched_osm,Fisher Close Frmu Substation,
unmatched_osm,Fishermans Way Substation,
unmatched_osm,Fishers Houses Substation,
unmatched_osm,Fishguard Rd Birchgrove Substation,
unmatched_osm,Fishponds Road Llanrumney Substation,
unmatched_osm,Fiskars Substation,
unmatched_osm,Fitzalan Court Substation,
unmatched_osm,Fitzalan High School Substation,
unmatched_osm,Fitzalan Place Substation,
unmatched_osm,Fitzhammon Ave Substation,
unmatched_osm,Fitzroy St Brynmawr Substation,
unmatched_osm,Fitzroy St Substation,
unmatched_osm,Five Bells Substation,
unmatched_osm,Five Locks Substation,
unmatched_osm,Five Trees Substation,
unmatched_osm,Flamgard. Substation,
unmatched_osm,Flats Alexandra Road Substation,
unmatched_osm,Flax Bourton Substation,
unmatched_osm,Fleet Street T1 Substation,
unmatched_osm,Fleet Street T2 Substation,
unmatched_osm,Flemingston Court Substation,
unmatched_osm,Flemish Close Substation,
unmatched_osm,Fletchers Substation,
unmatched_osm,Flightsheds Weston Airport Substation,
unmatched_osm,Florence Grove Substation,
unmatched_osm,Florence Rd Substation,
unmatched_osm,Florence St Nottage Substation,
unmatched_osm,Florence St Tremorfa Substation,
unmatched_osm,Flowtech Clydach Vale Substation,
unmatched_osm,Fochriw North Substation,
unmatched_osm,Focus Substation,
unmatched_osm,Foel Gastell Hsg Substation,
unmatched_osm,Foley Packaging Substation,
unmatched_osm,Folly Farm Car Park Substation,
unmatched_osm,Folly Farm Complex Substation,
unmatched_osm,Fontygary Bay Cafe Substation,
unmatched_osm,Fontygary Sewage Substation,
unmatched_osm,Food Factory Substation,
unmatched_osm,Food Park Substation,
unmatched_osm,Food Unit Xhands Business Park Substation,
unmatched_osm,Ford Bridgend Substation,
unmatched_osm,Ford Workshop Substation,
unmatched_osm,Foreshore Printers Substation,
unmatched_osm,Foreshore Road Substation,
unmatched_osm,Forest Drive Substation,
unmatched_osm,Forest Farm Gas Substation,
unmatched_osm,Forest Hamlets Tircoed Substation,
unmatched_osm,Forest Hill Aberdulais Substation,
unmatched_osm,Forest Hill Estate Substation,
unmatched_osm,Forest Holidays Substation,
unmatched_osm,Forest Row Substation,
unmatched_osm,Forge Hammer Substation,
unmatched_osm,Forge Rd Clydach Substation,
unmatched_osm,Forge Rd Llangynidr Substation,
unmatched_osm,Forge Rd Machen Substation,
unmatched_osm,Forge Rd Port Talbot Substation,
unmatched_osm,Forgeside Substation,
unmatched_osm,Formacation Substation,
unmatched_osm,Formatt Filters Substation,
unmatched_osm,Forrest Road Penarth Substation,
unmatched_osm,Forrestford. New Inn Substation,
unmatched_osm,Forsythia Close Risca Substation,
unmatched_osm,Forte Hotel No.2 Substation,
unmatched_osm,Forte Hotel Substation,
unmatched_osm,Fosters Row Penygraig Substation,
unmatched_osm,Fosterville Crescent Substation,
unmatched_osm,Fothergill St Abernant Substation,
unmatched_osm,Fothergill Street Penyard Substation,
unmatched_osm,Foundry Road Substation,
unmatched_osm,Fountain Inn Substation,
unmatched_osm,Fountain Lane Substation,
unmatched_osm,Fountain Rd Pontymoile Substation,
unmatched_osm,Four Rows Dukestown Substation,
unmatched_osm,Fourth Avenue Clase Substation,
unmatched_osm,Foxglove Meadow Substation,
unmatched_osm,Fram Filters Substation,
unmatched_osm,Frampton Road Gorseinon Substation,
unmatched_osm,Francis Court Substation,
unmatched_osm,Francis Fox Road Substation,
unmatched_osm,Francis St Abertridwr Substation,
unmatched_osm,Francis St Skewen Substation,
unmatched_osm,Francis St Substation,
unmatched_osm,Francis Terrace Carmarthen Substation,
unmatched_osm,Frank Rd Flats Substation,
unmatched_osm,Fransham Street Llanelli Substation,
unmatched_osm,Frederick Place Substation,
unmatched_osm,Frederick St Newport Substation,
unmatched_osm,Frederick St Neyland Substation,
unmatched_osm,Frederick St Substation,
unmatched_osm,Freeholdland Substation,
unmatched_osm,Freeline Substation,
unmatched_osm,Freemans Penarth Rd Substation,
unmatched_osm,Freemans Walk Pembroke Substation,
unmatched_osm,Fresh Produce Centre Substation,
unmatched_osm,Freshwater Road Substation,
unmatched_osm,Freystrop Cross Substation,
unmatched_osm,Friars Lane Substation,
unmatched_osm,Friars Park Substation,
unmatched_osm,Friars Rd Substation,
unmatched_osm,Friars Walk Car Park Substation,
unmatched_osm,Friars Walk Service Yard Substation,
unmatched_osm,Friary No2 Substation,
unmatched_osm,Friendly Hotel Substation,
unmatched_osm,Frogmore St Substation,
unmatched_osm,Frome Walk Substation,
unmatched_osm,Frontier Plastics Rmu Substation,
unmatched_osm,Frontier Plastics Substation,
unmatched_osm,Fronwen Tce Substation,
unmatched_osm,Frost Rd Beaufort Substation,
unmatched_osm,Fsg Tool & Die Substation,
unmatched_osm,Fullens Close Substation,
unmatched_osm,Fulmar Rd Substation,
unmatched_osm,Furnace Primary School Substation,
unmatched_osm,Furnace St Beaufort Substation,
unmatched_osm,Furniture Stores Hirwaun Substation,
unmatched_osm,Furze Rd Substation,
unmatched_osm,Furzeland Drive Bryncoch Substation,
unmatched_osm,Furzeland Drive Sketty Park Substation,
unmatched_osm,Furzy Park Haverfordwest Substation,
unmatched_osm,Fusion House Substation,
unmatched_osm,Fusion Swansea Substation,
unmatched_osm,Fussell House Substation,
unmatched_osm,Future Inns Substation,
unmatched_osm,G G Lloyds Pontygwindy Substation,
unmatched_osm,G Plas No1 Substation,
unmatched_osm,G Plas No2 Substation,
unmatched_osm,GABLES CLOSE,
unmatched_osm,GARNET STREET,
unmatched_osm,GAS LANE 33 LOCAL,
unmatched_osm,GATEWAY SUPERMARKET CATER ROAD WEST,
unmatched_osm,GATHORNE ROAD,
unmatched_osm,GAYWOOD HOUSE FLATS,
unmatched_osm,GEORGE INN,
unmatched_osm,GILES,
unmatched_osm,GKN Rod Mil Primary Substation,
unmatched_osm,GLADSTONE STREET,
unmatched_osm,GLENWOOD RISE,
unmatched_osm,GODWIN DRIVE,
unmatched_osm,GOODRICH CASTLE,
unmatched_osm,GORDANO GATE,
unmatched_osm,GOULSTON ROAD,
unmatched_osm,GRANGE PARK,
unmatched_osm,GREEN MOOR LANE,
unmatched_osm,GREENSLADE GDN,
unmatched_osm,GREENWAY BUSH LANE,
unmatched_osm,GREVILLE ST NORTH P,
unmatched_osm,Gabalfa Library Substation,
unmatched_osm,Gabalfa Rd Substation,
unmatched_osm,Gaen St Abertillery Substation,
unmatched_osm,Gaer Inn Newport Substation,
unmatched_osm,Gaer Park Frmu Substation,
unmatched_osm,Gaer Park Parade Substation,
unmatched_osm,Gaer Rd Gelligaer Substation,
unmatched_osm,Gaer Tower Substation,
unmatched_osm,Gaer Vale Newport Substation,
unmatched_osm,Gahame'S Gateway Substation,
unmatched_osm,Gaiety Substation,
unmatched_osm,Gainsborough Drive Substation,
unmatched_osm,Gala Club Substation,
unmatched_osm,Galebourne Cwmgorse Substation,
unmatched_osm,Gallaghers Retail Substation,
unmatched_osm,Gallery Home Fashions Pant Glas Ind Est Substation,
unmatched_osm,Gallows Cross Substation,
unmatched_osm,Galon Uchaf Substation,
unmatched_osm,Gamlyn Terrace Hirwaun Substation,
unmatched_osm,Gamlyn Uchaf Substation,
unmatched_osm,Garden Avenue Llanbradach Substation,
unmatched_osm,Garden Centre Substation,
unmatched_osm,Garden City Ebbw Vale Substation,
unmatched_osm,Garden City Rhymney Substation,
unmatched_osm,Garden Mews Substation,
unmatched_osm,Garden Suburbs Burry Port Substation,
unmatched_osm,Garden Suburbs Trimsaran Substation,
unmatched_osm,Garden Village Garngoch Substation,
unmatched_osm,Garden Village Substation,
unmatched_osm,Gardiners Way Substation,
unmatched_osm,Gardners End Substation,
unmatched_osm,Gardners Pentwyn Substation,
unmatched_osm,Gardners Steel Risca Substation,
unmatched_osm,Garn Farm 33kv Solar Park,
unmatched_osm,Garn Ifor Beaufort Substation,
unmatched_osm,Garn Llwyd Clase Substation,
unmatched_osm,Garn Lydan Beaufort Substation,
unmatched_osm,Garn Rd Substation,
unmatched_osm,Garngoch Substation,
unmatched_osm,Garnswllt Sewerage Substation,
unmatched_osm,Garnwen Tce Substation,
unmatched_osm,Garreg Fillter Substation,
unmatched_osm,Garreg Lwyd Substation,
unmatched_osm,Garren Lockers Substation,
unmatched_osm,Garsdale Road Substation,
unmatched_osm,Garth Isaf Substation,
unmatched_osm,Garth Olwg Welsh School Substation,
unmatched_osm,Garth Rd Maesteg Substation,
unmatched_osm,Garth View Substation,
unmatched_osm,Garw Wood Drive Substation,
unmatched_osm,Gas Lane Substation,
unmatched_osm,Gas Works Milford Haven Substation,
unmatched_osm,Gas Yard No.1 Substation,
unmatched_osm,Gas Yard No.2 Substation,
unmatched_osm,Gas Yard Primary Substation,
unmatched_osm,Gaskell St Substation,
unmatched_osm,Gatcombe Substation,
unmatched_osm,Gate Rd Substation,
unmatched_osm,Gateway Grove Substation,
unmatched_osm,Gateway Resort Bynea Substation,
unmatched_osm,Gateway Supermarket Substation,
unmatched_osm,Gateway To Valleys School Substation,
unmatched_osm,Gateways Substation,
unmatched_osm,Gathen Llanelli Substation,
unmatched_osm,Gaudi Walk Substation,
unmatched_osm,Gazes No1 Substation,
unmatched_osm,Gazes No2 Substation,
unmatched_osm,Geaes Bedwas Substation,
unmatched_osm,Geas Substation,
unmatched_osm,Gee Walker & Slater Substation,
unmatched_osm,Geiriol Road Townhill Substation,
unmatched_osm,Gelatins Treforest Substation,
unmatched_osm,Gelli Fedi Brynna Substation,
unmatched_osm,Gelli Grafog Substation,
unmatched_osm,Gelli Groes Housing Site Substation,
unmatched_osm,Gelli Haidd Substation,
unmatched_osm,Gelli Halog Quarry Substation,
unmatched_osm,Gelli Las Fawr Wind Turbine Substation,
unmatched_osm,Gelli Lenor Housing Site Substation,
unmatched_osm,Gelli Pystyll Risca Substation,
unmatched_osm,Gelli Rd Pemberton Substation,
unmatched_osm,Gelli Rd Substation,
unmatched_osm,Gelli Rd Tredegar Substation,
unmatched_osm,Gelli Seren Substation,
unmatched_osm,Gelli Siriol Substation,
unmatched_osm,Gelli St Substation,
unmatched_osm,Gelli Ty Sign Jnr School Substation,
unmatched_osm,Gelli Unig Place Pontywaun Substation,
unmatched_osm,Gelli-Lywarch Substation,
unmatched_osm,Gelliceidrim Substation,
unmatched_osm,Gellideg Housing Site Substation,
unmatched_osm,Gellideg Lane Caerphilly Substation,
unmatched_osm,Gellideg St Maesycwmer Substation,
unmatched_osm,Gellifaelog Merthyr Substation,
unmatched_osm,Gellifynaches Pontypridd Substation,
unmatched_osm,Gelligaer Substation,
unmatched_osm,Gelligaled Road Substation,
unmatched_osm,Gelligroes Village Substation,
unmatched_osm,Gelligron Substation,
unmatched_osm,Gelligrug Abertillery Substation,
unmatched_osm,Gelligwyn Rd Substation,
unmatched_osm,Gellihaf Substation,
unmatched_osm,Gellihirion Industrial Estate Rhydyfelin Substation,
unmatched_osm,Gelliwasted Road Pontypridd Substation,
unmatched_osm,Gelliwern Isaf PV Substation,
unmatched_osm,Gelynog School Beddau Substation,
unmatched_osm,Gendros Crescent Substation,
unmatched_osm,Gendros Substation,
unmatched_osm,General Dynamics Substation,
unmatched_osm,General Hospital Dafen Substation,
unmatched_osm,General Office Substation,
unmatched_osm,General Station Substation,
unmatched_osm,Genwen Lands Substation,
unmatched_osm,Genwen Rd Icp Substation,
unmatched_osm,Geopost Wentloog Substation,
unmatched_osm,George St Caerau Substation,
unmatched_osm,George St Neath Substation,
unmatched_osm,George St Swansea Substation,
unmatched_osm,George Street Neyland Substation,
unmatched_osm,George Street Pontnewynydd Substation,
unmatched_osm,George Thomas Substation,
unmatched_osm,Georges Row Penarth Substation,
unmatched_osm,Georgetown Merthyr Substation,
unmatched_osm,Georgetown Tredegar Substation,
unmatched_osm,Ger Y Nant Substation,
unmatched_osm,Ger Y Parc Substation,
unmatched_osm,Geraints Way Substation,
unmatched_osm,Gertrude St Abercynon Substation,
unmatched_osm,Gethin Hotel Penygraig Substation,
unmatched_osm,Gethin St Frmu Substation,
unmatched_osm,Gethin Street Swansea Primary Substation,
unmatched_osm,Giants Wharf Substation,
unmatched_osm,Gibbas Way Substation,
unmatched_osm,Gibbons Timber Yard Substation,
unmatched_osm,Gibbonsdown 'A' Barry Substation,
unmatched_osm,Gibbonsdown B Barry Substation,
unmatched_osm,Gilchrist Thomas Site Substation,
unmatched_osm,Gilfach Cwmbach Wind Turbine Substation,
unmatched_osm,Gilfach Garden Village North Substation,
unmatched_osm,Gilfach Goch Fire Station Substation,
unmatched_osm,Gilfach Goch Substation,
unmatched_osm,Gilfach Quarry Local Ftsu Substation,
unmatched_osm,Gilfach Quarry Neath Abbey Substation,
unmatched_osm,Gilfach Rd Neath Abbey Substation,
unmatched_osm,Gilfach St Bargoed Substation,
unmatched_osm,Gilwern Crescent Llanishen Substation,
unmatched_osm,Gilwern Gas Metering Station Substation,
unmatched_osm,Gilwern Park Substation,
unmatched_osm,Girlings No1 Cwmbran Substation,
unmatched_osm,Girlings No2 Cwmbran Substation,
unmatched_osm,Girlings Panteg Substation,
unmatched_osm,Girls Grammar School Barry Substation,
unmatched_osm,Giroflex Penallta Ind Est Substation,
unmatched_osm,Gladstone Gdns Barry Substation,
unmatched_osm,Gladstone Rd Barry Substation,
unmatched_osm,Gladstone St Abertillery Substation,
unmatched_osm,Gladstone Terr Rhymney Substation,
unmatched_osm,Glaisfer Pumping Station Substation,
unmatched_osm,Glam-Mon Motors Ystrad Mynach Substation,
unmatched_osm,Glamorgan Cricket Substation,
unmatched_osm,Glamorgan Rhoose Airport Substation,
unmatched_osm,Glamorgan Tce Llwynypia Substation,
unmatched_osm,Glamorgan Technical College Treforest Substation,
unmatched_osm,Glan Aber Pembrey Substation,
unmatched_osm,Glan Ebbw Terrace Substation,
unmatched_osm,Glan Ffrwd Ebbw Vale Substation,
unmatched_osm,Glan Ffrwd Substation,
unmatched_osm,Glan Llyn Caerphilly Substation,
unmatched_osm,Glan Llyn Grid Substation,
unmatched_osm,Glan Llyn Rail Depot Substation,
unmatched_osm,Glan Lyn Housing Site Substation,
unmatched_osm,Glan Rd Nottage Substation,
unmatched_osm,Glan Rhiw Substation,
unmatched_osm,Glan Road Substation,
unmatched_osm,Glan Y Wern Llansamlet Substation,
unmatched_osm,Glan Yr Afon Crickhowell Substation,
unmatched_osm,Glan Yr Afon Substation,
unmatched_osm,Glan-Y-Nant Whitchurch Substation,
unmatched_osm,Glanafon Inn Withybush Substation,
unmatched_osm,Glanamman Square Substation,
unmatched_osm,Glanamman Workshops Substation,
unmatched_osm,Glanbran Substation,
unmatched_osm,Glancynon Substation,
unmatched_osm,Glandare Estate Substation,
unmatched_osm,Glandulais Dunvant Substation,
unmatched_osm,Glandwr Llanhilleth Substation,
unmatched_osm,Glandwr Place Whitchurch Substation,
unmatched_osm,Glandwr St Abertillery Substation,
unmatched_osm,Glanffornwg Substation,
unmatched_osm,Glanffrwd Pontardulais Substation,
unmatched_osm,Glanffynnon Tregynwr Carmarthen Substation,
unmatched_osm,Glangwili Hospital Mg Substation,
unmatched_osm,Glanhafren Flats Porthkerry Substation,
unmatched_osm,Glanhafren Llanishen Substation,
unmatched_osm,Glanlliw Gardens S/S Pontlliw Substation,
unmatched_osm,Glanmor Llanelli Substation,
unmatched_osm,Glanmor Park Rd Substation,
unmatched_osm,Glanmor Park Substation,
unmatched_osm,Glanmor School Substation,
unmatched_osm,Glanmor Uplands Substation,
unmatched_osm,Glannant Hsg Site Substation,
unmatched_osm,Glanogwr Rd Substation,
unmatched_osm,Glanrhyd Ind Park Substation,
unmatched_osm,Glanrhyd Maesydderwen Substation,
unmatched_osm,Glanrhyd Secure Unit Substation,
unmatched_osm,Glanrhyd West Substation,
unmatched_osm,Glantawe St Substation,
unmatched_osm,Glanusk Primary School Substation,
unmatched_osm,Glanwern Newport Substation,
unmatched_osm,Glanyllyn Substation,
unmatched_osm,Glanymor St Substation,
unmatched_osm,Glanynant Frmu Substation,
unmatched_osm,Glanyrafon Maisonettes Substation,
unmatched_osm,Glanyrafon Sketty Substation,
unmatched_osm,Glanystruth Substation,
unmatched_osm,Glasbrook Tce Penrhiwceiber Substation,
unmatched_osm,Glascoed Pwll Substation,
unmatched_osm,Glasfryn Llanelli Substation,
unmatched_osm,Glasfryn Rd Substation,
unmatched_osm,Glasfryn Road Substation,
unmatched_osm,Glasllwch Lane Substation,
unmatched_osm,Glasllwch Substation,
unmatched_osm,Glaslyn Place Clase Substation,
unmatched_osm,Glass Systems Substation,
unmatched_osm,Glassworks Substation,
unmatched_osm,Glastonbury Terrace Llanrumney Substation,
unmatched_osm,Glawty Trebanog Substation,
unmatched_osm,Glebe Road Lower Lougher Substation,
unmatched_osm,Glebe St Penarth Substation,
unmatched_osm,Glebe Tenby Substation,
unmatched_osm,Glebelands Substation,
unmatched_osm,Glen Drive,
unmatched_osm,Glen Rd Substation,
unmatched_osm,Glen View Blaenclydach Substation,
unmatched_osm,Glenalla Substation,
unmatched_osm,Glenboi Hsg Site No2 Substation,
unmatched_osm,Glenboi Hsg Site No3 Substation,
unmatched_osm,Glenboi No 1 Mountain Ash Substation,
unmatched_osm,Glenbrook Est Mountain Ash Substation,
unmatched_osm,Glendower Court Substation,
unmatched_osm,Glenover Fields Substation,
unmatched_osm,Glenroy Pentwynmawr Substation,
unmatched_osm,Glenside Ty Gwyn Rd Substation,
unmatched_osm,Glentworth Court Substation,
unmatched_osm,Glenwood Llanedeyrn Substation,
unmatched_osm,Glider Field Substation,
unmatched_osm,Global Foods Substation,
unmatched_osm,Globe Flats Clydach Substation,
unmatched_osm,Gloversfield Substation,
unmatched_osm,Glyn Cory Garden Village Peterston Super Substation,
unmatched_osm,Glyn Eidden (Pantlacca C). Llanedeyrn Substation,
unmatched_osm,Glyn Gaer Substation,
unmatched_osm,Glyn Rhondda Substation,
unmatched_osm,Glyn Road Brynamman Substation,
unmatched_osm,Glyn St Abertysswg Substation,
unmatched_osm,Glyn Valley No1 Substation,
unmatched_osm,Glyncoch Primary School Substation,
unmatched_osm,Glyncoch Tce Substation,
unmatched_osm,Glyncoed Beaufort Substation,
unmatched_osm,Glyncoed Housing Tycroes Substation,
unmatched_osm,Glyncoli Substation,
unmatched_osm,Glyncollen Morriston Substation,
unmatched_osm,Glyncorrwg Village Substation,
unmatched_osm,Glynderi Tanerdy Carmarthen Substation,
unmatched_osm,Glyndwr Rd Substation,
unmatched_osm,Glyngwyn Trethomas Substation,
unmatched_osm,Glynhafod St Substation,
unmatched_osm,Glynllan Substation,
unmatched_osm,Glynmilwr Blaina Substation,
unmatched_osm,Glynneath Cinema No1 Substation,
unmatched_osm,Glynneath Road Hirwaun Substation,
unmatched_osm,Glynneath School Substation,
unmatched_osm,Glyntaff College Substation,
unmatched_osm,Glyntaff Depot Substation,
unmatched_osm,Gnoll Bank Substation,
unmatched_osm,Gnoll Park Rd Substation,
unmatched_osm,Gnoll Rd Substation,
unmatched_osm,Go Compare Newport Substation,
unmatched_osm,Goat Mill Rd Substation,
unmatched_osm,Goat St Substation,
unmatched_osm,Godreaman Substation,
unmatched_osm,Goitre Bellaf Dunvant Substation,
unmatched_osm,Goitre Fach Housing Substation,
unmatched_osm,Goitre Pump Station Substation,
unmatched_osm,Gold St Substation,
unmatched_osm,Golden Arches Substation,
unmatched_osm,Golden Hill Grid Substation,
unmatched_osm,Golden Hill Solar Farm Substation,
unmatched_osm,Golden Lion Pen-Y-Banc Substation,
unmatched_osm,Golf Club Pembroke Dock Substation,
unmatched_osm,Golf Links Pembrey Substation,
unmatched_osm,Golf Rd Substation,
unmatched_osm,Golmet Doors Caerphilly Substation,
unmatched_osm,Golwg Y Mor Substation,
unmatched_osm,Golwgfor Llanelli Substation,
unmatched_osm,Golwgyfro Substation,
unmatched_osm,Golwgygraig Substation,
unmatched_osm,Goodig Substation,
unmatched_osm,Goodrich Crescent. Newport. Substation,
unmatched_osm,Goodrich St Caerphilly Substation,
unmatched_osm,Goods Yard Troedyrhiw Substation,
unmatched_osm,Goose Pill Milford Haven Substation,
unmatched_osm,Goosen Close Substation,
unmatched_osm,Gordon Crescent Substation,
unmatched_osm,Gordon Rd Cardiff Substation,
unmatched_osm,Gordon Road Substation,
unmatched_osm,Gordon St Substation,
unmatched_osm,Gores Yard Blaina Substation,
unmatched_osm,Goricon Substation,
unmatched_osm,Goring Road Llanelli Substation,
unmatched_osm,Gorof Rd Hsg Substation,
unmatched_osm,Gors Avenue Substation,
unmatched_osm,Gors Fawr Gowerton Substation,
unmatched_osm,Gors Rd Housing Substation,
unmatched_osm,Gors Road Housing Site Substation,
unmatched_osm,Gorsddu Road S/S Penygroes Substation,
unmatched_osm,Gorse Place Substation,
unmatched_osm,Gorse Tce New Tredegar Substation,
unmatched_osm,Gorseinon Aldi Store Substation,
unmatched_osm,Gorseinon College Substation,
unmatched_osm,Gorseinon Hospital Substation,
unmatched_osm,Gorseinon Industrial Est Substation,
unmatched_osm,Gorseinon Market Substation,
unmatched_osm,Gorseinon Road Substation,
unmatched_osm,Gorseinon Shopping Park Substation,
unmatched_osm,Gorseinon Youth Club Substation,
unmatched_osm,Gorsfach Dafen Substation,
unmatched_osm,Gorslas Square Substation,
unmatched_osm,Gorsygarnant Substation,
unmatched_osm,Gorwydd Lodge Gowerton Substation,
unmatched_osm,Gorwydd Rd Gowerton Substation,
unmatched_osm,Gorwyl House Substation,
unmatched_osm,Gos Engineering Substation,
unmatched_osm,Goshawk Road Substation,
unmatched_osm,Goshen Park Substation,
unmatched_osm,Goshen St Rhymney Substation,
unmatched_osm,Gossen Chapel Substation,
unmatched_osm,Gower Crescent Local Rmu Substation,
unmatched_osm,Gower Rd No1 Substation,
unmatched_osm,Gower View Pentre-Poeth Substation,
unmatched_osm,Gowerton East Grid Substation,
unmatched_osm,Gowerton Girls Grammar School Substation,
unmatched_osm,Gowerton Golf Range P V Substation,
unmatched_osm,Gowerton STOR Substation,
unmatched_osm,Gowerton Sewage Works Substation,
unmatched_osm,Gowerton Tel Exchange Substation,
unmatched_osm,Goytre Village Substation,
unmatched_osm,Gpo Coryton Whitchurch Substation,
unmatched_osm,Gpo Dos Works Substation,
unmatched_osm,Gpo Sorting Office. Newport. Substation,
unmatched_osm,Graham Court Substation,
unmatched_osm,Graham St Landore Substation,
unmatched_osm,Graham St Merthyr Substation,
unmatched_osm,Grahams Cwm Substation,
unmatched_osm,Graig Ave Substation,
unmatched_osm,Graig Capel Burry Port Substation,
unmatched_osm,Graig Cefn Park Substation,
unmatched_osm,Graig Ddu Waterworks Substation,
unmatched_osm,Graig Dew Jersey Marine Substation,
unmatched_osm,Graig Estate Llanishen Substation,
unmatched_osm,Graig Fatha Wind Substation,
unmatched_osm,Graig Hospital Pontypridd Substation,
unmatched_osm,Graig Isaf Aberdare Substation,
unmatched_osm,Graig Las Llangeinor Substation,
unmatched_osm,Graig Newydd Substation,
unmatched_osm,Graig Park Substation,
unmatched_osm,Graig Rd Hengoed Substation,
unmatched_osm,Graig Rd Substation,
unmatched_osm,Graig St Tylorstown Substation,
unmatched_osm,Graig Terrace Merthyr Substation,
unmatched_osm,Graig View Substation,
unmatched_osm,Graig Wood Close Substation,
unmatched_osm,Graig Y Fedw Substation,
unmatched_osm,Graig Yr Hesg Quarry No 2 Substation,
unmatched_osm,Graigwen Crescent Substation,
unmatched_osm,Graigwen Rd Cymmer Substation,
unmatched_osm,Graigwen Rd Flats Pontypridd Substation,
unmatched_osm,Graigyrhacca Estate Substation,
unmatched_osm,Graigytrwyn Substation,
unmatched_osm,Grammar School Substation,
unmatched_osm,Granada Bowling Substation,
unmatched_osm,Granary No2 Substation,
unmatched_osm,Granary Queen Alexandra Dock Substation,
unmatched_osm,Grand Atlantic Flats Substation,
unmatched_osm,Grand Ave Ely Substation,
unmatched_osm,Grand Pier Substation,
unmatched_osm,Grand Theatre Substation,
unmatched_osm,Grandison St Substation,
unmatched_osm,Grandstand Substation,
unmatched_osm,Grange Court Fairwater Substation,
unmatched_osm,Grange Court Rd Pkt,
unmatched_osm,Grange Hospital 11Kv Sw Stn Substation,
unmatched_osm,Grange Industrial Site Substation,
unmatched_osm,Grange Lane Substation,
unmatched_osm,Grange Road Substation,
unmatched_osm,Grange Substation,
unmatched_osm,Grange West Cross Substation,
unmatched_osm,Grangetown Link Substation,
unmatched_osm,Grangetown Primary Substation,
unmatched_osm,Grant Street Llanelli Substation,
unmatched_osm,Granville Paper Mills Substation,
unmatched_osm,Granville St Substation,
unmatched_osm,Gravel Lane Blackwood Substation,
unmatched_osm,Gray St Canton Substation,
unmatched_osm,Great Brockeridge,
unmatched_osm,Great Brockeridge North P,
unmatched_osm,Great Honeyborough Substation,
unmatched_osm,Great Mills Morriston Substation,
unmatched_osm,Great Mills Substation,
unmatched_osm,Great Western Lane Substation,
unmatched_osm,Great Western No2 Substation,
unmatched_osm,Green 3 Substation,
unmatched_osm,Green Acres Nelson Substation,
unmatched_osm,Green Acres Substation,
unmatched_osm,Green Avenue Substation,
unmatched_osm,Green Close Mayals Substation,
unmatched_osm,Green Close Newport Substation,
unmatched_osm,Green Court Cwmbran Substation,
unmatched_osm,Green Grove Industrial Site Substation,
unmatched_osm,Green Lane Substation,
unmatched_osm,Green Lawns Hsg Site New Inn Substation,
unmatched_osm,Green Light Substation,
unmatched_osm,Green Meadow Glyncoch Substation,
unmatched_osm,Green Meadow Pembroke Substation,
unmatched_osm,Green Pastures Substation,
unmatched_osm,Green St Canton Substation,
unmatched_osm,Green St Substation,
unmatched_osm,Greenacre Drive Substation,
unmatched_osm,Greenacres Substation,
unmatched_osm,Greenbanks Estate Barry Substation,
unmatched_osm,Greenfarm Rd Ely Substation,
unmatched_osm,Greenfield Llanelli Substation,
unmatched_osm,Greenfield Tce Llansamlet Substation,
unmatched_osm,Greenfield Tce Mg Substation,
unmatched_osm,Greenfield Terrace Cwmbach Substation,
unmatched_osm,Greenfields Cardigan Road Substation,
unmatched_osm,Greenfields Park Substation,
unmatched_osm,Greenforge Way Substation,
unmatched_osm,Greenhill Ave Tenby Substation,
unmatched_osm,Greenhill Court Substation,
unmatched_osm,Greenhill Estate Substation,
unmatched_osm,Greenhill Park Substation,
unmatched_osm,Greenhill Rd Substation,
unmatched_osm,Greenhill Rhiwbina Substation,
unmatched_osm,Greenhouse Local Rmu Substation,
unmatched_osm,Greenland Rd Brynmawr Substation,
unmatched_osm,Greenland Road Substation,
unmatched_osm,Greenmeadow Golf Club Substation,
unmatched_osm,Greenmeadow Housing Site Substation,
unmatched_osm,Greenmeadow Phase 2 Substation,
unmatched_osm,Greenmeadow Road Substation,
unmatched_osm,Greenmeadow Springs Substation,
unmatched_osm,Greenmeadow Way Substation,
unmatched_osm,Greenway Griffithstown Substation,
unmatched_osm,Greenway Rd Rumney Substation,
unmatched_osm,Greenway Street Llanelli Substation,
unmatched_osm,Greenwich Rd Substation,
unmatched_osm,Greenwillows Substation,
unmatched_osm,Greenwood Ave Substation,
unmatched_osm,Greenwood Road Llandaff Substation,
unmatched_osm,Greenwood St Barry Substation,
unmatched_osm,Greenwood Substation,
unmatched_osm,Gregg Bakery Treforest Substation,
unmatched_osm,Greggs St Clears Substation,
unmatched_osm,Grenfell Factory Substation,
unmatched_osm,Grenfell Park St.Thomas Substation,
unmatched_osm,Grenville Terrace Dafen Substation,
unmatched_osm,Gresham Place Substation,
unmatched_osm,Greyfriars Podium Substation,
unmatched_osm,Greyfriars Substation,
unmatched_osm,Greylands Road Substation,
unmatched_osm,Greys Gardens Trethomas Substation,
unmatched_osm,Greys Terrace Birchgrove Substation,
unmatched_osm,Greystones Newbridge Substation,
unmatched_osm,Griffin St Abertillery Substation,
unmatched_osm,Griffin Windows Substation,
unmatched_osm,Griffiths St Pentre Substation,
unmatched_osm,Griffiths Street Substation,
unmatched_osm,Griffithstown Substation,
unmatched_osm,Gripoly Mills Leckwith Substation,
unmatched_osm,Grist Square Laugharne Substation,
unmatched_osm,Grit Storage Depot Bedwas Substation,
unmatched_osm,Groes Estate Substation,
unmatched_osm,Groes Gedd Llantrisant Substation,
unmatched_osm,Groesfaen Substation,
unmatched_osm,Groesfaen Windfarm 11Kv Sw Stn Substation,
unmatched_osm,Groeswen Hospital Substation,
unmatched_osm,Groeswen School Substation,
unmatched_osm,Grosmont Way Substation,
unmatched_osm,Grosvenor Heights Substation,
unmatched_osm,Grosvenor Place Substation,
unmatched_osm,Grove Estate Steynton Substation,
unmatched_osm,Grove Estate Trethomas Substation,
unmatched_osm,Grove Farm Substation,
unmatched_osm,Grove Golf Club Substation,
unmatched_osm,Grove Hill Housing Site Substation,
unmatched_osm,Grove Lane Local Rmu Substation,
unmatched_osm,Grove Lane Switching Substation,
unmatched_osm,Grove Park Caerphilly Rd Substation,
unmatched_osm,Grove Park Estate No.1 Blackwood Substation,
unmatched_osm,Grove Park Pontnewydd Substation,
unmatched_osm,Grove Park Sketty Substation,
unmatched_osm,Grove Rd Pontardawe Substation,
unmatched_osm,Grove Road Bridgend Substation,
unmatched_osm,Grove Tce Senghenydd Substation,
unmatched_osm,Grovers Rd Substation,
unmatched_osm,Grovesend Substation,
unmatched_osm,Groveside Road Substation,
unmatched_osm,Gryphon Products Pontllanfraith Substation,
unmatched_osm,Gtem Substation,
unmatched_osm,Gts Rassau Substation,
unmatched_osm,Guest Cottages Dowlais Substation,
unmatched_osm,Guest Road Substation,
unmatched_osm,Guildford St Substation,
unmatched_osm,Guildhall Place No1 Substation,
unmatched_osm,Guildhall Place No2 Substation,
unmatched_osm,Guildhall Rmu No 2 Substation,
unmatched_osm,Guildhall Rmu No1 Substation,
unmatched_osm,Gulf Oils Roath Dock Substation,
unmatched_osm,Gullivers Substation,
unmatched_osm,Gunsite Substation,
unmatched_osm,Gurnos Comp School Substation,
unmatched_osm,Gurnos Cross Substation,
unmatched_osm,Gurnos Ind Estate Substation,
unmatched_osm,Gurnos No.11 Substation,
unmatched_osm,Gurnos S/S Substation,
unmatched_osm,Gurnos Villas Substation,
unmatched_osm,Gurnos Ystradgynlais Substation,
unmatched_osm,Gurwen Street Cwmgorse Substation,
unmatched_osm,Guys Rd Barry Substation,
unmatched_osm,Gwaelod Y Garth Substation,
unmatched_osm,Gwalia Healthcare Bridgend Substation,
unmatched_osm,Gwalia Place Substation,
unmatched_osm,Gwalia Tce Substation,
unmatched_osm,Gwarra Mawr Caerphilly Substation,
unmatched_osm,Gwarycaeu Substation,
unmatched_osm,Gwaun Cae Gurwen Primary Substation,
unmatched_osm,Gwaun Elai Substation,
unmatched_osm,Gwaun Glas Neath Substation,
unmatched_osm,Gwaun Helig Ebbw Vale Substation,
unmatched_osm,Gwaun Y Celyn Church Village Substation,
unmatched_osm,Gwaunfarren Substation,
unmatched_osm,Gwbert Close Llanrumney Substation,
unmatched_osm,Gwell Yr Ynys Sully Substation,
unmatched_osm,Gwendoline St Substation,
unmatched_osm,Gwendraeth Arms Substation,
unmatched_osm,Gwenfo Drive Wenvoe Substation,
unmatched_osm,Gwenllian Gardens Substation,
unmatched_osm,Gwennyth St Substation,
unmatched_osm,Gwent Pipe Works Substation,
unmatched_osm,Gwent Rd Abergavenny Substation,
unmatched_osm,Gwent Rd Treforest Ind Est Substation,
unmatched_osm,Gwent Steel Substation,
unmatched_osm,Gwent Way Estate Tredegar Substation,
unmatched_osm,Gwern Berthi Ind Est Substation,
unmatched_osm,Gwerna Crescent Maesycwmmer Substation,
unmatched_osm,Gwernant Cwmllynfell Substation,
unmatched_osm,Gwerneinon Substation,
unmatched_osm,Gwernifor Hsg Site Substation,
unmatched_osm,Gwernllyn Substation,
unmatched_osm,Gwernygerwn Rhydyfelin Substation,
unmatched_osm,Gwernygerwn Switching Station,
unmatched_osm,Gwerthonar Gilfach Bargoed Substation,
unmatched_osm,Gwilliam Court Substation,
unmatched_osm,Gwindy Girls School Substation,
unmatched_osm,Gwr No2 Roath Dock Substation,
unmatched_osm,Gwrachyllwynau Substation,
unmatched_osm,Gwscwm Substation,
unmatched_osm,Gwyddan Rd Abercarn Substation,
unmatched_osm,Gwyn St Alltwen Substation,
unmatched_osm,Gwyn St Substation,
unmatched_osm,Gwynant Cres Cyncoed Substation,
unmatched_osm,Gyfre Gardens Substation,
unmatched_osm,Gynor Ave Substation,
unmatched_osm,Gypsy Lane Llanfoist Substation,
unmatched_osm,Gyrus Medical Substation,
unmatched_osm,H.M.S. Cambria Hayes Lane Sully Substation,
unmatched_osm,HAMPTON PRINTING,
unmatched_osm,HANBURY ROAD,
unmatched_osm,HARBOUR ROAD TREATMENT WORKS,
unmatched_osm,HARBOUR VIEW,
unmatched_osm,HARECLIVE RD OD,
unmatched_osm,HASTINGS ROAD,
unmatched_osm,HEADLEY LANE,
unmatched_osm,HEADLEY LANE NORTH PSS,
unmatched_osm,HEADLEY PK AVE,
unmatched_osm,HEADLEY PK RD,
unmatched_osm,HERON GARDENS,
unmatched_osm,HEWITTS OD,
unmatched_osm,HEYRON WALK,
unmatched_osm,HIGHFIELD DRIVE,
unmatched_osm,HIGHRIDGE GREEN OD,
unmatched_osm,HILL COTTAGE,
unmatched_osm,HILL GAY,
unmatched_osm,HILLCREST ROAD,
unmatched_osm,HILLSIDE,
unmatched_osm,HILLYFIELDS ROAD,
unmatched_osm,HOLLYWOOD TOWERS NO.4,
unmatched_osm,HONDA CARS,
unmatched_osm,HOPE & ANCHOR,
unmatched_osm,HORSEPOOL RD OD,
unmatched_osm,HUMBERSTAN WALK,
unmatched_osm,HUNT BROTHERS,
unmatched_osm,Hackerford Cyncoed Substation,
unmatched_osm,Hadfield Rd Substation,
unmatched_osm,Hafan Bryn Heulog Substation,
unmatched_osm,Hafod Arthen Substation,
unmatched_osm,Hafod Cefn Glas Substation,
unmatched_osm,Hafod Comp. School Substation,
unmatched_osm,Hafod Cwmbran Substation,
unmatched_osm,Hafod Cwnin Substation,
unmatched_osm,Hafod Elfed Substation,
unmatched_osm,Hafod Fach Quarry Substation,
unmatched_osm,Hafod Lodge Substation,
unmatched_osm,Hafod Rd Ponthir Substation,
unmatched_osm,Hafod-Y-Dafal Solar Park Substation,
unmatched_osm,Hafodyrynys Village Substation,
unmatched_osm,Hafren Road Substation,
unmatched_osm,Hakin Infants School Hakin Substation,
unmatched_osm,Hakinville Substation,
unmatched_osm,Half Pennies Substation,
unmatched_osm,Halfords Carmarthen Substation,
unmatched_osm,Halfords Merthyr Substation,
unmatched_osm,Halfway Derwen Fawr Substation,
unmatched_osm,Halfway House Trallwn Substation,
unmatched_osm,Halfway Little Mill Substation,
unmatched_osm,Halfway O G M Pemberton Substation,
unmatched_osm,Halfway Sewage Pumping Stn Trallwn Substation,
unmatched_osm,Hall & Pickles Crosskeys Substation,
unmatched_osm,Hall Farm Substation,
unmatched_osm,Halla No2 Substation,
unmatched_osm,Halle Close Substation,
unmatched_osm,Halo Foods Substation,
unmatched_osm,Ham Lane Housing Site Substation,
unmatched_osm,Ham Lane Solar Substation,
unmatched_osm,Ham Lane Substation,
unmatched_osm,Ham Manor Caravan Park Substation,
unmatched_osm,Hamadryad Docks Substation,
unmatched_osm,Hamilton St Canton Substation,
unmatched_osm,Hamilton Street Substation,
unmatched_osm,Hamilton Terrace Milford Haven Substation,
unmatched_osm,Hammond Gardens O/D,
unmatched_osm,Hampden Road Substation,
unmatched_osm,Hampshire Drive Substation,
unmatched_osm,Hampton Road Birchgrove Substation,
unmatched_osm,Hanbury Rd Retail Substation,
unmatched_osm,Hanbury Rd Steps Substation,
unmatched_osm,Hanbury Rd Substation,
unmatched_osm,Handfarm Rd Substation,
unmatched_osm,Hannah Street Porth Substation,
unmatched_osm,Hanover St Merthyr Substation,
unmatched_osm,Hans Price Academy Substation,
unmatched_osm,Hansons Factory Fforest Fach Substation,
unmatched_osm,Harbour Tenby Substation,
unmatched_osm,Harbour Way Hakin Substation,
unmatched_osm,Harcourt Road Brynmawr Substation,
unmatched_osm,Harcourt Street Swansea Substation,
unmatched_osm,Harcourt Tce Substation,
unmatched_osm,Harcourt Terrace Substation,
unmatched_osm,Harddfan Bryn Substation,
unmatched_osm,Harding Ave Substation,
unmatched_osm,Hardings Drive Substation,
unmatched_osm,Harford Court Sketty Substation,
unmatched_osm,Hargrove Farm Turbine Substation,
unmatched_osm,Harlan Substation,
unmatched_osm,Harlech Close Substation,
unmatched_osm,Harlech Drive Eastbrook Dinas Powis Substation,
unmatched_osm,Harlech Homes S/S Barry Substation,
unmatched_osm,Harmeston Farmturbine Substation,
unmatched_osm,Harold Leigh Substation,
unmatched_osm,Harold Wilson Ind Est Substation,
unmatched_osm,Haroldston Close Substation,
unmatched_osm,Harp Substation,
unmatched_osm,Harp Terr Gelligaer Substation,
unmatched_osm,Harpers Rd Substation,
unmatched_osm,Harries Avenue Llanelli Substation,
unmatched_osm,Harris Fireplaces Butetown Substation,
unmatched_osm,Harris Pye Substation,
unmatched_osm,Harrismith Road Roath Substation,
unmatched_osm,Harrow & Lee Substation,
unmatched_osm,Harrowby St Pmg Stn No2 Substation,
unmatched_osm,Harrowby St Pumping Station Substation,
unmatched_osm,Hart Brynmenyn Substation,
unmatched_osm,Hartridge Sewage Farm No1 Substation,
unmatched_osm,Harvey St Substation,
unmatched_osm,Harveys Penarth Rd Substation,
unmatched_osm,Harwin Components Substation,
unmatched_osm,Harzam Substation,
unmatched_osm,Hasbro Substation,
unmatched_osm,Hasties Yard Substation,
unmatched_osm,Hastings Ave Penarth Substation,
unmatched_osm,Haulfryn Tregynwr Substation,
unmatched_osm,Havard Road Pemberton Substation,
unmatched_osm,Havelock Park Llanelli Substation,
unmatched_osm,Havelock Place Substation,
unmatched_osm,Havelock St Substation,
unmatched_osm,Haven Colour Print Substation,
unmatched_osm,Haven Drive Hakin Substation,
unmatched_osm,Haven Rd Substation,
unmatched_osm,Havens Head Substation,
unmatched_osm,Haverfordwest Food Park Substation,
unmatched_osm,Haverfordwest Grid Substation,
unmatched_osm,Haverfordwest Power Station Primary Substation,
unmatched_osm,Haverfordwest Solar Substation,
unmatched_osm,Haverfordwest Technical College Substation,
unmatched_osm,Haversham Close Substation,
unmatched_osm,Hawes Factory Substation,
unmatched_osm,Hawke Road Substation,
unmatched_osm,Hawkins Crescent Newport Substation,
unmatched_osm,Hawksfield Court Substation,
unmatched_osm,Hawksley Newbridge Substation,
unmatched_osm,Hawkstone Close Substation,
unmatched_osm,Hawthorn Comprehensive School Rhydyfelin Substation,
unmatched_osm,Hawthorn Drive Substation,
unmatched_osm,Hawthorn Estate Llanedeyrn Substation,
unmatched_osm,Hawthorn Hill Substation,
unmatched_osm,Hawthorn Oap Substation,
unmatched_osm,Hawthorn Park Substation,
unmatched_osm,Hawthorn Rd Llandaff North Substation,
unmatched_osm,Hawthorn Stadium Rhydyfelin Substation,
unmatched_osm,Hawthorne Villas Substation,
unmatched_osm,Hawtin Park Substation,
unmatched_osm,Hayes Engineering Substation,
unmatched_osm,Hayes Lane Sully Substation,
unmatched_osm,Hayes No1 Substation,
unmatched_osm,Hayes No2 Substation,
unmatched_osm,Hayes No3 Substation,
unmatched_osm,Hayes Rd Dow Corning Substation,
unmatched_osm,Hayes Rd Roundabout Substation,
unmatched_osm,Hays Lane Sageston Substation,
unmatched_osm,Hayston Avenue Hakin Substation,
unmatched_osm,Hazel Farm Generation Substation,
unmatched_osm,Hazel Rd Penarth Substation,
unmatched_osm,Hazeldene Penpedairheol Substation,
unmatched_osm,Hazeldene Road Substation,
unmatched_osm,Hazeldene Sketty Park Substation,
unmatched_osm,Hazelhurst Local Tx Substation,
unmatched_osm,Hazelhurst Rd Llandaff Substation,
unmatched_osm,Hazells Yard Mast Substation,
unmatched_osm,Hazelmere Pontygwindy Substation,
unmatched_osm,Hazelwood St.Mellons Substation,
unmatched_osm,Hbos Substation,
unmatched_osm,Head Office No1 Substation,
unmatched_osm,Head Office No2 Substation,
unmatched_osm,Headlands School Penarth Substation,
unmatched_osm,Health Trust Substation,
unmatched_osm,Heart Of Oak Substation,
unmatched_osm,Heat Treatment Ltd Substation,
unmatched_osm,Heath Close Newport Substation,
unmatched_osm,Heath Cres Substation,
unmatched_osm,Heath Hospital Primary Substation,
unmatched_osm,Heath Mead Substation,
unmatched_osm,Heath Park Ave Heath Substation,
unmatched_osm,Heath Park Lane Substation,
unmatched_osm,Heath Primary Substation,
unmatched_osm,Heath Students Accommodation Substation,
unmatched_osm,Heather Crescent Substation,
unmatched_osm,Heather Road Newport Substation,
unmatched_osm,Heatherslade Drive Pennard Substation,
unmatched_osm,Heatherton Leisure Park Substation,
unmatched_osm,Heathfield Swansea Substation,
unmatched_osm,Heathgate Gardens Substation,
unmatched_osm,Heathwood Rd Flts Heath Substation,
unmatched_osm,Hebron Chapel Clydach Substation,
unmatched_osm,Hebron Hall Substation,
unmatched_osm,Helios Drive Substation,
unmatched_osm,Hemmingway Rd No1 Substation,
unmatched_osm,Hemmingway Rd No2 Substation,
unmatched_osm,Hemmingway Rd No3 Substation,
unmatched_osm,Henbury Hill Master Substation,
unmatched_osm,Hendai Solar Farm Substation,
unmatched_osm,Henderson Road Brynmawr Substation,
unmatched_osm,Hendre Fawr Solar Farm,
unmatched_osm,Hendre Housing Site Substation,
unmatched_osm,Hendre Hsg Site No1 Substation,
unmatched_osm,Hendre Rd Llangennech Substation,
unmatched_osm,Hendredenny Drive Substation,
unmatched_osm,Hendredenny Hall Substation,
unmatched_osm,Hendrefadog Tylorstown Substation,
unmatched_osm,Hendrefoilan Ave Substation,
unmatched_osm,Hendrefoilan Housing Site Substation,
unmatched_osm,Hendrefoilan Rd Substation,
unmatched_osm,Hendrefoilan Students Substation,
unmatched_osm,Hendrefoilan Village Substation,
unmatched_osm,Hendreforgan Substation,
unmatched_osm,Hendrefydd Water Pump Station Substation,
unmatched_osm,Hendy Close Derwen Fawr Substation,
unmatched_osm,Hendy Industrial Estate Substation,
unmatched_osm,Hendy Local Substation,
unmatched_osm,Hendy Primary Substation,
unmatched_osm,Hendy Substation,
unmatched_osm,Hengoed Hall Substation,
unmatched_osm,Hengoed Primary School Substation,
unmatched_osm,Hengoed Rd Penpedairheol Substation,
unmatched_osm,Henllys Way Substation,
unmatched_osm,Henry Richard St Substation,
unmatched_osm,Henry St Bargoed Substation,
unmatched_osm,Hensol Castle Substation,
unmatched_osm,Henyfordd Substation,
unmatched_osm,Heol Aneurin Substation,
unmatched_osm,Heol Aur Substation,
unmatched_osm,Heol Bancyroffis Substation,
unmatched_osm,Heol Bon Y Maen Merthyr Substation,
unmatched_osm,Heol Booker Whitchurch Substation,
unmatched_osm,Heol Briwnant South Llanishen Substation,
unmatched_osm,Heol Bryn Gwyn Penywaun Substation,
unmatched_osm,Heol Bryn Selv Merthyr Substation,
unmatched_osm,Heol Cadifor Substation,
unmatched_osm,Heol Cae Glas Substation,
unmatched_osm,Heol Cefni Morriston Substation,
unmatched_osm,Heol Coroniad Beddau Substation,
unmatched_osm,Heol Cropin Substation,
unmatched_osm,Heol Crwys Substation,
unmatched_osm,Heol Cynllan Substation,
unmatched_osm,Heol Daniel Substation,
unmatched_osm,Heol Ddu Birchgrove Substation,
unmatched_osm,Heol Derlwyn Substation,
unmatched_osm,Heol Derwen Substation,
unmatched_osm,Heol Dewi Llandybie Substation,
unmatched_osm,Heol Dewi Sant Substation,
unmatched_osm,Heol Dewi St Davids Substation,
unmatched_osm,Heol Don Whitchurch Substation,
unmatched_osm,Heol Dyfed Beddau Substation,
unmatched_osm,Heol Dyfed Substation,
unmatched_osm,Heol Ebwy Ely Substation,
unmatched_osm,Heol Emrys Substation,
unmatched_osm,Heol Fach Bargoed Substation,
unmatched_osm,Heol Fach Substation,
unmatched_osm,Heol Fawr Nelson Substation,
unmatched_osm,Heol Foster Substation,
unmatched_osm,Heol Frank Substation,
unmatched_osm,Heol Gabriel Whitchurch Substation,
unmatched_osm,Heol Gam School Substation,
unmatched_osm,Heol Gam Substation,
unmatched_osm,Heol Gerrig Local Substation,
unmatched_osm,Heol Godfrey Brynamman Substation,
unmatched_osm,Heol Graigwen Substation,
unmatched_osm,Heol Gwernen Morriston Substation,
unmatched_osm,Heol Gwrang Fryn Substation,
unmatched_osm,Heol Heddwch Substation,
unmatched_osm,Heol Hendre Flats Rhiwbina Substation,
unmatched_osm,Heol Hendre Rhiwbina Substation,
unmatched_osm,Heol Hensol Beddau Substation,
unmatched_osm,Heol Hir East Thornhill Substation,
unmatched_osm,Heol Hir Secondary Modern School Llanish Substation,
unmatched_osm,Heol Iestyn Whitchurch Substation,
unmatched_osm,Heol Ifor Whitchurch Substation,
unmatched_osm,Heol Isaf Hsg Estate Radyr Substation,
unmatched_osm,Heol Iscoed Rhiwbina Substation,
unmatched_osm,Heol Jiwbilli Substation,
unmatched_osm,Heol Johnson Substation,
unmatched_osm,Heol Keir Hardie Substation,
unmatched_osm,Heol Las Ammanford Substation,
unmatched_osm,Heol Las Birchgrove Substation,
unmatched_osm,Heol Las Rd Llantrisant Substation,
unmatched_osm,Heol Lewis Llanishen Substation,
unmatched_osm,Heol Llan Substation,
unmatched_osm,Heol Llanishen Fach Flats Rhiwbina Substation,
unmatched_osm,Heol Llanishen Fach Llanishen Substation,
unmatched_osm,Heol Llansantffraid Substation,
unmatched_osm,Heol Llethrid Substation,
unmatched_osm,Heol Llinos Substation,
unmatched_osm,Heol Llwyn Bedw Substation,
unmatched_osm,Heol Madoc New Inn Substation,
unmatched_osm,Heol Maes Eglwys Morriston Substation,
unmatched_osm,Heol Maes Yr Haf Substation,
unmatched_osm,Heol Miskin Pontyclun Substation,
unmatched_osm,Heol Mostyn Substation,
unmatched_osm,Heol Muston Ely Substation,
unmatched_osm,Heol Nant Bran Birchgrove Substation,
unmatched_osm,Heol Nant Castan North Llanishen Substation,
unmatched_osm,Heol Nant Castan South Rhiwbina Substation,
unmatched_osm,Heol Nant Felinfoel Substation,
unmatched_osm,Heol Nant Glandulas Substation,
unmatched_osm,Heol Pant Yr Rhyn Substation,
unmatched_osm,Heol Pantyderi Substation,
unmatched_osm,Heol Parc Mawr Substation,
unmatched_osm,Heol Rolway Dinas Powis Substation,
unmatched_osm,Heol Scwrfa Merthyr Substation,
unmatched_osm,Heol Seward Beddau Substation,
unmatched_osm,Heol Stanllyd Substation,
unmatched_osm,Heol Tai Mawr Substation,
unmatched_osm,Heol Trelai Prim Sch Ely Substation,
unmatched_osm,Heol Trelai Substation,
unmatched_osm,Heol Ty Gwyn Ind Est Substation,
unmatched_osm,Heol Ty Gwyn Substation,
unmatched_osm,Heol Tynton Substation,
unmatched_osm,Heol Uchaf Rhiwbina Substation,
unmatched_osm,Heol Valentine Substation,
unmatched_osm,Heol Venallt Cwmgwrach Substation,
unmatched_osm,Heol Waun Waelod Substation,
unmatched_osm,Heol Waunynant Mg Substation,
unmatched_osm,Heol Waunynant Whitchurch Substation,
unmatched_osm,Heol Y Mynydd Bryn Idno Substation,
unmatched_osm,Heol Y Mynydd Gilfach Substation,
unmatched_osm,Heol Y Parc Substation,
unmatched_osm,Heol Y Wern Rhiwbina Substation,
unmatched_osm,Heol Ynys Substation,
unmatched_osm,Heol Yr Ysgol Substation,
unmatched_osm,Heol-Y-Coed Rhiwbina Substation,
unmatched_osm,Heol-Y-Deri Rhiwbina Substation,
unmatched_osm,Heol-Y-Felin Rhiwbina Substation,
unmatched_osm,Heol-Y-Nant Rhiwbina Substation,
unmatched_osm,Heolddu Bargoed Substation,
unmatched_osm,Heolgerrig Health Centre Substation,
unmatched_osm,Heolgerrig School Substation,
unmatched_osm,Heolybardd Substation,
unmatched_osm,Heolycae Substation,
unmatched_osm,Heolydail Substation,
unmatched_osm,Heolyderi North Substation,
unmatched_osm,Heolyfelin Substation,
unmatched_osm,Heolygeifr No1 Substation,
unmatched_osm,Heolygelli Penllergaer Substation,
unmatched_osm,Heolygerddi Substation,
unmatched_osm,Heolygroes Substation,
unmatched_osm,Heolyllwyni Substation,
unmatched_osm,Heolywaun Whitchurch Substation,
unmatched_osm,Herbert Ave Substation,
unmatched_osm,Herbert Rd Newport Substation,
unmatched_osm,Herbert St Barry Substation,
unmatched_osm,Herbert St Treherbert Substation,
unmatched_osm,Herbert Street Kiosk Substation,
unmatched_osm,Herbert Street Substation,
unmatched_osm,Herberts Field Crumlin Substation,
unmatched_osm,Herbrandston Village Substation,
unmatched_osm,Hereford Road Abergavenny Substation,
unmatched_osm,Hereford St Grangetown Substation,
unmatched_osm,Heritage Park Hotel Substation,
unmatched_osm,Heritage Park Substation,
unmatched_osm,Hermione Substation,
unmatched_osm,Hermon Chapel Substation,
unmatched_osm,Hermon St Treorchy Substation,
unmatched_osm,Hernston Park Substation,
unmatched_osm,Heron Drive Substation,
unmatched_osm,Hewish Solar Farm Substation,
unmatched_osm,Hewish Substation,
unmatched_osm,Heywood Lane Tenby Substation,
unmatched_osm,Hick St Substation,
unmatched_osm,Hickman Road Penarth Substation,
unmatched_osm,Hickman Street Merthyr Substation,
unmatched_osm,High Cross Lane Substation,
unmatched_osm,High School Newport Rd Substation,
unmatched_osm,High St Abertridwr Substation,
unmatched_osm,High St Estate No1 Substation,
unmatched_osm,High St Estate No2 Substation,
unmatched_osm,High St Glynneath Substation,
unmatched_osm,High St Maesteg Substation,
unmatched_osm,High St Newbridge Substation,
unmatched_osm,High St Pontardulais Substation,
unmatched_osm,High St Pontypridd Substation,
unmatched_osm,High St Station Substation,
unmatched_osm,High St Tonyrefail Substation,
unmatched_osm,High Street Aberdare Substation,
unmatched_osm,High Street Substation,
unmatched_osm,High Street Swansea Substation,
unmatched_osm,High Street Trelewis Substation,
unmatched_osm,High Trees Blackwood Substation,
unmatched_osm,High Trees Trefechan Substation,
unmatched_osm,High View Substation,
unmatched_osm,Highbridge Close Sully Substation,
unmatched_osm,Highbury Road Substation,
unmatched_osm,Higher Lane Substation,
unmatched_osm,Highfield Dukestown Substation,
unmatched_osm,Highfield Estat Pontllanfraith Substation,
unmatched_osm,Highfield Ground Ferndale Substation,
unmatched_osm,Highfield Industrial Estate Substation,
unmatched_osm,Highfield Pumping Station Substation,
unmatched_osm,Highfield Road Frmu Substation,
unmatched_osm,Highfield Substation,
unmatched_osm,Highfield Terrace Llanelli Substation,
unmatched_osm,Highfields Heath Substation,
unmatched_osm,Highfields Idno St Edeyrns Substation,
unmatched_osm,Highfields Pencoedtre Substation,
unmatched_osm,Highland Brickworks Leckwith Substation,
unmatched_osm,Highland Place Substation,
unmatched_osm,Highland Spring Penycae Substation,
unmatched_osm,Highlands Ave Substation,
unmatched_osm,Highlands Beddau Substation,
unmatched_osm,Highlands Skewen Substation,
unmatched_osm,Highlands Tce Substation,
unmatched_osm,Highlight Lane No 3 Substation,
unmatched_osm,Highlight Lane No1 Substation,
unmatched_osm,Highlight Lane No2 Substation,
unmatched_osm,Highmead Ave Substation,
unmatched_osm,Highmead Local Substation,
unmatched_osm,Highmead Pentre-Poeth Substation,
unmatched_osm,Highmead Primary Substation,
unmatched_osm,Highridge Common Master Substation,
unmatched_osm,Highvale Factory Substation,
unmatched_osm,Highwalls Dinas Powis Substation,
unmatched_osm,Hill Croft Johnston Substation,
unmatched_osm,Hill House Carmarthen Substation,
unmatched_osm,Hill House Farm Turbine Substation,
unmatched_osm,Hill Housing Substation,
unmatched_osm,Hill Lane Kilgetty Substation,
unmatched_osm,Hill Park Narberth Substation,
unmatched_osm,Hill Pentlepoir Substation,
unmatched_osm,Hill Rd Skewen Substation,
unmatched_osm,Hill Rise Substation,
unmatched_osm,Hill Road Abertysswg Substation,
unmatched_osm,Hill Solar Farm Substation,
unmatched_osm,Hill St Carnetown Substation,
unmatched_osm,Hill St Flats Substation,
unmatched_osm,Hill St Rhymney Substation,
unmatched_osm,Hill View Farm Substation,
unmatched_osm,Hill View Golden Hill Substation,
unmatched_osm,Hill View Kiosk Maesycwmer Substation,
unmatched_osm,Hill View Tce Substation,
unmatched_osm,Hillandale Substation,
unmatched_osm,Hillcrest Abergavenny Substation,
unmatched_osm,Hillcrest Aberkenfig Substation,
unmatched_osm,Hillcrest Estate Brynna Substation,
unmatched_osm,Hillcrest Ystradgynlais Substation,
unmatched_osm,Hills Industries Substation,
unmatched_osm,Hills Quarry Substation,
unmatched_osm,Hillside Estate Substation,
unmatched_osm,Hillside Flats Penylan Substation,
unmatched_osm,Hillside Wattstown Substation,
unmatched_osm,Hilltop Cwmbran Substation,
unmatched_osm,Hilltop Ebbw Vale Substation,
unmatched_osm,Hilltop Pencoedcae Substation,
unmatched_osm,Hillview Substation,
unmatched_osm,Hilton Tce Bedlinog Substation,
unmatched_osm,Hippo Campo Substation,
unmatched_osm,Hiraethog Rd Substation,
unmatched_osm,Hirwaun Grid Substation,
unmatched_osm,Hirwaun STOR Generation Substation,
unmatched_osm,Hirwaun Treatment Works Substation,
unmatched_osm,Hirwaun Village Substation,
unmatched_osm,His Ltd Substation,
unmatched_osm,Hms Cambria Hayes Lane Industrial Estate Sully Substation,
unmatched_osm,Hodges Row Substation,
unmatched_osm,Hodgsons Rd Substation,
unmatched_osm,Hofa Engineering Substation,
unmatched_osm,Hoffman Engineering Substation,
unmatched_osm,Holiday Centre Nolton Substation,
unmatched_osm,Holiday Inn Cardiff Substation,
unmatched_osm,Holiday Inn Longuiel Close Substation,
unmatched_osm,Holiday Inn Newport Substation,
unmatched_osm,Holiday Inn Swansea Substation,
unmatched_osm,Holland House Substation,
unmatched_osm,Holland Street Substation,
unmatched_osm,Hollow Road Substation,
unmatched_osm,Holloway Penally Substation,
unmatched_osm,Holly Bush Cwmbran Substation,
unmatched_osm,Holly House Lane Substation,
unmatched_osm,Holly Pengam Substation,
unmatched_osm,Holly St Pontardawe Substation,
unmatched_osm,Holly St Substation,
unmatched_osm,Holly Substation,
unmatched_osm,Holly Way Merthyr Substation,
unmatched_osm,Hollybush Chapel Substation,
unmatched_osm,Hollybush Housing Site Church Village Substation,
unmatched_osm,Hollybush Newport Substation,
unmatched_osm,Hollybush Substation,
unmatched_osm,Hollybush Whitchurch Substation,
unmatched_osm,Hollywell Rd Substation,
unmatched_osm,Holmesdale Place Local Tx Substation,
unmatched_osm,Holmesdale St Grangetown Substation,
unmatched_osm,Holton Reach Substation,
unmatched_osm,Home Bargains I.D.N.O Site Substation,
unmatched_osm,Home Farm Caerleon Substation,
unmatched_osm,Home Farm Estate Substation,
unmatched_osm,Home Farm Singleton Substation,
unmatched_osm,Homebase Substation,
unmatched_osm,Homefield Road Substation,
unmatched_osm,Homfray St Substation,
unmatched_osm,Honeyborough Industrial Estate Substation,
unmatched_osm,Honeysuckle Close Substation,
unmatched_osm,Honeysuckle Grove Fairwater Substation,
unmatched_osm,Hong Kong Lane Merthyr Substation,
unmatched_osm,Honiton Road Llanrumney Substation,
unmatched_osm,Hood Road Substation,
unmatched_osm,Hope St Blaina Substation,
unmatched_osm,Hopkinstown Substation,
unmatched_osm,Hoplass Solar Farm Pv Gen,
unmatched_osm,Horeb Chapel Substation,
unmatched_osm,Horeb St Treorchy Substation,
unmatched_osm,Horeb Terrace Substation,
unmatched_osm,Horlicks Substation,
unmatched_osm,Horse And Jockey Steynton Substation,
unmatched_osm,Horsefair Rd Substation,
unmatched_osm,Hot Mill School Substation,
unmatched_osm,Hotel Rhydycar Substation,
unmatched_osm,Houghton Greenhouses 245 No Load Volts Substation,
unmatched_osm,Houlson St Substation,
unmatched_osm,Housing Parc Court Substation,
unmatched_osm,Howard Gardens Substation,
unmatched_osm,Howard St Substation,
unmatched_osm,Howard Terrace Substation,
unmatched_osm,Howardian Close Substation,
unmatched_osm,Howarth Close Milford Haven Substation,
unmatched_osm,Howe Circle Newport Substation,
unmatched_osm,Howell St Substation,
unmatched_osm,Howells School Llandaff Substation,
unmatched_osm,Howy Road Beaufort Substation,
unmatched_osm,Hsdu Llanfrechfa Substation,
unmatched_osm,Hubberston Residential Substation,
unmatched_osm,Hughes Morgan Port Tennant Substation,
unmatched_osm,Huish Quarry Substation,
unmatched_osm,Humphrey St Substation,
unmatched_osm,Hundleton Rmu Substation,
unmatched_osm,Hunters Green Thornhill Substation,
unmatched_osm,Hunters Park New Hedges Substation,
unmatched_osm,Hunters Ridge Substation,
unmatched_osm,Hunters Ridge Tonna Substation,
unmatched_osm,Hurst House Substation,
unmatched_osm,Hutchwns Close Substation,
unmatched_osm,Hutton Caravan Park Substation,
unmatched_osm,Hutton Moor Leisure Centre Substation,
unmatched_osm,Hutton Moor Road Substation,
unmatched_osm,Hymac Substation,
unmatched_osm,Hypermarket Rogerstone Substation,
unmatched_osm,I G Doors Substation,
unmatched_osm,I Q E Celtic Way Substation,
unmatched_osm,ILCHESTER CRESCENT,
unmatched_osm,ILS Substation,
unmatched_osm,IMPERIAL TOBACCO,
unmatched_osm,IO CABOT PARK,
unmatched_osm,IRONCHURCH ROAD,
unmatched_osm,Ibis Pontprennau Substation,
unmatched_osm,Ice Factory Llanelli Substation,
unmatched_osm,Iceland Substation,
unmatched_osm,Ideal Homes Birchgrove Substation,
unmatched_osm,Ideal Homes Creigiau Substation,
unmatched_osm,Iestyn Close Dinas Powis Substation,
unmatched_osm,Ig Engineering Substation,
unmatched_osm,Ikea Substation,
unmatched_osm,Ilex Drive No 1 Llanishen Substation,
unmatched_osm,Ilex Drive No2 Llanishen Substation,
unmatched_osm,Ilminster St Barry Substation,
unmatched_osm,Imogen Place Substation,
unmatched_osm,Imperial Corner Milford Haven Substation,
unmatched_osm,Imperial Gate Substation,
unmatched_osm,Imperial House Substation,
unmatched_osm,Ina Bearings Bynea Substation,
unmatched_osm,Incline Row Substation,
unmatched_osm,Inco Europe South Substation,
unmatched_osm,Indoor Athletic Stadium Substation,
unmatched_osm,Industrial Park Aberaman Substation,
unmatched_osm,Infants School Pendergast Substation,
unmatched_osm,Inland Revenue Sws Board Llanishen Substation,
unmatched_osm,Inmos Coldra No1 Substation,
unmatched_osm,Inmos Coldra No2 Substation,
unmatched_osm,Inn On The River Substation,
unmatched_osm,Innovation Centre Ebbw Vale Substation,
unmatched_osm,Innovation Centre Substation,
unmatched_osm,Insole Est Fairwater Substation,
unmatched_osm,Insole Grove West Fairwater Substation,
unmatched_osm,Institute Princetown Substation,
unmatched_osm,Institute Street Maerdy Substation,
unmatched_osm,Institutional Quarter Substation,
unmatched_osm,Instow Place Llanrumney Substation,
unmatched_osm,Instow Substation,
unmatched_osm,Integra Felinfach Substation,
unmatched_osm,Interchange Temp Substation,
unmatched_osm,International Bridgend Substation,
unmatched_osm,International Greetings Substation,
unmatched_osm,International Rectifier Substation,
unmatched_osm,Invacare Substation,
unmatched_osm,Ipswich Rd Retail Substation,
unmatched_osm,Ironbridge Primary Substation,
unmatched_osm,Irwin Substation,
unmatched_osm,Isaacs Place Substation,
unmatched_osm,Isca Rd Substation,
unmatched_osm,Ise International Substation,
unmatched_osm,Isis Dumballs Rd Substation,
unmatched_osm,Isis No2 Dumballs Rd Substation,
unmatched_osm,Island Place Substation,
unmatched_osm,Island Rd No1 Substation,
unmatched_osm,Island Rd No2 Substation,
unmatched_osm,Islawen Meadows Substation,
unmatched_osm,Islwyn Road Substation,
unmatched_osm,Islwyn West School Substation,
unmatched_osm,Ita St Hilary No 2 Substation,
unmatched_osm,Ita St Hilary No1 Substation,
unmatched_osm,Ivor Jones Court Llanedeyrn Substation,
unmatched_osm,Ivor St Substation,
unmatched_osm,Ivydene Close Substation,
unmatched_osm,Iwood Lane 33kV Solar Park,
unmatched_osm,J J Castings Substation,
unmatched_osm,J17 Highwood Lane,
unmatched_osm,JLP PACKGATE ROAD HVM,
unmatched_osm,Jacks Wharf Substation,
unmatched_osm,Jackson Court Substation,
unmatched_osm,Jackson Rd Ely Substation,
unmatched_osm,Jacobs Well Master Substation,
unmatched_osm,Jamaica Road Substation,
unmatched_osm,James Howell Substation,
unmatched_osm,James Smith Rhymney Substation,
unmatched_osm,James St Blaenavon Substation,
unmatched_osm,James St Merthyr Substation,
unmatched_osm,James St Newport Substation,
unmatched_osm,James St Ynyscedwyn Substation,
unmatched_osm,Jasmine Close Substation,
unmatched_osm,Jasmine Way Substation,
unmatched_osm,Jefferson Chemicals Substation,
unmatched_osm,Jeffrey Street. Newport. Substation,
unmatched_osm,Jellicoe Close Newport Substation,
unmatched_osm,Jenkin St Abercynon Substation,
unmatched_osm,Jenkins Paper Townhill Substation,
unmatched_osm,Jenkins Row Deri Substation,
unmatched_osm,Jenner Rd Barry Substation,
unmatched_osm,Jeremy Substation,
unmatched_osm,Jersey Beach Substation,
unmatched_osm,Jersey Marine Field Hospital No1 Substation,
unmatched_osm,Jersey Marine Field Hospital No2 Substation,
unmatched_osm,Jersey Marine Local Rmu Substation,
unmatched_osm,Jersey Marine Primary Substation,
unmatched_osm,Jerusalem Chapel Substation,
unmatched_osm,Jerusalem Lane New Inn Substation,
unmatched_osm,Jesus College PV Gen,
unmatched_osm,Jet Petrol Roath Dock Substation,
unmatched_osm,Jjb Sports Newport Substation,
unmatched_osm,Jjb Sports Substation,
unmatched_osm,Jobs Well Estate Substation,
unmatched_osm,Jockey Street Substation,
unmatched_osm,John Baker Close Substation,
unmatched_osm,John Bull Close Newport Substation,
unmatched_osm,John Lewis St Substation,
unmatched_osm,John St Bargoed Substation,
unmatched_osm,John St Ogmore Vale Substation,
unmatched_osm,John St Porthcawl Substation,
unmatched_osm,John St S/S Carmarthen Substation,
unmatched_osm,John St Substation,
unmatched_osm,John Street Cockett Substation,
unmatched_osm,John Street Substation,
unmatched_osm,John Williams East Moors Road Substation,
unmatched_osm,Johnson And Johnson Substation,
unmatched_osm,Johnston C P School Substation,
unmatched_osm,Johnstown Ind Est Substation,
unmatched_osm,Johnstown Sewerage Substation,
unmatched_osm,Joiners Arms Llanelli Substation,
unmatched_osm,Joint Students Union Substation,
unmatched_osm,Jones St Substation,
unmatched_osm,Jordanston Farm PV Gen Substation,
unmatched_osm,Joshua Substation,
unmatched_osm,Jpm Automatics Substation,
unmatched_osm,Jr George Talbot Green Substation,
unmatched_osm,Jubilee Park School Substation,
unmatched_osm,Jubilee Park Substation,
unmatched_osm,Jubilee Path Substation,
unmatched_osm,Jubilee Road New Tredegar Substation,
unmatched_osm,Jubilee St Grangetown Substation,
unmatched_osm,Julian Hodge Bank Substation,
unmatched_osm,Julian Tce Substation,
unmatched_osm,Junction 47 Car Chargers Substation,
unmatched_osm,Junior Housing Site Substation,
unmatched_osm,Just Rubber Substation,
unmatched_osm,K F C Cwmgwrach Substation,
unmatched_osm,KESTREL COURT,
unmatched_osm,KINGFISHER ROAD PORTISHEAD,
unmatched_osm,KINGS HEAD LANE OD,
unmatched_osm,KINGS WALK OD,
unmatched_osm,KINGSHILL RD,
unmatched_osm,KINGSMEAD,
unmatched_osm,KINGSWESTON AVENUE K,
unmatched_osm,KINGSWESTON LANE FLATS POCKET,
unmatched_osm,KINGSWESTON LANE K,
unmatched_osm,KIRKBY RD OD,
unmatched_osm,KRUGER TISSUE PORTBURY,
unmatched_osm,Kadie Substation,
unmatched_osm,Kames Place Substation,
unmatched_osm,Kardov Buildings Substation,
unmatched_osm,Kawneer Substation,
unmatched_osm,Kears Bakery Substation,
unmatched_osm,Keble Court Trethomas Substation,
unmatched_osm,Keir Hardy Row Substation,
unmatched_osm,Kelston Rd Whitchurch Substation,
unmatched_osm,Kelston Road Substation,
unmatched_osm,Kelvedon St Substation,
unmatched_osm,Kemys Fawr Sebastopol Substation,
unmatched_osm,Kemys Place Gabalfa Substation,
unmatched_osm,Kenfig Advance Factory No1 Substation,
unmatched_osm,Kenfig Burrows Substation,
unmatched_osm,Kenfig Creamery Substation,
unmatched_osm,Kenfig Estate Pump.Sta Substation,
unmatched_osm,Kenfig Hill Substation,
unmatched_osm,Kenfig Homes Substation,
unmatched_osm,Kenfig Industrial Estate Substation,
unmatched_osm,Kennelwood Substation,
unmatched_osm,Kennerleigh Rd Rumney Substation,
unmatched_osm,Kensington Gardens Substation,
unmatched_osm,Kensington Road Substation,
unmatched_osm,Kent Avenue Substation,
unmatched_osm,Kent Close Substation,
unmatched_osm,Kent Green Frmu Substation,
unmatched_osm,Kent Rd Substation,
unmatched_osm,Kenyon Substation,
unmatched_osm,Kernicks Cathays Substation,
unmatched_osm,Kew Gardens Substation,
unmatched_osm,Kewstoke Kiosk Substation,
unmatched_osm,Keynsham Rd Whitchurch Substation,
unmatched_osm,Keystone Rd Waterhall Substation,
unmatched_osm,Kfc Morriston Substation,
unmatched_osm,Kfc Nantgarw Substation,
unmatched_osm,Kfc Restaurant Spytty Substation,
unmatched_osm,Kidwelly Central Substation,
unmatched_osm,Kidwelly Primary Substation,
unmatched_osm,Kidwelly Rd Substation,
unmatched_osm,Kier Hardie Drive S/S Substation,
unmatched_osm,Killan Fach Pv Substation,
unmatched_osm,Killay H'Sing Substation,
unmatched_osm,Killay Pumping Station Substation,
unmatched_osm,Killay Substation,
unmatched_osm,Killfield Housing Substation,
unmatched_osm,Kiln Park Caravan Park Tenby Substation,
unmatched_osm,Kiln Street Aberaman Substation,
unmatched_osm,Kilvey Hill Tv Station Substation,
unmatched_osm,Kimberley Terr Tredegar Substation,
unmatched_osm,Kimberly Road Roath Substation,
unmatched_osm,King Edward Ave Caerphilly Substation,
unmatched_osm,King Edward Rd Brynmawr Substation,
unmatched_osm,King Edward St Substation,
unmatched_osm,King Edward Vii Avenue Substation,
unmatched_osm,King Edwards Rd Substation,
unmatched_osm,King George V Drive East Heath Substation,
unmatched_osm,King Modwin Substation,
unmatched_osm,King St Abertridwr Substation,
unmatched_osm,King St Brynmawr Substation,
unmatched_osm,King St Cwm Substation,
unmatched_osm,King St Treforest Substation,
unmatched_osm,King Street Pembroke Dock Substation,
unmatched_osm,King Street S/S Carmarthen Substation,
unmatched_osm,Kingcraft St ( Mountain Ash ) Substation,
unmatched_osm,Kingfisher Road Substation,
unmatched_osm,Kingrosia Park Clydach Substation,
unmatched_osm,Kings Dock North East Substation,
unmatched_osm,Kings Head Rd Substation,
unmatched_osm,Kings Head Ystrad Substation,
unmatched_osm,Kings Hotel Substation,
unmatched_osm,Kings Rd South Canton Substation,
unmatched_osm,Kings Road Pontcanna Substation,
unmatched_osm,Kings Road Sa1 Substation,
unmatched_osm,Kings Square Barry Substation,
unmatched_osm,Kings Street Swansea Substation,
unmatched_osm,Kings Tce Substation,
unmatched_osm,Kings Wharf Substation,
unmatched_osm,Kingsbridge Pembroke Substation,
unmatched_osm,Kingsbridge Switching Station,
unmatched_osm,Kingsland Rd Whitchurch Substation,
unmatched_osm,Kingsmead Substation,
unmatched_osm,Kingsway No1 Substation,
unmatched_osm,Kingsway Offices Substation,
unmatched_osm,Kingsway Students Substation,
unmatched_osm,Kingsway Substation,
unmatched_osm,Kingswear Substation,
unmatched_osm,Kingsweston Lane Commercial Substation,
unmatched_osm,Kingsweston Substation,
unmatched_osm,Kingsweston lane Asda Substation,
unmatched_osm,Kingswood Pill Substation,
unmatched_osm,Kingway No2 Substation,
unmatched_osm,Kipling Gardens Substation,
unmatched_osm,Kirk Tubes Talbot Green Substation,
unmatched_osm,Kirkhouse St Graig Pontypridd Substation,
unmatched_osm,Kirkland Arms Substation,
unmatched_osm,Kitcheners Terr Cwm Substation,
unmatched_osm,Kittiwake Close Substation,
unmatched_osm,Kittle Hill Poultry Farm Substation,
unmatched_osm,Kittle Lane Substation,
unmatched_osm,Klockner Oakdale Substation,
unmatched_osm,Knab Rock Substation,
unmatched_osm,Knights Plastics Substation,
unmatched_osm,Knightstone Building Substation,
unmatched_osm,Knightstone Island Substation,
unmatched_osm,Knowling Mead Substation,
unmatched_osm,Knox Rd Substation,
unmatched_osm,Knox Street Substation,
unmatched_osm,Kv Rollers Substation,
unmatched_osm,Kwik Save Aberaman Substation,
unmatched_osm,Kwik Save Substation,
unmatched_osm,Kwik Save Talbot Green Substation,
unmatched_osm,Kwiksave Cwmdu Substation,
unmatched_osm,Kwiksave Taibach Substation,
unmatched_osm,Kymin Pumping.Sta Substation,
unmatched_osm,Kysor Europe Substation,
unmatched_osm,LAMBOURNE WAY,
unmatched_osm,LANGLEY CRES K,
unmatched_osm,LAWRENCE WESTON SCHL,
unmatched_osm,LEA CROFT P,
unmatched_osm,LEESIDE,
unmatched_osm,LEISURE CENTRE,
unmatched_osm,LEO SUPERSTORE CATER ROAD OD,
unmatched_osm,LEOS WYNDHAM WAY,
unmatched_osm,LIBERTY INDUSTRIAL PARK,
unmatched_osm,LIGHT RAILWAY KIOSK,
unmatched_osm,LINEMERE,
unmatched_osm,LION CLOSE,
unmatched_osm,LITTLE CROSS HOUSE,
unmatched_osm,LITTLE HEADLY CLOSE OD,
unmatched_osm,LLANGROVE SCH.,
unmatched_osm,LOCK GARDENS P,
unmatched_osm,LOCKSIDE,
unmatched_osm,LONG CROSS K,
unmatched_osm,LOWER BURLINGTON ROAD,
unmatched_osm,LUCAS INGREDIENTS,
unmatched_osm,LYE CROSS FARM,
unmatched_osm,Label Image Substation,
unmatched_osm,Laburnam Drive Substation,
unmatched_osm,Laburnum Park Substation,
unmatched_osm,Laburnum Tce Rhydyfelin Substation,
unmatched_osm,Lady Mary Rd Substation,
unmatched_osm,Lady Park Tenby Substation,
unmatched_osm,Lady Windsor Primary Substation,
unmatched_osm,Ladye Wake Substation,
unmatched_osm,Ladyhill Estate Newport Substation,
unmatched_osm,Ladyhill Green Newport Substation,
unmatched_osm,Ladyhill Reservoir Substation,
unmatched_osm,Ladyhill Substation,
unmatched_osm,Lake Rd Brynmawr Substation,
unmatched_osm,Lake Rd North Heath Substation,
unmatched_osm,Lake Road East Flats Lakeside Substation,
unmatched_osm,Lake Road Substation,
unmatched_osm,Lakefield Rd Substation,
unmatched_osm,Lakeside Brynmawr Substation,
unmatched_osm,Lakeside Court Substation,
unmatched_osm,Lakeside Drive Lakeside Substation,
unmatched_osm,Lakeside Flats Barry Substation,
unmatched_osm,Lakeside Substation,
unmatched_osm,Laleston Substation,
unmatched_osm,Lamb & Flag Glynneath Substation,
unmatched_osm,Lambourne House Substation,
unmatched_osm,Lambourne Walk Substation,
unmatched_osm,Lamby Industrial Park Substation,
unmatched_osm,Lamby Recycling Plant Substation,
unmatched_osm,Lamby Solar Farm Substation,
unmatched_osm,Lamby Way Tip Sea Front Substation,
unmatched_osm,Lambyway Generator Substation,
unmatched_osm,Lammas Farm Turbine Substation,
unmatched_osm,Lammas St Substation,
unmatched_osm,Lan Park Rd Pontypridd Substation,
unmatched_osm,Lancaster Drive Substation,
unmatched_osm,Lancaster St Abertillery Substation,
unmatched_osm,Lancoed Substation,
unmatched_osm,Land Registry Lsv Substation,
unmatched_osm,Land Registry Substation,
unmatched_osm,Landeman Circus Substation,
unmatched_osm,Landfill Generator Substation,
unmatched_osm,Landigot Substation,
unmatched_osm,Landmark Place No1 Substation,
unmatched_osm,Landmark Place No2 Substation,
unmatched_osm,Landmark Place No3 Substation,
unmatched_osm,Lando Substation,
unmatched_osm,Landore Court Substation,
unmatched_osm,Landore Diesel Depot Substation,
unmatched_osm,Landore Housing Swansea Substation,
unmatched_osm,Landore Tennis Centre Substation,
unmatched_osm,Landore Training Ground Substation,
unmatched_osm,Landsway Farm Jameston Substation,
unmatched_osm,Lanelay Hall Talbot Green Substation,
unmatched_osm,Lanelay Housing Site Substation,
unmatched_osm,Lanelay Terrace Substation,
unmatched_osm,Langdale Close Penylan Substation,
unmatched_osm,Langdon House Substation,
unmatched_osm,Langdon Rd Ramada Hotel Substation,
unmatched_osm,Langdon Road Pumping Station Substation,
unmatched_osm,Langford Road Substation,
unmatched_osm,Langland Bay Substation,
unmatched_osm,Langland Corner Substation,
unmatched_osm,Langland Court Substation,
unmatched_osm,Langland Tce Substation,
unmatched_osm,Langland Way Substation,
unmatched_osm,Langlands Porth Substation,
unmatched_osm,Langorse Rd Cwmbach Substation,
unmatched_osm,Langstone Park Substation,
unmatched_osm,Langstone School Substation,
unmatched_osm,Langstone Substation,
unmatched_osm,Lansbury Ave Cefn Hengoed Substation,
unmatched_osm,Lansbury Park Underpass Caerphilly Substation,
unmatched_osm,Lansbury Substation,
unmatched_osm,Lansdowne Ave West Ely Substation,
unmatched_osm,Lansdowne Gardens Substation,
unmatched_osm,Lansing Linde Substation,
unmatched_osm,Lanwood Est Pontypridd Substation,
unmatched_osm,Lanwood Reservoir Substation,
unmatched_osm,Larch Close Substation,
unmatched_osm,Larch Grove Newport Substation,
unmatched_osm,Larch Rd Substation,
unmatched_osm,Larigan Power No1 11Kv Sw Stn Substation,
unmatched_osm,Larigan Power No2 11Kv Sw Stn Substation,
unmatched_osm,Last Mile Penllergaer Substation,
unmatched_osm,Latimer Rd Substation,
unmatched_osm,Laugharne Court Substation,
unmatched_osm,Laundry Quarter Substation,
unmatched_osm,Laundry Substation,
unmatched_osm,Laura St Barry Substation,
unmatched_osm,Laurel Court Cribbs Causeway,
unmatched_osm,Laurel Rd Substation,
unmatched_osm,Lava Rassau Ind Est Substation,
unmatched_osm,Lavender Grove Fairwater Substation,
unmatched_osm,Lavernock Holiday Camp Substation,
unmatched_osm,Lavernock Park Substation,
unmatched_osm,Lavernock Rd Penarth Substation,
unmatched_osm,Lawrence Ave Abertillery Substation,
unmatched_osm,Lawrence Hill. Newport. Substation,
unmatched_osm,Lawrence Landfill Wind Turbine Substation,
unmatched_osm,Lawrence Weston Solar Park Substation,
unmatched_osm,Lawrenny Ave Canton Substation,
unmatched_osm,Lcr Stable Lane Tredegar Substation,
unmatched_osm,Lds Police Hq Substation,
unmatched_osm,Lea Close Substation,
unmatched_osm,Leachway Substation,
unmatched_osm,Lead Street Substation,
unmatched_osm,Learning Zone Substation,
unmatched_osm,Leckwith Comp School Substation,
unmatched_osm,Leckwith No. 10,
unmatched_osm,Lecture Theatre Heath Substation,
unmatched_osm,Ledley Engineering Substation,
unmatched_osm,Ledwood Waterloo Industrial Estate Substation,
unmatched_osm,Leekes Car Park Substation,
unmatched_osm,Leekes Substation,
unmatched_osm,Leeway Road Newport Substation,
unmatched_osm,Leewood Rd Substation,
unmatched_osm,Lefray Llanhilleth Substation,
unmatched_osm,Legal & General Substation,
unmatched_osm,Leiros Park Substation,
unmatched_osm,Leisure Centre Abercynon Substation,
unmatched_osm,Leisure Centre Ebbw Vale Substation,
unmatched_osm,Leisure Centre Rhydycar Substation,
unmatched_osm,Leisure Centre Substation,
unmatched_osm,Lel Substation,
unmatched_osm,Leo'S Supermarket Moorland Rd Splott Substation,
unmatched_osm,Leonard St Substation,
unmatched_osm,Leos Haverfordwest Substation,
unmatched_osm,Leos Morfa Substation,
unmatched_osm,Leos Pembroke Dock Substation,
unmatched_osm,Leos Pyle Substation,
unmatched_osm,Leslie Stores Pontypridd Substation,
unmatched_osm,Leta Plant Hire Substation,
unmatched_osm,Letchworth Rd Substation,
unmatched_osm,Letterston Road Llanrumney Substation,
unmatched_osm,Letton Road Substation,
unmatched_osm,Lewis Ave Substation,
unmatched_osm,Lewis Pies Substation,
unmatched_osm,Lewis Place Substation,
unmatched_osm,Lewis Rd Substation,
unmatched_osm,Lewis Rd Switching Station,
unmatched_osm,Lewis Road Crynant Substation,
unmatched_osm,Lewis School Substation,
unmatched_osm,Lewis St Ystrad Mynach Substation,
unmatched_osm,Lewistown Boiler House Substation,
unmatched_osm,Lewistown Substation,
unmatched_osm,Leyshon Street Graig Substation,
unmatched_osm,Lg Monitor Plant Substation,
unmatched_osm,Lg Pump.Sta Substation,
unmatched_osm,Lg Temp Substation,
unmatched_osm,Libanus Church Ebbw Vale Substation,
unmatched_osm,Libanus Road Substation,
unmatched_osm,Libanus School Frmu Substation,
unmatched_osm,Library Abertillery Substation,
unmatched_osm,Library St Canton Substation,
unmatched_osm,Liddlestone Ridge PV Gen,
unmatched_osm,Lidl Distribution West Wick Substation,
unmatched_osm,Lidl Llandaff North Substation,
unmatched_osm,Lidl Sardis Substation,
unmatched_osm,Lidl Tondu Substation,
unmatched_osm,Lidl Warehouse Substation,
unmatched_osm,Lidls Store Substation,
unmatched_osm,Lidmore Rd Barry Substation,
unmatched_osm,Lighthouse Rd Substation,
unmatched_osm,Lilac Close Fairwater Substation,
unmatched_osm,Lilburne Drive Substation,
unmatched_osm,Lilian Grove Beaufort Substation,
unmatched_osm,Lilleshall St Substation,
unmatched_osm,Lime Crescent Newport Substation,
unmatched_osm,Lime Street Gorseinon Primary Substation,
unmatched_osm,Lime Street Local Rmu Substation,
unmatched_osm,Lime Tree Ave Substation,
unmatched_osm,Limekiln Rd Substation,
unmatched_osm,Limestone Rd Nantyglo Substation,
unmatched_osm,Lincoln St Cymmer Substation,
unmatched_osm,Lincolns Court Substation,
unmatched_osm,Linea Buildings Substation,
unmatched_osm,Linkside Drive Substation,
unmatched_osm,Linnet Close Substation,
unmatched_osm,Linpac Substation,
unmatched_osm,Lion Hotel Pembroke Substation,
unmatched_osm,Lion Way Substation,
unmatched_osm,Liptons Substation,
unmatched_osm,Lisle Road Substation,
unmatched_osm,Lisvane School Lisvane Substation,
unmatched_osm,Lisvane Substation,
unmatched_osm,Liswerry High School Substation,
unmatched_osm,Liswerry Newport Substation,
unmatched_osm,Liswerry Pill Pump.Sta No1 Substation,
unmatched_osm,Liswerry Pump.Sta No2 Substation,
unmatched_osm,Litchard Hall Substation,
unmatched_osm,Litchard Meadows Substation,
unmatched_osm,Litchard Park Substation,
unmatched_osm,Litchard Primary Substation,
unmatched_osm,Lithalun Quarry Ewenny Substation,
unmatched_osm,Little Coldbrook Cadoxton Barry Substation,
unmatched_osm,Little Haven Pump.Sta Substation,
unmatched_osm,Little Mill Village Substation,
unmatched_osm,Little Neath Solar Farm,
unmatched_osm,Little Theatre Substation,
unmatched_osm,Littlewoods Carmarthen Substation,
unmatched_osm,Littlewoods Substation,
unmatched_osm,Livale Court Substation,
unmatched_osm,Livestock Market Raglan Substation,
unmatched_osm,Llanarth Court Substation,
unmatched_osm,Llanarth St Substation,
unmatched_osm,Llanbedr Rd Substation,
unmatched_osm,Llanbleddian Gardens Substation,
unmatched_osm,Llanblethian Pump.Sta No1 Substation,
unmatched_osm,Llanblethian Vicarage Substation,
unmatched_osm,Llanbradach Cinema Substation,
unmatched_osm,Llanbradach North Mg Board Substation,
unmatched_osm,Llancadle Solar Farm Substation,
unmatched_osm,Llancaiach Nelson Substation,
unmatched_osm,Llancaich Rd Whitchurch Substation,
unmatched_osm,Llancayo Solar Park Substation,
unmatched_osm,Llancayo St Bargoed Substation,
unmatched_osm,Llanconcrete Tycroes Substation,
unmatched_osm,Llandaff Cathederal Substation,
unmatched_osm,Llandaff Fields Substation,
unmatched_osm,Llandaff Primary School Substation,
unmatched_osm,Llandaff Technical College Substation,
unmatched_osm,Llandarcy Local Substation,
unmatched_osm,Llandarcy Primary Substation,
unmatched_osm,Llandarcy STOR Generation,
unmatched_osm,Llandarcy Tennis Centre Substation,
unmatched_osm,Llandarcy Village Substation,
unmatched_osm,Llanddewi Street Substation,
unmatched_osm,Llanddowror Village Substation,
unmatched_osm,Llandeilo Civic Offices Substation,
unmatched_osm,Llandelio Primary Substation,
unmatched_osm,Llandennis Ave Cyncoed Substation,
unmatched_osm,Llandennis Gardens Rhyd-Y-Pennau Substation,
unmatched_osm,Llandough Church Substation,
unmatched_osm,Llandough Farm Substation,
unmatched_osm,Llandough Hospital Substation,
unmatched_osm,Llandough Primary Substation,
unmatched_osm,Llandough Trading Estate S/S Penarth Roa Substation,
unmatched_osm,Llandow Site'D' Substation,
unmatched_osm,Llandraw Rd Changing Rooms Substation,
unmatched_osm,Llandraw Woods Substation,
unmatched_osm,Llandybie Central Substation,
unmatched_osm,Llandybie Lime Firms Substation,
unmatched_osm,Llandybie Rd Ftsu Substation,
unmatched_osm,Llanedeyrn Central Development Substation,
unmatched_osm,Llanedeyrn Primary School Substation,
unmatched_osm,Llanedeyrn Rd Substation,
unmatched_osm,Llanelec Substation,
unmatched_osm,Llanelli Call Centre Substation,
unmatched_osm,Llanelli Civic Centre Substation,
unmatched_osm,Llanelli Girls Grammar School Substation,
unmatched_osm,Llanelli Mdu Substation,
unmatched_osm,Llanelli Primary Substation,
unmatched_osm,Llanelli Sewage Substation,
unmatched_osm,Llanelli Uv Plant Substation,
unmatched_osm,Llanerch Rd Trinant Substation,
unmatched_osm,Llanfabon Drive Trethomas Substation,
unmatched_osm,Llanfair House West Cross Substation,
unmatched_osm,Llanfair Rd Llandaff Substation,
unmatched_osm,Llanfair Rd Penygraig Substation,
unmatched_osm,Llanfoist Hsg Site Substation,
unmatched_osm,Llanfoist Refuse Plant Substation,
unmatched_osm,Llanfoist Treatment Works Substation,
unmatched_osm,Llanfrechfa Grange Substation,
unmatched_osm,Llanfrechfa Hospital Temp Substation,
unmatched_osm,Llangattock Park Housing Estate Crickhow Substation,
unmatched_osm,Llangattock Rd Fairwater Substation,
unmatched_osm,Llangattock Village Substation,
unmatched_osm,Llangattock Water Booster Substation,
unmatched_osm,Llangatwg School Substation,
unmatched_osm,Llangeinor No2 Substation,
unmatched_osm,Llangeinor Village Hall Substation,
unmatched_osm,Llangennech Saw Mill Substation,
unmatched_osm,Llangennech Substation,
unmatched_osm,Llangewydd Primary Substation,
unmatched_osm,Llangewydd School Substation,
unmatched_osm,Llangibby Village Substation,
unmatched_osm,Llangorse Drive Substation,
unmatched_osm,Llangwm Green Substation,
unmatched_osm,Llangwm School Llangwm Substation,
unmatched_osm,Llangyfelach Booster Pump.Sta Substation,
unmatched_osm,Llangynidr Pump. Sta Substation,
unmatched_osm,Llanharan Concrete Works Substation,
unmatched_osm,Llanharan Road Substation,
unmatched_osm,Llanharan Square Substation,
unmatched_osm,Llanharry Rd Brynsadler Substation,
unmatched_osm,Llanharry School Substation,
unmatched_osm,Llanhilleth Fields Substation,
unmatched_osm,Llanilid Phase 1 Development Idno Substation,
unmatched_osm,Llanilltyd Substation,
unmatched_osm,Llaniltern Idno No1 Substation,
unmatched_osm,Llaniltern Idno No2 Substation,
unmatched_osm,Llanion Barracks Substation,
unmatched_osm,Llanishen Business Park Substation,
unmatched_osm,Llanishen Primary Substation,
unmatched_osm,Llanishen Reservoir Substation,
unmatched_osm,Llanishen Retail Park No1 Substation,
unmatched_osm,Llanishen Retail Park No2 Substation,
unmatched_osm,Llanllienwen Rd Substation,
unmatched_osm,Llanmadoc Substation,
unmatched_osm,Llanmaes Rd Hsg Site Substation,
unmatched_osm,Llanmaes Street Grangetown Substation,
unmatched_osm,Llanmaes Substation,
unmatched_osm,Llanmiloe Estate Pendine Substation,
unmatched_osm,Llanmiloe Institute Substation,
unmatched_osm,Llanmorlais Substation,
unmatched_osm,Llannant Road Gorseinon Substation,
unmatched_osm,Llannerch Llanelli Substation,
unmatched_osm,Llanover Rd Pontypridd Substation,
unmatched_osm,Llanover Road. Blaenavon. Substation,
unmatched_osm,Llanreath Pembroke Dock Substation,
unmatched_osm,Llanrhidian Caravan Park Substation,
unmatched_osm,Llanrhidian Primary Substation,
unmatched_osm,Llanrumney County Primary School Llanrum Substation,
unmatched_osm,Llanrumney Hall Llanrumney Substation,
unmatched_osm,Llanrumney Local Frmu Substation,
unmatched_osm,Llanrumney Shopping Centre Substation,
unmatched_osm,Llansamlet Shopping Centre Substation,
unmatched_osm,Llansamlet Square Substation,
unmatched_osm,Llansannor Court Substation,
unmatched_osm,Llanstephan Rd Rumney Substation,
unmatched_osm,Llanstephan Rd Substation,
unmatched_osm,Llanstephan Sew Pump.Sta Substation,
unmatched_osm,Llantarnam Bengals Substation,
unmatched_osm,Llantarnam Cold Storage Substation,
unmatched_osm,Llantarnam Grid Substation,
unmatched_osm,Llantarnam Park Way Substation,
unmatched_osm,Llantarnam Rd Substation,
unmatched_osm,Llantrisant Court Substation,
unmatched_osm,Llantrisant Hospital Substation,
unmatched_osm,Llantrisant Road Substation,
unmatched_osm,Llantrisant St Maindy Substation,
unmatched_osm,Llantrisant Substation,
unmatched_osm,Llantrissent Pump. Sta No 1 Substation,
unmatched_osm,Llantrissent Pump. Sta No 2 Substation,
unmatched_osm,Llantrissent Village Substation,
unmatched_osm,Llantwit Mains Substation,
unmatched_osm,Llantwit Major No1 Substation,
unmatched_osm,Llantwit Major Pump.Sta Substation,
unmatched_osm,Llantwit Major Road Development Substation,
unmatched_osm,Llantwit Neath Substation,
unmatched_osm,Llanunwas Substation,
unmatched_osm,Llanwern 132Kv Solar Park Substation,
unmatched_osm,Llanwern Bull Substation,
unmatched_osm,Llanyrafon Rmu Substation,
unmatched_osm,Llest Tce Substation,
unmatched_osm,Lletai Ave Substation,
unmatched_osm,Lletecca Substation,
unmatched_osm,Llethrddu Porth Substation,
unmatched_osm,Llethry Rd Substation,
unmatched_osm,Lletty Brongu Pumping Station Substation,
unmatched_osm,Lletty Newydd Substation,
unmatched_osm,Lletty Shenkin Cwmbach Substation,
unmatched_osm,Llety Rhoose Substation,
unmatched_osm,Llewellyn Ave Ely Substation,
unmatched_osm,Llewellyn Ave Neath Substation,
unmatched_osm,Llewellyn St Aberdare Substation,
unmatched_osm,Llewellyn St Barry Substation,
unmatched_osm,Llewellyn St Gilfach Substation,
unmatched_osm,Llewellyn Street Aberavon Substation,
unmatched_osm,Llewellyn Street Substation,
unmatched_osm,Lloyd St Caerau Substation,
unmatched_osm,Lloyd St Newport Substation,
unmatched_osm,Lloyds Bank St Mellons Substation,
unmatched_osm,Lloyds Field Tredegar Substation,
unmatched_osm,Lloyds Tce Penydarren Substation,
unmatched_osm,Lluest Isaf Substation,
unmatched_osm,Llundain Fach Felin Foel Substation,
unmatched_osm,Llwyn Bach Substation,
unmatched_osm,Llwyn Derw Fforestfach Substation,
unmatched_osm,Llwyn Griff Substation,
unmatched_osm,Llwyn Meredith Hsg Site Substation,
unmatched_osm,Llwyn On Hsg Site Substation,
unmatched_osm,Llwyn On Pumping Station Substation,
unmatched_osm,Llwyn On Street Substation,
unmatched_osm,Llwyn On Substation,
unmatched_osm,Llwyn Y Bryn School Swansea Substation,
unmatched_osm,Llwyn Y Pia Road Substation,
unmatched_osm,Llwyn-Y-Grant Terrace Cyncoed Substation,
unmatched_osm,Llwyncelyn Capel Hendre Substation,
unmatched_osm,Llwyncrwn Substation,
unmatched_osm,Llwyneithen Furnace Substation,
unmatched_osm,Llwyngwern Substation,
unmatched_osm,Llwynon Rd Substation,
unmatched_osm,Llwynu Farm Substation,
unmatched_osm,Llwynwilwg North Llanelli Substation,
unmatched_osm,Llwynwilwg South Llanelli Substation,
unmatched_osm,Llwynymor Substation,
unmatched_osm,Llwynypia Pumping Station Llwynypia Substation,
unmatched_osm,Llwynypia Trading Estate Substation,
unmatched_osm,Llygad Yr Haul Neath Abbey Substation,
unmatched_osm,Llynfi Afan Wind Farm Substation,
unmatched_osm,Llynfi Local Rmu No 1 Substation,
unmatched_osm,Llynfi Primary Substation,
unmatched_osm,Llynfi Rd Substation,
unmatched_osm,Llynfi River Substation,
unmatched_osm,Llys Awel Substation,
unmatched_osm,Llys Bryngwyn Substation,
unmatched_osm,Llys Gwyn Substation,
unmatched_osm,Llys Helyg Substation,
unmatched_osm,Llys Meredith Substation,
unmatched_osm,Llys Model Substation,
unmatched_osm,Llys Nini Pv Substation,
unmatched_osm,Llys Pentre Substation,
unmatched_osm,Llys Tal-Y-Bont Maindy Substation,
unmatched_osm,Llys Wern Substation,
unmatched_osm,Llysonnen Rd Substation,
unmatched_osm,Llyswen Rd Cyncoed Substation,
unmatched_osm,Llysworney Village Substation,
unmatched_osm,Llysyfran Dam Substation,
unmatched_osm,Local Centre Substation,
unmatched_osm,Local Frmu St Mellons Substation,
unmatched_osm,Local Tx Chapel Lane Substation,
unmatched_osm,Lock Cottage Ty Mawr Road Substation,
unmatched_osm,Lockgate Park Substation,
unmatched_osm,Locking Castle Ph 3 Substation,
unmatched_osm,Locking Castle Pumping Station Substation,
unmatched_osm,Locking Castle Sewage Pumping Stn Substation,
unmatched_osm,Locking Castle Summer Lane Substation,
unmatched_osm,Locking Drove Kiosk Substation,
unmatched_osm,Locking Road Leisure Centre Substation,
unmatched_osm,Locking Surgery Idno Substation,
unmatched_osm,Locks Common Substation,
unmatched_osm,Locks Lane Substation,
unmatched_osm,Locks Rd Substation,
unmatched_osm,Lodge Close Substation,
unmatched_osm,Lodge Drive (6) Substation,
unmatched_osm,Lodge Farm Caerleon Substation,
unmatched_osm,Lodge Farm Wind Turbine Substation,
unmatched_osm,Lodge Hill Substation,
unmatched_osm,Lodge Rd Substation,
unmatched_osm,Lodge Wood Substation,
unmatched_osm,Loftus Garden Village Substation,
unmatched_osm,Loftus Terrace Pontyclun Substation,
unmatched_osm,Logica Substation,
unmatched_osm,Logica Waterton Substation,
unmatched_osm,Logistics Warehouse Substation,
unmatched_osm,Lombard St Barry Substation,
unmatched_osm,Lomond Cres Cyncoed Substation,
unmatched_osm,Lon Cae Porth Llanishen Substation,
unmatched_osm,Lon Enfys Trallwn Substation,
unmatched_osm,Lon Hafren Housing Site St Clears Substation,
unmatched_osm,Lon Hafren Morriston Substation,
unmatched_osm,Lon Hir Carmarthen Substation,
unmatched_osm,Lon Hywel Whitland Substation,
unmatched_osm,Lon Isaf Substation,
unmatched_osm,Lon Las Substation,
unmatched_osm,Lon Ogwen Birchgrove Substation,
unmatched_osm,Lon Yr Efail Ely Substation,
unmatched_osm,Lon-Uchaf Whitchurch Substation,
unmatched_osm,Lon-Y-Celyn Substation,
unmatched_osm,Londeg Gelli Gron Substation,
unmatched_osm,London House Substation,
unmatched_osm,London Rd Neath Substation,
unmatched_osm,London Rd Pembroke Dock Substation,
unmatched_osm,London Street Newport Substation,
unmatched_osm,Lone Road Clydach Substation,
unmatched_osm,Long Acre Drive Substation,
unmatched_osm,Long Acre Road Carmarthen Substation,
unmatched_osm,Long Covert Cable Compoound,
unmatched_osm,Long John Silver Substation,
unmatched_osm,Long Meadow Drive Dinas Powis Substation,
unmatched_osm,Long View Road Clase Substation,
unmatched_osm,Longditch Substation,
unmatched_osm,Longford School Substation,
unmatched_osm,Longhouse Barn Estate Substation,
unmatched_osm,Longton Trdg Est Substation,
unmatched_osm,Longview Rd North Clase Substation,
unmatched_osm,Longwood Park Substation,
unmatched_osm,Lonyllyn Caerphilly Substation,
unmatched_osm,Lord Raglan Cefn Coed Merthyr Substation,
unmatched_osm,Loreal Talbot Green Substation,
unmatched_osm,Loristan Rover Way Cardiff Docks Substation,
unmatched_osm,Lothian Crescent Cyncoed Substation,
unmatched_osm,Louden Health Centre Substation,
unmatched_osm,Loudon Square Butetown Substation,
unmatched_osm,Lougher Place S/S St Athan Substation,
unmatched_osm,Loughor 33kV Solar Park,
unmatched_osm,Loughor Common Gorseinon Substation,
unmatched_osm,Loughor Crossroads Substation,
unmatched_osm,Loughor Foundry Swansea Substation,
unmatched_osm,Loughor Pumping Station Substation,
unmatched_osm,Loughor Road Substation,
unmatched_osm,Louvain Terrace Ebbw Vale Substation,
unmatched_osm,Lovells Substation,
unmatched_osm,Low Row Cwmpennar Substation,
unmatched_osm,Lower Bailey St Substation,
unmatched_osm,Lower Carno Resevoir Substation,
unmatched_osm,Lower Dock Street Substation,
unmatched_osm,Lower Farm Rhoose Substation,
unmatched_osm,Lower Fforest Level Substation,
unmatched_osm,Lower Greenfield Place Substation,
unmatched_osm,Lower High Street Bedlinog Substation,
unmatched_osm,Lower House Govilon Substation,
unmatched_osm,Lower House Solar Park Substation,
unmatched_osm,Lower Loughor Substation,
unmatched_osm,Lower Meyrick St Substation,
unmatched_osm,Lower Mill Pontypool Substation,
unmatched_osm,Lower New Inn Substation,
unmatched_osm,Lower Scoverston Wind Turbine Substation,
unmatched_osm,Lower Solva Substation,
unmatched_osm,Lower Splott Industrial No.2 Substation,
unmatched_osm,Lower Swansea Valley Site No.2 Substation,
unmatched_osm,Lower Waun St Substation,
unmatched_osm,Lowfield Storage. Newport Substation,
unmatched_osm,Lsn Llandybie Substation,
unmatched_osm,Lsv Post Office Substation,
unmatched_osm,Lucania Bargoed Substation,
unmatched_osm,Lucas St Local Tx.No1 Substation,
unmatched_osm,Lucas St Local Tx.No2 Substation,
unmatched_osm,Luckies Bar Crockherbton Lane Substation,
unmatched_osm,Luckwell Road Master Substation,
unmatched_osm,Lucy Rd Substation,
unmatched_osm,Ludlow St Substation,
unmatched_osm,Lundy Close Llanishen Substation,
unmatched_osm,Lundy Close Substation,
unmatched_osm,Luther St Twynyrodyn Substation,
unmatched_osm,Lydstep Flats Substation,
unmatched_osm,Lydstep Haven Caravan Park Substation,
unmatched_osm,Lydstep Haven Club House Substation,
unmatched_osm,Lynch Factory Llanmorlais Substation,
unmatched_osm,Lyne Rd Substation,
unmatched_osm,Lynmouth Cres Rumney Substation,
unmatched_osm,Lynton Close Llanrumney Substation,
unmatched_osm,Lyons Maid Penarth Rd Cardiff Substation,
unmatched_osm,Lypstone Farm Primary Substation,
unmatched_osm,Lysaghts Housing Site Substation,
unmatched_osm,Lysaghts Village Substation,
unmatched_osm,M & S Culverhouse No2 Substation,
unmatched_osm,M & S Haverfordwest Substation,
unmatched_osm,M F I Dowlais Substation,
unmatched_osm,M I S Generation Dowlais Substation,
unmatched_osm,M&S Newport Road Substation,
unmatched_osm,M&S Talbot Green Substation,
unmatched_osm,MABEY BRIDGE,
unmatched_osm,MAGOR MAIN PUMP. STA NO 1,
unmatched_osm,MANCROFT AVENUE,
unmatched_osm,MANOR FM UNDERPASS,
unmatched_osm,MANSFIELD ST,
unmatched_osm,MARINA NEWFOUNDLAND WAY,
unmatched_osm,MARINE VIEW NEWFOUNDLAND WAY,
unmatched_osm,MARINERS PARK,
unmatched_osm,MARKSBURY ROAD LIBRARY,
unmatched_osm,MARTINGALE WAY,
unmatched_osm,MATHER FLATS CHEPSTOW,
unmatched_osm,MAY & HASSELL (SMOKE LANE),
unmatched_osm,MAYTREE AVE PSS,
unmatched_osm,MEDICAL CENTRE HARBOUR ROAD,
unmatched_osm,MENDIP ROAD,
unmatched_osm,MERCHANTS ACADEMY,
unmatched_osm,MERCHANTS SQUARE,
unmatched_osm,MEREBANK ROAD,
unmatched_osm,MEREBANK WASTE HVM,
unmatched_osm,MERIET AVE,
unmatched_osm,MERRYWOOD RD,
unmatched_osm,MITEL,
unmatched_osm,MIZZEN COURT NEWFOUNDLAND WAY,
unmatched_osm,MOLESWORTH CLOSE,
unmatched_osm,MOLESWORTH DRIVE,
unmatched_osm,MON MOTORS CHEPSTOW,
unmatched_osm,MOOR END SPOUT,
unmatched_osm,MOOR GROVE OD,
unmatched_osm,MOORHSE LN CVAN SITE,
unmatched_osm,MOUNTON HOUSE,
unmatched_osm,MULBERRY CLOSE,
unmatched_osm,MURFORD AVE K,
unmatched_osm,MYNYDD BACH VILLAGE,
unmatched_osm,Macdonalds Blackwood Substation,
unmatched_osm,Macdonalds Merlins Bridge Substation,
unmatched_osm,Macdonalds Pencoed Substation,
unmatched_osm,Macdonalds Trostre S/S Substation,
unmatched_osm,Machen House Substation,
unmatched_osm,Machen Quarry Substation,
unmatched_osm,Machen Viaduct Machen Substation,
unmatched_osm,Machynys Flats Substation,
unmatched_osm,Machynys Golf Club Substation,
unmatched_osm,Machynys Water Park Substation,
unmatched_osm,Machynys West Substation,
unmatched_osm,Mackintosh Place Roath Substation,
unmatched_osm,Mackintosh Sports Club Substation,
unmatched_osm,Mackworth Grange Substation,
unmatched_osm,Macroft Wagons Substation,
unmatched_osm,Madam Rhyne Pump Sta Substation,
unmatched_osm,Maddox St Blaenclydach Substation,
unmatched_osm,Made Office Local Rmu Substation,
unmatched_osm,Madeira Court Substation,
unmatched_osm,Maelfa Llanedeyrn Substation,
unmatched_osm,Maelwg Talbot Green Substation,
unmatched_osm,Maen Ganol Substation,
unmatched_osm,Maendy Farm Upper Cwmbran Substation,
unmatched_osm,Maengwynne Furnace Substation,
unmatched_osm,Maerdy North Substation,
unmatched_osm,Maerdy Primary Substation,
unmatched_osm,Maerdy Water Works Substation,
unmatched_osm,Maerdy West Substation,
unmatched_osm,Maerdy Wind Farm Substation,
unmatched_osm,Maerdy Wood Maerdy Substation,
unmatched_osm,Maes Abatty Substation,
unmatched_osm,Maes Dewi Substation,
unmatched_osm,Maes Gwyn Hsg Site No2 Substation,
unmatched_osm,Maes Y Cnyw Substation,
unmatched_osm,Maes Y Darren Substation,
unmatched_osm,Maes Y Gelynen Morriston Substation,
unmatched_osm,Maes Y Gwernen Morriston Substation,
unmatched_osm,Maes Y Marchog Glynneath Substation,
unmatched_osm,Maes Yr Haf Substation,
unmatched_osm,Maes Yr Hendre Substation,
unmatched_osm,Maes-Y-Awel Radyr Substation,
unmatched_osm,Maes-Y-Dail Substation,
unmatched_osm,Maes-Y-Deri Graigwen Pontypridd Substation,
unmatched_osm,Maes-Y-Deri Rhiwbina Substation,
unmatched_osm,Maes-Y-Ffynon Neath Substation,
unmatched_osm,Maesarddafen Primary Substation,
unmatched_osm,Maesbach Solar Farm Substation,
unmatched_osm,Maescoed Wood Pump.Sta Substation,
unmatched_osm,Maesglas Brynmenin Substation,
unmatched_osm,Maesglas Gas Works No1 Substation,
unmatched_osm,Maesglas Grove Substation,
unmatched_osm,Maesglas Newport Substation,
unmatched_osm,Maesglas Retail Park Substation,
unmatched_osm,Maesgolau Pentreporth Substation,
unmatched_osm,Maesgwyn Housing Site Substation,
unmatched_osm,Maesgwyn Substation,
unmatched_osm,Maesgwyn Wind Farm Substation,
unmatched_osm,Maesgwynne Factories Cefn Coed Y Cymmer Substation,
unmatched_osm,Maeshir Glynneath Substation,
unmatched_osm,Maesquarre Road Substation,
unmatched_osm,Maesteg Comprehensive School Substation,
unmatched_osm,Maesteg Farm Substation,
unmatched_osm,Maesteg Gardens Substation,
unmatched_osm,Maesteg St Thomas Substation,
unmatched_osm,Maesycoed Pontypridd Substation,
unmatched_osm,Maesycoed Rd No 2 Substation,
unmatched_osm,Maesycoed Rd Substation,
unmatched_osm,Maesycoed Substation,
unmatched_osm,Maesycwmmer Viaduct Substation,
unmatched_osm,Maesydderwen Comp Substation,
unmatched_osm,Maesydderwen Substation,
unmatched_osm,Maesyfelin Substation,
unmatched_osm,Maesyffynon Morriston Substation,
unmatched_osm,Maesyrhaf Pwll Substation,
unmatched_osm,Maesyrhiw Water Pump.Sta Substation,
unmatched_osm,Maesyrhiw. Cwmbran Substation,
unmatched_osm,Maesywern Substation,
unmatched_osm,Magden Park Substation,
unmatched_osm,Magellan Close Rear 11 Substation,
unmatched_osm,Magic Substation,
unmatched_osm,Magistrates Court A Substation,
unmatched_osm,Magistrates Court Llwynpia Substation,
unmatched_osm,Magistrates Court Milford Substation,
unmatched_osm,Magistrates Court Substation,
unmatched_osm,Magor Primary Substation,
unmatched_osm,Magrath Grangetown Substation,
unmatched_osm,Maia Junction Lock Substation,
unmatched_osm,Maid Of Sker Substation,
unmatched_osm,Main Avenue Hirwaun Substation,
unmatched_osm,Main Gate Substation,
unmatched_osm,Main Road Llantwit Fardre Substation,
unmatched_osm,Maindee. Newport. Substation,
unmatched_osm,Maindy Barracks Substation,
unmatched_osm,Maindy Rd Lane Substation,
unmatched_osm,Maindy Road University Substation,
unmatched_osm,Maindy Stadium Maindy Substation,
unmatched_osm,Maindy Water Works Maindy Substation,
unmatched_osm,Mains St Barry Substation,
unmatched_osm,Mair Penrhys Substation,
unmatched_osm,Majors Barn Substation,
unmatched_osm,Makro Nantgarw Substation,
unmatched_osm,Makro Swansea Substation,
unmatched_osm,Maldron Hotel Substation,
unmatched_osm,Maliphant Depot Substation,
unmatched_osm,Mallard Walk Substation,
unmatched_osm,Mallory Close Substation,
unmatched_osm,Malpas Court Substation,
unmatched_osm,Malpas Lock Substation,
unmatched_osm,Malpas Park Pump.Sta Substation,
unmatched_osm,Malpas Road Retail Units Substation,
unmatched_osm,Malpas School Substation,
unmatched_osm,Malpas Valve House Substation,
unmatched_osm,Malt House Avenue Substation,
unmatched_osm,Malvern Drive Substation,
unmatched_osm,Malvern House Substation,
unmatched_osm,Mamhilad Park Frmu No1 Substation,
unmatched_osm,Mamhilad Park Frmu No2 Substation,
unmatched_osm,Mamhilad Pumping Station Substation,
unmatched_osm,Mamhilad Solar Substation,
unmatched_osm,Manchester Place Substation,
unmatched_osm,Mandeg Trelewis Substation,
unmatched_osm,Manest St Rhymney Substation,
unmatched_osm,Manmoel Solar Park,
unmatched_osm,Mannesman Close Substation,
unmatched_osm,Mannesman Corner Substation,
unmatched_osm,Mannheim Quay Substation,
unmatched_osm,Mannings Substation,
unmatched_osm,Manor Chase Substation,
unmatched_osm,Manor House Farm Substation,
unmatched_osm,Manor Park Bedwas Substation,
unmatched_osm,Manor Park Substation,
unmatched_osm,Manor Rd Abersychan Substation,
unmatched_osm,Manor Rd Manselton Substation,
unmatched_osm,Manor Road Pontymister Substation,
unmatched_osm,Manor Road Substation,
unmatched_osm,Manor Valley Substation,
unmatched_osm,Manor View Substation,
unmatched_osm,Manor Way Pontymister Substation,
unmatched_osm,Manor Way Tele Exchange Substation,
unmatched_osm,Manor Way Whitchurch Substation,
unmatched_osm,Manoravon Pumping Station Substation,
unmatched_osm,Manorbier Camp Substation,
unmatched_osm,Manorbier Church Substation,
unmatched_osm,Manorbier Cres Rumney Substation,
unmatched_osm,Mansel Green Substation,
unmatched_osm,Mansell Avenue Saint Georges Substation,
unmatched_osm,Manselton Control Substation,
unmatched_osm,Mansfield Place B Substation,
unmatched_osm,Mansfield Place Substation,
unmatched_osm,Mansion Gardens Substation,
unmatched_osm,Mantle Rassau Substation,
unmatched_osm,Mantle Substation,
unmatched_osm,Maple Close Barry Substation,
unmatched_osm,Maplewood Avenue Llandaff Substation,
unmatched_osm,Marble Hall Substation,
unmatched_osm,Marchfields Way Substation,
unmatched_osm,Marconi Ave Cardiff Bay Substation,
unmatched_osm,Mardon Units Substation,
unmatched_osm,Mardy Gardens Substation,
unmatched_osm,Mardy Tin Plate Substation,
unmatched_osm,Marepool Cottage Substation,
unmatched_osm,Margam Biomass Generation Substation,
unmatched_osm,Margam Castle Substation,
unmatched_osm,Margam Comprehensive School Substation,
unmatched_osm,Margam Grid Substation,
unmatched_osm,Margam Ngc Substation,
unmatched_osm,Margam Park Discovery Centre Substation,
unmatched_osm,Margam Park Orangery Substation,
unmatched_osm,Margam Pmp Stn Substation,
unmatched_osm,Margam Village Substation,
unmatched_osm,Margaret St Substation,
unmatched_osm,Margaret Street Merthyr Substation,
unmatched_osm,Marianwen St Cefn Fforest Substation,
unmatched_osm,Marina Lock Penarth Substation,
unmatched_osm,Marina Swansea Substation,
unmatched_osm,Marine Drive Substation,
unmatched_osm,Mariners Court Substation,
unmatched_osm,Mariners Quay Substation,
unmatched_osm,Mariners Wharf Substation,
unmatched_osm,Marion St Substation,
unmatched_osm,Marions Blaina Substation,
unmatched_osm,Maritime Estate Substation,
unmatched_osm,Mark Lane Llanelli Substation,
unmatched_osm,Mark St Lane Canton Substation,
unmatched_osm,Market Hall Substation,
unmatched_osm,Market Kiosk Clevedon,
unmatched_osm,Market Lane Substation,
unmatched_osm,Market Rd Nant-Y-Glo Substation,
unmatched_osm,Market Square Merthyr Substation,
unmatched_osm,Market Square Milford Substation,
unmatched_osm,Market St Aberdare Substation,
unmatched_osm,Market St Abergavenny Substation,
unmatched_osm,Market St Bridgend Substation,
unmatched_osm,Market St Haverfordwest Substation,
unmatched_osm,Market Street Substation,
unmatched_osm,Market Street Tongwynlais Substation,
unmatched_osm,Market Way Substation,
unmatched_osm,Market Yard Substation,
unmatched_osm,Markham Tce Markham Substation,
unmatched_osm,Marks & Spencer Fforestfach Substation,
unmatched_osm,Marks & Spencer Merthyr Substation,
unmatched_osm,Marks & Spencer Neath Substation,
unmatched_osm,Marks & Spencer Newport Substation,
unmatched_osm,Marks & Spencer Substation,
unmatched_osm,Marks & Spencers Culverhouse Cross Substation,
unmatched_osm,Marks & Spencers Substation,
unmatched_osm,Marks + Spencer Substation,
unmatched_osm,Marlais Bridge Llandebie Substation,
unmatched_osm,Marlas Farm Hsg Site Substation,
unmatched_osm,Marlas Pumping Station Substation,
unmatched_osm,Marlas Rd Substation,
unmatched_osm,Marlborough Drive Substation,
unmatched_osm,Marlborough Road Newport Substation,
unmatched_osm,Marlborough Road Substation,
unmatched_osm,Marley Tile Substation,
unmatched_osm,Marquis Court Radyr Substation,
unmatched_osm,Marquis Court Substation,
unmatched_osm,Marriot Cardiff Substation,
unmatched_osm,Marshalls Mono Substation,
unmatched_osm,Marshfield St Substation,
unmatched_osm,Marshfield Substation,
unmatched_osm,Marstons Pensarn Substation,
unmatched_osm,Martin Hill East Turbine Substation,
unmatched_osm,Martindale Court Substation,
unmatched_osm,Martindale Road Substation,
unmatched_osm,Mary St Porth Substation,
unmatched_osm,Maryland Rd Substation,
unmatched_osm,Masefield Mews Substation,
unmatched_osm,Masefield Way Substation,
unmatched_osm,Maslin Park Barry Substation,
unmatched_osm,Masonic Home Substation,
unmatched_osm,Masonic Street Merthyr Substation,
unmatched_osm,Masons Housing Site Penclawdd Substation,
unmatched_osm,Massilly Substation,
unmatched_osm,Massilly Uk Substation,
unmatched_osm,Master Batches Substation,
unmatched_osm,Matalan Carmarthen Substation,
unmatched_osm,Matalan Cwmbran Substation,
unmatched_osm,Matalan Merthyr Substation,
unmatched_osm,Matrix Court Mg Board Substation,
unmatched_osm,Matrix No2 Rassau Substation,
unmatched_osm,Matsushita Substation,
unmatched_osm,Matthew Way Rhoose Substation,
unmatched_osm,Maudlins Tenby Substation,
unmatched_osm,Maxiheat No1 Substation,
unmatched_osm,Maxiheat No2 Substation,
unmatched_osm,Maxwell Road Substation,
unmatched_osm,May St Substation,
unmatched_osm,Mayals Rmu Substation,
unmatched_osm,Mayfield Acres Kilgetty Substation,
unmatched_osm,Mayfield House Newbridge Substation,
unmatched_osm,Mayflower Avenue Substation,
unmatched_osm,Mayflower Inn Rhoose Substation,
unmatched_osm,Mayhill Nursery Substation,
unmatched_osm,Mayhill Swansea Substation,
unmatched_osm,Maypole Barry Substation,
unmatched_osm,Maypole Dairy Substation,
unmatched_osm,Maytree Ave Substation,
unmatched_osm,Mc Carthy & Stone Substation,
unmatched_osm,Mcdonalds Briton Ferry Substation,
unmatched_osm,Mcdonalds Newport Substation,
unmatched_osm,Mcdonalds Penarth Substation,
unmatched_osm,Mcdonnel Rd Oap Bargoed Substation,
unmatched_osm,Mclays Substation,
unmatched_osm,Mcmillans Pontardulais Substation,
unmatched_osm,Mead Vale Substation,
unmatched_osm,Meadow Ave Substation,
unmatched_osm,Meadow Estate Caerphilly Substation,
unmatched_osm,Meadow Farm Estate Substation,
unmatched_osm,Meadow Rd Substation,
unmatched_osm,Meadow Rise Substation,
unmatched_osm,Meadow St Llanhilleth Substation,
unmatched_osm,Meadow St Pontycymmer Substation,
unmatched_osm,Meadow St Substation,
unmatched_osm,Meadow Street Substation,
unmatched_osm,Meadows Rd Crosshands Substation,
unmatched_osm,Meadows Road Newport Substation,
unmatched_osm,Meads School Substation,
unmatched_osm,Mecca Bingo Substation,
unmatched_osm,Medical Education Centre Substation,
unmatched_osm,Medical Support Systems Substation,
unmatched_osm,Megabowl Substation,
unmatched_osm,Megaphobia Substation,
unmatched_osm,Meggit Rd Barry Substation,
unmatched_osm,Meiki Substation,
unmatched_osm,Meinciau Primary Substation,
unmatched_osm,Melbourne Way Substation,
unmatched_osm,Melin Crythan Neath Substation,
unmatched_osm,Melin Dwr Llysyfran Substation,
unmatched_osm,Melin Mynach Gorseinon Substation,
unmatched_osm,Melrose Hall St Mellons Substation,
unmatched_osm,Melrose Park St Mellons Substation,
unmatched_osm,Melville Ave St Mellons Substation,
unmatched_osm,Menai Way Llanrumney Substation,
unmatched_osm,Mendalgief Junction Substation,
unmatched_osm,Mendip Avenue Substation,
unmatched_osm,Mendip Depot Substation,
unmatched_osm,Mendip Woodshavings Substation,
unmatched_osm,Mendle Bros Substation,
unmatched_osm,Menton Court Tremorfa Substation,
unmatched_osm,Menzies Distribution Substation,
unmatched_osm,Merchant St Aberdare Substation,
unmatched_osm,Merchants Park Substation,
unmatched_osm,Merches Gardens Grangetown Substation,
unmatched_osm,Mercia Rd Tremorfa Substation,
unmatched_osm,Mercury Glass Substation,
unmatched_osm,Mercury Substation,
unmatched_osm,Meredith Close Substation,
unmatched_osm,Meridian Quay No1 Substation,
unmatched_osm,Meridian Quay No2 Substation,
unmatched_osm,Meridian Quay No3 Substation,
unmatched_osm,Merlin Crescent Substation,
unmatched_osm,Merlin Street Carmarthen Substation,
unmatched_osm,Merlins Bridge Primary Substation,
unmatched_osm,Merlins Bridge Stw Substation,
unmatched_osm,Merlins Cave Tenby Substation,
unmatched_osm,Mermaid Quay Substation,
unmatched_osm,Merthyr Bus Station Substation,
unmatched_osm,Merthyr College Substation,
unmatched_osm,Merthyr Custody Centre Substation,
unmatched_osm,Merthyr East Primary Substation,
unmatched_osm,Merthyr General Substation,
unmatched_osm,Merthyr Industrial Park Substation,
unmatched_osm,Merthyr Innovation Centre Substation,
unmatched_osm,Merthyr Mawr Sewage Disposal Works Substation,
unmatched_osm,Merthyr Museum Substation,
unmatched_osm,Merthyr Rd Merthyr Substation,
unmatched_osm,Merthyr Road Abergavenny Substation,
unmatched_osm,Merthyr Road Pontypridd Substation,
unmatched_osm,Merthyr Road Substation,
unmatched_osm,Merthyr Town Hall Substation,
unmatched_osm,Mertle Hill Substation,
unmatched_osm,Merton Wire Merthyr Substation,
unmatched_osm,Metal St Substation,
unmatched_osm,Metalised Films And Papers Substation,
unmatched_osm,Metalitho Substation,
unmatched_osm,Metpost Substation,
unmatched_osm,Metro Hq Taffs Well Substation,
unmatched_osm,Mewslade Ave Substation,
unmatched_osm,Meyrick Substation,
unmatched_osm,Meysydd Y Coleg Substation,
unmatched_osm,Mhu Llandough Substation,
unmatched_osm,Michaelstone Close Barry Substation,
unmatched_osm,Michaelstone Solar Park Substation,
unmatched_osm,Michna St Substation,
unmatched_osm,Mid Cast Substation,
unmatched_osm,Middle Fan Primary Substation,
unmatched_osm,Middle Yeo Pumping Station Substation,
unmatched_osm,Midland Tce Substation,
unmatched_osm,Midway Park Upper Boat Substation,
unmatched_osm,Mikado (Penygraig) Substation,
unmatched_osm,Milbourne Tce Merthyr Substation,
unmatched_osm,Milbrook Rd Dinas Powis Substation,
unmatched_osm,Mildred St Beddau Substation,
unmatched_osm,Mile End Substation,
unmatched_osm,Milford Comprehensive School Substation,
unmatched_osm,Milford Haven Grid Substation,
unmatched_osm,Milford Haven Primary Substation,
unmatched_osm,Milford Haven S.T.W Substation,
unmatched_osm,Milford Heritage Substation,
unmatched_osm,Milford Peninsular Substation,
unmatched_osm,Milford Primary School Substation,
unmatched_osm,Milford St Substation,
unmatched_osm,Milford Way Substation,
unmatched_osm,Milking Parlour Bowett Farm Substation,
unmatched_osm,Mill Close Llanishen Substation,
unmatched_osm,Mill Lane House Tx Substation,
unmatched_osm,Mill Lane Substation,
unmatched_osm,Mill Lane Switching Station,
unmatched_osm,Mill Parade Frmu Substation,
unmatched_osm,Mill Place Fairwater Substation,
unmatched_osm,Mill Pond Substation,
unmatched_osm,Mill Rd Dinas Powis Substation,
unmatched_osm,Mill Rd Housing Substation,
unmatched_osm,Mill Rd Llanishen Substation,
unmatched_osm,Mill St Bridge Substation,
unmatched_osm,Mill St Gowerton Substation,
unmatched_osm,Mill St Tonyrefail Primary Substation,
unmatched_osm,Mill Street Substation,
unmatched_osm,Mill Tce Pantyffynon Substation,
unmatched_osm,Mill Terrace Glynneath Substation,
unmatched_osm,Mill View Substation,
unmatched_osm,Milland Rd Substation,
unmatched_osm,Millars Quay Substation,
unmatched_osm,Millbank Rd Substation,
unmatched_osm,Millbrook Ind. Estate Substation,
unmatched_osm,Millenium Coastal Park Substation,
unmatched_osm,Millenium Stadium Substation,
unmatched_osm,Millennium Plaza No2 Substation,
unmatched_osm,Millennium Plaza No3 Substation,
unmatched_osm,Millennium Plaza Substation,
unmatched_osm,Miller Argent Workshops Substation,
unmatched_osm,Millers Arms Ynystawe Substation,
unmatched_osm,Millers Ave Substation,
unmatched_osm,Millfield Housing Pentlepollr Substation,
unmatched_osm,Milliners Wint. Road Substation,
unmatched_osm,Millwood Sketty Park Substation,
unmatched_osm,Milton Brow Substation,
unmatched_osm,Milton Court Flats Substation,
unmatched_osm,Milton Drive Substation,
unmatched_osm,Milton Hill Substation,
unmatched_osm,Milton Park Rd Substation,
unmatched_osm,Milton Pump.Sta Substation,
unmatched_osm,Milton Rd West Substation,
unmatched_osm,Milton Road Substation,
unmatched_osm,Milton St Substation,
unmatched_osm,Mimo Substation,
unmatched_osm,Min Yr Aber Substation,
unmatched_osm,Min-Y-Coed Glynneath Substation,
unmatched_osm,Minehead Avenue Sully Substation,
unmatched_osm,Minemet Queens Road South Cardiff Docks Substation,
unmatched_osm,Mineral Waters Trapp Substation,
unmatched_osm,Miners Hospital Substation,
unmatched_osm,Minerva Street Substation,
unmatched_osm,Minimix Taffs Well Substation,
unmatched_osm,Mining Museum Blaenavon Substation,
unmatched_osm,Mink Hollow Substation,
unmatched_osm,Minnesota Mining Substation,
unmatched_osm,Minster Rd Roath Substation,
unmatched_osm,Minynant Substation,
unmatched_osm,Minyrhos Substation,
unmatched_osm,Miskin Crescent Pontyclun Substation,
unmatched_osm,Miskin Rd Hsg Site Substation,
unmatched_osm,Miskin Rd Trealaw Substation,
unmatched_osm,Miskin St Treherbert Substation,
unmatched_osm,Miskin Welsh School Assumed Position Substation,
unmatched_osm,Mission Hall Alltwen Substation,
unmatched_osm,Mission Hall Fairview Substation,
unmatched_osm,Mission Street Substation,
unmatched_osm,Mitch View Substation,
unmatched_osm,Mitchell Cres Merthyr Substation,
unmatched_osm,Mitie Plastics Substation,
unmatched_osm,Mitsushita Magnetron No1 Substation,
unmatched_osm,Mitsushita Magnetron No2 Substation,
unmatched_osm,Mizens Substation,
unmatched_osm,Moat House Hotel Llanedeyrn Substation,
unmatched_osm,Mobel Substation,
unmatched_osm,Model Inn Substation,
unmatched_osm,Model T Substation,
unmatched_osm,Modern Buildings Caerphilly Substation,
unmatched_osm,Modular Substation,
unmatched_osm,Modwin South HVM Substation,
unmatched_osm,Moira Terrace Substation,
unmatched_osm,Molleston Grove Substation,
unmatched_osm,Molypress Substation,
unmatched_osm,Mona Close Substation,
unmatched_osm,Monbank Sidings Substation,
unmatched_osm,Monico Flats Substation,
unmatched_osm,Monk Street Abergavenny Substation,
unmatched_osm,Monkton Swifts Substation,
unmatched_osm,Monmouth Road Station Abergavenny Substation,
unmatched_osm,Mont Clair Blackwood Substation,
unmatched_osm,Montague Street Substation,
unmatched_osm,Monterey Street Manselton Substation,
unmatched_osm,Montgomery St Substation,
unmatched_osm,Montpellier Substation,
unmatched_osm,Monument Hill Johnstown Substation,
unmatched_osm,Monwell Substation,
unmatched_osm,Moor Lane No 1 Substation,
unmatched_osm,Moor Lane No2 Substation,
unmatched_osm,Moor Lane No3 Substation,
unmatched_osm,Mooretown South Substation,
unmatched_osm,Moorfield Ave Substation,
unmatched_osm,Moorland Park. Liswerry Substation,
unmatched_osm,Moorland Rd Bargoed Substation,
unmatched_osm,Moorland Rd Ebbw Vale Substation,
unmatched_osm,Moorlands Park Substation,
unmatched_osm,Moorlands Terrace Substation,
unmatched_osm,Moors Road Substation,
unmatched_osm,Morel St Barry Substation,
unmatched_osm,Morfa B&Q Substation,
unmatched_osm,Morfa Brenin Substation,
unmatched_osm,Morfa Crescent Llanrumney Substation,
unmatched_osm,Morfa Currys Substation,
unmatched_osm,Morfa Farm Solar Park Substation,
unmatched_osm,Morfa Industrial Estate Substation,
unmatched_osm,Morfa Lane Telephone Exchange Substation,
unmatched_osm,Morfa Pod Substation,
unmatched_osm,Morfa Rd Student Accommodation Substation,
unmatched_osm,Morfa Surgery Ss Llanelli Substation,
unmatched_osm,Morfydd St Morriston Substation,
unmatched_osm,Morgan Advanced Materials Substation,
unmatched_osm,Morgan Cole Swansea Docks Substation,
unmatched_osm,Morgan Marine Substation,
unmatched_osm,Morgan Roath Dock Substation,
unmatched_osm,Morgan Street New Tredegar,
unmatched_osm,Morgan Tce Substation,
unmatched_osm,Morganite Block H Substation,
unmatched_osm,Morgans Hotel Substation,
unmatched_osm,Morgans Pontyfelin Substation,
unmatched_osm,Morgans Way Substation,
unmatched_osm,Moriah Place Llwydcoed Substation,
unmatched_osm,Moriah Place Switching Station,
unmatched_osm,Moriah St Rhymney Substation,
unmatched_osm,Morlais Castle Merthyr Substation,
unmatched_osm,Morlais Court Merthyr Substation,
unmatched_osm,Morlanga Primary Substation,
unmatched_osm,Morley Rd Abertillery Substation,
unmatched_osm,Mormon Church Rhiwbina Substation,
unmatched_osm,Mornington Meadows Caerphilly Substation,
unmatched_osm,Morris Avenue Penrhiwceiber Substation,
unmatched_osm,Morris Lane St Thomas Substation,
unmatched_osm,Morris Lock Up Dafen Substation,
unmatched_osm,Morrisons Abergavenny Substation,
unmatched_osm,Morrisons Baglan Substation,
unmatched_osm,Morrisons Bargoed Substation,
unmatched_osm,Morrisons Cwmbran Substation,
unmatched_osm,Morrisons Ebbw Vale Substation,
unmatched_osm,Morrisons Ipswich Road Substation,
unmatched_osm,Morrisons Llanelli Substation,
unmatched_osm,Morrisons Lyswerry Substation,
unmatched_osm,Morrisons Supermarket Barry Substation,
unmatched_osm,Morrisons Supermarket Substation,
unmatched_osm,Morriston Advance Factory Substation,
unmatched_osm,Morriston Comprehensive School Substation,
unmatched_osm,Morriston Gas Substation,
unmatched_osm,Morriston Hospital Substation,
unmatched_osm,Morriston Park Substation,
unmatched_osm,Morriston Substation,
unmatched_osm,Morristown Penarth Substation,
unmatched_osm,Morristown South Penarth Substation,
unmatched_osm,Morwood Substation,
unmatched_osm,Mos No1 Roath Dock Substation,
unmatched_osm,Mosslands Substation,
unmatched_osm,Mostyn Road Substation,
unmatched_osm,Mostyn St Substation,
unmatched_osm,Mot Clase Substation,
unmatched_osm,Motel Hirwaun Substation,
unmatched_osm,Motorway Maintenance Substation,
unmatched_osm,Moulded Foams Substation,
unmatched_osm,Mound Road Top Maesycoed Substation,
unmatched_osm,Mount Pleasant Gowerton Substation,
unmatched_osm,Mount Pleasant Housing Site Milford Have Substation,
unmatched_osm,Mount Pleasant Pontnewydd Substation,
unmatched_osm,Mount Pleasant Porth Substation,
unmatched_osm,Mount Pleasant Rhymney Substation,
unmatched_osm,Mount Pleasant Swansea Substation,
unmatched_osm,Mount Road Risca Substation,
unmatched_osm,Mount St Ebbw Vale Substation,
unmatched_osm,Mount Stuart Sq Butetown Substation,
unmatched_osm,Mountain Ash Comp School Substation,
unmatched_osm,Mountain Ash Grid Substation,
unmatched_osm,Mountain Ash Hospital No 1 Substation,
unmatched_osm,Mountain Ash Hospital No 2 Substation,
unmatched_osm,Mountain Ash Primary Substation,
unmatched_osm,Mountain Hare Substation,
unmatched_osm,Mountain Rd Flats Substation,
unmatched_osm,Mountain Rd Substation,
unmatched_osm,Mountain View Glyncoch Substation,
unmatched_osm,Mountain View Sardis Substation,
unmatched_osm,Mountain View Substation,
unmatched_osm,Mountjoy Ave Penarth Substation,
unmatched_osm,Mow Training Centre Docks Substation,
unmatched_osm,Moy Rd Taffs Well Substation,
unmatched_osm,Mri Scanner Substation,
unmatched_osm,Muirfield Drive Substation,
unmatched_osm,Mulberry Close Substation,
unmatched_osm,Mulberry Drive Substation,
unmatched_osm,Mulberry Grove Cwrt Y Cadno Ely Substation,
unmatched_osm,Multilateral School Substation,
unmatched_osm,Multiline Litchard Ind.Est Substation,
unmatched_osm,Mumbles Head Substation,
unmatched_osm,Muncroft Court Substation,
unmatched_osm,Mundy Place Substation,
unmatched_osm,Munro Court Pembroke Dock Substation,
unmatched_osm,Murch Rd East Penarth Substation,
unmatched_osm,Murch Rd West Dinas Powis Substation,
unmatched_osm,Murex Substation,
unmatched_osm,Museum Place Substation,
unmatched_osm,Music Strings Upper Boat Substation,
unmatched_osm,Mwyndy Industrial Estate Substation,
unmatched_osm,Mydam Lane Gorseinon Substation,
unmatched_osm,Myddyn Fach North Substation,
unmatched_osm,Myddyn Fych Substation,
unmatched_osm,Myer Davies Substation,
unmatched_osm,Mynachdy Farm Wind Trubine Substation,
unmatched_osm,Mynachdy Substation,
unmatched_osm,Mynydd Bach Substation,
unmatched_osm,Mynydd Bachyglo Substation,
unmatched_osm,Mynydd Brombil Wind Farm Substation,
unmatched_osm,Mynydd Bwllfa Wind Farm Substation,
unmatched_osm,Mynydd Machen Bbc Station Substation,
unmatched_osm,Mynydd Mawr Nursing Home Substation,
unmatched_osm,Mynydd Newedd Sports Pavillion Substation,
unmatched_osm,Mynydd Portref Windfarm Substation,
unmatched_osm,Mynydd Yr Aber Wind Farm Substation,
unmatched_osm,Mynydd y Gwair Wind Farm Substation,
unmatched_osm,Mynydd y Gwrhyd Wind Farm Substation,
unmatched_osm,Myrtle Close Penarth Substation,
unmatched_osm,Myrtle Hill Housing Substation,
unmatched_osm,N B A Caerphilly Substation,
unmatched_osm,N&C Garage Substation,
unmatched_osm,NAUTICAL SCHOOL,
unmatched_osm,NES Zinc Road HVM Substation,
unmatched_osm,NEWFOUNDLAND WAY PORTISHEAD,
unmatched_osm,NEWLAND ROAD,
unmatched_osm,NEWLANDS HILL,
unmatched_osm,NEWPORT CLOSE,
unmatched_osm,NICHOLS ROAD,
unmatched_osm,NIGHTINGALE GDNS,
unmatched_osm,NIGHTINGALE RISE,
unmatched_osm,NISBETS HVM FOURTH WAY,
unmatched_osm,NOAHS ARK ENTRANCE,
unmatched_osm,NORE PARK,
unmatched_osm,NORFOLK ROAD,
unmatched_osm,NORSK HYDRO,
unmatched_osm,NORTHERN WAY,
unmatched_osm,NORTHFIELD ROAD,
unmatched_osm,NOVERS HILL TRADING ESTATE,
unmatched_osm,NUMBUS RECORDS,
unmatched_osm,Nags Head Kiosk Substation,
unmatched_osm,Nailsea Primary Substation,
unmatched_osm,Nant Brynar Pontllanfraith Substation,
unmatched_osm,Nant Carn Rd Cwmcarn Substation,
unmatched_osm,Nant Celyn Close Substation,
unmatched_osm,Nant Coch Newport Substation,
unmatched_osm,Nant Coed Cae Substation,
unmatched_osm,Nant Ddu Lodge Substation,
unmatched_osm,Nant Dowlais Substation,
unmatched_osm,Nant Fendrod Substation,
unmatched_osm,Nant Ffornwg Substation,
unmatched_osm,Nant Gledyr Substation,
unmatched_osm,Nant Melyn Coed Ely Substation,
unmatched_osm,Nant Talwg Pump Stn Porthkerry Substation,
unmatched_osm,Nant Y Rhosyn Substation,
unmatched_osm,Nant Yr Aber Substation,
unmatched_osm,Nant Yr Twlc Substation,
unmatched_osm,Nant-Talwg Way Porthkerry Substation,
unmatched_osm,Nant-Y-Croft Rassau Substation,
unmatched_osm,Nant-Y-Gwenith Street Merthyr Substation,
unmatched_osm,Nantgaredig Primary Substation,
unmatched_osm,Nantgarw Cinema Substation,
unmatched_osm,Nantgarw College Substation,
unmatched_osm,Nantgarw Hill Substation,
unmatched_osm,Nantgarw Primary Substation,
unmatched_osm,Nantgarw Road Substation,
unmatched_osm,Nantgarw Substation,
unmatched_osm,Nanthelen Substation,
unmatched_osm,Nantong Way Substation,
unmatched_osm,Nantwen Llanelli Substation,
unmatched_osm,Nantwen Local Substation,
unmatched_osm,Nantwen Primary Substation,
unmatched_osm,Nantybwch Waterworks Substation,
unmatched_osm,Nantycaws Generation Substation,
unmatched_osm,Nantycaws W T Substation,
unmatched_osm,Nantyfedw Substation,
unmatched_osm,Nantyffin Ind Est Substation,
unmatched_osm,Nantyffin Rd Substation,
unmatched_osm,Nantyfyllon Substation,
unmatched_osm,Nantygleisiad Resolven Substation,
unmatched_osm,Nantyglo Comprehensive School Substation,
unmatched_osm,Nantyglo Institute Substation,
unmatched_osm,Nantygwyddon Generation Substation,
unmatched_osm,Nantymoel Substation,
unmatched_osm,Narberth Crescent Substation,
unmatched_osm,Narberth Gas Works Substation,
unmatched_osm,Narberth Rd Substation,
unmatched_osm,Nash College Newport Substation,
unmatched_osm,Nash Mead Substation,
unmatched_osm,Nash Road Newport Substation,
unmatched_osm,Nash Sewage Treatment Works Substation,
unmatched_osm,Nat West Bank Llanelli Substation,
unmatched_osm,Nat West Substation,
unmatched_osm,Nathan Substation,
unmatched_osm,National Assembly Merthyr Substation,
unmatched_osm,National Botanic Gardens Llanarthney Substation,
unmatched_osm,National Grid Hirwaun Substation,
unmatched_osm,National Grid Velindre Substation,
unmatched_osm,National Museum Substation,
unmatched_osm,National Rec Centre Substation,
unmatched_osm,National Standard Bynea Substation,
unmatched_osm,Natural Gas Tubes Tredegar Substation,
unmatched_osm,Navigation Street Substation,
unmatched_osm,Nazareth House Substation,
unmatched_osm,Ncm Office No 2 Substation,
unmatched_osm,Ncm Offices Substation,
unmatched_osm,Neath Abbey Industrial Site Substation,
unmatched_osm,Neath Abbey Pump.Sta Substation,
unmatched_osm,Neath Abbey Substation,
unmatched_osm,Neath Abbey Wharf Asphalt Substation,
unmatched_osm,Neath Car Park Substation,
unmatched_osm,Neath College Performing Arts Substation,
unmatched_osm,Neath Coop Substation,
unmatched_osm,Neath Gas Works Substation,
unmatched_osm,Neath Girls Grammar School Substation,
unmatched_osm,Neath Leisure Centre Substation,
unmatched_osm,Neath Rd Frmu Substation,
unmatched_osm,Neath Retail Park Substation,
unmatched_osm,Neath Road Landore Swansea Substation,
unmatched_osm,Neath Secure Unit Substation,
unmatched_osm,Neath Technical College Substation,
unmatched_osm,Neath Town Centre Substation,
unmatched_osm,Neerings Substation,
unmatched_osm,Neg Schott Rmu No 2 Substation,
unmatched_osm,Neg Schott Rmu No1 Substation,
unmatched_osm,Nelson Court Substation,
unmatched_osm,Nelson Primary Substation,
unmatched_osm,Nelson Pump.Sta Substation,
unmatched_osm,Nelson St Beaufort Substation,
unmatched_osm,Nelson St Swansea Substation,
unmatched_osm,Nema Substation,
unmatched_osm,Neptune Point No.2 Substation,
unmatched_osm,Neptune Point No1 Substation,
unmatched_osm,Nesbits St Modwins Substation,
unmatched_osm,Nettlefold Road Substation,
unmatched_osm,Network East St Mellons Hq Substation,
unmatched_osm,Network Rail Battery Supply Substation,
unmatched_osm,Network Rail Shore Substation,
unmatched_osm,Neville Hall Substation,
unmatched_osm,New Beaches Rd Substation,
unmatched_osm,New Bettws Comp School Substation,
unmatched_osm,New Betws Drift Substation,
unmatched_osm,New Brains Brewery Substation,
unmatched_osm,New Bristol Road Flats Substation,
unmatched_osm,New Cardiff Rd Pump Sta Substation,
unmatched_osm,New Conestra Substation,
unmatched_osm,New Court House Merthyr Substation,
unmatched_osm,New Court Neath Substation,
unmatched_osm,New Cut Road Substation,
unmatched_osm,New David Morgan Substation,
unmatched_osm,New Dewhirst Mg Board Substation,
unmatched_osm,New Dock Llanelli Substation,
unmatched_osm,New Dovey Farm Substation,
unmatched_osm,New Eurocaps Substation,
unmatched_osm,New Farm Road Blaenavon Substation,
unmatched_osm,New George St Substation,
unmatched_osm,New Glanrhyd Hospital Substation,
unmatched_osm,New Glyncymmer Substation,
unmatched_osm,New Graigola Rd Substation,
unmatched_osm,New Hartridge High School Substation,
unmatched_osm,New Herbert Street Substation,
unmatched_osm,New House Hotel Substation,
unmatched_osm,New Hsg Crosshands Substation,
unmatched_osm,New Inn Kiosk Substation,
unmatched_osm,New Inn Pontypridd Substation,
unmatched_osm,New Inn Rd Panteg Substation,
unmatched_osm,New Laboratory Substation,
unmatched_osm,New Llwyn Hendy Substation,
unmatched_osm,New Lodge Primary Substation,
unmatched_osm,New Longcross Substation,
unmatched_osm,New Maesteg Comp School Substation,
unmatched_osm,New No1 Pump Sta Substation,
unmatched_osm,New Park Talbot Green Substation,
unmatched_osm,New Radyr Arms Substation,
unmatched_osm,New Radyr Farm Substation,
unmatched_osm,New Rd Substation,
unmatched_osm,New Rd Trebanos Substation,
unmatched_osm,New Road Industrial Est. Substation,
unmatched_osm,New Road Skewen Substation,
unmatched_osm,New Road Substation,
unmatched_osm,New Sarn Services Substation,
unmatched_osm,New School Garnant Substation,
unmatched_osm,New St Davids Hospital Substation,
unmatched_osm,New St Ferndale Substation,
unmatched_osm,New St Swansea Substation,
unmatched_osm,New Street Godreaman Substation,
unmatched_osm,New Tesco Stores Upper Boat Substation,
unmatched_osm,New Theatre Substation,
unmatched_osm,New Victoria St Substation,
unmatched_osm,New Victoria Wharf Substation,
unmatched_osm,New Windmill Substation,
unmatched_osm,New Zealand Rd Gabalfa Substation,
unmatched_osm,Newall St Abertillery Substation,
unmatched_osm,Newborough Ave Llanishen Substation,
unmatched_osm,Newbridge Court Number Six Substation,
unmatched_osm,Newbridge Fields Pump Sta Substation,
unmatched_osm,Newbridge Gate Substation,
unmatched_osm,Newbridge Networks Substation,
unmatched_osm,Newbridge North Rd Substation,
unmatched_osm,Newbridge Rd Flats Substation,
unmatched_osm,Newbridge Road Pumping Stn Substation,
unmatched_osm,Newbridge Road Substation,
unmatched_osm,Newcastle Hill Substation,
unmatched_osm,Newcombe Rd O/D S/S,
unmatched_osm,Newell Hill Tenby Substation,
unmatched_osm,Newent Blaina Substation,
unmatched_osm,Newhouse Substation,
unmatched_osm,Newland Farm Wind Turbine Substation,
unmatched_osm,Newland Road Substation,
unmatched_osm,Newman Rd Substation,
unmatched_osm,Newport Bus Depot Substation,
unmatched_osm,Newport Centre Substation,
unmatched_osm,Newport Debenhams Substation,
unmatched_osm,Newport East Primary Substation,
unmatched_osm,Newport Ford Substation,
unmatched_osm,Newport Landfill Generation Substation,
unmatched_osm,Newport Police Hq Substation,
unmatched_osm,Newport Rd Croesyceiliog Substation,
unmatched_osm,Newport Rd Lane No1 Substation,
unmatched_osm,Newport Rd Lane No2 Substation,
unmatched_osm,Newport Recycling Centre Substation,
unmatched_osm,Newport Retail Park Substation,
unmatched_osm,Newport Road Switching Site Substation,
unmatched_osm,Newport Saracens Rfc Substation,
unmatched_osm,Newport South Primary Substation,
unmatched_osm,Newport Station Substation,
unmatched_osm,Newport Theatre Substation,
unmatched_osm,Newport Velodrome Substation,
unmatched_osm,Newport West Primary Substation,
unmatched_osm,Newton Beach Substation,
unmatched_osm,Newton Down Wind Farm Substation,
unmatched_osm,Newton Mumbles Substation,
unmatched_osm,Newton Nottage Substation,
unmatched_osm,Newton Village Substation,
unmatched_osm,Newton Wynd Substation,
unmatched_osm,Newtown Ind.Estate Crosskeys Substation,
unmatched_osm,Newtown Mountain Ash Substation,
unmatched_osm,Newtown South Substation,
unmatched_osm,Neyland Place Ely Substation,
unmatched_osm,Neyland Primary Substation,
unmatched_osm,Neyland Station Substation,
unmatched_osm,Neyland Technical Institute Substation,
unmatched_osm,Neyland Terrace Neyland Substation,
unmatched_osm,Ng 275 House Supply Substation,
unmatched_osm,Ngeso Grid Upper Boat Substation,
unmatched_osm,Nicander Parade Substation,
unmatched_osm,Nicklaus Way Substation,
unmatched_osm,Nielsons Depot Llanelli Substation,
unmatched_osm,Nile St Treforest Substation,
unmatched_osm,Nimbus Records Substation,
unmatched_osm,Nine Mile Point Substation,
unmatched_osm,Nine Wells Industrial Estate Substation,
unmatched_osm,Ninian Park Halt Grangetown Substation,
unmatched_osm,Ninian Park Rd Substation,
unmatched_osm,Ninkaplast Substation,
unmatched_osm,Nissin Showa Substation,
unmatched_osm,Nmc Tafarnaubach Substation,
unmatched_osm,No 3 Capital Quarter Substation,
unmatched_osm,No4 Capital Quarter Substation,
unmatched_osm,Noble Square Brynmawr Substation,
unmatched_osm,Noddfa Chapel Substation,
unmatched_osm,Nodor Bridgend Substation,
unmatched_osm,Nodor Substation,
unmatched_osm,Nolton Place Substation,
unmatched_osm,Nora St Substation,
unmatched_osm,Norbury Gardens Fairwater Substation,
unmatched_osm,Nordam No1 Substation,
unmatched_osm,Norflex Substation,
unmatched_osm,Norgine No1 Substation,
unmatched_osm,Norgine No2 Substation,
unmatched_osm,Norman Aircraft Rhoose Substation,
unmatched_osm,Norsk Hydro Substation,
unmatched_osm,North Church St Docks Substation,
unmatched_osm,North Clive St Grangetown Substation,
unmatched_osm,North Close Saundersfoot Substation,
unmatched_osm,North Cornelly Substation,
unmatched_osm,North Court Brackla Substation,
unmatched_osm,North Dock Apartments Substation,
unmatched_osm,North Dock Engineering Substation,
unmatched_osm,North Dock Pmg Station 1&2 Substation,
unmatched_osm,North Docks Substation,
unmatched_osm,North Hill Road Swansea Substation,
unmatched_osm,North Luton Place Bno Substation,
unmatched_osm,North Melincrythan Substation,
unmatched_osm,North Outfall Substation,
unmatched_osm,North Parade Carmarthen Substation,
unmatched_osm,North Park Rd Tremorfa Substation,
unmatched_osm,North Pentwyn Industrial Development Substation,
unmatched_osm,North Plateau Substation,
unmatched_osm,North Rd Concert Hall Substation,
unmatched_osm,North Rd Ferndale Substation,
unmatched_osm,North Rd Flats Substation,
unmatched_osm,North Rd Intersection Substation,
unmatched_osm,North Road Pontywaun Substation,
unmatched_osm,North Road Substation,
unmatched_osm,North St Bargoed Substation,
unmatched_osm,North St Beaufort Substation,
unmatched_osm,North Tenement Solar Park,
unmatched_osm,Northampton Lane Substation,
unmatched_osm,Northcliff Housing Substation,
unmatched_osm,Northcliff Penarth Substation,
unmatched_osm,Northcote St Local Rmu Substation,
unmatched_osm,Northcote Street Primary Substation,
unmatched_osm,Northern Automotives Substation,
unmatched_osm,Northern Hirwaun Substation,
unmatched_osm,Northern Telecom Substation,
unmatched_osm,Northfield Close Substation,
unmatched_osm,Northumberland Wwtw Substation,
unmatched_osm,Northways Porthcawl Substation,
unmatched_osm,Norton Lime Works Substation,
unmatched_osm,Norton Rd Substation,
unmatched_osm,Norton Tenby Substation,
unmatched_osm,Norton Villa Clinic Substation,
unmatched_osm,Norwegian Cyprium No 1 Substation,
unmatched_osm,Norwich Road Rumney Substation,
unmatched_osm,Nottage Mead Substation,
unmatched_osm,Nottage Park Substation,
unmatched_osm,Nottage Primary Substation,
unmatched_osm,Nottage West Substation,
unmatched_osm,Nova Oil Substation,
unmatched_osm,Novolor Substation,
unmatched_osm,Nu Aire Caerphilly Substation,
unmatched_osm,Nunnery Pontllanfraith Substation,
unmatched_osm,Nurdin & Peacock Substation,
unmatched_osm,Nursery S/S Blackwood Substation,
unmatched_osm,Nursery Terr Tredegar Substation,
unmatched_osm,Nuts And Bolts Tredegar Substation,
unmatched_osm,Nutwell Road Substation,
unmatched_osm,Nydfa Rd Substation,
unmatched_osm,Nythbran Porth Substation,
unmatched_osm,OAKTREE GARDENS OD,
unmatched_osm,OLD FORGE BR. PMP. STN.,
unmatched_osm,OLD GOLDNEY HOUSE,
unmatched_osm,OLD MILL LANE,
unmatched_osm,OLD MILL ROAD RETAIL PARK,
unmatched_osm,OLD QUARRY WALTON,
unmatched_osm,ORB Works No. 4,
unmatched_osm,ORCHARD HOUSE,
unmatched_osm,ORCHARD RD.,
unmatched_osm,OSBORNE RD,
unmatched_osm,OWEN FARM HOUSING,
unmatched_osm,Oak Cottage Solar Farm,
unmatched_osm,Oak Grove Farm Solar Gen Substation,
unmatched_osm,Oak Place Bargoed Substation,
unmatched_osm,Oak St Clydach Vale Substation,
unmatched_osm,Oak Terrace Substation,
unmatched_osm,Oakbrook Llanharan Substation,
unmatched_osm,Oakdale Batteries Substation,
unmatched_osm,Oakdale Business Park Substation,
unmatched_osm,Oakdale Golf Club Substation,
unmatched_osm,Oakdale Path Substation,
unmatched_osm,Oakdale Place Substation,
unmatched_osm,Oakdale Substation,
unmatched_osm,Oakdale Windfarm Substation,
unmatched_osm,Oakfield Drive Substation,
unmatched_osm,Oakfield Lane P. S/S,
unmatched_osm,Oakfield Park Substation,
unmatched_osm,Oakfield Rd Substation,
unmatched_osm,Oakfield St Substation,
unmatched_osm,Oakfields Barry Substation,
unmatched_osm,Oakford Road Substation,
unmatched_osm,Oakland Street Gelligaer Substation,
unmatched_osm,Oaklands Drive Substation,
unmatched_osm,Oaklands Rd Substation,
unmatched_osm,Oaklands Tce Substation,
unmatched_osm,Oakley St Substation,
unmatched_osm,Oakmeadows St Mellons Substation,
unmatched_osm,Oakridge Sketty Park Substation,
unmatched_osm,Oakridge Substation,
unmatched_osm,Oakwood Close Cogan Substation,
unmatched_osm,Oakwood Drive Substation,
unmatched_osm,Oakwood Penyfan Substation,
unmatched_osm,Oakwood Rd Llanedeyrn Substation,
unmatched_osm,Observatory Hall Housing Hakin Substation,
unmatched_osm,Ocean Buildings Substation,
unmatched_osm,Ocean Crescent Substation,
unmatched_osm,Ocean Reach Substation,
unmatched_osm,Ocean Square Saundersfoot Substation,
unmatched_osm,Ocean View Ogmore By Sea Substation,
unmatched_osm,Ocean View Substation,
unmatched_osm,Ocean Way Substation,
unmatched_osm,Odeon Sarn Substation,
unmatched_osm,Oernant Bungalow Substation,
unmatched_osm,Office St Porth Substation,
unmatched_osm,Offices Hirwaun Substation,
unmatched_osm,Ofrex No1 Substation,
unmatched_osm,Ofrex No2 Substation,
unmatched_osm,Ogm Mouldings Substation,
unmatched_osm,Ogmore By Sea Substation,
unmatched_osm,Ogmore Crescent Substation,
unmatched_osm,Ogmore Power Rassau,
unmatched_osm,Ogmore Rd Substation,
unmatched_osm,Ogmore Vale Primary Substation,
unmatched_osm,Ogwr Council Offices Substation,
unmatched_osm,Olchfa Close Substation,
unmatched_osm,Olchfa School Substation,
unmatched_osm,Old Alcan Site Substation,
unmatched_osm,Old Bakery Substation,
unmatched_osm,Old Barn Newport Substation,
unmatched_osm,Old Brewery Substation,
unmatched_osm,Old Bristol Road Substation,
unmatched_osm,Old Church Road Substation,
unmatched_osm,Old Colliery Penallta Substation,
unmatched_osm,Old Drill Hall Merthyr Substation,
unmatched_osm,Old Drill Hall Sw Swg Site Substation,
unmatched_osm,Old Foundry Substation,
unmatched_osm,Old Gasworks Substation,
unmatched_osm,Old Green Substation,
unmatched_osm,Old Hall Substation,
unmatched_osm,Old Ironworks Substation,
unmatched_osm,Old Junction Road Substation,
unmatched_osm,Old Lodge North Llanelli Substation,
unmatched_osm,Old Lodge South Llanelli Substation,
unmatched_osm,Old Mart Site Substation,
unmatched_osm,Old Mill Lisvane Substation,
unmatched_osm,Old Mill Pencoed Substation,
unmatched_osm,Old Oak Substation,
unmatched_osm,Old Panasonic No1 Substation,
unmatched_osm,Old Panasonic No2 Substation,
unmatched_osm,Old Panasonic No3 Substation,
unmatched_osm,Old Penygarn Substation,
unmatched_osm,Old Post Office Lane Substation,
unmatched_osm,Old Pumphouse Furnace Hill Substation,
unmatched_osm,Old Rd Baglan Substation,
unmatched_osm,Old Rd School S/S Llanelli Substation,
unmatched_osm,Old Road Skewen Substation,
unmatched_osm,Old Road Substation,
unmatched_osm,Old Science Substation 2,
unmatched_osm,Old Station Glanllyn Substation,
unmatched_osm,Old Town Dock Newport Substation,
unmatched_osm,Old Ynysybwl Kiosk Substation,
unmatched_osm,Oldbury Rd Substation,
unmatched_osm,Oldway Centre Substation,
unmatched_osm,Oldways Bishopston Substation,
unmatched_osm,Oldways House Merthyr Substation,
unmatched_osm,Oldwell Penylan Substation,
unmatched_osm,Olive Branch Crescent Substation,
unmatched_osm,Olive St Substation,
unmatched_osm,Oliver Rd Newport Substation,
unmatched_osm,Olivers Garden Centre Substation,
unmatched_osm,Olympia House Substation,
unmatched_osm,Olympus Substation,
unmatched_osm,Online House Substation,
unmatched_osm,Onllwyn Washeries Substation,
unmatched_osm,Onnen Substation,
unmatched_osm,Onslow Tce Substation,
unmatched_osm,Ontario Site Substation,
unmatched_osm,Ontario Way Lakeside Substation,
unmatched_osm,Op Chocolates Abergavenny Substation,
unmatched_osm,Open Air School Substation,
unmatched_osm,Orange Grove Fairwater Substation,
unmatched_osm,Orange Portmanmoor Rd Ind Substation,
unmatched_osm,Orb Park Substation,
unmatched_osm,Orb Pump.Sta No2 Substation,
unmatched_osm,Orb Pumping Station Substation,
unmatched_osm,Orb Works Industrial Estate Substation,
unmatched_osm,Orchard Close Substation,
unmatched_osm,Orchard Housing Site Substation,
unmatched_osm,Orchard Lane Substation,
unmatched_osm,Orchard Park Housing Site Laugharne Substation,
unmatched_osm,Orchard St Substation,
unmatched_osm,Ordnance Tce Substation,
unmatched_osm,Oriel Y Parc Ev Station Substation,
unmatched_osm,Orion Moulding Substation,
unmatched_osm,Orion Substation,
unmatched_osm,Orpheus Rd Substation,
unmatched_osm,Orthopaedic Hospital Substation,
unmatched_osm,Osborne Hotel Substation,
unmatched_osm,Osborne Road Substation,
unmatched_osm,Osbourne Rd Substation,
unmatched_osm,Osbourne Tce Brynmill Substation,
unmatched_osm,Osicom St Mellons Substation,
unmatched_osm,Other St Substation,
unmatched_osm,Otter Close Substation,
unmatched_osm,Overland Rd Substation,
unmatched_osm,Owens Corning Substation,
unmatched_osm,Owens Llangennech Substation,
unmatched_osm,Owens Transport Substation,
unmatched_osm,Owls Lodge Lane Substation,
unmatched_osm,Oxford Lane Substation,
unmatched_osm,Oxford St Maerdy Substation,
unmatched_osm,Oxford St Mountain Ash Substation,
unmatched_osm,Oxford Street Swansea Substation,
unmatched_osm,Oystermouth Police Station Substation,
unmatched_osm,P H Caerphilly Substation,
unmatched_osm,P10 CABOT PARK,
unmatched_osm,P11 CABOT PARK,
unmatched_osm,P4 WEST HVM CABOT PARK,
unmatched_osm,P9 CABOT PARK,
unmatched_osm,PADDOCKS HOTEL,
unmatched_osm,PARC SEYMOUR,
unmatched_osm,PARKERS BAKERY,
unmatched_osm,PARSONS STREET GAS BUS,
unmatched_osm,PAVILLIONS BEDMINSTER DOWN,
unmatched_osm,PAYBRIDGE RD M,
unmatched_osm,PAYNES SHIPYARD,
unmatched_osm,PETROL STATION MAGOR SERVICES,
unmatched_osm,PHOENIX INDUSTRIAL PARK,
unmatched_osm,PLANTAGENENT,
unmatched_osm,PLANTATION QUARRY ID,
unmatched_osm,PLOT P7B POPLAR FIELDS,
unmatched_osm,POLDEN ROAD,
unmatched_osm,POLICE HEADQUARTERS,
unmatched_osm,POLICE VEHICLE WORKSHOP CABOT PARK,
unmatched_osm,POPLAR WAY EAST,
unmatched_osm,POPULAR WAY WET HVM,
unmatched_osm,PORSCHE GARAGE PENARTH RD,
unmatched_osm,PORTBURY GARDENS,
unmatched_osm,PORTISFIELD,
unmatched_osm,PORTISHEAD ROAD,
unmatched_osm,PORTVIEW ROAD NORTH OD,
unmatched_osm,PORTVIEW ROAD SOUTH OD,
unmatched_osm,PRIORY FARM,
unmatched_osm,Pace Road Cwmbran Substation,
unmatched_osm,Pacific Business Park Substation,
unmatched_osm,Package Recovery Substation,
unmatched_osm,Packers Road Substation,
unmatched_osm,Paget Rd Barry Substation,
unmatched_osm,Paget Rooms Penarth Substation,
unmatched_osm,Paint Shop Brindley Road Substation,
unmatched_osm,Painters Way Substation,
unmatched_osm,Palace Avenue Llanelli Substation,
unmatched_osm,Palace Court Cyncoed Substation,
unmatched_osm,Palalwf Pontyclun Substation,
unmatched_osm,Palmer Street Substation,
unmatched_osm,Palmerston Industrial Substation,
unmatched_osm,Palmerston Village Barry Substation,
unmatched_osm,Panasonic Motors Substation,
unmatched_osm,Panasonic Ovens Substation,
unmatched_osm,Pancross Farm Generation Substation,
unmatched_osm,Pandy Asda Substation,
unmatched_osm,Pandy Crescent Substation,
unmatched_osm,Pandy Housing Site Substation,
unmatched_osm,Pandy Park Substation,
unmatched_osm,Pandy Rd Idno Substation,
unmatched_osm,Pandy Road Substation,
unmatched_osm,Pant Farm No3 Substation,
unmatched_osm,Pant Las Substation,
unmatched_osm,Pant Penderri Housing Penllergaer Substation,
unmatched_osm,Pant Quarries Substation,
unmatched_osm,Pant Rd Dowlais Substation,
unmatched_osm,Pant Rd Newport Substation,
unmatched_osm,Pant St Aberbargoed Substation,
unmatched_osm,Pant Tawood Substation,
unmatched_osm,Pant Trading Est No 2 Substation,
unmatched_osm,Pant Y Fforest Substation,
unmatched_osm,Pant Y Scallog West Substation,
unmatched_osm,Pant Yr Awel Substation,
unmatched_osm,Pant Yr Hesg Substation,
unmatched_osm,Pant y Moch Solar Farm Substation,
unmatched_osm,Pant y Wal Wind Farm Substation,
unmatched_osm,Pant-Y-Celyn St Ystrad Mynach Substation,
unmatched_osm,Pant-Yr-Athro Chalet Site Substation,
unmatched_osm,Panteg Close Saint Georges Substation,
unmatched_osm,Panteg House Substation,
unmatched_osm,Panteg Primary Substation,
unmatched_osm,Pantglas Industrial Estate Bedwas Substation,
unmatched_osm,Pantglas Pentwyn Substation,
unmatched_osm,Pantgwyn Llanharry Substation,
unmatched_osm,Pantside Newbridge Substation,
unmatched_osm,Pantyblawdd Rd Llansamlet Substation,
unmatched_osm,Pantycelyn Rd Substation,
unmatched_osm,Pantyffynon Primary Substation,
unmatched_osm,Pantyfid Rd Aberbargoed Substation,
unmatched_osm,Pantyglas Rd Aberfan Substation,
unmatched_osm,Pantygog Substation,
unmatched_osm,Pantygwydr Court Uplands Substation,
unmatched_osm,Pantyrheol Neath Substation,
unmatched_osm,Papermill Road Ely Primary Substation,
unmatched_osm,Papermill Road Ely Substation,
unmatched_osm,Parade Barry Substation,
unmatched_osm,Paragon Road Substation,
unmatched_osm,Parc Amanwy Substation,
unmatched_osm,Parc Andrew Skewen Substation,
unmatched_osm,Parc Ave No1 Substation,
unmatched_osm,Parc Ave No2 Substation,
unmatched_osm,Parc Ave Substation,
unmatched_osm,Parc Beck Substation,
unmatched_osm,Parc Bronllwyn Pentyrch Substation,
unmatched_osm,Parc Bryn Skewen Substation,
unmatched_osm,Parc Bungalow Substation,
unmatched_osm,Parc Ceirw Substation,
unmatched_osm,Parc Celyn Greenmeadow Substation,
unmatched_osm,Parc Cwm Darren Substation,
unmatched_osm,Parc Cynog Wind Farm Substation,
unmatched_osm,Parc Danylan Substation,
unmatched_osm,Parc Derwen No1 Substation,
unmatched_osm,Parc Derwen No2 Substation,
unmatched_osm,Parc Dorallt Substation,
unmatched_osm,Parc Eirin No1 Substation,
unmatched_osm,Parc Glyn Tybie Substation,
unmatched_osm,Parc Gwernfadog Morriston Substation,
unmatched_osm,Parc Hendre Substation,
unmatched_osm,Parc Hensol Hirwaun Substation,
unmatched_osm,Parc Llwyn Mawr Substation,
unmatched_osm,Parc Mawr Penllergaer Substation,
unmatched_osm,Parc Newydd Pv Export Substation,
unmatched_osm,Parc Panteg Substation,
unmatched_osm,Parc Penplas Substation,
unmatched_osm,Parc Pensarn Substation,
unmatched_osm,Parc Prison No1 Substation,
unmatched_osm,Parc Prison No2 Substation,
unmatched_osm,Parc Substation,
unmatched_osm,Parc Tawe Substation,
unmatched_osm,Parc Tce Substation,
unmatched_osm,Parc Ty Glas Llanishen Substation,
unmatched_osm,Parc Tynycoed Substation,
unmatched_osm,Parc Y Splots Sewerage Substation,
unmatched_osm,Parcau Bach Substation,
unmatched_osm,Parcau Rd Substation,
unmatched_osm,Pardoe Cres Barry Substation,
unmatched_osm,Parfitt Tce Substation,
unmatched_osm,Parish Road Beddau Substation,
unmatched_osm,Park Ave A Whitchurch Substation,
unmatched_osm,Park Ave Hsg Site Substation,
unmatched_osm,Park Ave Porthcawl Substation,
unmatched_osm,Park Church Llanelli Substation,
unmatched_osm,Park Crescent Abergavenny Substation,
unmatched_osm,Park Crescent Barry Substation,
unmatched_osm,Park Drive Substation,
unmatched_osm,Park Farm Llangennech Substation,
unmatched_osm,Park Farm No 1 Substation,
unmatched_osm,Park Farm No2 Local Substation,
unmatched_osm,Park Farm No3 Substation,
unmatched_osm,Park Farm West Solar Substation,
unmatched_osm,Park Grove Aberdare Substation,
unmatched_osm,Park Grove Substation,
unmatched_osm,Park Hall Carmarthen Substation,
unmatched_osm,Park Hill Tredegar Substation,
unmatched_osm,Park Hotel Substation,
unmatched_osm,Park House Tenby Substation,
unmatched_osm,Park Lane Caerphilly Substation,
unmatched_osm,Park Lane Primary Substation,
unmatched_osm,Park Place Crosskeys Substation,
unmatched_osm,Park Place Substation,
unmatched_osm,Park Place Tredegar Substation,
unmatched_osm,Park Prospect Substation,
unmatched_osm,Park Rd Ammanford Substation,
unmatched_osm,Park Rd Barry Substation,
unmatched_osm,Park Rd Gowerton Substation,
unmatched_osm,Park Rd Pontypool Substation,
unmatched_osm,Park Road Gorseinon Substation,
unmatched_osm,Park Road Tenby Substation,
unmatched_osm,Park Road Whitchurch Substation,
unmatched_osm,Park Row Cwmavon Substation,
unmatched_osm,Park St No 2 Hmrc Substation,
unmatched_osm,Park St No1 Hmrc Substation,
unmatched_osm,Park St Swansea Substation,
unmatched_osm,Park St Telephone Exchange Substation,
unmatched_osm,Park Terrace Substation,
unmatched_osm,Park View Gardens Substation,
unmatched_osm,Park View Lamphey Substation,
unmatched_osm,Park View Substation,
unmatched_osm,Park View Trethomas Substation,
unmatched_osm,Park Way Sketty Park Substation,
unmatched_osm,Park Wern Substation,
unmatched_osm,Parkfield Place Gabalfa Substation,
unmatched_osm,Parkfield Rd Substation,
unmatched_osm,Parkgate House Town Centre Substation,
unmatched_osm,Parkin Substation,
unmatched_osm,Parkland Caravan Site Substation,
unmatched_osm,Parklands Ave Substation,
unmatched_osm,Parklands Caerphilly Road Substation,
unmatched_osm,Parklands Goytre Substation,
unmatched_osm,Parklands Peniel Substation,
unmatched_osm,Parklands Substation,
unmatched_osm,Parklands View Substation,
unmatched_osm,Parkmead Substation,
unmatched_osm,Parkmill Chalets Pennard Substation,
unmatched_osm,Parkmill Pump.Sta Substation,
unmatched_osm,Parkstone Avenue St. Mellons Substation,
unmatched_osm,Parkwood Drive Substation,
unmatched_osm,Parkwood Rise Substation,
unmatched_osm,Parrett Rd Substation,
unmatched_osm,Parrot Corporation Substation,
unmatched_osm,Parrot Row Blaina Substation,
unmatched_osm,Parry Rd Substation,
unmatched_osm,Parry Terrace Substation,
unmatched_osm,Parrys Lane P. S/S,
unmatched_osm,Parsonage Fields Substation,
unmatched_osm,Parsonage Substation,
unmatched_osm,Partridge Rd Substation,
unmatched_osm,Partridge Way Substation,
unmatched_osm,Passage Road O/D,
unmatched_osm,Patents Office No 2 Substation,
unmatched_osm,Patents Office Tredegar Park Substation,
unmatched_osm,Pavillion Substation,
unmatched_osm,Payne St Substation,
unmatched_osm,Pdr Tunnel Tx No1 Substation,
unmatched_osm,Peace Haven Substation,
unmatched_osm,Peacocks Nantgarw Substation,
unmatched_osm,Peacocks Substation,
unmatched_osm,Peakgen Barry Stor 33Kv Sw Stn Substation,
unmatched_osm,Pearl Assurance House Substation,
unmatched_osm,Pearl Assurance Merthyr Substation,
unmatched_osm,Pearl St Substation,
unmatched_osm,Pearse Close Substation,
unmatched_osm,Pegasus Substation,
unmatched_osm,Pelican Crescent Substation,
unmatched_osm,Pelican Healthcare Substation,
unmatched_osm,Pell Street Swansea Substation,
unmatched_osm,Pellett St No.1 Substation,
unmatched_osm,Pellett St No.2 Substation,
unmatched_osm,Pelly St Substation,
unmatched_osm,Pelzer Cwmfelinfach Substation,
unmatched_osm,Pemberton Pumping Station Substation,
unmatched_osm,Pemberton Retail Park Substation,
unmatched_osm,Pemberton Square Substation,
unmatched_osm,Pembrey Industrial Estate Substation,
unmatched_osm,Pembrey Square Substation,
unmatched_osm,Pembroke Dock S.T.W. Substation,
unmatched_osm,Pembroke Learning Campus Substation,
unmatched_osm,Pembroke St Aberdare Substation,
unmatched_osm,Pen Brenin Substation,
unmatched_osm,Pen Bryn Oer Wind Farm Substation,
unmatched_osm,Pen Cefn Arda Substation,
unmatched_osm,Pen Rhiw Caradog PV Substation,
unmatched_osm,Pen Y Garn Housing St Davids Substation,
unmatched_osm,Pen Yr Alley Skewen Substation,
unmatched_osm,Pen y Cae Solar Farm Substation,
unmatched_osm,Pen y Cymoedd Wind Farm Substation,
unmatched_osm,Pen-Y-Bryn Substation,
unmatched_osm,Pen-Y-Cae Substation,
unmatched_osm,Pen-Y-Dre Rhymney Substation,
unmatched_osm,Pen-Y-Lan Housing Site Penclawdd Substation,
unmatched_osm,Pen-Y-Morfa (Llangunnor) Substation,
unmatched_osm,Pen-Y-Wain Roath Substation,
unmatched_osm,Pen-y-Cwm Abertysswg Substation,
unmatched_osm,Penallt Killay Substation,
unmatched_osm,Penallt Llanelli Substation,
unmatched_osm,Penallta Industrial Estate Substation,
unmatched_osm,Penally Church Substation,
unmatched_osm,Penally School Substation,
unmatched_osm,Penally Training Camp Substation,
unmatched_osm,Penarth A.T.E. Substation,
unmatched_osm,Penarth Court Substation,
unmatched_osm,Penarth Esplanade Substation,
unmatched_osm,Penarth Garden Village Penarth Substation,
unmatched_osm,Penarth Grammar School Penarth Substation,
unmatched_osm,Penarth Haven Substation,
unmatched_osm,Penarth Head Pumping Station Substation,
unmatched_osm,Penarth Learning Community Substation,
unmatched_osm,Penarth Marina Substation,
unmatched_osm,Penarth Moors Substation,
unmatched_osm,Penarth Primary Substation,
unmatched_osm,Penblewin Primary Substation,
unmatched_osm,Pencaerau Substation,
unmatched_osm,Pencaerfeni Park Substation,
unmatched_osm,Pencarn Farm Substation,
unmatched_osm,Pencarn Foul Pump.Sta Substation,
unmatched_osm,Pencarn Way Substation,
unmatched_osm,Penceiliogi Pemberton Substation,
unmatched_osm,Penclawdd East Substation,
unmatched_osm,Penclawdd Industrial Estate Substation,
unmatched_osm,Penclawdd West Substation,
unmatched_osm,Pencoed Central Substation,
unmatched_osm,Pencoed College Substation,
unmatched_osm,Pencoed Primary Substation,
unmatched_osm,Pencoed Secondary School Substation,
unmatched_osm,Pencoedtre Barry Substation,
unmatched_osm,Pencoedtre High School Barry Substation,
unmatched_osm,Pencoedtre Lane Substation,
unmatched_osm,Pendarvis Substation,
unmatched_osm,Penderi Road Penlan Substation,
unmatched_osm,Penderyn Quarries Substation,
unmatched_osm,Penderyn Village Substation,
unmatched_osm,Pendine Central Substation,
unmatched_osm,Pendine Primary Substation,
unmatched_osm,Pendine Vicarage Substation,
unmatched_osm,Pendoylan Substation,
unmatched_osm,Pendragon Substation,
unmatched_osm,Pendre Bridgend Substation,
unmatched_osm,Pendre Farm Substation,
unmatched_osm,Pendrill Neath Substation,
unmatched_osm,Pendyris St Substation,
unmatched_osm,Pendywyallt Rd Flats Substation,
unmatched_osm,Penfro Converter Station,
unmatched_osm,Pengam Primary Substation,
unmatched_osm,Pengam Road Substation,
unmatched_osm,Pengam Road Ystrad Mynach Substation,
unmatched_osm,Pengam School Substation,
unmatched_osm,Pengarnddu Estate Dowlais Substation,
unmatched_osm,Pengors Rd Substation,
unmatched_osm,Pengry Road Lower Loughor Substation,
unmatched_osm,Pengwern Rd Clase Substation,
unmatched_osm,Pengwyn Housing Site Substation,
unmatched_osm,Penhevad St Grangetown Substation,
unmatched_osm,Peniel Green Mg No1 Substation,
unmatched_osm,Peniel Rd Carmarthen Substation,
unmatched_osm,Penkin Hill Newport Substation,
unmatched_osm,Penlan Leisure Substation,
unmatched_osm,Penlan St Pentrebach Substation,
unmatched_osm,Penlan Water Tower Substation,
unmatched_osm,Penllergaer Green Recovery Services Substation,
unmatched_osm,Penllergaer Hsg No2 Substation,
unmatched_osm,Penllergaer Occupational Centre Substation,
unmatched_osm,Penllergaer Park Substation,
unmatched_osm,Penllergaer Rank Services Substation,
unmatched_osm,Penlline Rd Whitchurch Substation,
unmatched_osm,Penlline St Substation,
unmatched_osm,Penllwyn Hill Pontllanfraith Substation,
unmatched_osm,Penllwyn Hill School Substation,
unmatched_osm,Penllwyngwent Ind Site Substation,
unmatched_osm,Penllyn Avenue Newport Substation,
unmatched_osm,Penllyn Estate Farm Substation,
unmatched_osm,Penmaen Business Park Substation,
unmatched_osm,Penmaen Pump.Sta Substation,
unmatched_osm,Penmaen Rd Substation,
unmatched_osm,Penmaen Walk Saint Georges Substation,
unmatched_osm,Penmaes Rd Substation,
unmatched_osm,Penmark Rd Ely Substation,
unmatched_osm,Penmark Row Substation,
unmatched_osm,Penn Pharmaceuticals Substation,
unmatched_osm,Penn St Substation,
unmatched_osm,Pennant Ave Saundersfoot Substation,
unmatched_osm,Pennant Cres Cyncoed Substation,
unmatched_osm,Pennant Rd Llanelli Substation,
unmatched_osm,Pennant St Ebbw Vale Substation,
unmatched_osm,Pennar Housing Substation,
unmatched_osm,Pennard Street Manselton Substation,
unmatched_osm,Penny And Giles Pontllanfraith Substation,
unmatched_osm,Pennycress Substation,
unmatched_osm,Penpentre Substation,
unmatched_osm,Penperlleni School Substation,
unmatched_osm,Penprisk Housing Site No1 Substation,
unmatched_osm,Penrhiw Brynithel Substation,
unmatched_osm,Penrhiwfelin S/S Substation,
unmatched_osm,Penrhiwfer Factories Substation,
unmatched_osm,Penrhiwfer Rd Tonyrefail Substation,
unmatched_osm,Penrhiwgwaith Turbine Substation,
unmatched_osm,Penrhiwtyn Court Substation,
unmatched_osm,Penrhos Site Substation,
unmatched_osm,Penrice Close Substation,
unmatched_osm,Pensarn Llantarnam Substation,
unmatched_osm,Pensarn Local Frmu Carmarthen Substation,
unmatched_osm,Pensord Press Substation,
unmatched_osm,Penta Pack Substation,
unmatched_osm,Pentland Close Cardiff Substation,
unmatched_osm,Pentland Close Substation,
unmatched_osm,Pentlepoir Housing Saundersfoot Substation,
unmatched_osm,Pentonville. Newport. Substation,
unmatched_osm,Pentre Afan Substation,
unmatched_osm,Pentre Bach Substation,
unmatched_osm,Pentre Canol Substation,
unmatched_osm,Pentre Dock Substation,
unmatched_osm,Pentre Farm PV Generation,
unmatched_osm,Pentre Rd Maerdy Substation,
unmatched_osm,Pentre Rudc Substation,
unmatched_osm,Pentre Switching Station,
unmatched_osm,Pentre Tai Rd Substation,
unmatched_osm,Pentre Treharne Road Swansea Substation,
unmatched_osm,Pentrebach Care Home Substation,
unmatched_osm,Pentrebach Primary Substation,
unmatched_osm,Pentrebach Recycling Depot Substation,
unmatched_osm,Pentrebane North East Substation,
unmatched_osm,Pentrebane Rd Fairwater Substation,
unmatched_osm,Pentrebane Rd West Icp Substation,
unmatched_osm,Pentrebane South B Fairwater Substation,
unmatched_osm,Pentrebane St Grangetown Substation,
unmatched_osm,Pentrechwyth Substation,
unmatched_osm,Pentrefelin Local Substation,
unmatched_osm,Pentregethin Rd Substation,
unmatched_osm,Pentregroes Solar Park 11Kv Sw Stn Substation,
unmatched_osm,Pentremawr Landore Substation,
unmatched_osm,Pentremeurig Estate No 2 Substation,
unmatched_osm,Pentremeurig Estate No1 Substation,
unmatched_osm,Pentrepoeth Bassaleg Substation,
unmatched_osm,Pentwyn Baglan Baglan Substation,
unmatched_osm,Pentwyn Hill Substation,
unmatched_osm,Pentwyn Leisure Centre Substation,
unmatched_osm,Pentwyn Terrace Marshfield Substation,
unmatched_osm,Pentwyn Trinant Substation,
unmatched_osm,Pentwyn Village Substation,
unmatched_osm,Pentwynmawr Substation,
unmatched_osm,Pentyla Sarn Substation,
unmatched_osm,Pentyntyla Penrhys Housing Site Substation,
unmatched_osm,Pentyrch Substation,
unmatched_osm,Penvillia Substation,
unmatched_osm,Penyard Neath Abbey Substation,
unmatched_osm,Penyard Substation,
unmatched_osm,Penybanc Depot Delanair Substation,
unmatched_osm,Penybanc Seven Sisters Substation,
unmatched_osm,Penybanc Substation,
unmatched_osm,Penybont Cwmtillery Substation,
unmatched_osm,Penybont Gilwern Substation,
unmatched_osm,Penybont Glanamman Substation,
unmatched_osm,Penybryn Bettws Substation,
unmatched_osm,Penybryn Filter Beds Substation,
unmatched_osm,Penybryn Penrhys Substation,
unmatched_osm,Penybryn Terrace Substation,
unmatched_osm,Penycae Risca Substation,
unmatched_osm,Penycae Substation,
unmatched_osm,Penycoedcae Pump.Sta Substation,
unmatched_osm,Penydarren Park Substation,
unmatched_osm,Penyfai Hill Substation,
unmatched_osm,Penyfai Llanelli Substation,
unmatched_osm,Penyfai Rd Substation,
unmatched_osm,Penyfal Park Substation,
unmatched_osm,Penyfan Bakery Substation,
unmatched_osm,Penyfan Pond Substation,
unmatched_osm,Penyfro Dunvant Substation,
unmatched_osm,Penygaer Rd Llanelli Substation,
unmatched_osm,Penygarn Fach Substation,
unmatched_osm,Penygarn Pontypool Substation,
unmatched_osm,Penygarn School Substation,
unmatched_osm,Penygawsi Substation,
unmatched_osm,Penygraig Llanishen Substation,
unmatched_osm,Penygraig Solva Substation,
unmatched_osm,Penygraig Substation,
unmatched_osm,Penygroes School Substation,
unmatched_osm,Penygroes Square Substation,
unmatched_osm,Penylan Rd Substation,
unmatched_osm,Penylan Terrace Penylan Substation,
unmatched_osm,Penylan Water Tower Substation,
unmatched_osm,Penymor Road Penlan Substation,
unmatched_osm,Penyparc Pontnewydd Substation,
unmatched_osm,Penyrallt Substation,
unmatched_osm,Penyrheol Gorseinon Substation,
unmatched_osm,Penyrheol North Energlyn Substation,
unmatched_osm,Penyrheol School Penylan Substation,
unmatched_osm,Penyrheol School Substation,
unmatched_osm,Penyrheol Wind Turbine Substation,
unmatched_osm,Penyrheollas Solar Park 11Kv Sw Stn Substation,
unmatched_osm,Penyrhiw Risca Substation,
unmatched_osm,Penywaun East Substation,
unmatched_osm,Penywaun Substation,
unmatched_osm,Penywerlod Tce Substation,
unmatched_osm,Penywern Road Substation,
unmatched_osm,Peoples Park Llanelli Substation,
unmatched_osm,Percswn Court Substation,
unmatched_osm,Pergwm Substation,
unmatched_osm,Perkin Elmer Substation,
unmatched_osm,Perrots Rd Substation,
unmatched_osm,Persimmon Aberaman Substation,
unmatched_osm,Persimmon/ Westwick 8 Substation,
unmatched_osm,Perthcelyn Substation,
unmatched_osm,Perthi Gwynion No 1 Wind Generation Substation,
unmatched_osm,Petergate Gardens Substation,
unmatched_osm,Peters Savouries Substation,
unmatched_osm,Peterston Super Ely S/S Substation,
unmatched_osm,Pettingale Rd Substation,
unmatched_osm,Phase 2 Castleland Substation,
unmatched_osm,Phase B Wentloog Substation,
unmatched_osm,Pheonix Works Birchgrove Substation,
unmatched_osm,Philip Close Birchgrove Substation,
unmatched_osm,Philips Solar Farm Substation,
unmatched_osm,Phillip St Canton Substation,
unmatched_osm,Phoenix Housing Substation,
unmatched_osm,Phoenix Retail Park Substation,
unmatched_osm,Phoenix Tubes Abercannaid Substation,
unmatched_osm,Phoenix Way Garngoch Substation,
unmatched_osm,Phoenix Way Substation,
unmatched_osm,Phyllis St Barry Substation,
unmatched_osm,Piano Actions Llanelli Substation,
unmatched_osm,Pibwrlwyd Technical Institute Substation,
unmatched_osm,Piccadilly Caerphilly Substation,
unmatched_osm,Pickets Mead Substation,
unmatched_osm,Pickfords Substation,
unmatched_osm,Pickles Place Substation,
unmatched_osm,Picton Ave Porthcawl Substation,
unmatched_osm,Picton Close Substation,
unmatched_osm,Picton Court Substation,
unmatched_osm,Picton Field Pumping Station Haverfordwe Substation,
unmatched_osm,Picton Lane No1 Substation,
unmatched_osm,Picton Lane No2 Substation,
unmatched_osm,Picton Road Substation,
unmatched_osm,Picton Terrace Carmarthen Substation,
unmatched_osm,Pier Hotel Substation,
unmatched_osm,Pier Road Pemb Dock Substation,
unmatched_osm,Pierhead St Car Park Substation,
unmatched_osm,Pierhead St No1 Substation,
unmatched_osm,Pierhead St No2 Substation,
unmatched_osm,Pilgrims Way Substation,
unmatched_osm,Pill End Road Substation,
unmatched_osm,Pill Milford Haven Substation,
unmatched_osm,Pillmawr Substation,
unmatched_osm,Pilton Place Gabalfa Substation,
unmatched_osm,Pilton Vale Estate North Substation,
unmatched_osm,Pilton Vale No1 Substation,
unmatched_osm,Pilton Vale No2 Substation,
unmatched_osm,Pilycynffig Substation,
unmatched_osm,Pimms Lane Substation,
unmatched_osm,Pin It Pastry Substation,
unmatched_osm,Pine Hill Substation,
unmatched_osm,Pine Valley Substation,
unmatched_osm,Pinecraven Substation,
unmatched_osm,Pinecrest Thornhill Substation,
unmatched_osm,Pinegrove Cimla Substation,
unmatched_osm,Pinetree Substation,
unmatched_osm,Pinewood Clase Substation,
unmatched_osm,Pinewood Cres Llanedeyrn Substation,
unmatched_osm,Pioneer Terrace Cwmfelinfach Substation,
unmatched_osm,Pipe House Wharf Mg Board Substation,
unmatched_osm,Piper Clyne Court Substation,
unmatched_osm,Pisgah Rd Substation,
unmatched_osm,Pisgah St Substation,
unmatched_osm,Pitwood Hse Merthyr Substation,
unmatched_osm,Plane Grove Merthyr Substation,
unmatched_osm,Plantation Drive Substation,
unmatched_osm,Plantation Saundersfoot Substation,
unmatched_osm,Plas Ave Substation,
unmatched_osm,Plas Kenfig Substation,
unmatched_osm,Plas Rd Substation,
unmatched_osm,Plas Road Grovesend Substation,
unmatched_osm,Plas Ty Draw Substation,
unmatched_osm,Plasbach S/S Ynysforgan Substation,
unmatched_osm,Plasdraw Substation,
unmatched_osm,Plasdwr Radyr Substation,
unmatched_osm,Plasma Technic Substation,
unmatched_osm,Plasmarl Ind.Est Substation,
unmatched_osm,Plasmawr Rd Substation,
unmatched_osm,Plasnewydd House Substation,
unmatched_osm,Plasnewydd Substation,
unmatched_osm,Plassey Square Penarth Substation,
unmatched_osm,Plasturton Gardens Substation,
unmatched_osm,Plasyfforest Substation,
unmatched_osm,Plateau No4 Oakdale Substation,
unmatched_osm,Players Works Clydach Substation,
unmatched_osm,Plaza Pontllanfraith Substation,
unmatched_osm,Pleasant Valley Caravan Park Substation,
unmatched_osm,Pleasant View Bedlinog Substation,
unmatched_osm,Pleasant View Caravan Site Substation,
unmatched_osm,Pleasant View Dunvant Substation,
unmatched_osm,Pleshey Close Substation,
unmatched_osm,Plot 11 Cardiff Gate Substation,
unmatched_osm,Plot 2 Tafarnaubach Substation,
unmatched_osm,Plot 8 Baglan Energy Park Substation,
unmatched_osm,Plot C1 Coed Ely Substation,
unmatched_osm,Plough & Harrow Neath Abbey Substation,
unmatched_osm,Plough Aberdare Substation,
unmatched_osm,Plough Corner Pontllanfraith Substation,
unmatched_osm,Plough Inn Whitchurch Substation,
unmatched_osm,Plover Close Substation,
unmatched_osm,Pluckey House Substation,
unmatched_osm,Plum Tree Farm Substation,
unmatched_osm,Plunch Lane Substation,
unmatched_osm,Plymouth Park Substation,
unmatched_osm,Plymouth Rd Barry Substation,
unmatched_osm,Plymouth Rd Hopkinstown Substation,
unmatched_osm,Plymouth Rd Penarth Substation,
unmatched_osm,Plymouthwood Cres Ely Substation,
unmatched_osm,Pockets Wharf Substation,
unmatched_osm,Police Custody Suite Substation,
unmatched_osm,Police Firing Range Substation,
unmatched_osm,Police Head Quarters Substation,
unmatched_osm,Police Houses Waterton Substation,
unmatched_osm,Police Hq Ammanford Substation,
unmatched_osm,Police Hq Llangunnor Substation,
unmatched_osm,Police Hq Substation,
unmatched_osm,Police Station Briton Ferry Substation,
unmatched_osm,Police Station Dafen Substation,
unmatched_osm,Police Station Dumballs Rd No 2 Substation,
unmatched_osm,Police Station Dumballs Rd No1 Substation,
unmatched_osm,Police Station Porthcawl Substation,
unmatched_osm,Police Station Substation,
unmatched_osm,Polikoffs Substation,
unmatched_osm,Polo Ground Industrial Estate Substation,
unmatched_osm,Polya Llanhilleth Substation,
unmatched_osm,Polyblank Leckwith Substation,
unmatched_osm,Polyblank Swg Site Substation,
unmatched_osm,Pond Bridge Housing Substation,
unmatched_osm,Pond Row Substation,
unmatched_osm,Pont Andrew PV Generation,
unmatched_osm,Pont Ebbw Substation,
unmatched_osm,Pont Rhydycuff Substation,
unmatched_osm,Pont Richard Eynon Abergwili Road Carmar Substation,
unmatched_osm,Pont Y Wern Bridge Substation,
unmatched_osm,Pontabraham M4 Services Substation,
unmatched_osm,Pontamman Substation,
unmatched_osm,Pontardawe Abbatoir Substation,
unmatched_osm,Pontardawe Comp. School Substation,
unmatched_osm,Pontardawe Cross Substation,
unmatched_osm,Pontardawe Leisure Centre Substation,
unmatched_osm,Pontardawe Primary Substation,
unmatched_osm,Pontardawe Quarries Substation,
unmatched_osm,Pontardawe Rd Rmu Substation,
unmatched_osm,Pontardulais Comprehensive School Substation,
unmatched_osm,Pontardulais Kiosk Substation,
unmatched_osm,Pontardulais Pump. Sta. Substation,
unmatched_osm,Pontardulais Rd Fforestfach Substation,
unmatched_osm,Pontardulais Road Gorseinon Substation,
unmatched_osm,Pontargothi Substation,
unmatched_osm,Pontcanna House Substation,
unmatched_osm,Pontcynon No2 Substation,
unmatched_osm,Ponthenry Advance Factory Substation,
unmatched_osm,Ponthir Inlet Works Substation,
unmatched_osm,Ponthir Sewage Works Substation,
unmatched_osm,Ponthir Substation,
unmatched_osm,Pontins Camp Substation,
unmatched_osm,Pontllanffraith Primary Substation,
unmatched_osm,Pontllanfraith Council Yard Substation,
unmatched_osm,Pontllanfraith Grammar School Substation,
unmatched_osm,Pontllanfraith Junior School Substation,
unmatched_osm,Pontlottyn North Substation,
unmatched_osm,Pontnewydd Cwmbran Substation,
unmatched_osm,Pontnewynydd Ind Est Frmu Substation,
unmatched_osm,Pontnewynydd Town Substation,
unmatched_osm,Pontprennau 3A Substation,
unmatched_osm,Pontprennau Development Pentwyn Cardiff Substation,
unmatched_osm,Pontrhondda College Substation,
unmatched_osm,Pontrhondda Rd Substation,
unmatched_osm,Pontrilas Substation,
unmatched_osm,Pontsticill Treatment Works Substation,
unmatched_osm,Pontwalby Substation,
unmatched_osm,Ponty Park Substation,
unmatched_osm,Pontyates Primary Substation,
unmatched_osm,Pontyberem Sewage Substation,
unmatched_osm,Pontyclun Pipe Works Substation,
unmatched_osm,Pontyclun Primary Substation,
unmatched_osm,Pontyclun Substation,
unmatched_osm,Pontycob Rd Substation,
unmatched_osm,Pontycymmer Substation,
unmatched_osm,Pontycynon Substation,
unmatched_osm,Pontyfelin Rd Ind Site Substation,
unmatched_osm,Pontygof Ebbw Vale Substation,
unmatched_osm,Pontygwindy Substation,
unmatched_osm,Pontylady Pump.Sta No1 Substation,
unmatched_osm,Pontylady Pump.Sta No2 Substation,
unmatched_osm,Pontymister Sawmills Substation,
unmatched_osm,Pontymoile Gyratory Substation,
unmatched_osm,Pontypandy Housing Site Substation,
unmatched_osm,Pontypool Civic Substation,
unmatched_osm,Pontypool Leisure Centre Substation,
unmatched_osm,Pontypool North Primary Substation,
unmatched_osm,Pontypool Town Substation,
unmatched_osm,Pontypridd Cottage Hospital Substation,
unmatched_osm,Pontypridd Rd Porth Substation,
unmatched_osm,Pontywaun Substation,
unmatched_osm,Pontywedo Tredegar Substation,
unmatched_osm,Poplar Rd Cwmbran Substation,
unmatched_osm,Poplar Rd Rhydfelin Substation,
unmatched_osm,Poplar Road Fairwater Substation,
unmatched_osm,Poplars Rd Substation,
unmatched_osm,Popular Playthings No1 Substation,
unmatched_osm,Popular Playthings No2 Substation,
unmatched_osm,Porcher Ave Glyncoch Substation,
unmatched_osm,Porsche Garage Penarth Rd Substation,
unmatched_osm,Porset Brook Caerphilly Substation,
unmatched_osm,Port Eynon Pump.Sta Substation,
unmatched_osm,Port Rd Maesglas Substation,
unmatched_osm,Port Road Retail Park Substation,
unmatched_osm,Port Services Substation,
unmatched_osm,Port Talbot Magistrates Court Substation,
unmatched_osm,Port Tennant Rd Substation,
unmatched_osm,Portfield Training Centre Substation,
unmatched_osm,Porth Clais Substation,
unmatched_osm,Porth Gas Works Substation,
unmatched_osm,Porth School Cemetery Rd Substation,
unmatched_osm,Porth Substation,
unmatched_osm,Porth-Y-Castell Porthkerry Substation,
unmatched_osm,Porthamel Rd Birchgrove Substation,
unmatched_osm,Porthcawl Comprehensive School Substation,
unmatched_osm,Porthkerry Rd Barry Substation,
unmatched_osm,Porthkerry Sewage Barry Substation,
unmatched_osm,Porthycastell Rmu Substation,
unmatched_osm,Porthygarn St Substation,
unmatched_osm,Portiscliff Substation,
unmatched_osm,Portishead Substation,
unmatched_osm,Portland St Substation,
unmatched_osm,Portmanmoor Printers Substation,
unmatched_osm,Portmanmoor Rd Substation,
unmatched_osm,Portmead Avenue Blaenymaes Substation,
unmatched_osm,Portway Substation,
unmatched_osm,Post Office Abergavenny Substation,
unmatched_osm,Post Office Cwmbran Substation,
unmatched_osm,Post Office Flats Substation,
unmatched_osm,Posthouse Pentwyn Substation,
unmatched_osm,Potteries Swansea Substation,
unmatched_osm,Pottery Site Substation,
unmatched_osm,Pottery St Substation,
unmatched_osm,Pottery Terrace Substation,
unmatched_osm,Powell Duffryn Substation,
unmatched_osm,Powell Substation,
unmatched_osm,Powells Tce New Tredegar Substation,
unmatched_osm,Power St Substation,
unmatched_osm,Power Station Upper Boat Substation,
unmatched_osm,Practicolour Substation,
unmatched_osm,Precinct No2 Substation,
unmatched_osm,Precinct Tredegar Substation,
unmatched_osm,Precision Castings Substation,
unmatched_osm,Preclinical Substation,
unmatched_osm,Prefab Aberbargoed Substation,
unmatched_osm,Prefabrication Works Llandybie Substation,
unmatched_osm,Premier Forest Substation,
unmatched_osm,Prendergast Hill Substation,
unmatched_osm,Presby Llanelly Substation,
unmatched_osm,Preskilly Terrace Substation,
unmatched_osm,Presto Stores Cadoxton Barry Substation,
unmatched_osm,Preswylfa Canton Substation,
unmatched_osm,Preswylfa Substation,
unmatched_osm,Price Bros Atlantic Trad Sully Substation,
unmatched_osm,Primary Care Centre Substation,
unmatched_osm,Primary School Colwinston Substation,
unmatched_osm,Primary School Pembroke Dock Substation,
unmatched_osm,Primary School Substation,
unmatched_osm,Primrose Court Substation,
unmatched_osm,Primrose Court Tonyrefail Substation,
unmatched_osm,Primrose Tce Llwyncelyn Substation,
unmatched_osm,Prince Charles Hospital Substation,
unmatched_osm,Prince Of Wales Hospital Substation,
unmatched_osm,Prince Of Wales South Substation,
unmatched_osm,Prince Philip Hospital Theatre Substation,
unmatched_osm,Princes Avenue Caerphilly Substation,
unmatched_osm,Princes Food Ocean Way Swg Site Substation,
unmatched_osm,Princes Gate Substation,
unmatched_osm,Princes St Substation,
unmatched_osm,Princess Margaret Way Substation,
unmatched_osm,Princess Of Wales Hospital Substation,
unmatched_osm,Princess St Blaenllechau Substation,
unmatched_osm,Princess St Substation,
unmatched_osm,Princess Street Llanelli Substation,
unmatched_osm,Princess Way Hotel Substation,
unmatched_osm,Princess Way Office Block Substation,
unmatched_osm,Principality House No2 Substation,
unmatched_osm,Principality House Substation,
unmatched_osm,Printpac Cwmbran Substation,
unmatched_osm,Priority Site West Wick Business Park Substation,
unmatched_osm,Priors Gate Substation,
unmatched_osm,Priors Town Substation,
unmatched_osm,Priory Back Tce Substation,
unmatched_osm,Priory Brake Substation,
unmatched_osm,Priory Business Park Substation,
unmatched_osm,Priory Cottage Substation,
unmatched_osm,Priory Farm Haverfordwest Substation,
unmatched_osm,Priory Gardens Substation,
unmatched_osm,Priory Milford Haven Substation,
unmatched_osm,Priory School Substation,
unmatched_osm,Priory Street Kidwelly Substation,
unmatched_osm,Priory Wood Pump Station Substation,
unmatched_osm,Prison Commission Clase Substation,
unmatched_osm,Pritchard Court Substation,
unmatched_osm,Probation Office Substation,
unmatched_osm,Proctors Wire Works Substation,
unmatched_osm,Prospect Place Cardiff Substation,
unmatched_osm,Prospect Place Treorchy Substation,
unmatched_osm,Prosser St Substation,
unmatched_osm,Prouts Park Farm Turbine Substation,
unmatched_osm,Pryce St Mountain Ash Substation,
unmatched_osm,Pryce Street Llanelli Substation,
unmatched_osm,Prydwen Road Ind Est Substation,
unmatched_osm,Public Hall Brynamman Substation,
unmatched_osm,Public Hall Cross Hands Substation,
unmatched_osm,Public Hall Felin Foel Substation,
unmatched_osm,Puffin Produce Complex Substation,
unmatched_osm,Puffin Produce Withybush Substation,
unmatched_osm,Pugsley Gardens Substation,
unmatched_osm,Pumping Station Tir John Substation,
unmatched_osm,Purcell Ave Substation,
unmatched_osm,Purcell Road Llanrumney Substation,
unmatched_osm,Purolite Unit D Substation,
unmatched_osm,Puttingthorpe Drive Substation,
unmatched_osm,Puxton Park Gmt Substation,
unmatched_osm,Pwll School Substation,
unmatched_osm,Pwll Sewage Substation,
unmatched_osm,Pwll Trap Substation,
unmatched_osm,Pwll Yard Substation,
unmatched_osm,Pwllandras Substation,
unmatched_osm,Pwllfa Gwatkin Substation,
unmatched_osm,Pwllgwaun Rd Pontypridd Substation,
unmatched_osm,Pwllmelin Rd Fairwater Substation,
unmatched_osm,Pwllygarth St Substation,
unmatched_osm,Pye Corner Rogerstone Substation,
unmatched_osm,Pye Pump.Sta Substation,
unmatched_osm,Pyle Bridge Substation,
unmatched_osm,Pyle Cross Substation,
unmatched_osm,Pyle Filling Station Substation,
unmatched_osm,Pyle Inn Way Substation,
unmatched_osm,Pyle Primary Substation,
unmatched_osm,Pyle Rd Ely Substation,
unmatched_osm,Pyle Supergrid Substation,
unmatched_osm,QUARRY WAY,
unmatched_osm,QUEENS ROAD,
unmatched_osm,Quadrangle Substation,
unmatched_osm,Quadrant Substation,
unmatched_osm,Quaintways Substation,
unmatched_osm,Quality Coatings Substation,
unmatched_osm,Quantum Electronics Substation,
unmatched_osm,Quarella Substation,
unmatched_osm,Quarry Dale Rumney Substation,
unmatched_osm,Quarry Hill Llanrumney Substation,
unmatched_osm,Quarry Road Mountain Ash Substation,
unmatched_osm,Quarry Road Radyr Substation,
unmatched_osm,Quarter Mile Rd Substation,
unmatched_osm,Quay Parade Substation,
unmatched_osm,Quay Pumping Station Substation,
unmatched_osm,Quay Side Substation,
unmatched_osm,Quay St Ammanford Substation,
unmatched_osm,Quay St Substation,
unmatched_osm,Quay Street Carmarthen Substation,
unmatched_osm,Quays Office Substation,
unmatched_osm,Quays Service Response Centre Substation,
unmatched_osm,Quayside Substation,
unmatched_osm,Queen Elizabeth High School Substation,
unmatched_osm,Queen Modwin Substation,
unmatched_osm,Queen St Station No1 Substation,
unmatched_osm,Queen St Station No2 Substation,
unmatched_osm,Queen Street Abergavenny Substation,
unmatched_osm,Queens Ave Substation,
unmatched_osm,Queens Close Substation,
unmatched_osm,Queens Court Substation,
unmatched_osm,Queens Dock Frmu 1 Substation,
unmatched_osm,Queens Dock Frmu 2 Substation,
unmatched_osm,Queens Exchange Merthyr Substation,
unmatched_osm,Queens Rd Croeserw Substation,
unmatched_osm,Queens Rd New Tredegar Substation,
unmatched_osm,Queens Road North Substation,
unmatched_osm,Queens Road Penarth Substation,
unmatched_osm,Queens St Substation,
unmatched_osm,Queens Street Pontypool Substation,
unmatched_osm,Queensgate North Substation,
unmatched_osm,Queensway Auctions Newport Substation,
unmatched_osm,Queensway Fforestfach Substation,
unmatched_osm,Queensway Haverfordwest Substation,
unmatched_osm,Queensway Meadows Substation,
unmatched_osm,Queensway Substation,
unmatched_osm,Queensway West Substation,
unmatched_osm,Quest No2 Substation,
unmatched_osm,Quilter Close Newport Substation,
unmatched_osm,R & R Engineering Jersey Marine Substation,
unmatched_osm,R D L Advance Factory Treorchy Substation,
unmatched_osm,R Tek No1 Substation,
unmatched_osm,R Tek No2 Substation,
unmatched_osm,R W E East Aberthaw Substation,
unmatched_osm,RALEIGH ROAD,
unmatched_osm,RANSDOLF AVE,
unmatched_osm,REDACRE,
unmatched_osm,REDFORD CRES OD,
unmatched_osm,REDLAND COURT RD,
unmatched_osm,RIDINGLEAZE OD,
unmatched_osm,RIVERLAND DRIVE OD,
unmatched_osm,RMC Callow Substation,
unmatched_osm,ROCKINGHAM,
unmatched_osm,ROCKINGHAM ASHALT,
unmatched_osm,RODMEAD WALK OD,
unmatched_osm,ROYAL OAK,
unmatched_osm,RROCKINGHAM BUSINESS PARK,
unmatched_osm,RYE CLOSE OD,
unmatched_osm,Race Electronics Pontyclun Substation,
unmatched_osm,Rack Substation,
unmatched_osm,Radbourne Nantyglo Substation,
unmatched_osm,Radio Chemicals Whitchurch Substation,
unmatched_osm,Radio Rentals Treforest Substation,
unmatched_osm,Radio Station Belmont Substation,
unmatched_osm,Radnor Rd Substation,
unmatched_osm,Radyr Chain Substation,
unmatched_osm,Radyr Comp School Substation,
unmatched_osm,Radyr Place Gabalfa Substation,
unmatched_osm,Radyr Sidings Substation,
unmatched_osm,Radyr Substation,
unmatched_osm,Radyr Vale Substation,
unmatched_osm,Radyr Weir Substation,
unmatched_osm,Raf Locking Amq No1 Substation,
unmatched_osm,Raf Locking No1 Radio School Substation,
unmatched_osm,Raf St Athan Substation,
unmatched_osm,Raf Templeton Substation,
unmatched_osm,Raglan Barracks. Newport. Substation,
unmatched_osm,Raglan Court Substation,
unmatched_osm,Raglan Place Substation,
unmatched_osm,Raglan St Newport Substation,
unmatched_osm,Rail Freight Substation,
unmatched_osm,Railway Cottages Substation,
unmatched_osm,Railway House Substation,
unmatched_osm,Railway Sidings Newport Substation,
unmatched_osm,Railway Station Substation,
unmatched_osm,Railway Tavern Risca Substation,
unmatched_osm,Railway Tce Llandeilo Substation,
unmatched_osm,Railway Terrace Substation,
unmatched_osm,Railway Terrace Tumble Substation,
unmatched_osm,Rainbow Plaza Substation,
unmatched_osm,Ramsden Court Substation,
unmatched_osm,Ramsey Rd Substation,
unmatched_osm,Rank Substation,
unmatched_osm,Rannock Drive Substation,
unmatched_osm,Ransford Substation,
unmatched_osm,Rapeseed Substation,
unmatched_osm,Rapports Substation,
unmatched_osm,Rassau School Rassau Substation,
unmatched_osm,Rassau Supergrid Substation,
unmatched_osm,Rassau Unit 18 Grid Substation,
unmatched_osm,Rassau West Primary Substation,
unmatched_osm,Rassau Wrap Substation,
unmatched_osm,Rateheath Marina Substation,
unmatched_osm,Raven Close Substation,
unmatched_osm,Ravenhill Primary Local Frmu Substation,
unmatched_osm,Ravenhill Primary Substation,
unmatched_osm,Ravens Walk Substation,
unmatched_osm,Ravensbrook Substation,
unmatched_osm,Ravenscourt Cwmbran Substation,
unmatched_osm,Rawlinson Terr Tredegar Substation,
unmatched_osm,Raymond Tce Treforest Substation,
unmatched_osm,Rc School Cyntwell Substation,
unmatched_osm,Rc School Dowlais Substation,
unmatched_osm,Rct Offices Coed Ely Substation,
unmatched_osm,Reads Rhymney Substation,
unmatched_osm,Rechem No2 Substation,
unmatched_osm,Recover Rollers Substation,
unmatched_osm,Rectory Court Substation,
unmatched_osm,Rectory Rd Bedwas Substation,
unmatched_osm,Rectory Tenby Substation,
unmatched_osm,Red Brook Caerphilly Substation,
unmatched_osm,Red Court Solar Farm Substationn,
unmatched_osm,Red Dale Llanharry Substation,
unmatched_osm,Red House Cres Ely Substation,
unmatched_osm,Red House Substation,
unmatched_osm,Red Lane Substation,
unmatched_osm,Red Lion Square Substation,
unmatched_osm,Red Rose Substation,
unmatched_osm,Redbrook Houses Machen Substation,
unmatched_osm,Redcliffe Ave Canton Substation,
unmatched_osm,Redcliffe Hotel Substation,
unmatched_osm,Redcliffe Substation,
unmatched_osm,Redfoofs Brynna Substation,
unmatched_osm,Redholme Thornhill Substation,
unmatched_osm,Redlands Close Substation,
unmatched_osm,Redlands Substation,
unmatched_osm,Redlaver St Library Grangetown Substation,
unmatched_osm,Redrow / Catbrain Lane,
unmatched_osm,Redrow Brynmenyn Substation,
unmatched_osm,Redrow Coychurch Substation,
unmatched_osm,Redrow Heolgerrig Substation,
unmatched_osm,Redrow Homes Ebdon Grounds Substation,
unmatched_osm,Redrow Incline Top Substation,
unmatched_osm,Redstone Rd Narberth Substation,
unmatched_osm,Reedley Road,
unmatched_osm,Rees House Substation,
unmatched_osm,Rees Quarry Substation,
unmatched_osm,Rees St Twynyroden Substation,
unmatched_osm,Reeves Road Substation,
unmatched_osm,Regency Sunnyside Road Substation,
unmatched_osm,Regent House Substation,
unmatched_osm,Regent St Briton Ferry Substation,
unmatched_osm,Regents Gate Substation,
unmatched_osm,Rembrandt Way. Newport. Substation,
unmatched_osm,Reme Substation,
unmatched_osm,Remploy Factory Substation,
unmatched_osm,Renault Penarth Rd Substation,
unmatched_osm,Renoir Rd Substation,
unmatched_osm,Renold Gears Wentloog Substation,
unmatched_osm,Reservoir Kiosk Brynhill Substation,
unmatched_osm,Residential School Substation,
unmatched_osm,Resolven Square Substation,
unmatched_osm,Resolven Wda Substation,
unmatched_osm,Retail Park Baglan Substation,
unmatched_osm,Retail Park Substation,
unmatched_osm,Retail Units Tregwil Ym Rd Substation,
unmatched_osm,Retail Wood St Substation,
unmatched_osm,Reynallt Place Flats Substation,
unmatched_osm,Reynault Place Substation,
unmatched_osm,Reynoldston Smithy Substation,
unmatched_osm,Rf Brookes No1 Substation,
unmatched_osm,Rf Brookes No2 Substation,
unmatched_osm,Rhedyn Substation,
unmatched_osm,Rheidol Ave Substation,
unmatched_osm,Rheidol Close Cwmbach Substation,
unmatched_osm,Rheidol Drive Barry Substation,
unmatched_osm,Rheoboth Substation,
unmatched_osm,Rhewl Farm Solar Park,
unmatched_osm,Rhigos Road Gas Gen,
unmatched_osm,Rhigos Supergrid Substation,
unmatched_osm,Rhiw Garn Trebanog Substation,
unmatched_osm,Rhiw Park Substation,
unmatched_osm,Rhiwau Pump Station Substation,
unmatched_osm,Rhiwbina Substation,
unmatched_osm,Rhiwddar Taffswell Substation,
unmatched_osm,Rhiwderin Close Saint Georges Substation,
unmatched_osm,Rhiwderin Substation,
unmatched_osm,Rhiwsaeson Sewage Works Substation,
unmatched_osm,Rhodfa Fadog Crc Substation,
unmatched_osm,Rhondda Fever Hospital Substation,
unmatched_osm,Rhondda Heritage Park Trehafod Substation,
unmatched_osm,Rhondda North Hospital Treorchy Substation,
unmatched_osm,Rhondda Transport Substation,
unmatched_osm,Rhoose Crdc Porthkerry Substation,
unmatched_osm,Rhoose Point 1 Substation,
unmatched_osm,Rhoose Point No 2 Substation,
unmatched_osm,Rhoose School Substation,
unmatched_osm,Rhoose Sewage Substation,
unmatched_osm,Rhoose Ymca Substation,
unmatched_osm,Rhoslan Sirhowy Substation,
unmatched_osm,Rhoslas Substation,
unmatched_osm,Rhoslas Tregynwr Substation,
unmatched_osm,Rhosnewydd Housing Substation,
unmatched_osm,Rhosog Pump.Sta Substation,
unmatched_osm,Rhuddlan Blackwood Substation,
unmatched_osm,Rhych Ave Substation,
unmatched_osm,Rhyd Hir Longford Substation,
unmatched_osm,Rhyd Y Bedd Merthyr Substation,
unmatched_osm,Rhyd Y Pandy Solar Park,
unmatched_osm,Rhyd Y Pennau Rd Substation,
unmatched_osm,Rhyd-Y-Blewyn Rd Cyncoed Substation,
unmatched_osm,Rhydding Park Substation,
unmatched_osm,Rhyddings Neath Abbey Substation,
unmatched_osm,Rhydlafar Housing Substation,
unmatched_osm,Rhydyfelin Substation,
unmatched_osm,Rhydygerddinen Substation,
unmatched_osm,Rhydypennau Rd East Substation,
unmatched_osm,Rhydypolon Gorseinon Substation,
unmatched_osm,Rhydywaun Welsh School Substation,
unmatched_osm,Rhymney Bridge Pumping Station Substation,
unmatched_osm,Rhymney Terrace Substation,
unmatched_osm,Rhys St (Gelli) Substation,
unmatched_osm,Ribble Walk Substation,
unmatched_osm,Ribbon Factory Substation,
unmatched_osm,Richard St Barry Substation,
unmatched_osm,Richard St Substation,
unmatched_osm,Richardson St Substation,
unmatched_osm,Richley Close Substation,
unmatched_osm,Richmond Apartments Substation,
unmatched_osm,Richmond Rd Abertillery Substation,
unmatched_osm,Richmond Rd Newport Substation,
unmatched_osm,Richmond Rd Substation,
unmatched_osm,Richmond Tce Substation,
unmatched_osm,Rickard St Substation,
unmatched_osm,Rickards Substation,
unmatched_osm,Ridgeway Avenue Substation,
unmatched_osm,Ridgeway Broadfield Substation,
unmatched_osm,Ridgeway Killay Substation,
unmatched_osm,Ridgeway Road Llanrumney Substation,
unmatched_osm,Ridgewood Park Substation,
unmatched_osm,Riga Rossa No1 Substation,
unmatched_osm,Riga Rossa No2 Substation,
unmatched_osm,Ringland Health Centre Substation,
unmatched_osm,Ringland Mast Substation,
unmatched_osm,Ringland Newport Primary Substation,
unmatched_osm,Ringland Tower Newport Substation,
unmatched_osm,Ringtel Llantarnam Substation,
unmatched_osm,Ringwood Ave Substation,
unmatched_osm,Risca Cemetary Substation,
unmatched_osm,Risca Central Substation,
unmatched_osm,Risca Comp School Substation,
unmatched_osm,Risca Gasworks Substation,
unmatched_osm,Risca Substation,
unmatched_osm,Rising Sun Blaina Substation,
unmatched_osm,Rising Sun Rogerstone Substation,
unmatched_osm,Rising Wood Coed Y Cwm Substation,
unmatched_osm,Ritz Substation,
unmatched_osm,River Bank Walk Substation,
unmatched_osm,River Plunge Substation,
unmatched_osm,River Protection Substation,
unmatched_osm,River St Substation,
unmatched_osm,River View Substation,
unmatched_osm,River Walk St Edeyrns Substation,
unmatched_osm,Riverglade Substation,
unmatched_osm,Riverside Aberfan Substation,
unmatched_osm,Riverside Ave Substation,
unmatched_osm,Riverside Caravan Park Substation,
unmatched_osm,Riverside Drive Substation,
unmatched_osm,Riverside Frmu No1 Substation,
unmatched_osm,Riverside Frmu No2 Substation,
unmatched_osm,Riverside Llanbradach Substation,
unmatched_osm,Riverside Newbridge Substation,
unmatched_osm,Riverside Place Barry Substation,
unmatched_osm,Riverside Plastics Substation,
unmatched_osm,Riverside Pontypool Substation,
unmatched_osm,Riverside Shops Taff St Substation,
unmatched_osm,Riverside Substation,
unmatched_osm,Riverside Treforest Substation,
unmatched_osm,Riverview East. Newport. Substation,
unmatched_osm,Riverview West. Newport. Substation,
unmatched_osm,Rm Douglas Substation,
unmatched_osm,Rn Depot Llangennech Substation,
unmatched_osm,Roath Basin Boatyard Substation,
unmatched_osm,Roath Community Centre Substation,
unmatched_osm,Roath Court Place Substation,
unmatched_osm,Roath Court Rd Substation,
unmatched_osm,Roath Inner Lock Swingbridge Docks Substation,
unmatched_osm,Robert St Milford Substation,
unmatched_osm,Robert St Ynysybwl Substation,
unmatched_osm,Robert Thomas Substation,
unmatched_osm,Roberts Wall Solar Farm Substation,
unmatched_osm,Robertson Way Substation,
unmatched_osm,Robertsons No1 Substation,
unmatched_osm,Robertsons No2 Substation,
unmatched_osm,Robeston Substation,
unmatched_osm,Robin Close Substation,
unmatched_osm,Robins Hill Substation,
unmatched_osm,Robins Lane Barry Substation,
unmatched_osm,Robins Lane Newport Substation,
unmatched_osm,Robinson St No1 Substation,
unmatched_osm,Robinson St No2 Substation,
unmatched_osm,Roch Villa Roch Substation,
unmatched_osm,Rochdale Tce Substation,
unmatched_osm,Roche St Abertillery Substation,
unmatched_osm,Rocialle Substation,
unmatched_osm,Rock & Fountain Newton Substation,
unmatched_osm,Rock Mast Substation,
unmatched_osm,Rock Road Substation,
unmatched_osm,Rockfield Ave Substation,
unmatched_osm,Rockfield St Substation,
unmatched_osm,Rockingham Generation Station,
unmatched_osm,Rockingham Tce Substation,
unmatched_osm,Rockwood Engineering Substation,
unmatched_osm,Rockwool Substation,
unmatched_osm,Rocky Park Substation,
unmatched_osm,Rodericks Tce Substation,
unmatched_osm,Roding Close Bettws Newport Substation,
unmatched_osm,Rodney Parade Substation,
unmatched_osm,Rodney Road Newport Substation,
unmatched_osm,Roedine Substation,
unmatched_osm,Rof Glascoed No 2 Substation,
unmatched_osm,Rof Glascoed No1 Substation,
unmatched_osm,Roger St Treboeth Frmu Substation,
unmatched_osm,Rogersmoor Flats No2 Penarth Substation,
unmatched_osm,Rogersmoor Penarth Substation,
unmatched_osm,Rogerstone Ind Estate Substation,
unmatched_osm,Rogerstone Park Substation,
unmatched_osm,Rogerstone Power Sta Substation,
unmatched_osm,Rogerstone Primary School Substation,
unmatched_osm,Rogerstone Primary Substation,
unmatched_osm,Rogerstone South Substation,
unmatched_osm,Rogerstone Substation,
unmatched_osm,Rogin Michaelston Le Pit Substation,
unmatched_osm,Rom River Substation,
unmatched_osm,Roman Camp Gelligaer Substation,
unmatched_osm,Roman Lodge Ponthir Substation,
unmatched_osm,Roman Reach Substation,
unmatched_osm,Roman Ridge Gelligaer Substation,
unmatched_osm,Roman Way 26,
unmatched_osm,Roman Way Substation,
unmatched_osm,Romilly Rd Canton Substation,
unmatched_osm,Ronald Lyon Estate No1 Penarth Rd Substation,
unmatched_osm,Ronald Lyon Estate No2 Substation,
unmatched_osm,Rookery Farm 33kV Solar Pk,
unmatched_osm,Rookwood Neath Substation,
unmatched_osm,Rope Walk Neath Substation,
unmatched_osm,Ros Yr Abad Substation,
unmatched_osm,Rose Row Cwmbach Substation,
unmatched_osm,Rose Spelter Ind Est Substation,
unmatched_osm,Rose Terrace Beaufort Substation,
unmatched_osm,Rosedew 33kV Solar Farm,
unmatched_osm,Roseheyworth Abertillery Substation,
unmatched_osm,Roseheyworth Business Park Substation,
unmatched_osm,Rosehill Swansea Substation,
unmatched_osm,Rosemarket Central Substation,
unmatched_osm,Ross Rd Substation,
unmatched_osm,Rosser Quarry Substation,
unmatched_osm,Rostie No1 Substation,
unmatched_osm,Rother Ave Substation,
unmatched_osm,Rotherslade Road Substation,
unmatched_osm,Rougemont School Substation,
unmatched_osm,Roundwood Llanedeyrn Substation,
unmatched_osm,Rover Way Dock Gate Cardiff Docks Substation,
unmatched_osm,Rover Way Primary Substation,
unmatched_osm,Rowan Court Llanharry Substation,
unmatched_osm,Rowan Road. Risca Substation,
unmatched_osm,Rowan Way Lisvane Substation,
unmatched_osm,Rowan Way Porthcawl Substation,
unmatched_osm,Rowan Way Substation,
unmatched_osm,Rowling St Williamstown Substation,
unmatched_osm,Rownham Close OD,
unmatched_osm,Royal Albert Rd S/S,
unmatched_osm,Royal Close Substation,
unmatched_osm,Royal Exchange Assurance Substation,
unmatched_osm,Royal Glamorgan Hospital Substation,
unmatched_osm,Royal Hotel Trealaw Substation,
unmatched_osm,Royal House Pontypool Substation,
unmatched_osm,Royal Infirmary Substation,
unmatched_osm,Royal London Park Substation,
unmatched_osm,Royal Mint Substation,
unmatched_osm,Royal Mint Switchboard 2 Substation,
unmatched_osm,Royal Oak Bryn Substation,
unmatched_osm,Royal Oak Substation,
unmatched_osm,Rozel Apartments Substation,
unmatched_osm,Rpc Tedeco Substation,
unmatched_osm,Rspb Visitors Centre Substation,
unmatched_osm,Rspca Kennels Llanwern Substation,
unmatched_osm,Rubber Recovery Substation,
unmatched_osm,Rubicon Substation,
unmatched_osm,Rudbaxton PV Farm Substation,
unmatched_osm,Rudry Road Lisvane Substation,
unmatched_osm,Rudry Substation,
unmatched_osm,Rugby Street Resolven Substation,
unmatched_osm,Rumbleway Caravan Park Substation,
unmatched_osm,Rumbly Farm New Hedges Substation,
unmatched_osm,Rumney Central Substation,
unmatched_osm,Rumney East Substation,
unmatched_osm,Rumney Gardens Substation,
unmatched_osm,Rumney Moors Industrial Estate Substation,
unmatched_osm,Rumney Moors Tip Lamby Way Cardiff Substation,
unmatched_osm,Rumney South Substation,
unmatched_osm,Rumney Welding Substation,
unmatched_osm,Runway Park Substation,
unmatched_osm,Rushmere Rd Pontllanfraith Substation,
unmatched_osm,Rushylake Substation,
unmatched_osm,Russell Avenue Locking Substation,
unmatched_osm,Russell Tce Substation,
unmatched_osm,Ruth Rd Substation,
unmatched_osm,Ruther Park Haverfordwest Substation,
unmatched_osm,Rutherglen Hsg Site Substation,
unmatched_osm,Rutherglen Industrial Estate Substation,
unmatched_osm,Ruthers Corner Substation,
unmatched_osm,Ruthin Gardens Substation,
unmatched_osm,Ryan Coal Roath Dock Substation,
unmatched_osm,Ryans Field Substation,
unmatched_osm,Ryder Cup Clubhouse Substation,
unmatched_osm,Rygor Queensway S/S Newport Substation,
unmatched_osm,S U Butec Dafen Substation,
unmatched_osm,S Wales Plant Hire Penylan Substation,
unmatched_osm,S4C Llanishen Substation,
unmatched_osm,SAINSBURY PORTISHEAD,
unmatched_osm,SAINSBURYS ASHTON,
unmatched_osm,SALLY HILL,
unmatched_osm,SALTMARSH DRIVE P,
unmatched_osm,SANDERLING PLACE,
unmatched_osm,SANDY LA.,
unmatched_osm,SAVERNAKE LODGE,
unmatched_osm,SEAWALL PARK,
unmatched_osm,SECOND SEVERN CROSS,
unmatched_osm,SERBERT ROAD,
unmatched_osm,SEVERN BEACH POCKET,
unmatched_osm,SEVERN BEACH PR SCHL,
unmatched_osm,SEVERN BRIDGE GARAGE,
unmatched_osm,SEVERN BRIDGE RESTAURANT,
unmatched_osm,SEVERN TUNNEL,
unmatched_osm,SEVERNWOOD GDNS OD,
unmatched_osm,SHEENE RD OD,
unmatched_osm,SHERRIN WAY,
unmatched_osm,SHIRENEWTON VILLAGE,
unmatched_osm,SILBURY RD K,
unmatched_osm,SITE 3/10,
unmatched_osm,SLADE ROAD,
unmatched_osm,SLADE TERRACE,
unmatched_osm,SLAUGHTERHOUSE,
unmatched_osm,SOUTH BRISTOL RETAIL PARK,
unmatched_osm,SOUTH LIBERTY LANE CENTRAL,
unmatched_osm,SOUTH LIBERY LANE EAST,
unmatched_osm,SOUTH MEADOWS,
unmatched_osm,SPARROW HILL,
unmatched_osm,SPRINGFIELD HOUSE NO 1,
unmatched_osm,SPRINGFIELD HOUSE NO 2,
unmatched_osm,SPRINGFIELD HOUSE NO 3,
unmatched_osm,SSC-SUPPLY POINT 2:1,
unmatched_osm,ST BEDES SEC. SCH P,
unmatched_osm,ST BRENDANS WAY EAST,
unmatched_osm,ST JOHN STREET P.,
unmatched_osm,ST MARTINS INDUS EST,
unmatched_osm,ST PETERS LODGE,
unmatched_osm,ST PIERRE CHEPSTOW,
unmatched_osm,STAFFORD ROAD,
unmatched_osm,STATION RD PORTSKEWETT,
unmatched_osm,STOKE ROAD,
unmatched_osm,STRACHEN & HENSHAW,
unmatched_osm,SUMMERSHOUSE,
unmatched_osm,SUNNYBANK HSG.,
unmatched_osm,SUNNYMEAD RD,
unmatched_osm,SWISS DRIVE,
unmatched_osm,Sa Engineers Substation,
unmatched_osm,Sa1 Student Accomodation Substation,
unmatched_osm,Sable Close Substation,
unmatched_osm,Safeway (Carmarthen) Substation,
unmatched_osm,Safeway Ely Substation,
unmatched_osm,Safeway Haverfordwest Substation,
unmatched_osm,Safeway Llanishen Substation,
unmatched_osm,Safeway Substation,
unmatched_osm,Safeway Superstore Substation,
unmatched_osm,Safeways Llanfoist Substation,
unmatched_osm,Safeways Neath Substation,
unmatched_osm,Safeways Palmerston Substation,
unmatched_osm,Sageston Village Substation,
unmatched_osm,Sailing Club Uskmouth Substation,
unmatched_osm,Sainsbury Cwmbran Substation,
unmatched_osm,Sainsbury Litchard Substation,
unmatched_osm,Sainsbury Pontllanfraith Substation,
unmatched_osm,Sainsbury Pontypridd Substation,
unmatched_osm,Sainsbury Thornhill Substation,
unmatched_osm,Sainsbury Town Substation,
unmatched_osm,Sainsbury's Swansea Substation,
unmatched_osm,Sainsburys Crindau Substation,
unmatched_osm,Sainsburys Hv Intake Substation,
unmatched_osm,Sainsburys Substation,
unmatched_osm,Salem Tce Substation,
unmatched_osm,Salisbury Close Merthyr Substation,
unmatched_osm,Salisbury Rd Barry Substation,
unmatched_osm,Salisbury Rd Maesteg Substation,
unmatched_osm,Salisbury Rd Substation,
unmatched_osm,Salisbury Terrace Substation,
unmatched_osm,Salop Place Penarth Substation,
unmatched_osm,Salop St Caerphilly Substation,
unmatched_osm,Salterns Car Park Substation,
unmatched_osm,Salubrious Passage No 1 Substation,
unmatched_osm,Salubrious Passage No 2 Substation,
unmatched_osm,Samlet Road Llansamlet Substation,
unmatched_osm,Samlet Springs Substation,
unmatched_osm,Samson Way Substation,
unmatched_osm,Samsons Avenue Substation,
unmatched_osm,Sanatorium Primary Substation,
unmatched_osm,Sanatorium Rd Housing No 1 Substation,
unmatched_osm,Sanatorium Rd Housing No 2 Substation,
unmatched_osm,Sancta Maria Sa1 Substation,
unmatched_osm,Sandack Cottages Substation,
unmatched_osm,Sandfields Aberkenfig Substation,
unmatched_osm,Sandfields East Aberavon Substation,
unmatched_osm,Sandfields Ind Site Substation,
unmatched_osm,Sandfields Pump.Sta Substation,
unmatched_osm,Sandfields Rd Pmg Stn No1 S/S Port Talbo Substation,
unmatched_osm,Sandfields Rd Pump.Sta No2 Substation,
unmatched_osm,Sandford Substation,
unmatched_osm,Sandon St Local Frmu Substation,
unmatched_osm,Sandon Street Primary Substation,
unmatched_osm,Sandpiper Close Substation,
unmatched_osm,Sandringham Court Substation,
unmatched_osm,Sandringham Park Substation,
unmatched_osm,Sandwharf Substation,
unmatched_osm,Sandy Bay Substation,
unmatched_osm,Sandy East Llanelli Substation,
unmatched_osm,Sandy Lane Kiosk Substation,
unmatched_osm,Sandy Lane Pennard Substation,
unmatched_osm,Sandy Substation,
unmatched_osm,Sandy Water Park Substation,
unmatched_osm,Sannan St Substation,
unmatched_osm,Sanquahar St Substation,
unmatched_osm,Sara Substation,
unmatched_osm,Sarah St Merthyr Vale Substation,
unmatched_osm,Sardis Rd Substation,
unmatched_osm,Sarn Hill Substation,
unmatched_osm,Sarn Park Substation,
unmatched_osm,Sarn Retail Park Substation,
unmatched_osm,Sarn Substation,
unmatched_osm,Sarn Tesla Super Charger Substation,
unmatched_osm,Saron Housing Site Substation,
unmatched_osm,Saron Solar Farm Substation,
unmatched_osm,Saron Square S/S Substation,
unmatched_osm,Sarpak Substation,
unmatched_osm,Sas Substation,
unmatched_osm,Saunders Valve Substation,
unmatched_osm,Saunders Way Substation,
unmatched_osm,Saundersfoot Marine Centre Substation,
unmatched_osm,Saundersfoot Stw Substation,
unmatched_osm,Savernake Road Substation,
unmatched_osm,Saville Crescent Substation,
unmatched_osm,Sbarc Maindy Road Substation,
unmatched_osm,Scanglaze Bedwas Substation,
unmatched_osm,Scanographics Substation,
unmatched_osm,Scappa Works Substation,
unmatched_osm,Scar Farm Holiday Park Substation,
unmatched_osm,Scared Heart Substation,
unmatched_osm,Scarlets Stadium Substation,
unmatched_osm,Scarpway Tesco Substation,
unmatched_osm,Scarrowscant Lane Substation,
unmatched_osm,Scew Fields Substation,
unmatched_osm,Scholars Park Murch Road Substation,
unmatched_osm,School Lane. Substation,
unmatched_osm,School Playing Fields Substation,
unmatched_osm,School Rd Cefneithin Substation,
unmatched_osm,School Rd Duffryn Cellwen Substation,
unmatched_osm,School Rd Substation,
unmatched_osm,School Rd Troedyrhiw Substation,
unmatched_osm,School Site Highlands Lane Substation,
unmatched_osm,School St Substation,
unmatched_osm,Schooner Dock Substation,
unmatched_osm,Schooner Way Atlantic Wharf Substation,
unmatched_osm,Schulman Substation,
unmatched_osm,Schwyll Primary Substation,
unmatched_osm,Schwyll Pumping Station Substation,
unmatched_osm,Science Park No1 Substation,
unmatched_osm,Scott Close Substation,
unmatched_osm,Scott Harbour No1 Substation,
unmatched_osm,Scott Harbour No2 Substation,
unmatched_osm,Scott Harbour No3 Substation,
unmatched_osm,Scott St Tynewydd Substation,
unmatched_osm,Scottish Power Substation,
unmatched_osm,Scotts Newport Substation,
unmatched_osm,Scoveston Park Farm Wind Turbine Substation,
unmatched_osm,Scoveston Stern Wind Turbine Scoveston P Substation,
unmatched_osm,Scow Stockyard Substation,
unmatched_osm,Scrap Yard S/S L S V Industrial Park Substation,
unmatched_osm,Scurlage Motel Substation,
unmatched_osm,Scurlage Primary School Substation,
unmatched_osm,Scurlocks Substation,
unmatched_osm,Scwrfa Road Dukestown Substation,
unmatched_osm,Sea Breeze Substation,
unmatched_osm,Sea View Estate Substation,
unmatched_osm,Sea View Farm Solar Site Substation,
unmatched_osm,Seabank Ogmore By Sea Substation,
unmatched_osm,Seabank Penarth Substation,
unmatched_osm,Seabank Power,
unmatched_osm,Seabank Substation,
unmatched_osm,Seagate No 1 Substation,
unmatched_osm,Seagate No 2 Substation,
unmatched_osm,Seager Drive Substation,
unmatched_osm,Searle Cres Substation,
unmatched_osm,Seaside Llanelli Substation,
unmatched_osm,Seasons Holiday Park Substation,
unmatched_osm,Seaview Llantwit Major Substation,
unmatched_osm,Seaway Parade Pump. Sta No1 Substation,
unmatched_osm,Seaway Parade Pump.Sta No2 Substation,
unmatched_osm,Seaway Parade Substation,
unmatched_osm,Sec Mod School Substation,
unmatched_osm,Second Avenue Clase Substation,
unmatched_osm,Second Turbine Lawrence Landfill Site Substation,
unmatched_osm,Secondary Modern School Haverfordwest Substation,
unmatched_osm,Secondary School Substation,
unmatched_osm,Securahome Garngoch Substation,
unmatched_osm,Securicor Brecon Gate Substation,
unmatched_osm,Seda 2 Substation,
unmatched_osm,Sekisui Substation,
unmatched_osm,Select Plastics Treforest Substation,
unmatched_osm,Selo Tredegar Substation,
unmatched_osm,Seltzer Ynyscedwyn Substation,
unmatched_osm,Semi Conductor Training Centre Substation,
unmatched_osm,Senghenydd Kiosk Substation,
unmatched_osm,Senghenydd St Treorchy Substation,
unmatched_osm,Serecold Tce Substation,
unmatched_osm,Servitor Brush Substation,
unmatched_osm,Seven Oaks Grangetown Substation,
unmatched_osm,Seven Sisters School Canteen Substation,
unmatched_osm,Seven Sisters Village Substation,
unmatched_osm,Seventh Avenue Clase Substation,
unmatched_osm,Severn Rd Canton Substation,
unmatched_osm,Severn Rd Substation,
unmatched_osm,Severn Road Substation,
unmatched_osm,Severn Stiles Avenue Newport Substation,
unmatched_osm,Severn Tunnel Junction SATS,
unmatched_osm,Sewage Chew Valley Substation,
unmatched_osm,Sewage Plant Bridgend Substation,
unmatched_osm,Sewage Works Burry Point No2 Substation,
unmatched_osm,Sewage Works Port Tennant Substation,
unmatched_osm,Sewtec Substation,
unmatched_osm,Seymour St Splott Substation,
unmatched_osm,Shackleton Close Substation,
unmatched_osm,Shakespear Rise Substation,
unmatched_osm,Shakespeare Crescent Substation,
unmatched_osm,Shakespeare Rd Substation,
unmatched_osm,Shand House Substation,
unmatched_osm,Shangri-La Pontllanfraith Substation,
unmatched_osm,Shannon Substation,
unmatched_osm,Sharpes Clinical Substation,
unmatched_osm,Shaw Street Gowerton Substation,
unmatched_osm,Sheddick Transport Substation,
unmatched_osm,Sheedy Metals Cwmcarn Substation,
unmatched_osm,Sheep Court Farm Substation,
unmatched_osm,Sheet Metals Substation,
unmatched_osm,Shell Mex Haverfordwest Substation,
unmatched_osm,Shelley Walk Substation,
unmatched_osm,Shelly Drive Substation,
unmatched_osm,Shelone Rd Pumping Stn Substation,
unmatched_osm,Shelone Road Briton Ferry Substation,
unmatched_osm,Sheltered Housing Pontyberem Substation,
unmatched_osm,Shenstones Housing Site Substation,
unmatched_osm,Shepherd Homes Substation,
unmatched_osm,Shepley Court Radyr Substation,
unmatched_osm,Sheppards Foundry Substation,
unmatched_osm,Sherbourne Ave Cyncoed Substation,
unmatched_osm,Sherbourne Rd Substation,
unmatched_osm,Sheridon Close Llanrumney Substation,
unmatched_osm,Sherwood Crescent Substation,
unmatched_osm,Sherwood Llwynypia Substation,
unmatched_osm,Ship Aground Substation,
unmatched_osm,Ship Hill Barry Primary Substation,
unmatched_osm,Shire Hall Haverfordwest Substation,
unmatched_osm,Shirehampton Master Substation,
unmatched_osm,Shirenewton Gypsy Caravan Park Substation,
unmatched_osm,Shirley Drive Merthyr Substation,
unmatched_osm,Shirley Road Cathays Substation,
unmatched_osm,Shoalsgate Substation,
unmatched_osm,Shops Substation,
unmatched_osm,Shoreline Caravan Park Substation,
unmatched_osm,Short Brothers Port Talbot Substation,
unmatched_osm,Showa Frmu No 1 Substation,
unmatched_osm,Showa Frmu No2 Substation,
unmatched_osm,Showfield Substation,
unmatched_osm,Shrubbery Avenue Substation,
unmatched_osm,Shrubbery Road Substation,
unmatched_osm,Shrubury Row Blaina Substation,
unmatched_osm,Shufflebottoms Substation,
unmatched_osm,Sidcot School Substation,
unmatched_osm,Sidcot Substation,
unmatched_osm,Siebe Gorman Substation,
unmatched_osm,Siemens Way Substation,
unmatched_osm,Sierra Pines Mountain Ash Substation,
unmatched_osm,Sigma 3 Substation,
unmatched_osm,Signode Fforest Fach 11Kv Sw Stn Substation,
unmatched_osm,Silent Valley Ebbw Vale Substation,
unmatched_osm,Silent Valley Waste Substation,
unmatched_osm,Siloh Rd Substation,
unmatched_osm,Siltech Substation,
unmatched_osm,Silver St Substation,
unmatched_osm,Silverdale Substation,
unmatched_osm,Simms Metal Primary Substation,
unmatched_osm,Simon Barron Substation,
unmatched_osm,Simply Gym Swansea Substation,
unmatched_osm,Simpsons Way Substation,
unmatched_osm,Singlam Fabrics Treforest Substation,
unmatched_osm,Singleton Hospital Substation,
unmatched_osm,Singleton Lake Substation,
unmatched_osm,Singleton Park Nurseries Substation,
unmatched_osm,Singleton St Substation,
unmatched_osm,Sintec Substation,
unmatched_osm,Sir Alfred Owen Way No2 Substation,
unmatched_osm,Sir Alfred Owen Way Substation,
unmatched_osm,Sir Ivors Road Pontllanfraith Substation,
unmatched_osm,Sirhowy Advance Factory Substation,
unmatched_osm,Sirhowy Tredegar Substation,
unmatched_osm,Siskin Close Substation,
unmatched_osm,Sissons Wattsville Substation,
unmatched_osm,Siteserv Recycling Substation,
unmatched_osm,Sitwell Way Substation,
unmatched_osm,Sixteenth Ave Substation,
unmatched_osm,Sk Parc Hendre Substation,
unmatched_osm,Skanem Substation,
unmatched_osm,Sketty Flats Substation,
unmatched_osm,Sketty Green Substation,
unmatched_osm,Sketty No.2 Substation,
unmatched_osm,Sketty No1 Substation,
unmatched_osm,Sketty Park Lane Substation,
unmatched_osm,Sketty Park Primary Substation,
unmatched_osm,Sketty Rd Substation,
unmatched_osm,Skewen Brs Depot Substation,
unmatched_osm,Skewen Park Substation,
unmatched_osm,Skewen Scrap Works Substation,
unmatched_osm,Skill Centre. Newport Substation,
unmatched_osm,Skinner St Newport Substation,
unmatched_osm,Skomer Drive Substation,
unmatched_osm,Skye Quarry Substation,
unmatched_osm,Slade Lane Substation,
unmatched_osm,Slade Rd Substation,
unmatched_osm,Slag Reduction New Substation,
unmatched_osm,Slate Street Morriston Substation,
unmatched_osm,Slaters Swansea Substation,
unmatched_osm,Sloper Rd Grangetown Substation,
unmatched_osm,Sloper Rd Housing Site Substation,
unmatched_osm,Sluavd Treatment Plant No 1 Substation,
unmatched_osm,Sluvad Treatment Plant No 2 Substation,
unmatched_osm,Smart 1C Substation,
unmatched_osm,Smith Kendon Substation,
unmatched_osm,Smithies Ave Sully Substation,
unmatched_osm,Smiths Arms Ystalyfera Substation,
unmatched_osm,Smiths Crisps Substation,
unmatched_osm,Smoke House Quay Substation,
unmatched_osm,Snackpack Rumney Substation,
unmatched_osm,Snatchwood Abersychan Substation,
unmatched_osm,Snowden Court 7 Substation,
unmatched_osm,Snowden Rd Ely Substation,
unmatched_osm,Snowdon Vale Substation,
unmatched_osm,Soar Llanelli Substation,
unmatched_osm,Sobell School Substation,
unmatched_osm,Soccer Pumping Station Substation,
unmatched_osm,Solartron Substation,
unmatched_osm,Solray Garngoch Substation,
unmatched_osm,Solva Housing Site Substation,
unmatched_osm,Solva Rd Substation,
unmatched_osm,Solvey Automotives No1 Substation,
unmatched_osm,Somerset Legion Substation,
unmatched_osm,Somerset Place Substation,
unmatched_osm,Somerset Rd Substation,
unmatched_osm,Somerset St Abertillery Substation,
unmatched_osm,Somerset St Grangetown Substation,
unmatched_osm,Somerton Substation,
unmatched_osm,Somerwest Bedwas Substation,
unmatched_osm,Sony Pencoed Substation,
unmatched_osm,Sophia Gdns Lodge Blackweir Substation,
unmatched_osm,Sorting Office Penarth Rd Substation,
unmatched_osm,Soten Substation,
unmatched_osm,South Bank Beaufort Substation,
unmatched_osm,South Clive Street Substation,
unmatched_osm,South Cornelly Substation,
unmatched_osm,South Court Substation,
unmatched_osm,South Drive Llantrisant Substation,
unmatched_osm,South Hook Substation,
unmatched_osm,South Market St Substation,
unmatched_osm,South Meadows Pembroke Substation,
unmatched_osm,South Park Rd Splott Substation,
unmatched_osm,South Plateau Substation,
unmatched_osm,South Point Substation,
unmatched_osm,South Ponds Barry Waterfront Substation,
unmatched_osm,South Rd Bridgend Substation,
unmatched_osm,South Rd Substation,
unmatched_osm,South Rise Llanishen Substation,
unmatched_osm,South Road Substation,
unmatched_osm,South Section Substation,
unmatched_osm,South Street Substation,
unmatched_osm,South Treforest No2 Substation,
unmatched_osm,South Treforest Substation,
unmatched_osm,South View Bryncae Substation,
unmatched_osm,South Wales Transformers Substation,
unmatched_osm,South Walk Barry Substation,
unmatched_osm,Southdown Substation,
unmatched_osm,Southend Estate Pontlottyn Substation,
unmatched_osm,Southern Way Substation,
unmatched_osm,Southerndown Substation,
unmatched_osm,Southgate Spittal Substation,
unmatched_osm,Southgate Substation,
unmatched_osm,Southlands Substation,
unmatched_osm,Southra Park Dinas Powis Substation,
unmatched_osm,Sovereign Centre Landlord Supply Substation,
unmatched_osm,Sovereign Centre Substation,
unmatched_osm,Spd Ltd Rumney Substation,
unmatched_osm,Spear Europe Substation,
unmatched_osm,Specific Substation,
unmatched_osm,Spencer Rd Newport Substation,
unmatched_osm,Spencer St Substation,
unmatched_osm,Spien Rd Substation,
unmatched_osm,Spillers Flats Atlantic Wharf Substation,
unmatched_osm,Spinners End Substation,
unmatched_osm,Spittal School Spittal Substation,
unmatched_osm,Splotlands County Sec.School Substation,
unmatched_osm,Splott Community Centre Substation,
unmatched_osm,Spooner Close Substation,
unmatched_osm,Sports Academy Treforest Substation,
unmatched_osm,Sports Centre Substation,
unmatched_osm,Sports World No1 Substation,
unmatched_osm,Sports World No2 Substation,
unmatched_osm,Spring Bank Abertillery Substation,
unmatched_osm,Spring Gardens Narberth Substation,
unmatched_osm,Spring Hill East Substation,
unmatched_osm,Spring Hill West Substation,
unmatched_osm,Spring Meadow Substation,
unmatched_osm,Springfield Gardens Substation,
unmatched_osm,Springfield Housing Site Substation,
unmatched_osm,Springfield Nurseries Substation,
unmatched_osm,Springfield Retail Park Substation,
unmatched_osm,Springfield Spray Substation,
unmatched_osm,Springfield Terrace Nelson Substation,
unmatched_osm,Springfield Terrace Substation,
unmatched_osm,Springmeadow No2 Substation,
unmatched_osm,Springvale Ind Site No1 Substation,
unmatched_osm,Springwater Plant Princes Gate Substation,
unmatched_osm,Springwood Llanedeyrn Substation,
unmatched_osm,Spruce Way Substation,
unmatched_osm,Sps Ltd Substation,
unmatched_osm,Spytty Road Leisure Centre Substation,
unmatched_osm,Spytty Road Retail Units Substation,
unmatched_osm,Spytty Sports Stadium Substation,
unmatched_osm,Square And Compass Pensarn Substation,
unmatched_osm,Squirrel Walk S/S Substation,
unmatched_osm,St Agnes Rd Offices Substation,
unmatched_osm,St Aiden Drive Killay Substation,
unmatched_osm,St Albans Church Substation,
unmatched_osm,St Albans Convent Substation,
unmatched_osm,St Andrews Lane Substation,
unmatched_osm,St Annes Court Substation,
unmatched_osm,St Annes Road Substation,
unmatched_osm,St Annes Terrace Aberdulais Substation,
unmatched_osm,St Anthony Rd Heath Substation,
unmatched_osm,St Arvans Rd Substation,
unmatched_osm,St Arvans Substation,
unmatched_osm,St Athan Aerodrome Switching Site 11Kv S Substation,
unmatched_osm,St Athan Substation,
unmatched_osm,St Athans Rectory Housing Site Substation,
unmatched_osm,St Athans Road Substation,
unmatched_osm,St Augustan Rd Substation,
unmatched_osm,St Augustine Rd Heath Substation,
unmatched_osm,St Augustines Penarth. Substation,
unmatched_osm,St Austell Road Substation,
unmatched_osm,St Basils Crescent Bassaleg Substation,
unmatched_osm,St Bedes College,
unmatched_osm,St Bride's ATFS,
unmatched_osm,St Brides Castle Substation,
unmatched_osm,St Brides Church Wentloog Substation,
unmatched_osm,St Brides Hill Substation,
unmatched_osm,St Brides Major Primary School Substation,
unmatched_osm,St Brides Major Substation,
unmatched_osm,St Brides Switching Substation,
unmatched_osm,St Brides View Roch Substation,
unmatched_osm,St Cadocs Hospital Substation,
unmatched_osm,St Cadocs S/S Glynneath Substation,
unmatched_osm,St Catherines Corner Substation,
unmatched_osm,St Cattwgs Pentyrch Substation,
unmatched_osm,St Cennydd Substation,
unmatched_osm,St Cenydd Blaenmaes Substation,
unmatched_osm,St Clears Business Park Substation,
unmatched_osm,St Clears Central Substation,
unmatched_osm,St Clears Primary Substation,
unmatched_osm,St Cybi Rise Llangibby Substation,
unmatched_osm,St Cynidr Substation,
unmatched_osm,St Cyres Rd Penarth Substation,
unmatched_osm,St Daniels Hill Substation,
unmatched_osm,St Davids Assemblies Substation,
unmatched_osm,St Davids Bettws Substation,
unmatched_osm,St Davids Church Fleur De Lis Substation,
unmatched_osm,St Davids Church Hakin Substation,
unmatched_osm,St Davids Close Substation,
unmatched_osm,St Davids Court Substation,
unmatched_osm,St Davids Cres Penarth Substation,
unmatched_osm,St Davids Gardens Substation,
unmatched_osm,St Davids Park Substation,
unmatched_osm,St Davids Primary Substation,
unmatched_osm,St Davids Rd Substation,
unmatched_osm,St Davids Square Substation,
unmatched_osm,St Davids Tce Substation,
unmatched_osm,St Dials Major Cwmbran Substation,
unmatched_osm,St Donats Castle Substation,
unmatched_osm,St Ederyns Rd Cyncoed Substation,
unmatched_osm,St Elvans Church Substation,
unmatched_osm,St Fagans Church Substation,
unmatched_osm,St Fagans Estate Substation,
unmatched_osm,St Fagans Museum Of Welsh Life Substation,
unmatched_osm,St Fagans Rd Fairwater Substation,
unmatched_osm,St Fagans Rd Flats Fairwater Substation,
unmatched_osm,St Florence Primary Substation,
unmatched_osm,St Florence School St Florence Substation,
unmatched_osm,St Georges Drive Substation,
unmatched_osm,St Georges Square Tredegar Substation,
unmatched_osm,St Gladys Avenue Substation,
unmatched_osm,St Grallos Substation,
unmatched_osm,St Helens Baths Flats Substation,
unmatched_osm,St Helens Road Substation,
unmatched_osm,St Helier Drive Substation,
unmatched_osm,St Hilary Court Substation,
unmatched_osm,St Hilary Dunvant Substation,
unmatched_osm,St Hilary Substation,
unmatched_osm,St Hilarys Church Substation,
unmatched_osm,St Hildas Substation,
unmatched_osm,St Illtyds College Llanrumney Substation,
unmatched_osm,St Illtyds Penrhiwfer Substation,
unmatched_osm,St Ina Road Heath Substation,
unmatched_osm,St Ishmaels Chalet Park Substation,
unmatched_osm,St Issells Ave Substation,
unmatched_osm,St Ivels Sw Site Substation,
unmatched_osm,St Ives,
unmatched_osm,St James Church Substation,
unmatched_osm,St James Park Substation,
unmatched_osm,St John St Substation,
unmatched_osm,St Johns Close Substation,
unmatched_osm,St Johns Crescent Substation,
unmatched_osm,St Johns Drive Substation,
unmatched_osm,St Johns Llanblethian Substation,
unmatched_osm,St Johns Road Clydach Substation,
unmatched_osm,St Johns Road. Newport. Substation,
unmatched_osm,St Joseph'S Convent Gabalfa Substation,
unmatched_osm,St Josephs Con Sw Site Substation,
unmatched_osm,St Josephs Convent School Substation,
unmatched_osm,St Josephs High School Substation,
unmatched_osm,St Josephs Hospital Substation,
unmatched_osm,St Josephs Llanelli Substation,
unmatched_osm,St Josephs Tce Substation,
unmatched_osm,St Julians Bottom Newport Substation,
unmatched_osm,St Julians Hotel. Newport. Substation,
unmatched_osm,St Julians Tower Substation,
unmatched_osm,St Lathams Park Substation,
unmatched_osm,St Lawrence Hill Milford Haven Substation,
unmatched_osm,St Leonards Rd Substation,
unmatched_osm,St Lukes Penarth Substation,
unmatched_osm,St Lukes Porth Substation,
unmatched_osm,St Margarets Ave Cefn Fforest Substation,
unmatched_osm,St Margarets Close Substation,
unmatched_osm,St Margarets Hall Substation,
unmatched_osm,St Margarets Substation,
unmatched_osm,St Marks Crescent Substation,
unmatched_osm,St Marks Rd Substation,
unmatched_osm,St Martins Estate Substation,
unmatched_osm,St Martins Park Substation,
unmatched_osm,St Mary Church Village Substation,
unmatched_osm,St Mary St Treherbert Substation,
unmatched_osm,St Mary Street Bedwas Substation,
unmatched_osm,St Marys Ave Barry Substation,
unmatched_osm,St Marys Church Kilgetty Substation,
unmatched_osm,St Marys Court Substation,
unmatched_osm,St Marys Hospital Llandough Substation,
unmatched_osm,St Marys Rd Whitchurch Substation,
unmatched_osm,St Marys Square No.1 Substation,
unmatched_osm,St Marys Square No.2 Substation,
unmatched_osm,St Marys St Bargoed Substation,
unmatched_osm,St Marys Well Bay Caravan Park Substation,
unmatched_osm,St Mathews Rd Substation,
unmatched_osm,St Mellons Area 7A Substation,
unmatched_osm,St Mellons B Substation,
unmatched_osm,St Mellons Business Park Substation,
unmatched_osm,St Mellons Golf Club Substation,
unmatched_osm,St Mellons Hospital Saint Mellons Substation,
unmatched_osm,St Mellons Primary School Substation,
unmatched_osm,St Mellons Primary Substation,
unmatched_osm,St Mellons Pumping Station Substation,
unmatched_osm,St Mellons Village Substation,
unmatched_osm,St Michaels Court Substation,
unmatched_osm,St Michaels Gate Substation,
unmatched_osm,St Michaels Rd Llandaff Substation,
unmatched_osm,St Michaels Rd Substation,
unmatched_osm,St Michaels School Substation,
unmatched_osm,St Modwin HVM Substation,
unmatched_osm,St Modwins Distribution Park Substation,
unmatched_osm,St Nicholas Rd Barry Substation,
unmatched_osm,St Nicholas School Substation,
unmatched_osm,St Nons Ave Substation,
unmatched_osm,St Owains Crescent Substation,
unmatched_osm,St Patricks Hill Substation,
unmatched_osm,St Patricks House Substation,
unmatched_osm,St Pauls Abertillery Substation,
unmatched_osm,St Pauls Ave Barry Substation,
unmatched_osm,St Pauls Newport Substation,
unmatched_osm,St Peters Church Aberbargoed Substation,
unmatched_osm,St Peters Church Carmarthen Substation,
unmatched_osm,St Peters Church Pontadawe Substation,
unmatched_osm,St Peters Church Senghenydd Substation,
unmatched_osm,St Peters Church Wind Farm Substation,
unmatched_osm,St Peters Road Switching Site Milford Haven Substation,
unmatched_osm,St Peters St Substation,
unmatched_osm,St Quentins Close Substation,
unmatched_osm,St Stephen'S Church Llanstephan Substation,
unmatched_osm,St Stephens Court Substation,
unmatched_osm,St Tanwgs Rd Birchgrove Substation,
unmatched_osm,St Teilo`S Road Substation,
unmatched_osm,St Teilos Rd Pembroke Dock Substation,
unmatched_osm,St Teilos Rd Substation,
unmatched_osm,St Teilos School Substation,
unmatched_osm,St Twynells Primary Substation,
unmatched_osm,St Vincent Road Newport Substation,
unmatched_osm,St Williams House Substation,
unmatched_osm,St Winefreds Romilly Cres Substation,
unmatched_osm,St Woolas Hospital Substation,
unmatched_osm,St.Mathews Church Trallwyn Substation,
unmatched_osm,Stacey Rd Substation,
unmatched_osm,Stafford Rd Substation,
unmatched_osm,Stagecoach Depot Substation,
unmatched_osm,Stakis Hotel Substation,
unmatched_osm,Stallcourt Ave Penylan Substation,
unmatched_osm,Stallcourt South Substation,
unmatched_osm,Stancombe Quarry Primary Substation,
unmatched_osm,Standard Box And Carton Pontygwindy Substation,
unmatched_osm,Standard Factory Substation,
unmatched_osm,Stanfield St Substation,
unmatched_osm,Stanley Place Neath Abbey Substation,
unmatched_osm,Stanley Rd Substation,
unmatched_osm,Stanley St Substation,
unmatched_osm,Stanleytown Substation,
unmatched_osm,Stantec Npt Substation,
unmatched_osm,Stanwell Crescent Penarth Substation,
unmatched_osm,Stanwell Rd Penarth Substation,
unmatched_osm,Star Row Substation,
unmatched_osm,Star Trading Estate Substation,
unmatched_osm,Starling Park Substation,
unmatched_osm,Starling Rd Substation,
unmatched_osm,Stately Substation,
unmatched_osm,Station Approach Penarth Substation,
unmatched_osm,Station Hill Substation,
unmatched_osm,Station House 11Kv Sw Stn Substation,
unmatched_osm,Station Mills Substation,
unmatched_osm,Station Rd Crynant Substation,
unmatched_osm,Station Rd Depot Substation,
unmatched_osm,Station Rd Garnant Substation,
unmatched_osm,Station Rd Glais Substation,
unmatched_osm,Station Rd Govilon Substation,
unmatched_osm,Station Rd Griffithstown Substation,
unmatched_osm,Station Rd Henbury,
unmatched_osm,Station Rd Hirwaun Substation,
unmatched_osm,Station Rd Llanishen Substation,
unmatched_osm,Station Rd Narberth Substation,
unmatched_osm,Station Rd Pembroke Substation,
unmatched_osm,Station Rd Pontnewydd Substation,
unmatched_osm,Station Road Flats Substation,
unmatched_osm,Station Row New Tredegar Substation,
unmatched_osm,Station St Ynyshir Substation,
unmatched_osm,Station Tce Bryn Substation,
unmatched_osm,Station Tce Llanharry Substation,
unmatched_osm,Steam Academy Pencoed Substation,
unmatched_osm,Steelworks Social Club Substation,
unmatched_osm,Steinbergs Factory Pontypridd Substation,
unmatched_osm,Stelvio. Newport Substation,
unmatched_osm,Stembridge Ave Substation,
unmatched_osm,Stepaside Village Substation,
unmatched_osm,Stephens & George No2 Substation,
unmatched_osm,Stephens & George Substation,
unmatched_osm,Stephens Green P/Stn Substation,
unmatched_osm,Stephens Way Substation,
unmatched_osm,Stephenson St Ind Est Substation,
unmatched_osm,Stepney Hotel Llanelli Substation,
unmatched_osm,Stepney Place Theatre Substation,
unmatched_osm,Stepney Precinct Substation,
unmatched_osm,Stepney Road Substation,
unmatched_osm,Stepney St Substation,
unmatched_osm,Sterlings Merthyr Industrial Park Substation,
unmatched_osm,Stevenson Llangyfelach Substation,
unmatched_osm,Stewart Hosiery Substation,
unmatched_osm,Steynton Path Substation,
unmatched_osm,Steynton Primary Substation,
unmatched_osm,Stockton Way Tredegar Substation,
unmatched_osm,Stoke Bishop Substation,
unmatched_osm,Stoke Hill M,
unmatched_osm,Stoke House,
unmatched_osm,Stoke Lane Stoke Bishop,
unmatched_osm,Stonehouse Substation,
unmatched_osm,Stormy Down PV Generation Substation,
unmatched_osm,Stormy Units Substation,
unmatched_osm,Storrar Rd Substation,
unmatched_osm,Stradey 11Kv Sw Stn Substation,
unmatched_osm,Stradey Comprehensive School Substation,
unmatched_osm,Stradey Park Hotel Furnace Substation,
unmatched_osm,Strand Swansea Substation,
unmatched_osm,Strand Weighbridge Substation,
unmatched_osm,Strata Century Wharf Substation,
unmatched_osm,Strata No2 Century Wharf Substation,
unmatched_osm,Stratacolour S/S Newport Substation,
unmatched_osm,Strategic Command Centre Substation,
unmatched_osm,Stratstone Jaguar Hadfield Rd Substation,
unmatched_osm,Stratton Way Substation,
unmatched_osm,Sts Newport Substation,
unmatched_osm,Stuart Crystal No1 Substation,
unmatched_osm,Stuart St Substation,
unmatched_osm,Stud Welders Mamhilad Substation,
unmatched_osm,Student Accommodation Substation,
unmatched_osm,Student Accomodation Davis St Substation,
unmatched_osm,Student Housing Fitzalan Place Substation,
unmatched_osm,Students Accomodation Substation,
unmatched_osm,Sturmi Way Substation,
unmatched_osm,Stuttgart Strasse Substation,
unmatched_osm,Style Park Substation,
unmatched_osm,Sub Station,
unmatched_osm,Subway Road Substation,
unmatched_osm,Subway Substation,
unmatched_osm,Sudbrook Primary Substation,
unmatched_osm,Sudcroft St Grangetown Substation,
unmatched_osm,Suffolk Place Substation,
unmatched_osm,Sullivan Circle Substation,
unmatched_osm,Sully Grid Substation,
unmatched_osm,Sully Hospital Substation,
unmatched_osm,Sully Inn Sully Substation,
unmatched_osm,Sully Stor 33Kv Sw Stn Substation,
unmatched_osm,Sumitomo Substation,
unmatched_osm,Summer House Worle Substation,
unmatched_osm,Summerfield Cross Inn Substation,
unmatched_osm,Summerfieldway Beaufort Substation,
unmatched_osm,Summerhill Avenue Newport Substation,
unmatched_osm,Summerhill Place Substation,
unmatched_osm,Summerland Substation,
unmatched_osm,Summerlands Local Substation,
unmatched_osm,Sun Alliance Substation,
unmatched_osm,Sun Magic Substation,
unmatched_osm,Sun Valley Blaenavon Substation,
unmatched_osm,Sun Valley Substation,
unmatched_osm,Sunblest Bakery Birchgrove Substation,
unmatched_osm,Sunderland House Substation,
unmatched_osm,Sunhill Substation,
unmatched_osm,Sunjuice Substation,
unmatched_osm,Sunken Gardens Substation,
unmatched_osm,Sunlea Crescent Substation,
unmatched_osm,Sunningdale Substation,
unmatched_osm,Sunnybank Hsg Site Substation,
unmatched_osm,Sunnycroft Dinas Powys Substation,
unmatched_osm,Sunnydale Gilfach Bargoed Substation,
unmatched_osm,Sunnyside Road Substation,
unmatched_osm,Sunnysides Substation,
unmatched_osm,Sunrise Living Substation,
unmatched_osm,Supermarket Substation,
unmatched_osm,Superstore Substation,
unmatched_osm,Superstore Talbot Green Substation,
unmatched_osm,Surgery Substation,
unmatched_osm,Surgical Instruments Substation,
unmatched_osm,Surrey St Canton Substation,
unmatched_osm,Suspension Bridge,
unmatched_osm,Sutherland Crescent Newport Substation,
unmatched_osm,Sutton Farm 33kV Solar Pk,
unmatched_osm,Suttons Land Neyland Substation,
unmatched_osm,Swan Square Substation,
unmatched_osm,Swan Street Llantrisant Substation,
unmatched_osm,Swanbridge Substation,
unmatched_osm,Swansea Airport Substation,
unmatched_osm,Swansea Arts Centre Substation,
unmatched_osm,Swansea Bay Campus Substation,
unmatched_osm,Swansea Central Arena Substation,
unmatched_osm,Swansea Gate Business Park Substation,
unmatched_osm,Swansea Hospital No.1 Substation,
unmatched_osm,Swansea Hospital No.2 Substation,
unmatched_osm,Swansea International Swimming Pool Substation,
unmatched_osm,Swansea Jig And Tool Substation,
unmatched_osm,Swansea Leisure Centre Substation,
unmatched_osm,Swansea North Supergrid Substation,
unmatched_osm,Swansea Point Substation,
unmatched_osm,Swansea Police Station Substation,
unmatched_osm,Swansea Prison Substation,
unmatched_osm,Swansea Rd Garngoch Substation,
unmatched_osm,Swansea Rd Retail Park Substation,
unmatched_osm,Swansea Road Merthyr Primary Substation,
unmatched_osm,Swansea Station Shore Substation,
unmatched_osm,Swansea Steel Products Substation,
unmatched_osm,Swansea Telephone Exchange Substation,
unmatched_osm,Swansea Trading Estate Primary Substation,
unmatched_osm,Swansea University Primary Substation,
unmatched_osm,Swansea Vale Campus Substation,
unmatched_osm,Swansea Vale Railway Substation,
unmatched_osm,Swansea Vale Storm Pump.Sta Substation,
unmatched_osm,Swansea Waterfront Primary Substation,
unmatched_osm,Swansea West Grid Substation,
unmatched_osm,Swatridges Substation,
unmatched_osm,Sway Rd Substation,
unmatched_osm,Swe Depot Substation,
unmatched_osm,Sweb Depot Brackla Substation,
unmatched_osm,Sweet Briar Lane Substation,
unmatched_osm,Swffryd No2 Substation,
unmatched_osm,Swffryd School Substation,
unmatched_osm,Swimming Baths Aberdare Substation,
unmatched_osm,Swimming Pool Haverfordwest Substation,
unmatched_osm,Swiss Cottage Bridgend Substation,
unmatched_osm,Swiss Valley Park North Substation,
unmatched_osm,Swiss Valley South Substation,
unmatched_osm,Swiss Valley Substation,
unmatched_osm,Swn-Y-Don Substation,
unmatched_osm,Sycamore Ave Dukestown Substation,
unmatched_osm,Sycamore Ave Neath Substation,
unmatched_osm,Sycamore Avenue Substation,
unmatched_osm,Sycamore Close Dinas Powis Substation,
unmatched_osm,Sycamore Close Substation,
unmatched_osm,Sycamore Cres Barry Substation,
unmatched_osm,Sycamore Cross St Nicholas Substation,
unmatched_osm,Sycamore House Whitchurch Substation,
unmatched_osm,Sycamore St Rhydyfelin Substation,
unmatched_osm,Sycamore Way No 1 Substation,
unmatched_osm,Sycamore Way No2 Substation,
unmatched_osm,Syphon St Porth Substation,
unmatched_osm,Syr Dafydd Avenue Oakdale Substation,
unmatched_osm,T N Thomas Substation,
unmatched_osm,T.A.P. Substation,
unmatched_osm,T2 House Supplies Substation,
unmatched_osm,TEMPLE COLOUR,
unmatched_osm,THE ANCHORAGE,
unmatched_osm,THE BARBICAN PORT MARINE,
unmatched_osm,THE DEANS,
unmatched_osm,THE LAWNS,
unmatched_osm,THE MAPLES,
unmatched_osm,THE MOUNT PORTBURY,
unmatched_osm,THE PADDOCKS,
unmatched_osm,THE PADDOCKS CHEPSTOW,
unmatched_osm,THE ROBINS,
unmatched_osm,THE STEPS,
unmatched_osm,THE SYCAMORES,
unmatched_osm,TINTERN ABBEY,
unmatched_osm,TOBACCO FACTORY RALEIGH ROAD,
unmatched_osm,TOWER FARM,
unmatched_osm,TURTLEGATE AVE K,
unmatched_osm,TWO ACRES CARAVAN SITE,
unmatched_osm,Tabernacle Lane Substation,
unmatched_osm,Tafarnaubach Wind Turbine Substation,
unmatched_osm,Taff Bank Primary Substation,
unmatched_osm,Taff Bank Workshops Substation,
unmatched_osm,Taff Ely Wind Farm Substation,
unmatched_osm,Taff Island No 3 Substation,
unmatched_osm,Taff Island No2 Substation,
unmatched_osm,Taff Island Substation,
unmatched_osm,Taffs Well Central Substation,
unmatched_osm,Taffs Well Metro Substation,
unmatched_osm,Taffs Well Quarry Substation,
unmatched_osm,Taffsmead Road Substation,
unmatched_osm,Taffswell Old Substation,
unmatched_osm,Taffswell Park Substation,
unmatched_osm,Tai Caer Castell Substation,
unmatched_osm,Taibach Substation,
unmatched_osm,Tairfelin Substation,
unmatched_osm,Tal Y Garn Substation,
unmatched_osm,Talbot Gateway Assumed Position Substation,
unmatched_osm,Talbot Green Primary Substation,
unmatched_osm,Talbot Green Retail Park Substation,
unmatched_osm,Talbot Lane Substation,
unmatched_osm,Talbot Rd Tirydail Substation,
unmatched_osm,Talbot Road Llantrisant Substation,
unmatched_osm,Talbot St Gowerton Substation,
unmatched_osm,Talbot St Llanelli Substation,
unmatched_osm,Talbot St Substation,
unmatched_osm,Talbot Timber Substation,
unmatched_osm,Talfan Rd Substation,
unmatched_osm,Talgarth Close Substation,
unmatched_osm,Talgarth House Substation,
unmatched_osm,Talgarth St Maesteg Substation,
unmatched_osm,Taliesyn Rd Substation,
unmatched_osm,Talybont Reservoir Substation,
unmatched_osm,Talygarn Nursing Home Substation,
unmatched_osm,Talygarn St Heath Substation,
unmatched_osm,Talygopa Trallwn Substation,
unmatched_osm,Talywaun Substation,
unmatched_osm,Tan Bank Substation,
unmatched_osm,Tank Wash Substation,
unmatched_osm,Tankfreight Whitland Substation,
unmatched_osm,Tanybryn Llanharan Substation,
unmatched_osm,Tanybryn Llwydcoed Substation,
unmatched_osm,Tanybryn Substation,
unmatched_osm,Tanydarren Substation,
unmatched_osm,Tanyfarteg Substation,
unmatched_osm,Tanygroes Street Substation,
unmatched_osm,Tanymynydd Substation,
unmatched_osm,Tanyrallt Abercrave Substation,
unmatched_osm,Taran Y Mwrthwl Hsg Estate Substation,
unmatched_osm,Tarmac Batching Plant Substation,
unmatched_osm,Tasker Milward School Substation,
unmatched_osm,Tasker Way Substation,
unmatched_osm,Tata Steel Building Substation,
unmatched_osm,Tatum Drive Substation,
unmatched_osm,Taunton Road Substation,
unmatched_osm,Tawe Barrage Lock Substation,
unmatched_osm,Tawe Barrage Pumping Station Substation,
unmatched_osm,Tawe Business Village Substation,
unmatched_osm,Tawe Park Ystradgynlais Substation,
unmatched_osm,Tawe Road Substation,
unmatched_osm,Tawe Valley School Substation,
unmatched_osm,Taxiway Petrol Station Substation,
unmatched_osm,Taylors Foundry Substation,
unmatched_osm,Tbs No2 Substation,
unmatched_osm,Team Precision Substation,
unmatched_osm,Teazer Substation,
unmatched_osm,Tech Assemblies Substation,
unmatched_osm,Techboard Turbine Substation,
unmatched_osm,Techmat Rogerstone Substation,
unmatched_osm,Technical College Barry Substation,
unmatched_osm,Technical College Substation,
unmatched_osm,Technical College Swansea Substation,
unmatched_osm,Techniglass Substation,
unmatched_osm,Techniquest Substation,
unmatched_osm,Technium Pembroke Dock Substation,
unmatched_osm,Technium Swansea Docks Substation,
unmatched_osm,Technology Centre Substation,
unmatched_osm,Technology Systems Substation,
unmatched_osm,Tecweld Substation,
unmatched_osm,Tedder Street,
unmatched_osm,Teddington Engineering Dafen Substation,
unmatched_osm,Teglan Park Substation,
unmatched_osm,Teilo St Pontcanna Substation,
unmatched_osm,Telecom Forrest Farm Substation,
unmatched_osm,Telekeber Rd Hopkinstown Substation,
unmatched_osm,Televillage Substation,
unmatched_osm,Telford St North Substation,
unmatched_osm,Telford St South Substation,
unmatched_osm,Telsa St Catherines Walk Substation,
unmatched_osm,Tema Fabrications Leckwith Substation,
unmatched_osm,Tempertech Substation,
unmatched_osm,Temple Street Llanelli Substation,
unmatched_osm,Temple Street Substation,
unmatched_osm,Templeton Ave Llanishen Substation,
unmatched_osm,Tenby Close Substation,
unmatched_osm,Tenby North Ev Chargers Substation,
unmatched_osm,Tenby Primary Substation,
unmatched_osm,Tenby Sludge Station Substation,
unmatched_osm,Tenby Stw Substation,
unmatched_osm,Tenneco Merthyr Substation,
unmatched_osm,Tennis Centre Substation,
unmatched_osm,Tennis Court Substation,
unmatched_osm,Tennyson Avenue Substation,
unmatched_osm,Tennyson Road Newport Substation,
unmatched_osm,Tensing Close Llanishen Substation,
unmatched_osm,Territorial Army Centre Substation,
unmatched_osm,Tertiary College Substation,
unmatched_osm,Tesco Aberdare Substation,
unmatched_osm,Tesco Bridgend Substation,
unmatched_osm,Tesco Caerphilly Substation,
unmatched_osm,Tesco Culverhouse Cross Substation,
unmatched_osm,Tesco Ebbw Vale Substation,
unmatched_osm,Tesco Express Substation,
unmatched_osm,Tesco Extra Substation,
unmatched_osm,Tesco Fforestfach Substation,
unmatched_osm,Tesco Gunsite Substation,
unmatched_osm,Tesco Haverfordwest Substation,
unmatched_osm,Tesco House Heath Substation,
unmatched_osm,Tesco Llanelli Substation,
unmatched_osm,Tesco Llansamlet Substation,
unmatched_osm,Tesco Maesteg Substation,
unmatched_osm,Tesco Merthyr Substation,
unmatched_osm,Tesco Milford Haven Substation,
unmatched_osm,Tesco Morriston Substation,
unmatched_osm,Tesco Neath Substation,
unmatched_osm,Tesco Newport Substation,
unmatched_osm,Tesco No1 Carmarthen Substation,
unmatched_osm,Tesco No2 Carmarthen Substation,
unmatched_osm,Tesco Pembroke Dock Substation,
unmatched_osm,Tesco Pengam Green Substation,
unmatched_osm,Tesco Pontardawe Substation,
unmatched_osm,Tesco Pontardulais Substation,
unmatched_osm,Tesco Pontypool Substation,
unmatched_osm,Tesco Port Talbot Substation,
unmatched_osm,Tesco Pumping Station Substation,
unmatched_osm,Tesco Retail Abertillery Substation,
unmatched_osm,Tesco Risca Substation,
unmatched_osm,Tesco Riverside Substation,
unmatched_osm,Tesco Spytty Rd Substation,
unmatched_osm,Tesco St Mellons Substation,
unmatched_osm,Tesco Swansea Substation,
unmatched_osm,Tesco Trostre S/S Substation,
unmatched_osm,Tesco Ystrad Mynach Substation,
unmatched_osm,Tesco Ystradgynlais Substation,
unmatched_osm,Tesla Celtic Manor Substation,
unmatched_osm,Tesla Pentwyn Substation,
unmatched_osm,Tete Rouge Mize Substation,
unmatched_osm,Texaco Centre Milford Haven Substation,
unmatched_osm,Texaco Skewen Substation,
unmatched_osm,Texaco Substation,
unmatched_osm,Textile Printers Treforest Substation,
unmatched_osm,Textkeen Baglan Substation,
unmatched_osm,Teynes Substation,
unmatched_osm,Thames Board Mills Abercarn Substation,
unmatched_osm,Tharsis Substation,
unmatched_osm,Thayers Substation,
unmatched_osm,The Anchorage Substation,
unmatched_osm,The Angel Substation,
unmatched_osm,The Argus Substation,
unmatched_osm,The Arlais Substation,
unmatched_osm,The Aspect Newport Substation,
unmatched_osm,The Ave Garndiffaith Substation,
unmatched_osm,The Avenue Llandaff Substation,
unmatched_osm,The Avenue Ynysybwl Substation,
unmatched_osm,The Barrows Substation,
unmatched_osm,The Batch Substation,
unmatched_osm,The Beeches Bridgend Substation,
unmatched_osm,The Bell Llanelli Substation,
unmatched_osm,The Bluebirds Substation,
unmatched_osm,The Bronze Site Substation,
unmatched_osm,The Bryn Bedwas Substation,
unmatched_osm,The Bryn Gobion Substation,
unmatched_osm,The Bryn Substation,
unmatched_osm,The Burrows Substation,
unmatched_osm,The Bush Abertillery Substation,
unmatched_osm,The Chase Thornhill Substation,
unmatched_osm,The Close Aberdare Substation,
unmatched_osm,The Coed Substation,
unmatched_osm,The Common Pontypridd Substation,
unmatched_osm,The Coppins Lisvane Substation,
unmatched_osm,The Crescent Bedwas Substation,
unmatched_osm,The Crescent Cwmbran Substation,
unmatched_osm,The Cross St Davids Substation,
unmatched_osm,The Crossing Ebbw Vale Substation,
unmatched_osm,The Cutting Substation,
unmatched_osm,The Dell K,
unmatched_osm,The Dell Tonteg Substation,
unmatched_osm,The Depot Substation,
unmatched_osm,The Deri Rhiwbina Substation,
unmatched_osm,The Dockyard Pembroke Dock Substation,
unmatched_osm,The Drive Substation,
unmatched_osm,The Elipse Substation,
unmatched_osm,The Elms Briton Ferry Substation,
unmatched_osm,The Elms Llanharry Substation,
unmatched_osm,The Farthings Substation,
unmatched_osm,The Firs Waunarlwydd Substation,
unmatched_osm,The Friary No 1 Substation,
unmatched_osm,The Gables Dinas Powys Substation,
unmatched_osm,The Gables Nottage Substation,
unmatched_osm,The Garw Substation,
unmatched_osm,The Grange Wenvoe Substation,
unmatched_osm,The Grange Wind Turbine Substation,
unmatched_osm,The Green Neath Substation,
unmatched_osm,The Green Newton Substation,
unmatched_osm,The Green Substation,
unmatched_osm,The Grove Pontardulais Substation,
unmatched_osm,The Grove Rumney Substation,
unmatched_osm,The Grove Uplands Substation,
unmatched_osm,The Heathers Substation,
unmatched_osm,The Hedges Substation,
unmatched_osm,The Hermitage Withybush Substation,
unmatched_osm,The Highway Substation,
unmatched_osm,The Hookses Substation,
unmatched_osm,The Knap Pumping Station Substation,
unmatched_osm,The Laurels Business Park Substation,
unmatched_osm,The Laurels Neath Substation,
unmatched_osm,The Lawns Rhymney Substation,
unmatched_osm,The Limes Substation,
unmatched_osm,The Lindons Substation,
unmatched_osm,The Links Mychynys Substation,
unmatched_osm,The Links St Mellons Substation,
unmatched_osm,The Mall Substation,
unmatched_osm,The Maltings Substation,
unmatched_osm,The Manor St Ederyns Substation,
unmatched_osm,The Mead Llandaff Substation,
unmatched_osm,The Meadow Substation,
unmatched_osm,The Meadows Cimla Substation,
unmatched_osm,The Mews Substation,
unmatched_osm,The Moorings Substation,
unmatched_osm,The New Gwyn Hall Substation,
unmatched_osm,The Oaks Caerphilly Substation,
unmatched_osm,The Oaks Rogerstone Substation,
unmatched_osm,The Old Arcade Substation,
unmatched_osm,The Orchard Port Eynon Substation,
unmatched_osm,The Orchard Substation,
unmatched_osm,The Paddocks Substation,
unmatched_osm,The Parade Cwmbran Substation,
unmatched_osm,The Parade Pontypridd Substation,
unmatched_osm,The Park North Substation,
unmatched_osm,The Park South Substation,
unmatched_osm,The Pines Substation,
unmatched_osm,The Rest Substation,
unmatched_osm,The Retreat Penylan Substation,
unmatched_osm,The Rhiw Multi Storey Car Park Substation,
unmatched_osm,The Rhiw Substation,
unmatched_osm,The Ridings Substation,
unmatched_osm,The Rise Cwmbran Substation,
unmatched_osm,The Rise Llanishen Substation,
unmatched_osm,The Rock Cwmavon Substation,
unmatched_osm,The Rookery Substation,
unmatched_osm,The School Pensylvania Substation,
unmatched_osm,The Spinney Substation,
unmatched_osm,The Square Neath Substation,
unmatched_osm,The Stadium Substation,
unmatched_osm,The Star Dukestown Substation,
unmatched_osm,The Triangle Brackla Substation,
unmatched_osm,The Uplands Rogerstone Substation,
unmatched_osm,The Wharf Substation,
unmatched_osm,The Woods Pentrepiod Substation,
unmatched_osm,Theodora Street Splott Substation,
unmatched_osm,Theodore Road Substation,
unmatched_osm,Therm Pontyclun Substation,
unmatched_osm,Thermomax Substation,
unmatched_osm,Thimble Cottage Substation,
unmatched_osm,Third Lane Substation,
unmatched_osm,Thistle Boon Substation,
unmatched_osm,Thomas St Treharris Substation,
unmatched_osm,Thomastown Substation,
unmatched_osm,Thompson Ave Canton Substation,
unmatched_osm,Thompson Avenue East Newport Substation,
unmatched_osm,Thompson Jewitt Substation,
unmatched_osm,Thompson Park Llandaff Substation,
unmatched_osm,Thompson St Barry Substation,
unmatched_osm,Thomson House Offices Substation,
unmatched_osm,Thorn Close Substation,
unmatched_osm,Thorney Road Substation,
unmatched_osm,Thornhill Area J Substation,
unmatched_osm,Thornhill Crematorium Substation,
unmatched_osm,Thornhill Park Substation,
unmatched_osm,Thornhill Way Substation,
unmatched_osm,Thornhill. Cwmbran Substation,
unmatched_osm,Thornton Ind Park Substation,
unmatched_osm,Thornton Road Housing Substation,
unmatched_osm,Three Arches Ave Heath Substation,
unmatched_osm,Three Bells Barry Substation,
unmatched_osm,Three Brewers Substation,
unmatched_osm,Three Crosses Housing Substation,
unmatched_osm,Three Crosses Substation,
unmatched_osm,Three Golden Cups Substation,
unmatched_osm,Three M S Substation,
unmatched_osm,Three Streams Llanilleth Substation,
unmatched_osm,Thrissell Crumlin Substation,
unmatched_osm,Thyssen Bynea Substation,
unmatched_osm,Tib Pentrebach Substation,
unmatched_osm,Tichborne Rd Substation,
unmatched_osm,Tidal Sidings Substation,
unmatched_osm,Tidenham Rd Ely Substation,
unmatched_osm,Tiers Cross Rd Merlins Bridge Substation,
unmatched_osm,Tiers Cross Solar Park Substation,
unmatched_osm,Tillery St Abertillery Substation,
unmatched_osm,Tillsland Substation,
unmatched_osm,Timbers Square Substation,
unmatched_osm,Tintern House Substation,
unmatched_osm,Tip Substation,
unmatched_osm,Tir Gibbon Energlyn Substation,
unmatched_osm,Tir Jack Substation,
unmatched_osm,Tir John C A Compound Substation,
unmatched_osm,Tir John Grid Substation,
unmatched_osm,Tir Morfa Road Substation,
unmatched_osm,Tir Newydd Substation,
unmatched_osm,Tir Penry St Substation,
unmatched_osm,Tir Trosnant Substation,
unmatched_osm,Tir-Y-Dail Lane Substation,
unmatched_osm,Tirbach Farm Housing Site Substation,
unmatched_osm,Tirbach South Rhos Substation,
unmatched_osm,Tircanol Substation,
unmatched_osm,Tircoed Village Substation,
unmatched_osm,Tirdeunaw Substation,
unmatched_osm,Tirfounder Fields Substation,
unmatched_osm,Tiryberth Substation,
unmatched_osm,Tiverton Drive Rumney Substation,
unmatched_osm,Tivoli Substation,
unmatched_osm,Tizer Substation,
unmatched_osm,Tk Max Substation,
unmatched_osm,Togo Organics Rhigos Substation,
unmatched_osm,Tollgate Rd Substation,
unmatched_osm,Tolpath Substation,
unmatched_osm,Tomen-Y-Clawdd Substation,
unmatched_osm,Ton Glas Substation,
unmatched_osm,Ton Substation,
unmatched_osm,Ton Yr Ywen Ave Substation,
unmatched_osm,Ton-Yr-Ywen School Heath Substation,
unmatched_osm,Tonbach Substation,
unmatched_osm,Tondu Development Substation,
unmatched_osm,Tondu Road Call Centre Substation,
unmatched_osm,Tondu Training Centre Substation,
unmatched_osm,Tone Road Substation,
unmatched_osm,Tonna Higher Substation,
unmatched_osm,Tonna Hospital Substation,
unmatched_osm,Tonna Road Substation,
unmatched_osm,Tonteg Close Substation,
unmatched_osm,Tonteg Pumping Station Substation,
unmatched_osm,Tonteg School Substation,
unmatched_osm,Tonyfelin Penyfan Substation,
unmatched_osm,Tonymoch Substation,
unmatched_osm,Tonypandy Primary Substation,
unmatched_osm,Tonypandy School Llewellyn St Substation,
unmatched_osm,Tonyrefail Comprehensive Substation,
unmatched_osm,Tonyrefail East Substation,
unmatched_osm,Tonyrefail Leisure Centre Substation,
unmatched_osm,Tonyrefail North Substation,
unmatched_osm,Top Rd Garndiffaith Substation,
unmatched_osm,Torcoed Fawr Quarry Substation,
unmatched_osm,Torcoed Quarry Substation,
unmatched_osm,Torfaen College Substation,
unmatched_osm,Tormynton Substation,
unmatched_osm,Torrens Drive Lakeside Substation,
unmatched_osm,Torrington Cres Substation,
unmatched_osm,Tow Path Neath Substation,
unmatched_osm,Tower Block Substation,
unmatched_osm,Tower House Substation,
unmatched_osm,Tower Rd Substation,
unmatched_osm,Towerhead Farm Solar Park Substation,
unmatched_osm,Town Bridge Pontypool Substation,
unmatched_osm,Town Centre Pump. Sta. No1 Substation,
unmatched_osm,Town Centre Pump.Sta No2 Substation,
unmatched_osm,Town Hall Milford Haven Substation,
unmatched_osm,Town Mill Substation,
unmatched_osm,Town Quarry Substation,
unmatched_osm,Town Reach Substation,
unmatched_osm,Town Square Penarth Substation,
unmatched_osm,Townhill Substation,
unmatched_osm,Towy Bridge Substation,
unmatched_osm,Toyoda Car Factory Gorseinon Substation,
unmatched_osm,Toyota Resolven Substation,
unmatched_osm,Trade St Substation,
unmatched_osm,Trafalgar Park Substation,
unmatched_osm,Trafalgar Substation,
unmatched_osm,Trago Mills Merthyr No1 Substation,
unmatched_osm,Trago Mills Merthyr No2 Substation,
unmatched_osm,Training Centre Dumballs Rd Substation,
unmatched_osm,Training Centre Substation,
unmatched_osm,Training College Substation,
unmatched_osm,Trallwm Rd Substation,
unmatched_osm,Trallwn Rd Llansamlet Substation,
unmatched_osm,Tram Road Upper Cwmbran Substation,
unmatched_osm,Tranch Pontypool Substation,
unmatched_osm,Transco Alpha Steel Substation,
unmatched_osm,Transformer House,
unmatched_osm,Traston Lane Swimming Pool Substation,
unmatched_osm,Traston Rd Newport Substation,
unmatched_osm,Traston Road Stor Gen,
unmatched_osm,Trave Lodge Substation,
unmatched_osm,Travellers Rest Primary Substation,
unmatched_osm,Travelodge Cardiff Bay Substation,
unmatched_osm,Trawler Road Substation,
unmatched_osm,Tre Gibbon Switching Station,
unmatched_osm,Tre Ifor Substation,
unmatched_osm,Tre Obrey Substation,
unmatched_osm,Tre Telynog Substation,
unmatched_osm,Tread Tyre Substation,
unmatched_osm,Trealaw Infants School Substation,
unmatched_osm,Trealaw Rd Substation,
unmatched_osm,Treatment Works Pendine Substation,
unmatched_osm,Trebanog Substation,
unmatched_osm,Trebanos School Substation,
unmatched_osm,Trebanos Substation,
unmatched_osm,Trebeferad Substation,
unmatched_osm,Treberth Newport Substation,
unmatched_osm,Trecatti Substation,
unmatched_osm,Trecco Bay Caravan Park Substation,
unmatched_osm,Trecco Bay Substation,
unmatched_osm,Trecenydd Ind Estate Substation,
unmatched_osm,Trecenydd Substation,
unmatched_osm,Trecoed Walk Llanrumney Substation,
unmatched_osm,Trecynon Substation,
unmatched_osm,Tredegar Business Park Substation,
unmatched_osm,Tredegar Primary Substation,
unmatched_osm,Tredegar Terrace Substation,
unmatched_osm,Tredogan Pumping Station Substation,
unmatched_osm,Tredomen House Substation,
unmatched_osm,Tredomen Works Substation,
unmatched_osm,Trefechan Substation,
unmatched_osm,Trefelin Llwydcoed Substation,
unmatched_osm,Trefica Walk Trowbridge Substation,
unmatched_osm,Trefil Quarries Substation,
unmatched_osm,Trefloyne Golf Club Penally Substation,
unmatched_osm,Trefnant Walk Trowbridge. Substation,
unmatched_osm,Treforest Apprentice Centre Nantgarw Substation,
unmatched_osm,Treforest North No1 Substation,
unmatched_osm,Treforest North No2 Substation,
unmatched_osm,Treforest Tennis Club Treforest Substation,
unmatched_osm,Treforgan Ind Estate Substation,
unmatched_osm,Tregarth Lodge Creigiau Substation,
unmatched_osm,Tregarth Walk Trowbridge Substation,
unmatched_osm,Tregof Village Substation,
unmatched_osm,Treguff Farm PV Generation Substation,
unmatched_osm,Tregwilym Road Rogerstone Substation,
unmatched_osm,Trehafod Central Substation,
unmatched_osm,Trehafod Rudc Substation,
unmatched_osm,Treharne Rd East Substation,
unmatched_osm,Treharne Rd Substation,
unmatched_osm,Treharne Rd West Barry Substation,
unmatched_osm,Treharne St Substation,
unmatched_osm,Treharris Medical Centre Substation,
unmatched_osm,Treherbert Park Substation,
unmatched_osm,Treherbert St Substation,
unmatched_osm,Treherbert Substation,
unmatched_osm,Trelai Trading Estate Ely Substation,
unmatched_osm,Trelai Youth Centre Ely Substation,
unmatched_osm,Trelewis Substation,
unmatched_osm,Trelyn Substation,
unmatched_osm,Trem-Y-Don Porthkerry Substation,
unmatched_osm,Tremains House Substation,
unmatched_osm,Tremains Wood Substation,
unmatched_osm,Tremorfa Grid Rover Way Cardiff Substation,
unmatched_osm,Tremorfa Substation,
unmatched_osm,Trenant Substation,
unmatched_osm,Trenant Switching Station,
unmatched_osm,Treneol Substation,
unmatched_osm,Trenewydd Road Trowbridge Substation,
unmatched_osm,Trent Rd Substation,
unmatched_osm,Treoda Court Whitchurch Substation,
unmatched_osm,Treoes Substation,
unmatched_osm,Treorchy Comprehensive School Substation,
unmatched_osm,Treorchy Substation,
unmatched_osm,Treowen South Newbridge Substation,
unmatched_osm,Trerhingyll Village Substation,
unmatched_osm,Treseders Ely Substation,
unmatched_osm,Trethomas Primary Substation,
unmatched_osm,Tretower Substation,
unmatched_osm,Trevaughan Road Carmarthen Substation,
unmatched_osm,Trevaughan Substation,
unmatched_osm,Trevellan Estate Cimla Substation,
unmatched_osm,Trevethick Street Penydarren Substation,
unmatched_osm,Trevethin School Substation,
unmatched_osm,Trevethin Substation,
unmatched_osm,Trevor Hammond Substation,
unmatched_osm,Trevor Jones Substation,
unmatched_osm,Trewartha Close Substation,
unmatched_osm,Trewent Park Freshwater East Substation,
unmatched_osm,Trewlawne Close Substation,
unmatched_osm,Trews Field Substation,
unmatched_osm,Trewyddfa Housing Morriston Substation,
unmatched_osm,Trewyddfa Tce Substation,
unmatched_osm,Trf No1 Substation,
unmatched_osm,Trf No2 Maindy Road Substation,
unmatched_osm,Triang Merthyr Substation,
unmatched_osm,Triangle Pentrebach Substation,
unmatched_osm,Tribute Avenue Cwmcarn Substation,
unmatched_osm,Trico Substation,
unmatched_osm,Trident Park Generation,
unmatched_osm,Trident Park Substation,
unmatched_osm,Trident Park Waste Generation Substation,
unmatched_osm,Trilwm Housing Site Substation,
unmatched_osm,Trimsaran Local Substation,
unmatched_osm,Trinant Substation,
unmatched_osm,Trinity College Substation,
unmatched_osm,Trinity Llanelli Substation,
unmatched_osm,Trinity Place Substation,
unmatched_osm,Trinity Rd Cwmbran Substation,
unmatched_osm,Trinity Road Substation,
unmatched_osm,Trinity St Abergavenny Substation,
unmatched_osm,Trinity St Barry Substation,
unmatched_osm,Troed Pennar Substation,
unmatched_osm,Troedybryn Tumble Substation,
unmatched_osm,Troedyrhiw Grammar School Troedyrhiw Substation,
unmatched_osm,Troedyrhiw Hsg Site Y Mynach Substation,
unmatched_osm,Trojan Substation,
unmatched_osm,Trosnant Substation,
unmatched_osm,Trostre Fawr Business Pk Substation,
unmatched_osm,Trostre Grid Substation,
unmatched_osm,Trostre Rd Industrial Site Substation,
unmatched_osm,Trostrey Generation Substation,
unmatched_osm,Trostrey Poultry Unit Substation,
unmatched_osm,Trowbridge Primary Substation,
unmatched_osm,Trowbridge Road Llanrumney Substation,
unmatched_osm,Truck Tyres Warne Road Wsm Substation,
unmatched_osm,True Swansea No 1 Substation,
unmatched_osm,True Swansea No 2 Substation,
unmatched_osm,Truemans Park Substation,
unmatched_osm,Tsb Tredegar Park Substation,
unmatched_osm,Tubex Aberaman Substation,
unmatched_osm,Tudor Accessories Substation,
unmatched_osm,Tudor Close Substation,
unmatched_osm,Tudor Court Substation,
unmatched_osm,Tudor Cresent Rogerstone Substation,
unmatched_osm,Tudor Garage Substation,
unmatched_osm,Tudor Gardens Substation,
unmatched_osm,Tudor Gate Substation,
unmatched_osm,Tudor Jenkins Substation,
unmatched_osm,Tudor Printing Works Substation,
unmatched_osm,Tudor Rd Substation,
unmatched_osm,Tudor Square Substation,
unmatched_osm,Tudor Way (Crown Hill Llantwit) Substation,
unmatched_osm,Tumble Primary Substation,
unmatched_osm,Tumble Square Substation,
unmatched_osm,Tumble Substation,
unmatched_osm,Tunnel Beaufort Substation,
unmatched_osm,Turberville St Substation,
unmatched_osm,Turberville Substation,
unmatched_osm,Turbine Hill Farm Ludchurch Substation,
unmatched_osm,Turnham Green Llanedeyrn Substation,
unmatched_osm,Tv House Cilfrew Substation,
unmatched_osm,Tv Transmitter No. 1 Substation,
unmatched_osm,Tv Transmitter No. 2 Substation,
unmatched_osm,Tweedy Lane Substation,
unmatched_osm,Twenty Acres Rd P.S/S,
unmatched_osm,Twi Building Substation,
unmatched_osm,Twll Yn Y Wal Substation,
unmatched_osm,Twmpath Pontypool Substation,
unmatched_osm,Two Central Square Wood Street Substation,
unmatched_osm,Two Locks Substation,
unmatched_osm,Two Sheds Substation,
unmatched_osm,Twyn Carno Rhymney Substation,
unmatched_osm,Twyn Cynordy Brynmawr Substation,
unmatched_osm,Twyn Gwyn Pentwyn Mawr Substation,
unmatched_osm,Twyn Rd Ystrad Mynach Substation,
unmatched_osm,Twyn Substation,
unmatched_osm,Twyncarmel Substation,
unmatched_osm,Twynrodyn Care Home Substation,
unmatched_osm,Twynygarreg Substation,
unmatched_osm,Ty Byturn Substation,
unmatched_osm,Ty Canol Lane Substation,
unmatched_osm,Ty Canol Mast Talybont Substation,
unmatched_osm,Ty Canol No1 Substation,
unmatched_osm,Ty Canol Reservoir Substation,
unmatched_osm,Ty Canol Templeton Substation,
unmatched_osm,Ty Canol Way Substation,
unmatched_osm,Ty Coch Lane Substation,
unmatched_osm,Ty Coch Unit Factories Substation,
unmatched_osm,Ty Coch Way Substation,
unmatched_osm,Ty Ddu Nelson No1 Substation,
unmatched_osm,Ty Ddu Nelson No2 Substation,
unmatched_osm,Ty Derwen Substation,
unmatched_osm,Ty Draw Farm Substation,
unmatched_osm,Ty Fry Aberdare Substation,
unmatched_osm,Ty Fry Housing Barratts Substation,
unmatched_osm,Ty Fry Housing Site No1 Substation,
unmatched_osm,Ty Fry Llangennech Substation,
unmatched_osm,Ty Fry Rd Rumney Substation,
unmatched_osm,Ty Fry Rd Substation,
unmatched_osm,Ty Glas Ave Primary School Substation,
unmatched_osm,Ty Glas Road Substation,
unmatched_osm,Ty Gwyn Court Penylan Substation,
unmatched_osm,Ty Hafan Substation,
unmatched_osm,Ty Isaf Estate Substation,
unmatched_osm,Ty Isaf Tonteg Substation,
unmatched_osm,Ty Isha Housing Substation,
unmatched_osm,Ty Llansawel Briton Ferry Substation,
unmatched_osm,Ty Llwyd Llanishen Substation,
unmatched_osm,Ty Llwydd Newport Substation,
unmatched_osm,Ty Maes Marchog Substation,
unmatched_osm,Ty Melin Substation,
unmatched_osm,Ty Nant Swansea Substation,
unmatched_osm,Ty Newydd Row Substation,
unmatched_osm,Ty Ralph No 1 Caerphilly Substation,
unmatched_osm,Ty Rhiw Substation,
unmatched_osm,Ty Sign View Substation,
unmatched_osm,Ty Verlon Barry Substation,
unmatched_osm,Ty Verlon North Barry Substation,
unmatched_osm,Ty William Ambrose Substation,
unmatched_osm,Ty Wrth Yr Eglwys Substation,
unmatched_osm,Ty-Gwyn Clydach Substation,
unmatched_osm,Ty-Isha Llanelli Substation,
unmatched_osm,Tycoch College Substation,
unmatched_osm,Tycoch Housing Site Substation,
unmatched_osm,Tycoch Rd Substation,
unmatched_osm,Tycoch Sketty Substation,
unmatched_osm,Tycroes Square Substation,
unmatched_osm,Tydfil Place Roath Substation,
unmatched_osm,Tyfica Cres Pontypridd Substation,
unmatched_osm,Tyla Coch Substation,
unmatched_osm,Tylacelyn Road Penygraig Substation,
unmatched_osm,Tylacoch Solar Substation,
unmatched_osm,Tylcha Wen Tonyrefail Substation,
unmatched_osm,Tyle Crwth Turbine Substation,
unmatched_osm,Tyle Teg Substation,
unmatched_osm,Tyllwyd Cwmbach Substation,
unmatched_osm,Tylorstown Substation,
unmatched_osm,Tymawr Substation,
unmatched_osm,Tymynydd Est Morganstown Substation,
unmatched_osm,Tyn A Garn Site A Substation,
unmatched_osm,Tyn Y Graig Hsing Aberdulais Substation,
unmatched_osm,Tyn Y Waun Llansamlet Substation,
unmatched_osm,Tyn-Y-Pwll Rd Whitchurch Substation,
unmatched_osm,Tynant Offices Substation,
unmatched_osm,Tynant Rd Substation,
unmatched_osm,Tyneside Yard No1 Substation,
unmatched_osm,Tyneside Yard No2 Substation,
unmatched_osm,Tyneside Yard No3 Substation,
unmatched_osm,Tynewydd Dukestown Substation,
unmatched_osm,Tynewydd Rd Barry Substation,
unmatched_osm,Tynewydd Tce Newbridge Substation,
unmatched_osm,Tynte Hotel Substation,
unmatched_osm,Tyntyla Road (Ystrad) Substation,
unmatched_osm,Tynybryn Pontymister Substation,
unmatched_osm,Tynybryn Substation,
unmatched_osm,Tynycoed Clydach Substation,
unmatched_osm,Tynycoed Housing Substation,
unmatched_osm,Tynyffynnon Hsg Site Substation,
unmatched_osm,Tynynant Flats Substation,
unmatched_osm,Tynypwll St Brides Substation,
unmatched_osm,Tynypwll Substation,
unmatched_osm,Tynypwnt Substation,
unmatched_osm,Tynytwr Substation,
unmatched_osm,Tyr Eglwys Substation,
unmatched_osm,Tyr Winch St Mellons Substation,
unmatched_osm,Tyr Y Iwan Substation,
unmatched_osm,Tyr-Y-Sarn Rumney Substation,
unmatched_osm,Tythegston Generation Substation,
unmatched_osm,Tywern Rd Rhiwbina Substation,
unmatched_osm,UNION STREET,
unmatched_osm,UP BEYOND,
unmatched_osm,USK ROAD CHEPSTOW,
unmatched_osm,Uncle Wong Substation,
unmatched_osm,Underground Car Park Substation,
unmatched_osm,Underhill Park Substation,
unmatched_osm,Underwood Aberdulais Substation,
unmatched_osm,Underwood School Substation,
unmatched_osm,Uni Intake Osborne Villas,
unmatched_osm,Unicorn Inn Substation,
unmatched_osm,Unigate Dairies Parrys Lane,
unmatched_osm,Union House,
unmatched_osm,Union House Substation,
unmatched_osm,Union Road Abergavenny Substation,
unmatched_osm,Union Street Substation,
unmatched_osm,Unit 16 Baglan Way Substation,
unmatched_osm,Unit 2 Baglan Moors Substation,
unmatched_osm,Unit 23 Tafarnaubach Substation,
unmatched_osm,Unit 336 Springvale Substation,
unmatched_osm,Unit 34 Aberavon Substation,
unmatched_osm,Unit 4 Tarfanaubach Substation,
unmatched_osm,Unit 52 Portmanmoor Substation,
unmatched_osm,Unit 58 Springvale Substation,
unmatched_osm,Unit 8 Hendy Substation,
unmatched_osm,Unit C2 Coed Ely Substation,
unmatched_osm,Unity Mine Substation,
unmatched_osm,University Hostel S/S,
unmatched_osm,University Of Wales Substation,
unmatched_osm,University Playing Fields Llanrumney Substation,
unmatched_osm,University Playing Fields Substation,
unmatched_osm,University Study Buildings Substation,
unmatched_osm,Uphill Motors Aiscombe Way Substation,
unmatched_osm,Uplands Drive Substation,
unmatched_osm,Uplands Local Tx Substation,
unmatched_osm,Uplands Road Substation,
unmatched_osm,Uplands Swansea Primary Substation,
unmatched_osm,Upper Bank Primary Substation,
unmatched_osm,Upper Boat Factories Substation,
unmatched_osm,Upper Boat Supergrid Substation,
unmatched_osm,Upper Church Village Substation,
unmatched_osm,Upper Coed Cae Blaenavon Substation,
unmatched_osm,Upper Colbren Cwmgorse Substation,
unmatched_osm,Upper Cranbrook Rd S/S,
unmatched_osm,Upper Dock St Substation,
unmatched_osm,Upper Dregeman Hill Wind Turbine Substation,
unmatched_osm,Upper Fforest Way Substation,
unmatched_osm,Upper Gates Substation,
unmatched_osm,Upper High St Rhymney Substation,
unmatched_osm,Upper Kewstoke Road Substation,
unmatched_osm,Upper Meyrick St Substation,
unmatched_osm,Upper Rookery Llanrumney Substation,
unmatched_osm,Upper Tennyson Road Substation,
unmatched_osm,Ursula Melody,
unmatched_osm,Use Superheaters Substation,
unmatched_osm,Usk Bridge South Substation,
unmatched_osm,Usk Gas Works Substation,
unmatched_osm,Usk Plaza Substation,
unmatched_osm,Usk Primary Substation,
unmatched_osm,Usk Pumping Station Substation,
unmatched_osm,Usk Road Caerleon Substation,
unmatched_osm,Usk Sewage Works Substation,
unmatched_osm,Usk Town Substation,
unmatched_osm,Usk Workshop Substation,
unmatched_osm,Uskmouth Construction Site Substation,
unmatched_osm,Uskmouth National Grid Substation,
unmatched_osm,Uskvale Ind Site Substation,
unmatched_osm,Utilities Treforest Substation,
unmatched_osm,V W Merthyr Substation,
unmatched_osm,VALE LANE OD,
unmatched_osm,VENTURE,
unmatched_osm,VICARAGE ROAD,
unmatched_osm,VODAPHONE CLEVEDON,
unmatched_osm,Vachell Rd Ely Substation,
unmatched_osm,Vale Crescent Substation,
unmatched_osm,Vale Golf Club Substation,
unmatched_osm,Vale Health Clinic Substation,
unmatched_osm,Vale Nickel Refinery Substation,
unmatched_osm,Vale Park Substation,
unmatched_osm,Vale Terr Tredegar Substation,
unmatched_osm,Vale View Maesycwmmer Substation,
unmatched_osm,Vale View Penygraig Substation,
unmatched_osm,Valegate Retail Culverhouse Cross Substation,
unmatched_osm,Valentine Varnish Substation,
unmatched_osm,Valley Foods Sw Site Substation,
unmatched_osm,Valley Road Gantra Ebbw Vale Substation,
unmatched_osm,Valley Secondary School Substation,
unmatched_osm,Valley View A Penarth Substation,
unmatched_osm,Valley View Beaufort Substation,
unmatched_osm,Valley View Cimla Substation,
unmatched_osm,Valley View West Substation,
unmatched_osm,Valley Way Substation,
unmatched_osm,Van Embankment Substation,
unmatched_osm,Van Gatehouse Substation,
unmatched_osm,Van Heyningen St Mellons Substation,
unmatched_osm,Van Road Industries Caerphilly Substation,
unmatched_osm,Vanburgh Gardens Substation,
unmatched_osm,Vancouver Drive Penmaen Substation,
unmatched_osm,Vantona Viyella Substation,
unmatched_osm,Vardre Clydach Substation,
unmatched_osm,Varmans Yard Substation,
unmatched_osm,Varna Tce Substation,
unmatched_osm,Varteg Substation,
unmatched_osm,Vaughan Ave Fairwater Substation,
unmatched_osm,Vaughan Court Sw Site Substation,
unmatched_osm,Veg Factory Withybush Substation,
unmatched_osm,Vega Junction Lock Substation,
unmatched_osm,Velindre Hospital Whitchurch Substation,
unmatched_osm,Velindre Road Flats A Substation,
unmatched_osm,Velindre Substation,
unmatched_osm,Velindre Water Treatment Plant Substation,
unmatched_osm,Vellacott Close Substation,
unmatched_osm,Venns Farm Westcross Substation,
unmatched_osm,Vequip Substation,
unmatched_osm,Vera Substation,
unmatched_osm,Vere St Barry Substation,
unmatched_osm,Vere St Gilfach Bargoed Substation,
unmatched_osm,Veridian Port Tennant Substation,
unmatched_osm,Vernon Court Llandaff Substation,
unmatched_osm,Vernon Place Substation,
unmatched_osm,Viaduct Rd Substation,
unmatched_osm,Viaduct Way Bassaleg Substation,
unmatched_osm,Vicarage Rd Substation,
unmatched_osm,Vicarage Road Morriston Substation,
unmatched_osm,Vicarage Road Mountain Ash Substation,
unmatched_osm,Vicars Field Troedyrhiw Substation,
unmatched_osm,Vicary St Substation,
unmatched_osm,Viceroy Substation,
unmatched_osm,Vicrem Tremorfa Substation,
unmatched_osm,Victoria Avenue Penarth Substation,
unmatched_osm,Victoria Bridge Milford Haven Substation,
unmatched_osm,Victoria Garage Substation,
unmatched_osm,Victoria Gardens Neath Substation,
unmatched_osm,Victoria Gardens Rogerstone Substation,
unmatched_osm,Victoria Gardens Substation,
unmatched_osm,Victoria Hotel Llandeilo Substation,
unmatched_osm,Victoria House Blaenavon Substation,
unmatched_osm,Victoria Inn Substation,
unmatched_osm,Victoria Laundry Neath Abbey Substation,
unmatched_osm,Victoria Park Canton Substation,
unmatched_osm,Victoria Park Rd East Canton Substation,
unmatched_osm,Victoria Place Substation,
unmatched_osm,Victoria Quay Substation,
unmatched_osm,Victoria Rd Waunarlwydd Substation,
unmatched_osm,Victoria Rd Whitchurch Substation,
unmatched_osm,Victoria Road Gas Substation,
unmatched_osm,Victoria Road Substation,
unmatched_osm,Victoria St Blaengarw Substation,
unmatched_osm,Victoria St Blaina Substation,
unmatched_osm,Victoria St Cwmbran Substation,
unmatched_osm,Victoria St Substation,
unmatched_osm,Victoria Street Llanbradach Substation,
unmatched_osm,Victoria Substation,
unmatched_osm,Viking Way Substation,
unmatched_osm,Villa Rosa Substation,
unmatched_osm,Village Farm Bonvilston Substation,
unmatched_osm,Village Farm No3 Substation,
unmatched_osm,Village Hotel Substation,
unmatched_osm,Village Lane Substation,
unmatched_osm,Villiers Street Briton Ferry Substation,
unmatched_osm,Vincent Davies Withybush Substation,
unmatched_osm,Vincent Rd Ely Substation,
unmatched_osm,Vineyard Vale Substation,
unmatched_osm,Viola Road Substation,
unmatched_osm,Violet Place Whitchurch Substation,
unmatched_osm,Virgil Street Substation,
unmatched_osm,Virgin Cinema No1 Substation,
unmatched_osm,Virgin Cinema No2 Substation,
unmatched_osm,Virgin Cinema Substation,
unmatched_osm,Virginia Park S/S Substation,
unmatched_osm,Viriamu Jones School Gabalfa Substation,
unmatched_osm,Viridor Waste Substation,
unmatched_osm,Visitor Centre Substation,
unmatched_osm,Viskase LSV Substation,
unmatched_osm,Vitafoam Substation,
unmatched_osm,Vitamin C Substation,
unmatched_osm,Vitreflex Dafen Substation,
unmatched_osm,Vivian Park Substation,
unmatched_osm,Vivian Tce Substation,
unmatched_osm,Vizor Substation,
unmatched_osm,Vodaphone St Mellons Substation,
unmatched_osm,Volunteer St Pentre Substation,
unmatched_osm,Voylart Substation,
unmatched_osm,Vulcan Road Merthyr Substation,
unmatched_osm,Vw Garage Substation,
unmatched_osm,W D A Offices Pentrebach Substation,
unmatched_osm,WAITROSE,
unmatched_osm,WALTON NI GORDANO,
unmatched_osm,WARES TANNERY,
unmatched_osm,WATERBRIDGE ROAD P,
unmatched_osm,WATERS EDGE,
unmatched_osm,WATERSIDE PARK,
unmatched_osm,WDA Hirwaun Switching Station,
unmatched_osm,WENTWOOD VIEW,
unmatched_osm,WESLEY STREET BEDMINSTER,
unmatched_osm,WEST STREET FLATS,
unmatched_osm,WEST TOWN CROSSROADS,
unmatched_osm,WEST WAY,
unmatched_osm,WESTERN APPROACH SOLAR FARM,
unmatched_osm,WESTERN TRANSPORT,
unmatched_osm,WESTON WOOD ROAD,
unmatched_osm,WETLANDS LANE,
unmatched_osm,WGWB River Towy Intake Substation,
unmatched_osm,WHATLEY ROAD,
unmatched_osm,WHITCHURCH GRANGE,
unmatched_osm,WHITCHURCH S.,
unmatched_osm,WHITE LODGE,
unmatched_osm,WILLOUGHBY CLOSE OD,
unmatched_osm,WILSHIRES,
unmatched_osm,WINDCLIFF CRESCENT K,
unmatched_osm,WINTERSTOKE ROAD M LOCAL,
unmatched_osm,WINTERSTOKE ROAD P,
unmatched_osm,WIRELESS STATION,
unmatched_osm,WISEMANS DAIRIES HVM,
unmatched_osm,WOODGATE SAW MILLS,
unmatched_osm,WOODHILL AVENUE,
unmatched_osm,WOODLAND ROAD,
unmatched_osm,WORCESTER GARDENS,
unmatched_osm,WYE RAPIDS,
unmatched_osm,WYNDHAM WAY RETAIL PARK,
unmatched_osm,Waferfab Newport Substation,
unmatched_osm,Wainfelin Substation,
unmatched_osm,Waites Factory Crumlin Substation,
unmatched_osm,Waitrose Pentwyn Substation,
unmatched_osm,Waitrose Substation,
unmatched_osm,Waldings Field Blaina Substation,
unmatched_osm,Wales Gas Board Substation,
unmatched_osm,Wales Gas Llandarcy Substation,
unmatched_osm,Wales Millennium Centre No1 Substation,
unmatched_osm,Wales Millennium Centre No2 Substation,
unmatched_osm,Walford Avenue Substation,
unmatched_osm,Walford Substation,
unmatched_osm,Walker Port Tennant Substation,
unmatched_osm,Walker Rd Substation,
unmatched_osm,Wall Colmonoy Substation,
unmatched_osm,Wall St Substation,
unmatched_osm,Wallace Rd Substation,
unmatched_osm,Walley Lane Substation,
unmatched_osm,Wallis Western Substation,
unmatched_osm,Walls Depot Substation,
unmatched_osm,Walnut Tree Frmu No1 Caerphilly Substation,
unmatched_osm,Walnut Way Substation,
unmatched_osm,Walpamur Canton Substation,
unmatched_osm,Walsh Street Substation,
unmatched_osm,Walston Castle Substation,
unmatched_osm,Walston Rd Substation,
unmatched_osm,Walter St Substation,
unmatched_osm,Walters Ave Substation,
unmatched_osm,Walters Rd Neath Substation,
unmatched_osm,Walters Rd Substation,
unmatched_osm,Walters Road Llanelli Substation,
unmatched_osm,Walters Road Llansamlet Substation,
unmatched_osm,Waltwood Park Llanmartin Substation,
unmatched_osm,Waltwood Road Substation,
unmatched_osm,Wansborough Rd Substation,
unmatched_osm,Warlows Meadow Substation,
unmatched_osm,Warne Road Substation,
unmatched_osm,Warne St Fleur De Lis Substation,
unmatched_osm,Warren Drive Substation,
unmatched_osm,Warren Glyncoch Substation,
unmatched_osm,Warren St (Trelewis) Substation,
unmatched_osm,Warren St Tenby Substation,
unmatched_osm,Warwill Substation,
unmatched_osm,Washford Avenue Llanrumney Substation,
unmatched_osm,Washington Cinema Penarth Substation,
unmatched_osm,Waste Disposal Site Substation,
unmatched_osm,Waste Station Substation,
unmatched_osm,Waste Transfer Aisecombe Way Substation,
unmatched_osm,Water Board Offices Substation,
unmatched_osm,Water Board Substation,
unmatched_osm,Water Plant Wick Rd Substation,
unmatched_osm,Water St Neath Substation,
unmatched_osm,Water St Ogmore Vale Substation,
unmatched_osm,Water St Yard Depot Substation,
unmatched_osm,Water Street Honeyborough Substation,
unmatched_osm,Water Street Substation,
unmatched_osm,Waterfall Beaufort Substation,
unmatched_osm,Waterfit Brynmawr Substation,
unmatched_osm,Waterfront 2000 Substation,
unmatched_osm,Waterfront Museum Swansea Substation,
unmatched_osm,Waterfront Retail Substation,
unmatched_osm,Waterhall Flats A Substation,
unmatched_osm,Waterhall Flats B Substation,
unmatched_osm,Waterloo Garage Substation,
unmatched_osm,Waterloo Ind Est Substation,
unmatched_osm,Waterloo Rd Abersychan Substation,
unmatched_osm,Waterloo Rd Newport Substation,
unmatched_osm,Waterloo Road Penygroes Substation,
unmatched_osm,Waterloo Sebastopol Substation,
unmatched_osm,Waterloo Square Substation,
unmatched_osm,Waterquarter No.1 Substation,
unmatched_osm,Waterquarter No.2 Substation,
unmatched_osm,Waters Edge Substation,
unmatched_osm,Waterside Business Park Substation,
unmatched_osm,Waterside East Substation,
unmatched_osm,Waterston Industrial Site Waterston Substation,
unmatched_osm,Waterston Substation,
unmatched_osm,Waterston Wind Turbine Substation,
unmatched_osm,Waterton Cross Substation,
unmatched_osm,Waterton Industrial Primary Substation,
unmatched_osm,Waterton Retail Units Substation,
unmatched_osm,Waterton Tempered Glass Substation,
unmatched_osm,Waterworks Haven Road Substation,
unmatched_osm,Watford Crossing Substation,
unmatched_osm,Watford Factory Substation,
unmatched_osm,Watford Farm Estate Substation,
unmatched_osm,Watford Rd Roath Substation,
unmatched_osm,Watkin St Substation,
unmatched_osm,Watts Substation,
unmatched_osm,Wattstown Primary Substation,
unmatched_osm,Wattstown Rudc Substation,
unmatched_osm,Waun Ave Substation,
unmatched_osm,Waun Borfa Est Fairview Substation,
unmatched_osm,Waun Fach Pantlacca Substation,
unmatched_osm,Waun Goch Beaufort Substation,
unmatched_osm,Waun Gron Substation,
unmatched_osm,Waun Marsley Blaina Substation,
unmatched_osm,Waun Orest Beaufort Substation,
unmatched_osm,Waun Penlan Substation,
unmatched_osm,Waun Road Morriston Substation,
unmatched_osm,Waun Sidan Substation,
unmatched_osm,Waun Sterw Substation,
unmatched_osm,Waun Wen Swansea Substation,
unmatched_osm,Waun Y Pound Substation,
unmatched_osm,Waun y Pound STOR Substation,
unmatched_osm,Waun-Y-Claire Pumping Station Substation,
unmatched_osm,Waunarlwydd Housing Substation,
unmatched_osm,Waunarlwydd STOR Generation Substation,
unmatched_osm,Waunarlwydd Switching Station,
unmatched_osm,Waunbant Rd Pump.Sta Substation,
unmatched_osm,Waunceirch Hsg Site Substation,
unmatched_osm,Waundeg Dukestown Substation,
unmatched_osm,Waunfawr Beaufort Substation,
unmatched_osm,Waungron Rd Ely Substation,
unmatched_osm,Wauniago Est Substation,
unmatched_osm,Waunleision Hsing Site Substation,
unmatched_osm,Waunllwyd Ebbw Vale Substation,
unmatched_osm,Waunypound Ind Estate Substation,
unmatched_osm,Wavell Crescent Substation,
unmatched_osm,Waverley Centre Penarth Substation,
unmatched_osm,Wayfield Crescent Substation,
unmatched_osm,Wayne St Aberdare Substation,
unmatched_osm,Wayne St Porth Substation,
unmatched_osm,Wayside Substation,
unmatched_osm,Wda Ave B Substation,
unmatched_osm,Wda Blaina Substation,
unmatched_osm,Wda Briton Ferry Substation,
unmatched_osm,Wda Business Centre Substation,
unmatched_osm,Wda Llantarnam Substation,
unmatched_osm,Wda Northsite Substation,
unmatched_osm,Wear Point Wind Farm Substation,
unmatched_osm,Weare Close Substation,
unmatched_osm,Weaver Substation,
unmatched_osm,Webbs Switching Site Substation,
unmatched_osm,Wedal Road Cathays Substation,
unmatched_osm,Weig Fach Substation,
unmatched_osm,Weig Farm Substation,
unmatched_osm,Weig Housing Site Substation,
unmatched_osm,Weldtite Caerphilly Substation,
unmatched_osm,Welfare Centre Penyrheol Substation,
unmatched_osm,Welfare Grounds Brynmawr Substation,
unmatched_osm,Welfare Grounds Pontymister Substation,
unmatched_osm,Welfare Hall Penclawdd Substation,
unmatched_osm,Well House Substation,
unmatched_osm,Well St Laleston Substation,
unmatched_osm,Well Street Brynmawr Substation,
unmatched_osm,Well Walk Barry Substation,
unmatched_osm,Wellfield Neath Substation,
unmatched_osm,Wellfield Rd Substation,
unmatched_osm,Wellfield Substation,
unmatched_osm,Wellington House Substation,
unmatched_osm,Wellington Rd Abersychan Substation,
unmatched_osm,Wellington St Aberdare Substation,
unmatched_osm,Wellington St Canton Substation,
unmatched_osm,Wellington St Merthyr No1 Substation,
unmatched_osm,Wellington St Merthyr No2 Substation,
unmatched_osm,Wellington St Rhymney Substation,
unmatched_osm,Wellington Street Substation,
unmatched_osm,Wellington Tce Substation,
unmatched_osm,Wellsea Grove Substation,
unmatched_osm,Wellsea Rhyne Substation,
unmatched_osm,Wellwood Substation,
unmatched_osm,Wellwright Rd Substation,
unmatched_osm,Welsh Assembly Substation,
unmatched_osm,Welsh Bakers Substation,
unmatched_osm,Welsh Bio Fuels Substation,
unmatched_osm,Welsh Boxes Substation,
unmatched_osm,Welsh Cold Stores Cardiff Substation,
unmatched_osm,Welsh Cold Stores Newport Substation,
unmatched_osm,Welsh College Of Advanced Technology Bla Substation,
unmatched_osm,Welsh Hills Substation,
unmatched_osm,Welsh Pantry Substation,
unmatched_osm,Welsh Power Unit 48 Substation,
unmatched_osm,Welsh Rugby Union Substation,
unmatched_osm,Welsh Textiles Substation,
unmatched_osm,Welsh Transport Substation,
unmatched_osm,Welsh Water Baglan Substation,
unmatched_osm,Welsh Water Garage Portfield Gate Substation,
unmatched_osm,Welsh Water Substation,
unmatched_osm,Wengraig East Substation,
unmatched_osm,Wentloog Close Cwmbran Substation,
unmatched_osm,Wentloog Close Rumney Substation,
unmatched_osm,Wentloog Industrial Park Zone A Substation,
unmatched_osm,Wentloog Rd Estate Rumney Substation,
unmatched_osm,Wentloog Rd Rumney Substation,
unmatched_osm,Wenvoe Depot Substation,
unmatched_osm,Wenvoe Transmitter No1 Substation,
unmatched_osm,Wenvoe Transmitter No2 Substation,
unmatched_osm,Wenvoe Treatment Works Substation,
unmatched_osm,Wenvoe Village Substation,
unmatched_osm,Weobley Court Substation,
unmatched_osm,Wern Bank Briton Ferry Substation,
unmatched_osm,Wern Bwll Substation,
unmatched_osm,Wern Ddu Road Substation,
unmatched_osm,Wern Fawr Lane Saint Mellons Substation,
unmatched_osm,Wern Gethin Lane St Mellons Substation,
unmatched_osm,Wern Goch Llanedeyrn Substation,
unmatched_osm,Wern Ind.Site Substation,
unmatched_osm,Wern Primary Substation,
unmatched_osm,Wern Rd Substation,
unmatched_osm,Wern St Blaenclydach Substation,
unmatched_osm,Wernfadog West Substation,
unmatched_osm,Wernolau Hsg Site Substation,
unmatched_osm,Wesley Lane Substation,
unmatched_osm,Wesley St Substation,
unmatched_osm,Weslyan Place Beaufort Substation,
unmatched_osm,West Ave Substation,
unmatched_osm,West Canal Wharf No.1 Substation,
unmatched_osm,West Canal Wharf No.2 Substation,
unmatched_osm,West Canal Wharf No3 Substation,
unmatched_osm,West Close Butetown Substation,
unmatched_osm,West Cross Hotel Substation,
unmatched_osm,West Cross Pmy Local Frmu Substation,
unmatched_osm,West Cross Primary Substation,
unmatched_osm,West Crossways Substation,
unmatched_osm,West Dock Portbury Substation,
unmatched_osm,West Drive Substation,
unmatched_osm,West End Ave Substation,
unmatched_osm,West End Clevedon Substation,
unmatched_osm,West Farm Pv Generation,
unmatched_osm,West Grove Merthyr Substation,
unmatched_osm,West Grove University Substation,
unmatched_osm,West Hangar Substation,
unmatched_osm,West Hill Substation,
unmatched_osm,West House Substation,
unmatched_osm,West Orchard Cres Canton Substation,
unmatched_osm,West Park Drive Substation,
unmatched_osm,West Pier Substation,
unmatched_osm,West Pill Angle Substation,
unmatched_osm,West Plateau Substation,
unmatched_osm,West Point Penarth Road Cardiff Substation,
unmatched_osm,West Ponds Barry Waterfront Substation,
unmatched_osm,West Rd Glascoed Substation,
unmatched_osm,West Rd Llandaff North Substation,
unmatched_osm,West Rd Nottage Substation,
unmatched_osm,West St Bargoed Substation,
unmatched_osm,West St Loughor Substation,
unmatched_osm,West St Substation,
unmatched_osm,West Wales Bakeries Johnston Substation,
unmatched_osm,West Wales Bakeries Llanelli Substation,
unmatched_osm,West Wick Primary Substation,
unmatched_osm,Westacres Bloor Idno Substation,
unmatched_osm,Westbourne Rd Sketty Substation,
unmatched_osm,Westbourne Rd Whitchurch Substation,
unmatched_osm,Westbourne Road Penarth Substation,
unmatched_osm,Westbury Bryncethin Substation,
unmatched_osm,Westbury Fields Pkt,
unmatched_osm,Westbury G3 Substation,
unmatched_osm,Westbury Substation,
unmatched_osm,Westbury Village,
unmatched_osm,Westdale Press Substation,
unmatched_osm,Western Approach Substation,
unmatched_osm,Western Ave Llandaff Substation,
unmatched_osm,Western Ave Newport Substation,
unmatched_osm,Western Ave Port Talbot Substation,
unmatched_osm,Western Ave Telephone Exchange Fairwater Substation,
unmatched_osm,Western Avenue Retail Park Substation,
unmatched_osm,Western Cemetery Michaelstone Super Ely Substation,
unmatched_osm,Western Cleddau Pumping Station Hwest Substation,
unmatched_osm,Western Drive Bargoed Substation,
unmatched_osm,Western Drive Llandaff Substation,
unmatched_osm,Western Metals Substation,
unmatched_osm,Western Power Tremains Road Substation,
unmatched_osm,Western Pump Stn Leckwith Substation,
unmatched_osm,Western Rd Clydach Substation,
unmatched_osm,Western Rd Substation,
unmatched_osm,Western Welding Substation,
unmatched_osm,Westernmoor Substation,
unmatched_osm,Westfa Primary Substation,
unmatched_osm,Westfield Ave Substation,
unmatched_osm,Westfield Bridge View Substation,
unmatched_osm,Westfield Crescent Substation,
unmatched_osm,Westfield Rd Newport Substation,
unmatched_osm,Westgate Buildings Substation,
unmatched_osm,Westgate Llanfoist Substation,
unmatched_osm,Westhaven Park Substation,
unmatched_osm,Westhill Substation,
unmatched_osm,Westland Ave Substation,
unmatched_osm,Westlands Substation,
unmatched_osm,Westminster Drive Substation,
unmatched_osm,Weston Airport Substation,
unmatched_osm,Weston Central Primary Substation,
unmatched_osm,Weston Circus Substation,
unmatched_osm,Weston Foodworks Rmu B Substation,
unmatched_osm,Weston Foodworks Substation,
unmatched_osm,Weston Grid Substation,
unmatched_osm,Weston Locking Road Primary Substation,
unmatched_osm,Weston Square Barry Substation,
unmatched_osm,Weston Tce Ynyshir Substation,
unmatched_osm,Weston-In-Gordano Substation,
unmatched_osm,Westons Cwmbran Substation,
unmatched_osm,Westville Abertysswg Substation,
unmatched_osm,Westward Rise Porthkerry Substation,
unmatched_osm,Westwick Business Park Pumping Station Substation,
unmatched_osm,Westwood Drive Substation,
unmatched_osm,Westwood Pennard Substation,
unmatched_osm,Weycock Cross Kiosk Porthkerry Substation,
unmatched_osm,Wharfdale Road Substation,
unmatched_osm,Wheatfield Housing Substation,
unmatched_osm,Wheatfield Park ChurchillSubstation,
unmatched_osm,Wheatfield Tce Substation,
unmatched_osm,Wheatley Ave Substation,
unmatched_osm,Wheatley Place Twynrodyn Substation,
unmatched_osm,Wheatley Road Substation,
unmatched_osm,Wheeler Street Substation,
unmatched_osm,Whitbread Ind Estate Substation,
unmatched_osm,Whitbreads Ipswich Rd Substation,
unmatched_osm,Whitbreads Penarth Rd Substation,
unmatched_osm,Whitchurch Clinic Substation,
unmatched_osm,Whitchurch Grammar School Whitchurch Substation,
unmatched_osm,Whitchurch Place Cathays Substation,
unmatched_osm,Whitchurch Rd Library Substation,
unmatched_osm,Whitchurch Secondary School Whitchurch Substation,
unmatched_osm,Whitchurch Station Flats Whitchurch Substation,
unmatched_osm,White City Local Rmu Substation,
unmatched_osm,White Gates Skewen Substation,
unmatched_osm,White Hart Llandeilo Substation,
unmatched_osm,White Horse Carmarthen Substation,
unmatched_osm,White Horse Inn Kilgetty Substation,
unmatched_osm,White Horse Inn Substation,
unmatched_osm,White Lion Ferryside Substation,
unmatched_osm,White Lion Hotel Substation,
unmatched_osm,White Lion St Tenby Substation,
unmatched_osm,White Rock Pump.Sta Substation,
unmatched_osm,White Rock Retail Park Substation,
unmatched_osm,White Rock Stadium Substation,
unmatched_osm,White Row Rhymney Substation,
unmatched_osm,White St Dowlais Substation,
unmatched_osm,Whiteacres Substation,
unmatched_osm,Whitecliffe Drive Lavernock Substation,
unmatched_osm,Whitecross Road South Substation,
unmatched_osm,Whitecross Road Substation,
unmatched_osm,Whitehall Lane Substation,
unmatched_osm,Whiteheads Site Supply Substation,
unmatched_osm,Whiterock Mg Board Substation,
unmatched_osm,Whiterock Substation,
unmatched_osm,Whitethorns Crumlin Substation,
unmatched_osm,Whitetree Road,
unmatched_osm,Whitewell Road Substation,
unmatched_osm,Whitland Advance Factory Substation,
unmatched_osm,Whitland Central Substation,
unmatched_osm,Whitland Cres Waterhall Substation,
unmatched_osm,Whitland Engineering Substation,
unmatched_osm,Whitland Primary Substation,
unmatched_osm,Whitland Solar Park Substation,
unmatched_osm,Whitley Fawr Lower Lougher Substation,
unmatched_osm,Whitlow Housing Substation,
unmatched_osm,Whitmore School Substation,
unmatched_osm,Whitstone Road. Newport. Substation,
unmatched_osm,Whitting St Ynyshir Substation,
unmatched_osm,Whittington Arms Substation,
unmatched_osm,Whittle Road Cardiff Substation,
unmatched_osm,Whitton Mawr Solar Park Substation,
unmatched_osm,Wick Substation,
unmatched_osm,Wickes Heol Y Gors Substation,
unmatched_osm,Widcombe Farm Substation,
unmatched_osm,Wigan Terrace Substation,
unmatched_osm,Wigley Fox Substation,
unmatched_osm,Wilcon Homes Tonyrefail Substation,
unmatched_osm,Wild Barfield Substation,
unmatched_osm,Wildbrook Estate Substation,
unmatched_osm,Wilderness Substation,
unmatched_osm,Wildfowler Substation,
unmatched_osm,Wildmill No2 Substation,
unmatched_osm,Wilfred Way Bp Substation,
unmatched_osm,Wilkins Tce Substation,
unmatched_osm,Wilkinson Hardware Substation,
unmatched_osm,Willbows Hirwaun Substation,
unmatched_osm,William Power Substation,
unmatched_osm,William Street (Llwynypia) Substation,
unmatched_osm,Williams Ct Trade St Substation,
unmatched_osm,Willow Drive Substation,
unmatched_osm,Willow Road Fairwater Substation,
unmatched_osm,Willowbrook Drive Idno Substation,
unmatched_osm,Willowbrook Drive Substation,
unmatched_osm,Willowford Treforest Substation,
unmatched_osm,Willowtown Ebbw Vale Substation,
unmatched_osm,Wilsons Hostel Site Substation,
unmatched_osm,Wilsons No2 Substation,
unmatched_osm,Wilsons Substation,
unmatched_osm,Wiltan Substation,
unmatched_osm,Wilton Gardens Substation,
unmatched_osm,Wimmerfield Drive Substation,
unmatched_osm,Wimmerfield Killay Substation,
unmatched_osm,Wincanton Transport Sully Substation,
unmatched_osm,Winch Lane Leisure Centre Substation,
unmatched_osm,Winch Lane Substation,
unmatched_osm,Winchestown Nantyglo Substation,
unmatched_osm,Winchwen Ind Est Substation,
unmatched_osm,Winchwen Substation,
unmatched_osm,Wind Rd Ind Est Substation,
unmatched_osm,Wind St Blaenllechau Substation,
unmatched_osm,Wind Street Casino Substation,
unmatched_osm,Wind Street Cinema Substation,
unmatched_osm,Windmill Substation,
unmatched_osm,Window Factory Substation,
unmatched_osm,Windsor Ave Radyr Substation,
unmatched_osm,Windsor Castle Substation,
unmatched_osm,Windsor Close Substation,
unmatched_osm,Windsor Court Penarth Substation,
unmatched_osm,Windsor Esplanade Substation,
unmatched_osm,Windsor House Cardiff Substation,
unmatched_osm,Windsor Lane Substation,
unmatched_osm,Windsor Lodge Substation,
unmatched_osm,Windsor Quay Ferry Road Substation,
unmatched_osm,Windsor Rd Estate Radyr Substation,
unmatched_osm,Windsor Rd Neath Substation,
unmatched_osm,Windsor Rd Substation,
unmatched_osm,Windsor Rd Sw Site Radyr Substation,
unmatched_osm,Windsor Road Cwmbran Substation,
unmatched_osm,Windsor Road Penarth Substation,
unmatched_osm,Windsor Square Substation,
unmatched_osm,Windsor St Substation,
unmatched_osm,Windsor Street Substation,
unmatched_osm,Windsor Substation,
unmatched_osm,Windturbine 2 Lodge Farm Substation,
unmatched_osm,Windy Ridge Old Furnace Substation,
unmatched_osm,Windyridge Penarth Substation,
unmatched_osm,Wine St Pontlottyn Substation,
unmatched_osm,Winnecowetts Lisvane Substation,
unmatched_osm,Winscombe Substation,
unmatched_osm,Winston Rd Barry Substation,
unmatched_osm,Winter Gardens Conference Centre Substation,
unmatched_osm,"Winterstoke Business, Quarter 2 Substation",
unmatched_osm,Winterstoke Rd (The Range) Substation,
unmatched_osm,Wip Industrial Dafen Substation,
unmatched_osm,Wisp Offices Substation,
unmatched_osm,Wisp Substation,
unmatched_osm,Witchell Substation,
unmatched_osm,Withers Quarry Substation,
unmatched_osm,Withy Park Substation,
unmatched_osm,Withybrook Substation,
unmatched_osm,Withybush Cold Storage Substation,
unmatched_osm,Withybush County Hospital Substation,
unmatched_osm,Withybush Enterprise Park Substation,
unmatched_osm,Withybush Retail Park Substation,
unmatched_osm,Withybush Wda Substation,
unmatched_osm,Withyhedges Landfill Substation,
unmatched_osm,Witla Court A Llanrumney Substation,
unmatched_osm,Witla Court D Llanrumney Substation,
unmatched_osm,Wjec Building Substation,
unmatched_osm,Woden Park Solar Park Substation,
unmatched_osm,Wolffe Close Substation,
unmatched_osm,Wood Lane Substation,
unmatched_osm,Wood Park New Hedges Substation,
unmatched_osm,Wood Road Substation,
unmatched_osm,Wood St Ferndale Substation,
unmatched_osm,Wood St Primary Substation,
unmatched_osm,Wood Street Square Substation,
unmatched_osm,Woodbine Rd Blackwood Substation,
unmatched_osm,Woodbine Terrace Pembroke Substation,
unmatched_osm,Woodbine Way Substation,
unmatched_osm,Woodborough Substation,
unmatched_osm,Woodbrook Tce Substation,
unmatched_osm,Woodend Road Llanelli Substation,
unmatched_osm,Woodfield Avenue Substation,
unmatched_osm,Woodfield Heights Barry Substation,
unmatched_osm,Woodfield Park Substation,
unmatched_osm,Woodfield Rd Tredegar Substation,
unmatched_osm,Woodfield Road Substation,
unmatched_osm,Woodfieldside Substation,
unmatched_osm,Woodford Circle Substation,
unmatched_osm,Woodford Road Substation,
unmatched_osm,Woodglade Beddau Substation,
unmatched_osm,Woodland Business Park Substation,
unmatched_osm,Woodland Gardens Substation,
unmatched_osm,Woodland Grove P S/S,
unmatched_osm,Woodland Park Glynneath Substation,
unmatched_osm,Woodland Park Road Substation,
unmatched_osm,Woodland Park Substation,
unmatched_osm,Woodland Rd Croesyceiliog Substation,
unmatched_osm,Woodland Rd Ystradowen Substation,
unmatched_osm,Woodland Rise Substation,
unmatched_osm,Woodland Road Llanmartin Substation,
unmatched_osm,Woodland Street. Blaenavon. Substation,
unmatched_osm,Woodland Tce Cwmparc Substation,
unmatched_osm,Woodland Tce Ogmore Vale Substation,
unmatched_osm,Woodland Tce Substation,
unmatched_osm,Woodlands Miskin Substation,
unmatched_osm,Woodlands Park Merlins Bridge Substation,
unmatched_osm,Woodlands Road Pontlliw Substation,
unmatched_osm,Woodlands St Substation,
unmatched_osm,Woodlands Substation,
unmatched_osm,Woodlands Tynant Substation,
unmatched_osm,Woodman Substation,
unmatched_osm,Woodpecker Drive Substation,
unmatched_osm,Woodpecker Square Substation,
unmatched_osm,Woods Bike Substation,
unmatched_osm,Woods Road Substation,
unmatched_osm,Woodside Rd Substation,
unmatched_osm,Woodspring Avenue Substation,
unmatched_osm,Woodspring Inn Substation,
unmatched_osm,Woodstock Close Substation,
unmatched_osm,Woodvale Est Cyncoed Substation,
unmatched_osm,Woodview Cimla Substation,
unmatched_osm,Woodview Court Substation,
unmatched_osm,Woodview Road Substation,
unmatched_osm,Woolaston House Newport Substation,
unmatched_osm,Woolaway Newbridge Substation,
unmatched_osm,Wooler Road Substation,
unmatched_osm,Woolvershill Pumping Station Substation,
unmatched_osm,Woolworth Cwmbran Substation,
unmatched_osm,Woolworth Neath Substation,
unmatched_osm,Woolworths High St Substation,
unmatched_osm,Woolworths Pontypridd Substation,
unmatched_osm,Woolworths Substation,
unmatched_osm,Woolworths Tonypandy Substation,
unmatched_osm,Worcester Crescent Substation,
unmatched_osm,Worcester Place Substation,
unmatched_osm,Wordsworth Ave Penarth Substation,
unmatched_osm,Wordsworth Gardens Substation,
unmatched_osm,Workshop Cwmbran Substation,
unmatched_osm,Workshop Rowlands View Coldblow Substation,
unmatched_osm,World Trade Centre Cardiff Substation,
unmatched_osm,Worle Business Park Substation,
unmatched_osm,Worle Comp School Substation,
unmatched_osm,Worlebury Golf Course Substation,
unmatched_osm,Worlebury Hill Road Substation,
unmatched_osm,Worlebury Substation,
unmatched_osm,Wpd Depot Substation,
unmatched_osm,Wren Rd No1 Substation,
unmatched_osm,Wrgant Place Substation,
unmatched_osm,Wrifect Substation,
unmatched_osm,Wru Sports Hall Substation,
unmatched_osm,Wyck Beck Triangle,
unmatched_osm,Wye Crescent Substation,
unmatched_osm,Wye Pumping Station,
unmatched_osm,Wylie Village Substation,
unmatched_osm,Wyllie Court Substation,
unmatched_osm,Wyncliffe Rd No2 Substation,
unmatched_osm,Wyndham Park Peterston Super Ely Substation,
unmatched_osm,Wyndham Plastics Substation,
unmatched_osm,Wyndham Rd Canton Substation,
unmatched_osm,Wyndham St Canton Substation,
unmatched_osm,Wyndham St Newport Substation,
unmatched_osm,Wyndham St Substation,
unmatched_osm,Wyndham Street Substation,
unmatched_osm,Wyngarth Substation,
unmatched_osm,Wynter Close Substation,
unmatched_osm,X Hands Kfc Substation,
unmatched_osm,Xcel Bowls Substation,
unmatched_osm,Xhands Eses Industrial Site West Substation,
unmatched_osm,Y Berllan Substation,
unmatched_osm,Y Fan Substation,
unmatched_osm,Y Garth Substation,
unmatched_osm,Y Pant School Substation,
unmatched_osm,Y Wern Substation,
unmatched_osm,YEW TREE,
unmatched_osm,Yab Ebbw Vale Substation,
unmatched_osm,Yacht Club Substation,
unmatched_osm,Yajima Substation,
unmatched_osm,Yamada Substation,
unmatched_osm,Yarbury Way Substation,
unmatched_osm,Yard 45 Ebbw Vale Substation,
unmatched_osm,Yard Row Beaufort Substation,
unmatched_osm,Yearntree Substation,
unmatched_osm,Yeo Rd Substation,
unmatched_osm,Yeo Valley Sew Pump Substation,
unmatched_osm,Yeolands Drive 44 Substation,
unmatched_osm,Yeolands Drive 82 Substation,
unmatched_osm,Yerbeston Chapel Hill,
unmatched_osm,Yerbeston Solar Farm Substation,
unmatched_osm,Yew Street Troedyrhiw Substation,
unmatched_osm,Yew Tree Development West Wick Substation,
unmatched_osm,Yewtree Terrace Cwmbran Substation,
unmatched_osm,Ynys Carreg Rassau Substation,
unmatched_osm,Ynys St Local Frmu Substation,
unmatched_osm,Ynys St Ynyshir Substation,
unmatched_osm,Ynys Stadium Aberdare Substation,
unmatched_osm,Ynys Street Primary Substation,
unmatched_osm,Ynys Terrace Rhydyfelin Substation,
unmatched_osm,Ynys Y Gerwen Substation,
unmatched_osm,Ynysangharad Road Substation,
unmatched_osm,Ynysawdre Swimming Pool Substation,
unmatched_osm,Ynysboeth School Substation,
unmatched_osm,Ynysboeth Substation,
unmatched_osm,Ynyscedwyn Advance Factory Substation,
unmatched_osm,Ynyscedwyn Ind Site Substation,
unmatched_osm,Ynyscorrwg Housing Site Substation,
unmatched_osm,Ynyscorrwg Substation,
unmatched_osm,Ynyscrug Pump Sta Substation,
unmatched_osm,Ynyscynon Rd Trealaw Substation,
unmatched_osm,Ynyscynon Substation,
unmatched_osm,Ynysddu Farm Substation,
unmatched_osm,Ynysfach Avenue Resolven Substation,
unmatched_osm,Ynysfach Substation,
unmatched_osm,Ynysfeio Primary Substation,
unmatched_osm,Ynysfeio Rudc Substation,
unmatched_osm,Ynysforgan Substation,
unmatched_osm,Ynyshir Factory Substation,
unmatched_osm,Ynyshir Glass Tempering Substation,
unmatched_osm,Ynyshir Substation,
unmatched_osm,Ynysllyn Hawthorn Substation,
unmatched_osm,Ynyslyn Substation,
unmatched_osm,Ynysmaerdy Housing Site Substation,
unmatched_osm,Ynysmeudwy Kiosk Substation,
unmatched_osm,Ynystawe Kiosk Substation,
unmatched_osm,Ynyswen Housing Site Substation,
unmatched_osm,Ynyswen Substation,
unmatched_osm,Ynysybwl Rd Glyncoch Substation,
unmatched_osm,Ynysybwt Substation,
unmatched_osm,Ynysydarren Substation,
unmatched_osm,Ynysygored Rd Substation,
unmatched_osm,Ynysygwas Substation,
unmatched_osm,York Blaina Substation,
unmatched_osm,York Road Police Substation,
unmatched_osm,York St Godreaman Substation,
unmatched_osm,York St Swansea Substation,
unmatched_osm,Yorkdale Substation,
unmatched_osm,Yr Ysfa Substation,
unmatched_osm,Ysbytty Housing Site Substation,
unmatched_osm,Ysbyty Cwm Rhondda Substation,
unmatched_osm,Ysgol Bro Dinefwr Substation,
unmatched_osm,Ysgol Brynteg Llwynhendy Substation,
unmatched_osm,Ysgol Cwm Calon Substation,
unmatched_osm,Ysgol Ganol Local Substation,
unmatched_osm,Ysgol Glyntaf Substation,
unmatched_osm,Ysgol Gyfun Bro Morganwg Substation,
unmatched_osm,Ysgol Gyfun Ystalyfera Substation,
unmatched_osm,Ysgol St Substation,
unmatched_osm,Ysgolybabanod Substation,
unmatched_osm,Ysgubor Newydd Substation,
unmatched_osm,Ysguborwen Abergavenny Substation,
unmatched_osm,Yspitty Road Substation,
unmatched_osm,Ystrad Mynach College Substation,
unmatched_osm,Ystrad Mynach Hospital Substation,
unmatched_osm,Ystrad Mynach Railway Station Substation,
unmatched_osm,Ystrad Mynach South Substation,
unmatched_osm,Ystrad Rd Fforest Fach Substation,
unmatched_osm,Ystrad Rd Pump.Sta Substation,
unmatched_osm,Ystrad Rudc Substation,
unmatched_osm,Ystrad Trade Park Substation,
unmatched_osm,Ystradfellte Water Treatment Substation,
unmatched_osm,Ystradgynlais Central Substation,
unmatched_osm,Ystradgynlais Cross Substation,
unmatched_osm,Ystradgynlais Grid Substation,
unmatched_osm,Ystradowen Substation,
unmatched_osm,Yuasa Rassau Substation,
unmatched_osm,Zammit Crescent Pemberton Substation,
unmatched_osm,Zenith Media Substation,
unmatched_osm,Zimmer Biomet Substation,
unmatched_osm,Zimmer Substation,
unmatched_osm,Zippel Substation,
unmatched_osm,Zoar Maesycwmmer Substation,
